coin,date,dtype,U,on_pos,don20
BTC,2020-08-12,na,,,
BTC,2020-08-13,na,,,
BTC,2020-08-14,na,,,
BTC,2020-08-17,na,,,
BTC,2020-08-18,na,,,
BTC,2020-08-19,na,,,
BTC,2020-08-20,na,,,
BTC,2020-08-21,na,,,
BTC,2020-08-24,na,,,
BTC,2020-08-25,na,,,
BTC,2020-08-26,na,,,
BTC,2020-08-27,na,,,
BTC,2020-08-28,na,,,
BTC,2020-08-31,na,,,
BTC,2020-09-01,na,,,
BTC,2020-09-02,na,,,
BTC,2020-09-03,na,,,
BTC,2020-09-04,na,,,
BTC,2020-09-07,na,,,
BTC,2020-09-08,na,,,
BTC,2020-09-09,na,,,
BTC,2020-09-10,na,,,
BTC,2020-09-11,na,,,
BTC,2020-09-14,na,,,
BTC,2020-09-15,na,,,
BTC,2020-09-16,na,,,
BTC,2020-09-17,na,,,
BTC,2020-09-18,na,,,
BTC,2020-09-21,na,,,
BTC,2020-09-22,na,,,
BTC,2020-09-23,na,,,
BTC,2020-09-24,na,,,
BTC,2020-09-25,na,,,
BTC,2020-09-28,na,,,
BTC,2020-09-29,na,,,
BTC,2020-09-30,na,,,
BTC,2020-10-01,na,,,
BTC,2020-10-02,na,,,
BTC,2020-10-05,na,,,
BTC,2020-10-06,na,,,
BTC,2020-10-07,na,,,
BTC,2020-10-08,na,,,
BTC,2020-10-09,na,,,
BTC,2020-10-12,na,,,
BTC,2020-10-13,na,,,
BTC,2020-10-14,na,,,
BTC,2020-10-15,na,,,
BTC,2020-10-16,na,,,
BTC,2020-10-19,na,,,
BTC,2020-10-20,na,,,
BTC,2020-10-21,na,,,
BTC,2020-10-22,na,,,
BTC,2020-10-23,na,,,
BTC,2020-10-26,na,,,
BTC,2020-10-27,na,,,
BTC,2020-10-28,na,,,
BTC,2020-10-29,na,,,
BTC,2020-10-30,na,,,
BTC,2020-11-02,na,,,
BTC,2020-11-03,na,,,
BTC,2020-11-04,na,,,
BTC,2020-11-05,na,,,
BTC,2020-11-06,na,,,
BTC,2020-11-09,na,,,
BTC,2020-11-10,na,,,
BTC,2020-11-11,na,,,
BTC,2020-11-12,na,,,
BTC,2020-11-13,na,,,
BTC,2020-11-16,na,,,
BTC,2020-11-17,na,,,
BTC,2020-11-18,na,,,
BTC,2020-11-19,na,,,
BTC,2020-11-20,na,,,
BTC,2020-11-23,na,,,
BTC,2020-11-24,na,,,
BTC,2020-11-25,na,,,
BTC,2020-11-26,na,,,
BTC,2020-11-27,na,,,
BTC,2020-11-30,na,,,
BTC,2020-12-01,na,,,
BTC,2020-12-02,na,,,
BTC,2020-12-03,na,,,
BTC,2020-12-04,na,,,
BTC,2020-12-07,na,,,
BTC,2020-12-08,na,,,
BTC,2020-12-09,na,,,
BTC,2020-12-10,na,,,
BTC,2020-12-11,na,,,
BTC,2020-12-14,na,,,
BTC,2020-12-15,na,,,
BTC,2020-12-16,na,,,
BTC,2020-12-17,na,,,
BTC,2020-12-18,na,,,
BTC,2020-12-21,na,,,
BTC,2020-12-22,na,,,
BTC,2020-12-23,na,,,
BTC,2020-12-24,na,,,
BTC,2020-12-25,na,,,
BTC,2020-12-28,na,,,
BTC,2020-12-29,na,,,
BTC,2020-12-30,na,,,
BTC,2020-12-31,na,,,
BTC,2021-01-01,na,,,
BTC,2021-01-04,na,,,
BTC,2021-01-05,na,,,
BTC,2021-01-06,na,,,
BTC,2021-01-07,na,,,
BTC,2021-01-08,na,,,
BTC,2021-01-11,na,,,
BTC,2021-01-12,na,,,
BTC,2021-01-13,na,,,
BTC,2021-01-14,na,,,
BTC,2021-01-15,na,,,
BTC,2021-01-18,na,,,
BTC,2021-01-19,na,,,
BTC,2021-01-20,na,,,
BTC,2021-01-21,na,,,
BTC,2021-01-22,na,,,
BTC,2021-01-25,na,,,
BTC,2021-01-26,na,,,
BTC,2021-01-27,na,,,
BTC,2021-01-28,na,,,
BTC,2021-01-29,na,,,
BTC,2021-02-01,na,,,
BTC,2021-02-02,na,,,
BTC,2021-02-03,na,,,
BTC,2021-02-04,na,,,
BTC,2021-02-05,na,,,
BTC,2021-02-08,na,,,
BTC,2021-02-09,na,,,
BTC,2021-02-10,na,,,
BTC,2021-02-11,na,,,
BTC,2021-02-12,na,,,
BTC,2021-02-15,na,,,
BTC,2021-02-16,na,,,
BTC,2021-02-17,na,,,
BTC,2021-02-18,na,,,
BTC,2021-02-19,na,,,
BTC,2021-02-22,na,,,
BTC,2021-02-23,na,,,
BTC,2021-02-24,na,,,
BTC,2021-02-25,na,,,
BTC,2021-02-26,na,,,
BTC,2021-03-01,na,,,
BTC,2021-03-02,na,,,
BTC,2021-03-03,na,,,
BTC,2021-03-04,na,,,
BTC,2021-03-05,na,,,
BTC,2021-03-08,na,,,
BTC,2021-03-09,na,,,
BTC,2021-03-10,na,,,
BTC,2021-03-11,na,,,
BTC,2021-03-12,na,,,
BTC,2021-03-15,na,,,
BTC,2021-03-16,na,,,
BTC,2021-03-17,na,,,
BTC,2021-03-18,na,,,
BTC,2021-03-19,na,,,
BTC,2021-03-22,na,,,
BTC,2021-03-23,na,,,
BTC,2021-03-24,na,,,
BTC,2021-03-25,na,,,
BTC,2021-03-26,na,,,
BTC,2021-03-29,na,,,
BTC,2021-03-30,na,,,
BTC,2021-03-31,na,,,
BTC,2021-04-01,na,,,
BTC,2021-04-02,na,,,
BTC,2021-04-05,na,,,
BTC,2021-04-06,na,,,
BTC,2021-04-07,na,,,
BTC,2021-04-08,na,,,
BTC,2021-04-09,na,,,
BTC,2021-04-12,na,,,
BTC,2021-04-13,na,,,
BTC,2021-04-14,na,,,
BTC,2021-04-15,na,,,
BTC,2021-04-16,na,,,
BTC,2021-04-19,na,,,
BTC,2021-04-20,na,,,
BTC,2021-04-21,na,,,
BTC,2021-04-22,na,,,
BTC,2021-04-23,na,,,
BTC,2021-04-26,na,,,
BTC,2021-04-27,na,,,
BTC,2021-04-28,na,,,
BTC,2021-04-29,na,,,
BTC,2021-04-30,na,,,
BTC,2021-05-03,na,,,
BTC,2021-05-04,na,,,
BTC,2021-05-05,na,,,
BTC,2021-05-06,na,,,
BTC,2021-05-07,na,,,
BTC,2021-05-10,na,,,
BTC,2021-05-11,na,,,
BTC,2021-05-12,na,,,
BTC,2021-05-13,na,,,
BTC,2021-05-14,na,,,
BTC,2021-05-17,na,,,
BTC,2021-05-18,na,,,
BTC,2021-05-19,na,,,
BTC,2021-05-20,na,,,
BTC,2021-05-21,na,,,
BTC,2021-05-24,na,,,
BTC,2021-05-25,na,,,
BTC,2021-05-26,na,,,
BTC,2021-05-27,na,,,
BTC,2021-05-28,na,,,
BTC,2021-05-31,na,,,
BTC,2021-06-01,na,,,
BTC,2021-06-02,na,,,
BTC,2021-06-03,na,,,
BTC,2021-06-04,na,,,
BTC,2021-06-07,na,,,
BTC,2021-06-08,na,,,
BTC,2021-06-09,na,,,
BTC,2021-06-10,na,,,
BTC,2021-06-11,na,,,
BTC,2021-06-14,na,,,
BTC,2021-06-15,na,,,
BTC,2021-06-16,na,,,
BTC,2021-06-17,na,,,
BTC,2021-06-18,na,,,
BTC,2021-06-21,na,,,
BTC,2021-06-22,na,,,
BTC,2021-06-23,na,,,
BTC,2021-06-24,na,,,
BTC,2021-06-25,na,,,
BTC,2021-06-28,na,,,
BTC,2021-06-29,na,,,
BTC,2021-06-30,na,,,
BTC,2021-07-01,na,,,
BTC,2021-07-02,na,,,
BTC,2021-07-05,na,,,
BTC,2021-07-06,na,,,
BTC,2021-07-07,na,,,
BTC,2021-07-08,na,,,
BTC,2021-07-09,na,,,
BTC,2021-07-12,na,,,
BTC,2021-07-13,na,,,
BTC,2021-07-14,na,,,
BTC,2021-07-15,na,,,
BTC,2021-07-16,na,,,
BTC,2021-07-19,na,,,
BTC,2021-07-20,na,,,
BTC,2021-07-21,na,,,
BTC,2021-07-22,na,,,
BTC,2021-07-23,na,,,
BTC,2021-07-26,na,,,
BTC,2021-07-27,na,,,
BTC,2021-07-28,na,,,
BTC,2021-07-29,na,,,
BTC,2021-07-30,na,,,
BTC,2021-08-02,na,,,
BTC,2021-08-03,na,,,
BTC,2021-08-04,na,,,
BTC,2021-08-05,na,,,
BTC,2021-08-06,na,,,
BTC,2021-08-09,na,,,
BTC,2021-08-10,na,,,
BTC,2021-08-11,na,,,
BTC,2021-08-12,na,,,
BTC,2021-08-13,na,,,
BTC,2021-08-16,na,,,
BTC,2021-08-17,na,,,
BTC,2021-08-18,na,,,
BTC,2021-08-19,na,,,
BTC,2021-08-20,na,,,
BTC,2021-08-23,na,,,
BTC,2021-08-24,na,,,
BTC,2021-08-25,na,,,
BTC,2021-08-26,na,,,
BTC,2021-08-27,na,,,
BTC,2021-08-30,na,,,
BTC,2021-08-31,na,,,
BTC,2021-09-01,na,,,
BTC,2021-09-02,na,,,
BTC,2021-09-03,na,,,
BTC,2021-09-06,na,,,
BTC,2021-09-07,na,,,
BTC,2021-09-08,na,,,
BTC,2021-09-09,na,,,
BTC,2021-09-10,na,,,
BTC,2021-09-13,na,,,
BTC,2021-09-14,na,,,
BTC,2021-09-15,na,,,
BTC,2021-09-16,na,,,
BTC,2021-09-17,na,,,
BTC,2021-09-20,na,,,
BTC,2021-09-21,na,,,
BTC,2021-09-22,na,,,
BTC,2021-09-23,na,,,
BTC,2021-09-24,na,,,
BTC,2021-09-27,na,,,
BTC,2021-09-28,na,,,
BTC,2021-09-29,na,,,
BTC,2021-09-30,na,,,
BTC,2021-10-01,na,,,
BTC,2021-10-04,na,,,
BTC,2021-10-05,na,,,
BTC,2021-10-06,na,,,
BTC,2021-10-07,na,,,
BTC,2021-10-08,na,,,
BTC,2021-10-11,na,,,
BTC,2021-10-12,na,,,
BTC,2021-10-13,na,,,
BTC,2021-10-14,na,,,
BTC,2021-10-15,na,,,
BTC,2021-10-18,na,,,
BTC,2021-10-19,na,,,
BTC,2021-10-20,na,,,
BTC,2021-10-21,na,,,
BTC,2021-10-22,na,,,
BTC,2021-10-25,na,,,
BTC,2021-10-26,na,,,
BTC,2021-10-27,na,,,
BTC,2021-10-28,na,,,
BTC,2021-10-29,na,,,
BTC,2021-11-01,na,,,
BTC,2021-11-02,na,,,
BTC,2021-11-03,na,,,
BTC,2021-11-04,na,,,
BTC,2021-11-05,na,,,
BTC,2021-11-08,na,,,
BTC,2021-11-09,na,,,
BTC,2021-11-10,na,,,
BTC,2021-11-11,na,,,
BTC,2021-11-12,na,,,
BTC,2021-11-15,na,,,
BTC,2021-11-16,na,,,
BTC,2021-11-17,na,,,
BTC,2021-11-18,na,,,
BTC,2021-11-19,na,,,
BTC,2021-11-22,na,,,
BTC,2021-11-23,na,,,
BTC,2021-11-24,na,,,
BTC,2021-11-25,na,,,
BTC,2021-11-26,na,,,
BTC,2021-11-29,na,,,
BTC,2021-11-30,na,,,
BTC,2021-12-01,na,,,
BTC,2021-12-02,na,,,
BTC,2021-12-03,na,,,
BTC,2021-12-06,na,,,
BTC,2021-12-07,na,,,
BTC,2021-12-08,na,,,
BTC,2021-12-09,na,,,
BTC,2021-12-10,na,,,
BTC,2021-12-13,na,,,
BTC,2021-12-14,na,,,
BTC,2021-12-15,na,,,
BTC,2021-12-16,na,,,
BTC,2021-12-17,na,,,
BTC,2021-12-20,na,,,
BTC,2021-12-21,na,,,
BTC,2021-12-22,na,,,
BTC,2021-12-23,na,,,
BTC,2021-12-24,na,,,
BTC,2021-12-27,na,,,
BTC,2021-12-28,na,,,
BTC,2021-12-29,na,,,
BTC,2021-12-30,na,,,
BTC,2021-12-31,na,,,
BTC,2022-01-03,na,,,
BTC,2022-01-04,na,,,
BTC,2022-01-05,na,,,
BTC,2022-01-06,na,,,
BTC,2022-01-07,na,,,
BTC,2022-01-10,na,,,
BTC,2022-01-11,normal,0.0302580546803139,0.2750022240014261,0.17466554108377536
BTC,2022-01-12,normal,0.0323809805143188,0.8408917069243189,0.2475711529184757
BTC,2022-01-13,normal,0.0287322331862204,0.5828711506051847,0.34190866698826206
BTC,2022-01-14,normal,0.0302580546803139,0.2645929002116396,0.2339692876668275
BTC,2022-01-17,normal,0.0302895554957351,0.2596584125006449,0.3095390377282537
BTC,2022-01-18,normal,0.0302580546803139,0.3604090844397409,0.2867549386059749
BTC,2022-01-19,normal,0.0269707019954573,0.6724294301683807,0.3036683576339646
BTC,2022-01-20,normal,0.028475195468155,0.6669567545856229,0.22588798259435008
BTC,2022-01-21,normal,0.0303372323061005,0.13734341333687253,0.12361031175059994
BTC,2022-01-24,normal,0.0305466082390656,0.02460325237933298,0.1650646442609862
BTC,2022-01-25,normal,0.0305466082390656,0.7444313011828911,0.2644827924874389
BTC,2022-01-26,normal,0.0320154707939315,0.7058255627766784,0.3488914194544857
BTC,2022-01-27,normal,0.0302580546803139,0.7382246549564858,0.3360292778189784
BTC,2022-01-28,normal,0.0322828008885587,0.09188915902720221,0.36631203255163025
BTC,2022-01-31,normal,0.0302580546803139,0.280795547737247,0.42861632260855104
BTC,2022-02-01,normal,0.0313093882955104,0.5909090909090909,0.47913420122716144
BTC,2022-02-02,normal,0.0292186378566547,0.7617459354875947,0.4987917460586055
BTC,2022-02-03,normal,0.0310243559050952,0.5027401603333465,0.36563926846233946
BTC,2022-02-04,normal,0.0320154707939315,0.7961388890915572,0.4037957038748195
BTC,2022-02-07,normal,0.0295324296720395,0.7632893750739578,0.8938281026423737
BTC,2022-02-08,normal,0.0282971129698164,0.14816273515732845,0.9429775375474927
BTC,2022-02-09,normal,0.0273717053206573,0.8313422290081257,0.8847690187461777
BTC,2022-02-10,normal,0.0320154707939315,0.7736731425217958,0.9109904467893404
BTC,2022-02-11,normal,0.0287239144688827,0.6706018886302225,0.8197775389167404
BTC,2022-02-14,normal,0.0287322331862204,0.946105886082639,0.6347349570825648
BTC,2022-02-15,normal,0.0268148626291991,0.8783082018390861,0.6814947464560274
BTC,2022-02-16,normal,0.0280508954869566,0.33324052418606737,0.8762709678795501
BTC,2022-02-17,normal,0.0305466082390656,0.24691795938958266,0.7985265865162283
BTC,2022-02-18,normal,0.0291115716081244,0.40936898346985434,0.44569010552711286
BTC,2022-02-21,normal,0.028475195468155,0.08924160942465956,0.2232671612161738
BTC,2022-02-22,normal,0.0319736784196619,0.8501518151815203,0.07921429317730681
BTC,2022-02-23,normal,0.0287322331862204,0.9317029189676536,0.20690941385435188
BTC,2022-02-24,normal,0.0310243559050952,0.2747671253035108,0.09502798014993158
BTC,2022-02-25,normal,0.0310243559050952,0.9153655020092657,0.34829354919504085
BTC,2022-02-28,normal,0.0313093882955104,0.7050486695016853,0.29366659941280426
BTC,2022-03-01,normal,0.0290298894674969,0.9737102488536107,0.768582937927004
BTC,2022-03-02,normal,0.028803355648007,0.3208132291106126,0.8782647112026379
BTC,2022-03-03,normal,0.0306633857187288,0.5009922565080336,0.8639593707008304
BTC,2022-03-04,normal,0.0307832269313748,0.3719249127960337,0.7340607995147016
BTC,2022-03-07,normal,0.0338802638487183,0.7090933149475244,0.3699795625814697
BTC,2022-03-08,normal,0.0350838190301407,0.706607618403048,0.33090924847351266
BTC,2022-03-09,normal,0.0325149843305831,0.8428243404111203,0.3979474115612236
BTC,2022-03-10,normal,0.0319012421219294,0.13714090083653313,0.6878157238132034
BTC,2022-03-11,normal,0.0338802638487183,0.8399282541512203,0.46035826866900414
BTC,2022-03-14,normal,0.0325149843305831,0.7694300221205956,0.311892699941865
BTC,2022-03-15,normal,0.0302895554957351,0.2956961039382515,0.4828692185756639
BTC,2022-03-16,normal,0.0299807382617399,0.5859519920263564,0.4475695359694957
BTC,2022-03-17,normal,0.0298905138151197,0.25388733372836897,0.4897619047619048
BTC,2022-03-18,normal,0.0287239144688827,0.27345640674191257,0.4664166666666668
BTC,2022-03-21,normal,0.0259370635685812,0.7579964850615102,0.4981334141904185
BTC,2022-03-22,normal,0.0260682931038201,0.8479173120793082,0.4666161309884779
BTC,2022-03-23,normal,0.0255250483934993,0.26656619543811105,0.7499337759785313
BTC,2022-03-24,normal,0.0255250483934993,0.554126417471648,0.9229390912020629
BTC,2022-03-25,normal,0.0263296785392542,0.9272760781422793,0.9675299219206639
BTC,2022-03-28,normal,0.0265013384654122,0.6923731830776613,0.9818678526048287
BTC,2022-03-29,normal,0.0262063114315124,0.9377064390424943,0.8996101492829232
BTC,2022-03-30,normal,0.0255250483934993,0.7707609864443264,0.9290031631881632
BTC,2022-03-31,normal,0.0262063114315124,0.5250430277637775,0.8945118121194114
BTC,2022-04-01,normal,0.0254218342270017,0.5333818828147203,0.7480451045807929
BTC,2022-04-04,normal,0.0259370635685812,0.24440076735673777,0.8233673652406827
BTC,2022-04-05,normal,0.0259370635685812,0.6002390776231095,0.8280880128528338
BTC,2022-04-06,normal,0.0254218342270017,0.2485563599516561,0.6657533396235791
BTC,2022-04-07,normal,0.0269707019954573,0.913412190663668,0.376847345682078
BTC,2022-04-08,normal,0.0254722581660016,0.053573944158001305,0.38542975174503713
BTC,2022-04-11,normal,0.0277572377907929,0.05613813410650957,0.17545557829630293
BTC,2022-04-12,normal,0.0298905138151197,0.9319620253164557,0.0367581625479427
BTC,2022-04-13,normal,0.0278743832029092,0.2278496544014377,0.09732542514661024
BTC,2022-04-14,normal,0.0296722803162861,0.10561295296838545,0.2166657026153971
BTC,2022-04-15,normal,0.028475195468155,0.6635847621276846,0.08257989018714434
BTC,2022-04-18,normal,0.0301720447979526,0.2561553686568235,0.053742664225249176
BTC,2022-04-19,normal,0.028475195468155,0.16795921609404973,0.24712916493428924
BTC,2022-04-20,normal,0.0269707019954573,0.8875175431354744,0.3262176049181936
BTC,2022-04-21,normal,0.0273845002961931,0.821870079160937,0.31677219453051336
BTC,2022-04-22,normal,0.028475195468155,0.7839000563591978,0.2181844716870987
BTC,2022-04-25,normal,0.0300172734582386,0.4023224739119378,0.1054563461145561
BTC,2022-04-26,normal,0.0277572377907929,0.49605578357924424,0.304644498394721
BTC,2022-04-27,normal,0.0302580546803139,0.86543283817848,0.06547007510736451
BTC,2022-04-28,normal,0.0278743832029092,0.7720824260926163,0.24463496034050358
BTC,2022-04-29,normal,0.0305466082390656,0.10168170600325618,0.3573573415743403
BTC,2022-05-02,normal,0.0273845002961931,0.4073596287703019,0.193567720167024
BTC,2022-05-03,normal,0.0275474377397488,0.47706209453197607,0.20373120176326934
BTC,2022-05-04,normal,0.0275474377397488,0.933422376078396,0.06128681377267141
BTC,2022-05-05,normal,0.0269707019954573,0.19541908107862105,0.4121246167002411
BTC,2022-05-06,normal,0.0290298894674969,0.17798315158975697,0.13250361286314338
BTC,2022-05-09,normal,0.0305466082390656,0.2580362952391879,0.03503004194535813
BTC,2022-05-10,normal,0.0336653761893974,0.6459900498191963,0.0033207985678379787
BTC,2022-05-11,normal,0.0433327558749434,0.6875933710871008,0.09714169233556783
BTC,2022-05-12,normal,0.0381032490740394,0.5004177250917301,0.10136094206178603
BTC,2022-05-13,normal,0.0354304569602749,0.8483451955346034,0.16526202516650343
BTC,2022-05-16,normal,0.0360035346289879,0.31469118982742994,0.32835271409935657
BTC,2022-05-17,normal,0.0350838190301407,0.5345443716497927,0.23214334038147738
BTC,2022-05-18,normal,0.0336653761893974,0.1466475823255638,0.27389975447298737
BTC,2022-05-19,normal,0.0332957347398662,0.9550551647036246,0.15125748943429676
BTC,2022-05-20,normal,0.032174370853954,0.6080576595239628,0.2716370816968471
BTC,2022-05-23,normal,0.0322326749372211,0.5811951410058075,0.26973897027643073
BTC,2022-05-24,normal,0.0292186378566547,0.7494894486044984,0.18081594023313236
BTC,2022-05-25,normal,0.0313093882955104,0.12350327584908391,0.22475963275673605
BTC,2022-05-26,normal,0.0298905138151197,0.12024087793669182,0.2849093240226434
BTC,2022-05-27,normal,0.032174370853954,0.2623179363191445,0.26479679874659895
BTC,2022-05-30,normal,0.0310243559050952,0.8498135073171286,0.4645250285702775
BTC,2022-05-31,normal,0.0307832269313748,0.7156925837087295,0.9116660630206449
BTC,2022-06-01,normal,0.0302895554957351,0.3887199110413379,0.8950763291805581
BTC,2022-06-02,normal,0.0313093882955104,0.9471329278887893,0.4078763494876059
BTC,2022-06-03,normal,0.0310243559050952,0.07673209028459145,0.5555641817218636
BTC,2022-06-06,normal,0.029358205493691,0.882472337562922,0.4337655042653852
BTC,2022-06-07,normal,0.0247032811779099,0.13015608060436087,0.7657463054637118
BTC,2022-06-08,normal,0.0268148626291991,0.32884601999860674,0.7091705788867986
BTC,2022-06-09,normal,0.0298905138151197,0.3639958079268295,0.49897018796923803
BTC,2022-06-10,normal,0.0279403851103155,0.5493630573248434,0.47731445116270566
BTC,2022-06-13,normal,0.0324689564529343,0.05801920907955235,0.0024884398013356457
BTC,2022-06-14,normal,0.0347871746740398,0.4563427735927024,0.05362624519847262
BTC,2022-06-15,normal,0.0350838190301407,0.4772529766437611,0.11169479788799445
BTC,2022-06-16,normal,0.0352264058210365,0.08967145349867996,0.20119016421727023
BTC,2022-06-17,normal,0.0364367012041492,0.6529207802863879,0.023576222107560954
BTC,2022-06-20,normal,0.0363568590702963,0.8410001660685799,0.1997699127021723
BTC,2022-06-21,normal,0.0363568590702963,0.5693837009980608,0.20554948586342003
BTC,2022-06-22,normal,0.0352264058210365,0.5277967646388688,0.21928725561453774
BTC,2022-06-23,normal,0.0354304569602749,0.8120167019142148,0.1672829625188425
BTC,2022-06-24,normal,0.0350838190301407,0.7082647637078565,0.24662180315675464
BTC,2022-06-27,normal,0.0338802638487183,0.6166753551414063,0.24457100718806382
BTC,2022-06-28,normal,0.032174370853954,0.6952428428998747,0.22769134680070813
BTC,2022-06-29,normal,0.032174370853954,0.4107976589728415,0.20334072488148042
BTC,2022-06-30,normal,0.0337007435806267,0.1279929940976701,0.19599163061876987
BTC,2022-07-01,normal,0.0322828008885587,0.20674896212204608,0.19632167102004408
BTC,2022-07-04,normal,0.0292186378566547,0.9385174727320442,0.29504710079291
BTC,2022-07-05,normal,0.0298905138151197,0.042373050779687484,0.4865726413496769
BTC,2022-07-06,normal,0.0287322331862204,0.5041400241624179,0.47524345287165565
BTC,2022-07-07,normal,0.0262063114315124,0.6047834915238252,0.6897585560243784
BTC,2022-07-08,normal,0.0268148626291991,0.22057717887918551,0.938345053914674
BTC,2022-07-11,normal,0.0282971129698164,0.17416812609457188,0.5732524728492816
BTC,2022-07-12,normal,0.0287322331862204,0.31525582210794145,0.34285648374801697
BTC,2022-07-13,normal,0.0313093882955104,0.8752028985507238,0.18012903159659305
BTC,2022-07-14,normal,0.0290298894674969,0.12855715178013724,0.4123859054639779
BTC,2022-07-15,normal,0.0298905138151197,0.5722789241244869,0.5031155722220657
BTC,2022-07-18,normal,0.0273253327755881,0.7837438172454244,0.5567685197763863
BTC,2022-07-19,normal,0.0273253327755881,0.2977050906297138,0.9168880656513226
BTC,2022-07-20,normal,0.0298905138151197,0.8349033166328501,0.922037108620023
BTC,2022-07-21,normal,0.0283276245417944,0.11884911182195679,0.8083169873392843
BTC,2022-07-22,normal,0.0269985896495212,0.9712495926422136,0.7953778744991571
BTC,2022-07-25,normal,0.0271505536383561,0.15932551181842416,0.6837265645383725
BTC,2022-07-26,normal,0.0269985896495212,0.19949473396719325,0.44726974542472725
BTC,2022-07-27,normal,0.0269046470036491,0.5278921540978041,0.43679041335867874
BTC,2022-07-28,normal,0.0255250483934993,0.5742686317447026,0.7531980319803198
BTC,2022-07-29,normal,0.0307832269313748,0.20796314577163763,0.9191527824369151
BTC,2022-08-01,normal,0.0269985896495212,0.4407842417568984,0.7612183996692756
BTC,2022-08-02,normal,0.0267983929560544,0.2877277024897593,0.7568220584812385
BTC,2022-08-03,normal,0.0263296785392542,0.9131067469757576,0.667412256306006
BTC,2022-08-04,normal,0.0262063114315124,0.29361209964412527,0.5684192350859014
BTC,2022-08-05,normal,0.0273253327755881,0.9637069922308571,0.5118573348387233
BTC,2022-08-08,normal,0.0259370635685812,0.9795116548887237,0.6229685725104126
BTC,2022-08-09,normal,0.0262063114315124,0.10839216731050873,0.783415372964786
BTC,2022-08-10,normal,0.0304469428444838,0.765038063667107,0.6167991922251674
BTC,2022-08-11,normal,0.0268148626291991,0.8028673073859707,0.8197778619209893
BTC,2022-08-12,normal,0.0262063114315124,0.1435247208931445,0.7663483727599925
BTC,2022-08-15,normal,0.0259370635685812,0.13415706556570756,0.8290002902516898
BTC,2022-08-16,normal,0.0262063114315124,0.5583528369915817,0.7321764828643323
BTC,2022-08-17,normal,0.0247032811779099,0.07389670864641855,0.5174579912638909
BTC,2022-08-18,normal,0.0254722581660016,0.8545012904205299,0.33530868061978003
BTC,2022-08-19,normal,0.0255250483934993,0.09622752588494775,0.2814336325996332
BTC,2022-08-22,normal,0.0273845002961931,0.4586776859504118,0.1693951121719234
BTC,2022-08-23,normal,0.0273845002961931,0.8580608007759225,0.1433737430946057
BTC,2022-08-24,normal,0.0274259727391674,0.6383459299800172,0.17243146297719655
BTC,2022-08-25,normal,0.0274259727391674,0.8046612912718502,0.13623798157962172
BTC,2022-08-26,normal,0.0278743832029092,0.16053704701084778,0.17915593493084486
BTC,2022-08-29,normal,0.0275474377397488,0.5957043834814005,0.006256896466900576
BTC,2022-08-30,normal,0.0274259727391674,0.6301340482573711,0.13454348024711307
BTC,2022-08-31,normal,0.0279403851103155,0.7646695408087874,0.05124645952081413
BTC,2022-09-01,normal,0.0275474377397488,0.5548364776034311,0.09312778055003065
BTC,2022-09-02,normal,0.0279320359828505,0.3910116983128623,0.10743729047040039
BTC,2022-09-05,normal,0.0269707019954573,0.16087285093519552,0.09748899366920305
BTC,2022-09-06,normal,0.0269046470036491,0.4834373025900237,0.05619165731289242
BTC,2022-09-07,normal,0.0275474377397488,0.4677145718782575,0.028502229072274086
BTC,2022-09-08,normal,0.0274259727391674,0.6877358490566077,0.16647225356010134
BTC,2022-09-09,normal,0.0273253327755881,0.8653662542990611,0.2386972852240775
BTC,2022-09-12,normal,0.0262063114315124,0.8338752064484627,0.9784228276039098
BTC,2022-09-13,normal,0.0338871942332591,0.710267485034482,0.9768029507974146
BTC,2022-09-14,normal,0.0310243559050952,0.366891634790615,0.38775905210308204
BTC,2022-09-15,normal,0.0319736784196619,0.48239220905422614,0.400151111297668
BTC,2022-09-16,normal,0.0313093882955104,0.9289102564102555,0.2777626200087217
BTC,2022-09-19,normal,0.0313093882955104,0.3481584112689054,0.21113839509541232
BTC,2022-09-20,normal,0.0320154707939315,0.13111320754717284,0.28566235404385026
BTC,2022-09-21,normal,0.0298905138151197,0.9049700655706552,0.14068727498883132
BTC,2022-09-22,normal,0.032174370853954,0.9522835895577776,0.07176943389927734
BTC,2022-09-23,normal,0.0310902072066261,0.038760015101306305,0.2729819260349841
BTC,2022-09-26,normal,0.0305466082390656,0.3587044769195065,0.14581576796161827
BTC,2022-09-27,normal,0.0287239144688827,0.9055530784815262,0.23578756350283114
BTC,2022-09-28,normal,0.028475195468155,0.631225554106912,0.20396873970152093
BTC,2022-09-29,normal,0.0279403851103155,0.49073795934715403,0.2753765231049728
BTC,2022-09-30,normal,0.0274259727391674,0.32035256823277697,0.3136151781931168
BTC,2022-10-03,normal,0.0275474377397488,0.8236665399721275,0.19919024528035395
BTC,2022-10-04,normal,0.0265013384654122,0.6779558512246756,0.6222728213620378
BTC,2022-10-05,normal,0.0254722581660016,0.17403461742888496,0.941601178363743
BTC,2022-10-06,normal,0.0254722581660016,0.5193177942012567,0.8651607904572964
BTC,2022-10-07,normal,0.0281180009225997,0.7728816333210653,0.7810448612612912
BTC,2022-10-10,normal,0.0259370635685812,0.5373684210526292,0.5589735293867233
BTC,2022-10-11,normal,0.0244312890596791,0.6767569363681721,0.42821687341955333
BTC,2022-10-12,normal,0.0244585008583722,0.5747093302584766,0.3321092603169061
BTC,2022-10-13,normal,0.0269046470036491,0.27773393880741526,0.34148982891821195
BTC,2022-10-14,normal,0.0254722581660016,0.42062561094819256,0.5186564551422324
BTC,2022-10-17,normal,0.0250026320338667,0.7954105096061842,0.4695754923413565
BTC,2022-10-18,normal,0.0245736331551623,0.39546184399560635,0.5951247264770243
BTC,2022-10-19,normal,0.0244585008583722,0.26328774238227803,0.4977855579868703
BTC,2022-10-20,normal,0.0244312890596791,0.8719610562363757,0.4087396061269152
BTC,2022-10-21,normal,0.0244585008583722,0.19728596741432894,0.3728315098468264
BTC,2022-10-24,normal,0.0244312890596791,0.3893701761886567,0.6041137855579876
BTC,2022-10-25,normal,0.0228509005253388,0.46488222698074017,0.5028324362481258
BTC,2022-10-26,normal,0.0228509005253388,0.7812628560743018,0.8338789376158127
BTC,2022-10-27,normal,0.0241186425588462,0.3758703244086202,0.9122226148409894
BTC,2022-10-28,normal,0.0223873815283754,0.369322300827443,0.7438551236749119
BTC,2022-10-31,normal,0.0241186425588462,0.7244261864386593,0.8419620034542313
BTC,2022-11-01,normal,0.022575347272423,0.4545538489950462,0.7947288428324704
BTC,2022-11-02,normal,0.022575347272423,0.40891793884586364,0.7922694300518132
BTC,2022-11-03,normal,0.0218249001634449,0.2303996249853495,0.6167720739219713
BTC,2022-11-04,normal,0.0228509005253388,0.7556494510883899,0.6397618069815194
BTC,2022-11-07,normal,0.0228509005253388,0.3269094736115653,0.7968417148004877
BTC,2022-11-08,normal,0.0228509005253388,0.2845837909401371,0.6857541554060022
BTC,2022-11-09,normal,0.0321452514137886,0.2647825962337681,0.3199948073864922
BTC,2022-11-10,normal,0.041339176894444,0.7901150883023911,0.056818239671455016
BTC,2022-11-11,normal,0.0347871746740398,0.5285032439357018,0.34163746361993347
BTC,2022-11-14,normal,0.0358317088972515,0.9000249915207356,0.1258941223388459
BTC,2022-11-15,normal,0.0347871746740398,0.7368321917808242,0.17504178934774658
BTC,2022-11-16,normal,0.0337007435806267,0.22403085572334738,0.22274698140904337
BTC,2022-11-17,normal,0.032980304672956,0.4598040568511042,0.18238992643377736
BTC,2022-11-18,normal,0.032174370853954,0.35363790186124805,0.18744707389714324
BTC,2022-11-21,normal,0.0318444272962791,0.5070069952974775,0.11747346270353735
BTC,2022-11-22,normal,0.0332957347398662,0.6259220231822972,0.050842263912134894
BTC,2022-11-23,normal,0.0319736784196619,0.6857225156024966,0.1250597453640096
BTC,2022-11-24,normal,0.028121348567105,0.14216882548026394,0.18770619436603303
BTC,2022-11-25,normal,0.0244585008583722,0.5825153265530277,0.18701339794992222
BTC,2022-11-28,normal,0.0244585008583722,0.2557211079274123,0.18235442727871237
BTC,2022-11-29,normal,0.0244585008583722,0.86171469323171,0.23681453582538506
BTC,2022-11-30,normal,0.0244585008583722,0.4769280939181483,0.3549504223283139
BTC,2022-12-01,normal,0.0218249001634449,0.48422029702970576,0.7605407841369984
BTC,2022-12-02,normal,0.0228509005253388,0.838250205204964,0.8124296536796531
BTC,2022-12-05,normal,0.0213459739391913,0.5100748416810592,0.8818722943722948
BTC,2022-12-06,normal,0.0223298042588992,0.4604781281790512,0.764968561529577
BTC,2022-12-07,normal,0.0213459739391913,0.24901808450947402,0.8279019633003973
BTC,2022-12-08,normal,0.0213459739391913,0.6111040122668016,0.6983908635955342
BTC,2022-12-09,normal,0.0213459739391913,0.45144065556437957,0.8972667778775817
BTC,2022-12-12,normal,0.0211051188824129,0.348417168382212,0.8123499408061425
BTC,2022-12-13,normal,0.0281180009225997,0.8257514409565099,0.8499489146104225
BTC,2022-12-14,normal,0.0213303770096702,0.8977516326835915,0.8876157886598198
BTC,2022-12-15,normal,0.022575347272423,0.4166836838880962,0.7555878763562202
BTC,2022-12-16,normal,0.0213303770096702,0.18958482929694914,0.5688474848287274
BTC,2022-12-19,normal,0.0231004633717678,0.6063275304909903,0.2789440328678507
BTC,2022-12-20,normal,0.0242939955005185,0.8751576541068857,0.0856519597494906
BTC,2022-12-21,normal,0.0217889547372435,0.42099265636869354,0.2998897567611951
BTC,2022-12-22,normal,0.0217889547372435,0.551816958277268,0.2666338282551069
BTC,2022-12-23,normal,0.0216290143245439,0.8263922518159662,0.2651138789200857
BTC,2022-12-26,normal,0.0213609442979084,0.4216000000000026,0.2701240822836774
BTC,2022-12-27,normal,0.0213609442979084,0.08007778985299925,0.31106889029624923
BTC,2022-12-28,normal,0.0213303770096702,0.49076301110484566,0.21113222151854244
BTC,2022-12-29,normal,0.0213303770096702,0.9069388333687646,0.1365186592545689
BTC,2022-12-30,normal,0.0213609442979084,0.29080750299322516,0.1769380526821953
BTC,2023-01-02,normal,0.0203453805854346,0.7739913125251979,0.16909436352121618
BTC,2023-01-03,normal,0.0203453805854346,0.4827322153304017,0.19542138718832802
BTC,2023-01-04,normal,0.0203176476146468,0.598971239768712,0.2620423892100198
BTC,2023-01-05,normal,0.017847267285174,0.4247151801293328,0.4657723277639707
BTC,2023-01-06,normal,0.017847267285174,0.1299403774048779,0.7149955898977582
BTC,2023-01-09,normal,0.017847267285174,0.8870802716026466,0.9417528643704313
BTC,2023-01-10,normal,0.0175234216229435,0.6084672826224604,0.7930756239444539
BTC,2023-01-11,normal,0.0175234216229435,0.36243201784967366,0.9499656946826757
BTC,2023-01-12,normal,0.0184064047648392,0.8601288869723535,0.9659628074385114
BTC,2023-01-13,normal,0.022575347272423,0.43794749403341404,0.9028677748882912
BTC,2023-01-16,normal,0.0268050104523948,0.1571116482891465,0.9215228426395939
BTC,2023-01-17,normal,0.0268050104523948,0.8046368638508671,0.943902510187608
BTC,2023-01-18,normal,0.0280508954869566,0.5688504867111466,0.9035384658807591
BTC,2023-01-19,normal,0.026259411259999,0.3633465448905704,0.8170904645476775
BTC,2023-01-20,normal,0.0262063114315124,0.6370283545434311,0.8883378378378378
BTC,2023-01-23,normal,0.028803355648007,0.8219975652358061,0.9018816171384998
BTC,2023-01-24,normal,0.0295324296720395,0.494977052524224,0.9322309105034278
BTC,2023-01-25,normal,0.0296622172087484,0.8095736816165604,0.8895962825723165
BTC,2023-01-26,normal,0.029144727681237,0.6265319335892313,0.8941133945946399
BTC,2023-01-27,normal,0.029144727681237,0.7034435164212902,0.8831796871494474
BTC,2023-01-30,normal,0.0262063114315124,0.1241257977095903,0.9679727627601183
BTC,2023-01-31,normal,0.0259370635685812,0.653207379872459,0.8292851402721471
BTC,2023-02-01,normal,0.0253157141595042,0.5245573003675235,0.8623364296554827
BTC,2023-02-02,normal,0.024587476208079,0.2388739946380661,0.9565646669538465
BTC,2023-02-03,normal,0.0254722581660016,0.7410322108345542,0.824577794570581
BTC,2023-02-06,normal,0.0223873815283754,0.5523040339338872,0.6564081240173082
BTC,2023-02-07,normal,0.0207987248466725,0.9041400975243742,0.6121262523227257
BTC,2023-02-08,normal,0.022575347272423,0.10256480292807957,0.7178549478420716
BTC,2023-02-09,normal,0.0211051188824129,0.5348953898552499,0.6192968188300745
BTC,2023-02-10,normal,0.0250026320338667,0.30428173296173866,0.04220880405142133
BTC,2023-02-13,normal,0.0242939955005185,0.48587631766921446,0.11859486447931558
BTC,2023-02-14,normal,0.0227419622088794,0.8572294634737779,0.14563023213369516
BTC,2023-02-15,normal,0.023899488091701,0.8335403012533054,0.29228321619322795
BTC,2023-02-16,normal,0.024587476208079,0.578005284015851,0.9815281303958822
BTC,2023-02-17,normal,0.023899488091701,0.6999458624377733,0.5557037443606326
BTC,2023-02-20,normal,0.0239805023833682,0.8532391852162957,0.749100394210719
BTC,2023-02-21,normal,0.0247032811779099,0.19160104986876642,0.8954072014629657
BTC,2023-02-22,normal,0.0231037279965281,0.4417888799355375,0.7953694988112123
BTC,2023-02-23,normal,0.0247032811779099,0.3066690870218539,0.726132554316184
BTC,2023-02-24,normal,0.0218249001634449,0.3506819623599122,0.6640616784605009
BTC,2023-02-27,normal,0.0259370635685812,0.22605769230768857,0.5652268699361104
BTC,2023-02-28,normal,0.0243481849025461,0.6646300067888693,0.5491301459631233
BTC,2023-03-01,normal,0.023899488091701,0.7169301101054102,0.4592285575786177
BTC,2023-03-02,normal,0.020479942055851,0.07645471094093455,0.5842372137996839
BTC,2023-03-03,normal,0.0236394019286579,0.249771671624654,0.5422641596540589
BTC,2023-03-06,normal,0.021480683094739,0.5576799999999931,0.2414351546716241
BTC,2023-03-07,normal,0.020479942055851,0.3295344223544796,0.1338479415164368
BTC,2023-03-08,normal,0.0213609442979084,0.3894644975048619,0.08154077640686101
BTC,2023-03-09,normal,0.0216290143245439,0.2710851118539484,0.034179836512261225
BTC,2023-03-10,normal,0.0277572377907929,0.464376452455778,0.061356408720099564
BTC,2023-03-13,normal,0.0273845002961931,0.6709419666379867,0.4294086382700307
BTC,2023-03-14,EXPANSION,0.037876515310117,0.9127437641723366,0.9037501237501236
BTC,2023-03-15,EXPANSION,0.0310902072066261,0.6097114398710989,0.7489740822313675
BTC,2023-03-16,normal,0.0306633857187288,0.7437772972056134,0.6927058197251156
BTC,2023-03-17,EXPANSION,0.0306633857187288,0.9760195323645104,0.7969969785515181
BTC,2023-03-20,normal,0.0296622172087484,0.789934175862504,0.9528074281105892
BTC,2023-03-21,normal,0.0277998904509767,0.843380249456461,0.9153874688862712
BTC,2023-03-22,normal,0.027172597122265,0.5493933197000725,0.9589225936381742
BTC,2023-03-23,normal,0.025563724225665,0.798903873069023,0.8264741988376387
BTC,2023-03-24,normal,0.0296622172087484,0.2890054019701309,0.9385510829534627
BTC,2023-03-27,normal,0.0285150230377987,0.47524109014674776,0.9034226995287028
BTC,2023-03-28,normal,0.0295324296720395,0.6828728217964779,0.8129469382849589
BTC,2023-03-29,normal,0.0241186425588462,0.804792962232672,0.8275580107651498
BTC,2023-03-30,normal,0.0259370635685812,0.5067786081014417,0.9442588014113162
BTC,2023-03-31,normal,0.0259370635685812,0.4821786421712305,0.8772618940194167
BTC,2023-04-03,normal,0.0254722581660016,0.7372341895237977,0.8084603412050159
BTC,2023-04-04,normal,0.0228509005253388,0.8018038764152771,0.7381333767041811
BTC,2023-04-05,normal,0.0213459739391913,0.6831856627942052,0.7986419528694032
BTC,2023-04-06,normal,0.0223298042588992,0.44657716842806777,0.7637379269235421
BTC,2023-04-07,normal,0.0195190130272802,0.22206209091455736,0.5700195027909165
BTC,2023-04-10,normal,0.0195190130272802,0.3269144245478213,0.6783459242155911
BTC,2023-04-11,normal,0.0233728316573658,0.6896063461570321,0.959329952848988
BTC,2023-04-12,normal,0.0207987248466725,0.37989781699953473,0.9135101166294721
BTC,2023-04-13,normal,0.0207987248466725,0.6283655341651413,0.836231339036978
BTC,2023-04-14,normal,0.0207987248466725,0.724805178568947,0.9458851049460956
BTC,2023-04-17,normal,0.0212810654294323,0.19715638897980534,0.8408161676838625
BTC,2023-04-18,normal,0.0201014731209177,0.9991516849560276,0.5868870665515716
BTC,2023-04-19,normal,0.0204793708902491,0.2197689472455496,0.8368344316483142
BTC,2023-04-20,normal,0.0203176476146468,0.12147109258459049,0.4202528580752462
BTC,2023-04-21,normal,0.021480683094739,0.448497661835055,0.2745989220371814
BTC,2023-04-24,normal,0.0231004633717678,0.4671001115250462,0.12015483870967704
BTC,2023-04-25,normal,0.021480683094739,0.4995480566435666,0.14002583074943695
BTC,2023-04-26,EXPANSION,0.0337894022589518,0.8091559311974932,0.33470785126615066
BTC,2023-04-27,normal,0.0244312890596791,0.5835442458986388,0.3629294238855562
BTC,2023-04-28,normal,0.0210297861666505,0.18546318289786637,0.6235735165804821
BTC,2023-05-01,normal,0.0211051188824129,0.23156514382402632,0.5645275782686495
BTC,2023-05-02,normal,0.0227419622088794,0.7274995727226193,0.27739464357016413
BTC,2023-05-03,normal,0.0249570269228498,0.43295139106297226,0.42567497621500666
BTC,2023-05-04,normal,0.0211051188824129,0.5065416054874948,0.5134945947677944
BTC,2023-05-05,normal,0.020479942055851,0.5125925925925934,0.5188760341438577
BTC,2023-05-08,normal,0.0244585008583722,0.2825335285041746,0.4198770248829813
BTC,2023-05-09,normal,0.0217889547372435,0.7723543362605002,0.20917045791783276
BTC,2023-05-10,normal,0.0269707019954573,0.5391035383835985,0.22160042415895637
BTC,2023-05-11,normal,0.0244312890596791,0.31679577691465927,0.2521478981282602
BTC,2023-05-12,normal,0.0257458240573126,0.23420721779096582,0.07995620810150111
BTC,2023-05-15,normal,0.021480683094739,0.7404099365314367,0.26184152594128585
BTC,2023-05-16,normal,0.0203453805854346,0.40109325631432763,0.31972238397553343
BTC,2023-05-17,normal,0.0203176476146468,0.09625073315988145,0.2939876332694396
BTC,2023-05-18,normal,0.0196671837242921,0.7406918087917357,0.3833999129374476
BTC,2023-05-19,normal,0.0213303770096702,0.505239201555155,0.24286604151585034
BTC,2023-05-22,normal,0.0196671837242921,0.7696636705518349,0.23358130391613893
BTC,2023-05-23,normal,0.018816264894941,0.772874505532304,0.2588997490358088
BTC,2023-05-24,normal,0.0168059391104562,0.20308620635469593,0.3512875011849704
BTC,2023-05-25,normal,0.0213303770096702,0.7952107243826161,0.12911184620834498
BTC,2023-05-26,normal,0.0170898274170702,0.6079631781213691,0.16522973451680703
BTC,2023-05-29,normal,0.0204793708902491,0.23966294057260182,0.8942760996206296
BTC,2023-05-30,normal,0.0187237481423801,0.964484938638902,0.7303390396406249
BTC,2023-05-31,normal,0.0184064047648392,0.14842794860556754,0.7144038730043109
BTC,2023-06-01,normal,0.0170815246391023,0.3864823142492779,0.5307510775207913
BTC,2023-06-02,normal,0.017847267285174,0.8838276836158192,0.3673585088826331
BTC,2023-06-05,normal,0.0166870397340331,0.13391019287946856,0.48279584506358597
BTC,2023-06-06,normal,0.0242939955005185,0.33268588299277446,0.11120772504690887
BTC,2023-06-07,normal,0.0251014665872902,0.5233272743010465,0.6069080009818747
BTC,2023-06-08,normal,0.0217889547372435,0.7652031772788789,0.3192124336266036
BTC,2023-06-09,normal,0.0217889547372435,0.8189256834809359,0.37065423820782156
BTC,2023-06-12,normal,0.0227419622088794,0.7667387037294089,0.18556451300337165
BTC,2023-06-13,normal,0.0217705889485411,0.8228896032410088,0.17898854049584592
BTC,2023-06-14,normal,0.021480683094739,0.6761466779619932,0.18837448160923986
BTC,2023-06-15,normal,0.0213609442979084,0.528805470825546,0.08493952980493948
BTC,2023-06-16,normal,0.0203453805854346,0.15985008198640838,0.21893593336148373
BTC,2023-06-19,normal,0.023899488091701,0.860371267150931,0.47550631602024374
BTC,2023-06-20,normal,0.0195273581501284,0.4312573443008256,0.6734782623018866
BTC,2023-06-21,normal,0.022575347272423,0.7387558267498134,0.9737005723421618
BTC,2023-06-22,normal,0.026259411259999,0.13321513539725094,0.8656483333333332
BTC,2023-06-23,normal,0.0237475953044639,0.8629620253164532,0.8474866666666664
BTC,2023-06-26,normal,0.0247032811779099,0.5828844905905257,0.8538466873946389
BTC,2023-06-27,normal,0.024160726607591,0.9158563351211457,0.8244932855242965
BTC,2023-06-28,normal,0.0241152902531458,0.272955609472712,0.8884941661112736
BTC,2023-06-29,normal,0.0210297861666505,0.8870603697037209,0.7957565961091326
BTC,2023-06-30,normal,0.0210297861666505,0.6020773830536024,0.8515321308697006
BTC,2023-07-03,normal,0.0233728316573658,0.5333208736049594,0.8771234359780095
BTC,2023-07-04,normal,0.021338877206163,0.4147119107264901,0.9584224223982729
BTC,2023-07-05,normal,0.0201014731209177,0.10282727668680157,0.8996628437531099
BTC,2023-07-06,normal,0.020479942055851,0.4429241261722074,0.8518104718703151
BTC,2023-07-07,normal,0.0194065518689626,0.6973187752512615,0.6983323933070127
BTC,2023-07-10,normal,0.0180195186742546,0.9800608313619418,0.723743811881188
BTC,2023-07-11,normal,0.0175519053472904,0.4579273504273532,0.6642730898424123
BTC,2023-07-12,normal,0.0180288697560288,0.7927419814276794,0.5610499999999993
BTC,2023-07-13,normal,0.0163909398918902,0.7589234833963648,0.44
BTC,2023-07-14,normal,0.0183080193716303,0.24216313654799485,0.8481164829441884
BTC,2023-07-17,normal,0.018816264894941,0.4962210257576932,0.3176764169776935
BTC,2023-07-18,normal,0.01749100193381,0.16165741994670055,0.27688568700633615
BTC,2023-07-19,normal,0.0183080193716303,0.5898568240981813,0.15585886641784608
BTC,2023-07-20,normal,0.016889295751584,0.7742122296031374,0.17759309087752756
BTC,2023-07-21,normal,0.01749100193381,0.23015838002381725,0.12564348660675329
BTC,2023-07-24,normal,0.016889295751584,0.24553920587860925,0.24943285926184444
BTC,2023-07-25,normal,0.0168059391104562,0.344100704075101,0.10692315535465405
BTC,2023-07-26,normal,0.0166786371667437,0.2483066405013615,0.12473575094313921
BTC,2023-07-27,normal,0.0164349597029752,0.7896897175455612,0.16655677531183014
BTC,2023-07-28,normal,0.0164349597029752,0.4581732352618346,0.12265234680352019
BTC,2023-07-31,normal,0.015464887708793,0.6736578947368463,0.1424701763926176
BTC,2023-08-01,normal,0.0155757395802776,0.22672045411059175,0.12587091730958727
BTC,2023-08-02,normal,0.0153147305655463,0.42795305773426995,0.3480782973434833
BTC,2023-08-03,normal,0.0156401284542284,0.5783300844704315,0.19719147258811479
BTC,2023-08-04,normal,0.0150175775661203,0.39873604630558074,0.32759624089321854
BTC,2023-08-07,normal,0.0148916612107997,0.3462648436391117,0.27444643403065794
BTC,2023-08-08,normal,0.0148916612107997,0.9887313458089468,0.3413984364763949
BTC,2023-08-09,normal,0.0151469802244789,0.9141073740828078,0.6467659518714234
BTC,2023-08-10,normal,0.0148468126649435,0.15217863740083776,0.5646942130023246
BTC,2023-08-11,normal,0.0144235557425759,0.6476344739150993,0.49314175593719867
BTC,2023-08-14,normal,0.0148416055463294,0.7819277414761961,0.43305795091358606
BTC,2023-08-15,normal,0.0144235557425759,0.12227037839638528,0.5096966773201471
BTC,2023-08-16,normal,0.0141664018718586,0.40456678135751545,0.3704396068262676
BTC,2023-08-17,normal,0.0148468126649435,0.31947087783317935,0.08732436832901028
BTC,2023-08-18,normal,0.018816264894941,0.4533333333333333,0.2870047262701851
BTC,2023-08-21,normal,0.018816264894941,0.4388533000956512,0.2016522252855458
BTC,2023-08-22,normal,0.0164349597029752,0.25325238508239284,0.18923198109491893
BTC,2023-08-23,normal,0.0166870397340331,0.5436431417920062,0.17526585269791256
BTC,2023-08-24,normal,0.0193626719576116,0.5182825883538535,0.24945254037022474
BTC,2023-08-25,normal,0.0168059391104562,0.5245352681062986,0.19969476171721134
BTC,2023-08-28,normal,0.0168925411145809,0.5582413087934626,0.18427924379677046
BTC,2023-08-29,normal,0.0168059391104562,0.18839712918659926,0.19102923508209851
BTC,2023-08-30,normal,0.0279403851103155,0.1154718647742499,0.5578171478565179
BTC,2023-08-31,normal,0.0237475953044639,0.3060959792477276,0.47115019473121833
BTC,2023-09-01,normal,0.0260682931038201,0.7206766317357415,0.17105879028198467
BTC,2023-09-04,normal,0.0250026320338667,0.11103320272221824,0.1858208369680101
BTC,2023-09-05,normal,0.0242939955005185,0.7077317112213856,0.1612223212868084
BTC,2023-09-06,normal,0.0203453805854346,0.1167042162858139,0.1730762851487772
BTC,2023-09-07,normal,0.021480683094739,0.11030013213363622,0.1617918637986531
BTC,2023-09-08,normal,0.01749100193381,0.2408423531769889,0.33593049228766925
BTC,2023-09-11,normal,0.0168059391104562,0.05252432290297382,0.19051655908683218
BTC,2023-09-12,normal,0.0260682931038201,0.8136601637359383,0.0806699878155993
BTC,2023-09-13,normal,0.0205079822231049,0.8978950415615551,0.28968027515153355
BTC,2023-09-14,normal,0.0164349597029752,0.7695903614457856,0.4074833814025944
BTC,2023-09-15,normal,0.0156401284542284,0.15921140353662402,0.5002483150053211
BTC,2023-09-18,normal,0.0168059391104562,0.9501304121022427,0.501722781744991
BTC,2023-09-19,normal,0.0174059949660589,0.7138096490898398,0.6491593927959906
BTC,2023-09-20,normal,0.0183080193716303,0.3569626416430613,0.8595761787598035
BTC,2023-09-21,normal,0.0174059949660589,0.20691695949694466,0.8611576840124373
BTC,2023-09-22,normal,0.0155757395802776,0.6244856341720899,0.6455120287155826
BTC,2023-09-25,normal,0.01505412130758,0.14519793592113325,0.5217206116387944
BTC,2023-09-26,normal,0.0151469802244789,0.4090344168260184,0.5435709390258546
BTC,2023-09-27,normal,0.0147199999999999,0.8834223986017002,0.5113782007844893
BTC,2023-09-28,normal,0.0148916612107997,0.5728242854235122,0.5699709978819555
BTC,2023-09-29,normal,0.0175234216229435,0.2883771645162089,0.821038732735221
BTC,2023-10-02,normal,0.0201014731209177,0.7846653827636026,0.9751399951602407
BTC,2023-10-03,normal,0.0173253036034242,0.6420189235684484,0.6145044267587173
BTC,2023-10-04,normal,0.0156401284542284,0.8398059352966518,0.5545386439290374
BTC,2023-10-05,normal,0.0166097635326394,0.5065450333043736,0.6905126006935595
BTC,2023-10-06,normal,0.0212810654294323,0.9007263922518159,0.548332908547464
BTC,2023-10-09,normal,0.0179076650016893,0.09850274438963214,0.7439892799493344
BTC,2023-10-10,normal,0.0156401284542284,0.06712046204620602,0.6177390579021754
BTC,2023-10-11,normal,0.0155757395802776,0.45145365853658337,0.5405052634830895
BTC,2023-10-12,normal,0.0156401284542284,0.6253088114191605,0.34178271044278175
BTC,2023-10-13,normal,0.015464887708793,0.4839364220493698,0.2970295882666426
BTC,2023-10-16,normal,0.0154346643784709,0.7562807425821105,0.4277509772601404
BTC,2023-10-17,normal,0.0247032811779099,0.6542050883235204,0.6143921974104535
BTC,2023-10-18,normal,0.0183080193716303,0.13972786379784097,0.5614364610673663
BTC,2023-10-19,normal,0.0166097635326394,0.8464030951517336,0.5146388392934529
BTC,2023-10-20,normal,0.0223577636188789,0.7744006481470127,0.6283838051159375
BTC,2023-10-23,normal,0.0202183891299026,0.7418400428063343,0.8991156708744101
BTC,2023-10-24,normal,0.0268016867572901,0.7999755766621448,0.796188096181391
BTC,2023-10-25,normal,0.0268016867572901,0.6778346820959867,0.8447297553921942
BTC,2023-10-26,normal,0.024160726607591,0.1647139185403066,0.9103169536935988
BTC,2023-10-27,normal,0.0224386925392103,0.5361646586345422,0.8709191039360102
BTC,2023-10-30,normal,0.0235496605435871,0.8157981693817573,0.9137306179601754
BTC,2023-10-31,normal,0.0231479397197064,0.8056869565217336,0.9078779683664064
BTC,2023-11-01,normal,0.0235496605435871,0.30697344127254317,0.926621203438395
BTC,2023-11-02,normal,0.0241152902531458,0.33665675787098137,0.9819523434865686
BTC,2023-11-03,normal,0.0237475953044639,0.16019358741681966,0.8865375016719242
BTC,2023-11-06,normal,0.0224386925392103,0.7345512918514023,0.8770653652817765
BTC,2023-11-07,normal,0.0178811933254092,0.359862231182797,0.880915689728867
BTC,2023-11-08,normal,0.0180288697560288,0.8291931231666095,0.9256918469927063
BTC,2023-11-09,normal,0.0204793708902491,0.918728903133417,0.9360655498152827
BTC,2023-11-10,normal,0.0245736331551623,0.9787555868939709,0.8505842512521347
BTC,2023-11-13,normal,0.0184064047648392,0.37699941325033703,0.8233214653981594
BTC,2023-11-14,normal,0.0180195186742546,0.28584583717025885,0.6705491248098249
BTC,2023-11-15,normal,0.0202946597523723,0.8008387158970373,0.4715353099236252
BTC,2023-11-16,normal,0.0245736331551623,0.09340425531915203,0.9734585589610044
BTC,2023-11-17,normal,0.0202183891299026,0.7794336810730254,0.5591043689320393
BTC,2023-11-20,normal,0.0208144747729839,0.31327086259644404,0.8432010113780026
BTC,2023-11-21,normal,0.0231479397197064,0.13366216845043774,0.8631796652251962
BTC,2023-11-22,normal,0.0232407831778739,0.8107873712243338,0.4201165803108812
BTC,2023-11-23,normal,0.0224386925392103,0.2916371152404385,0.8519015544041442
BTC,2023-11-24,normal,0.0223577636188789,0.58993558262644,0.8058550396375987
BTC,2023-11-27,normal,0.021338877206163,0.09506803849983482,0.7515844500300701
BTC,2023-11-28,normal,0.0211051188824129,0.7088138732216481,0.6758992805755387
BTC,2023-11-29,normal,0.0218776697185954,0.6291413681116209,0.8353265080243505
BTC,2023-11-30,normal,0.0201014731209177,0.551101730688053,0.8368876712328766
BTC,2023-12-01,normal,0.0175234216229435,0.6159072416598838,0.8010849315068491
BTC,2023-12-04,normal,0.0207987248466725,0.8505281490175293,0.9490385321100921
BTC,2023-12-05,normal,0.0204793708902491,0.7761092150170699,0.9392492917847023
BTC,2023-12-06,normal,0.0204793708902491,0.7232750823864499,0.9538629283489096
BTC,2023-12-07,normal,0.019746418899508,0.4786214657935297,0.9180995010156969
BTC,2023-12-08,normal,0.0201014731209177,0.9218795643283447,0.8628205316401666
BTC,2023-12-11,normal,0.0210297861666505,0.52539175856065,0.8995929638210896
BTC,2023-12-12,normal,0.0206765143426087,0.7369581418457294,0.6199157696468568
BTC,2023-12-13,normal,0.0205128490884668,0.6542699999999968,0.5986976104091078
BTC,2023-12-14,normal,0.0231585111711501,0.6213415312708694,0.770928312273239
BTC,2023-12-15,normal,0.0231479397197064,0.17981329222336642,0.7900988364819219
BTC,2023-12-18,normal,0.0231037279965281,0.30049342787245426,0.5753927363408963
BTC,2023-12-19,normal,0.0206765143426087,0.44111978902525695,0.7163611111111116
BTC,2023-12-20,normal,0.0281180009225997,0.9264790419161684,0.6633319444444442
BTC,2023-12-21,normal,0.021338877206163,0.8254335636980031,0.8544537516198155
BTC,2023-12-22,normal,0.0202183891299026,0.11217201633770638,0.8616464110101864
BTC,2023-12-25,normal,0.0196109302780663,0.947903573581856,0.618468066100938
BTC,2023-12-26,normal,0.0175519053472904,0.40315001797209216,0.7490241179097805
BTC,2023-12-27,normal,0.0195041946248261,0.7267125059082654,0.5107034390352837
BTC,2023-12-28,normal,0.0170815246391023,0.04770010555645702,0.7161344350156317
BTC,2023-12-29,normal,0.0166097635326394,0.8715624556255022,0.5607313720889028
BTC,2024-01-01,normal,0.0183080193716303,0.8156582633053184,0.45149183079010113
BTC,2024-01-02,normal,0.0210297861666505,0.7541643614078393,0.9432707446573967
BTC,2024-01-03,normal,0.0254218342270017,0.4293431578947363,0.8252253265126399
BTC,2024-01-04,normal,0.0195273581501284,0.9449727445188935,0.431408923117283
BTC,2024-01-05,normal,0.0211051188824129,0.7518921699331289,0.6761050836659359
BTC,2024-01-08,normal,0.0223577636188789,0.9560938271604921,0.6197367061561941
BTC,2024-01-09,normal,0.026259411259999,0.4213823529411756,0.9541544147629097
BTC,2024-01-10,normal,0.0237083719281989,0.16221535596376782,0.7421766823594572
BTC,2024-01-11,normal,0.027172597122265,0.8814628723235285,0.8175006923289945
BTC,2024-01-12,normal,0.0282971129698164,0.3365400343502048,0.6799894883861268
BTC,2024-01-15,normal,0.0298905138151197,0.854612652828859,0.1195148598208157
BTC,2024-01-16,normal,0.0310902072066261,0.9858679482778387,0.21425929620851902
BTC,2024-01-17,normal,0.0310243559050952,0.4244914285714289,0.2905232447794746
BTC,2024-01-18,normal,0.0274259727391674,0.13821589725789626,0.24649977857480007
BTC,2024-01-19,normal,0.0287239144688827,0.7102362395901584,0.07774613212328943
BTC,2024-01-22,normal,0.0282003544839376,0.3927035063621698,0.149644167430042
BTC,2024-01-23,normal,0.0282003544839376,0.2689078394988609,0.0143050356996818
BTC,2024-01-24,normal,0.0275474377397488,0.5163906507470417,0.12891666218572584
BTC,2024-01-25,normal,0.0242939955005185,0.13340416740451405,0.14689931710464632
BTC,2024-01-26,normal,0.0245850299191062,0.7853983355986377,0.13501298192516537
BTC,2024-01-29,normal,0.02064032738184,0.46545730610940483,0.3337718253815838
BTC,2024-01-30,normal,0.02103498042124,0.3934348772147942,0.45587489725843205
BTC,2024-01-31,normal,0.0196671837242921,0.26794933365349666,0.4211540086494954
BTC,2024-02-01,normal,0.0195273581501284,0.3213025105642612,0.5056196007049782
BTC,2024-02-02,normal,0.0196109302780663,0.44751967783268876,0.8499406835655938
BTC,2024-02-05,normal,0.0187237481423801,0.9580747430108566,0.7560743032196053
BTC,2024-02-06,normal,0.0175519053472904,0.4974610028278622,0.7796920050456505
BTC,2024-02-07,normal,0.0175234216229435,0.6559065618246133,0.852945924435367
BTC,2024-02-08,normal,0.017847267285174,0.7326305440244661,0.9919712402636307
BTC,2024-02-09,normal,0.02103498042124,0.8473633225879968,0.9538693638179421
BTC,2024-02-12,normal,0.0183043902461661,0.2883148280802285,0.9708428059926312
BTC,2024-02-13,normal,0.0220367316826219,0.29223083452776866,0.961518363449864
BTC,2024-02-14,normal,0.0226395623100613,0.9026736612491933,0.9381602627324579
BTC,2024-02-15,normal,0.0194065518689626,0.8059330939156364,0.9796631915549958
BTC,2024-02-16,normal,0.0194065518689626,0.9397374290115671,0.9180006093354389
BTC,2024-02-19,normal,0.0180195186742546,0.6272219748604272,0.9378952721924122
BTC,2024-02-20,normal,0.0201014731209177,0.8006642066420648,0.9046965242573869
BTC,2024-02-21,normal,0.0201014731209177,0.36236326163927285,0.9345826216677837
BTC,2024-02-22,normal,0.0183080193716303,0.41730745204047576,0.8944894546130261
BTC,2024-02-23,normal,0.0174520355111522,0.2282545161020985,0.8423692279104338
BTC,2024-02-26,normal,0.0171801322929593,0.3685657891818739,0.8793439631159349
BTC,2024-02-27,normal,0.0233728316573658,0.7884205258756468,0.9642360996535226
BTC,2024-02-28,normal,0.0268016867572901,0.9500893937285212,0.9584515408782494
BTC,2024-02-29,normal,0.0275232722397794,0.6176254589963297,0.916413795162353
BTC,2024-03-01,normal,0.026259411259999,0.8081246280568867,0.8331965116279072
BTC,2024-03-04,normal,0.024160726607591,0.8674961597542233,0.9435615530876073
BTC,2024-03-05,normal,0.0275232722397794,0.6214992495413856,0.9868584553587506
BTC,2024-03-06,normal,0.0307832269313748,0.6479609046557349,0.7144872558038856
BTC,2024-03-07,normal,0.0259626347110665,0.6736109500058023,0.8416602630012443
BTC,2024-03-08,normal,0.025563724225665,0.6858473144473749,0.8821997943611667
BTC,2024-03-11,normal,0.0296622172087484,0.857902002176361,0.9468837639324056
BTC,2024-03-12,normal,0.0275231386153177,0.4988405797101497,0.9675972889267923
BTC,2024-03-13,normal,0.0296622172087484,0.8030669351525738,0.9311361715378795
BTC,2024-03-14,normal,0.0241152902531458,0.3007047768206735,0.9750169158100674
BTC,2024-03-15,normal,0.0307307910155242,0.31640055075655604,0.8970308727147294
BTC,2024-03-18,normal,0.025563724225665,0.67411873840445,0.7214489464667583
BTC,2024-03-19,normal,0.0273253327755881,0.10256784437393048,0.6390426774128413
BTC,2024-03-20,normal,0.032174370853954,0.8026797485819416,0.19851069591118342
BTC,2024-03-21,normal,0.0282971129698164,0.44819141527577333,0.5981255077173027
BTC,2024-03-22,normal,0.029358205493691,0.06508765819110672,0.4397691578662332
BTC,2024-03-25,normal,0.0282003544839376,0.3137334494516331,0.5554420525318173
BTC,2024-03-26,normal,0.0280342922015531,0.5271602046208592,0.70027764959237
BTC,2024-03-27,normal,0.0257709642659356,0.6106104378493974,0.7085832948777111
BTC,2024-03-28,normal,0.0280342922015531,0.8467953045395553,0.6687425011536691
BTC,2024-03-29,normal,0.025563724225665,0.38247249723148696,0.7695431472081222
BTC,2024-04-01,normal,0.0231585111711501,0.23083535108958628,0.8079533917858787
BTC,2024-04-02,normal,0.0280342922015531,0.11407736657057702,0.6825719120135366
BTC,2024-04-03,normal,0.0279018318459371,0.7289337409097862,0.36063605599138576
BTC,2024-04-04,normal,0.023899488091701,0.9178907345831478,0.44554823606599014
BTC,2024-04-05,normal,0.024587476208079,0.04123416376695127,0.7015109317897791
BTC,2024-04-08,normal,0.0255250483934993,0.9343825020005335,0.7808775992447164
BTC,2024-04-09,normal,0.0228509005253388,0.5027007621554952,0.9020218764217549
BTC,2024-04-10,normal,0.0281180009225997,0.5111838370937994,0.6534452964939231
BTC,2024-04-11,normal,0.027172597122265,0.07149475634924378,0.794371602174608
BTC,2024-04-12,normal,0.0223298042588992,0.772633014431418,0.7150680904961112
BTC,2024-04-15,normal,0.0287239144688827,0.6877945480702421,0.4120537972649867
BTC,2024-04-16,normal,0.0290298894674969,0.6499876070252927,0.2273481514193294
BTC,2024-04-17,normal,0.0277572377907929,0.0275350253081172,0.25811251485076714
BTC,2024-04-18,normal,0.0310243559050952,0.7909357756113046,0.12189258549844006
BTC,2024-04-19,normal,0.0302580546803139,0.900981027317995,0.2890220376331094
BTC,2024-04-22,normal,0.0287322331862204,0.6957621982018382,0.40469374858879903
BTC,2024-04-23,normal,0.0265013384654122,0.13886956521739088,0.5470011319914111
BTC,2024-04-24,normal,0.0260682931038201,0.4750691792136269,0.5162903717083975
BTC,2024-04-25,normal,0.0272619090605344,0.3731466579310954,0.3553255877035723
BTC,2024-04-26,normal,0.0272583010968794,0.4124722643933153,0.37114240209486554
BTC,2024-04-29,normal,0.0244312890596791,0.18579170922567814,0.2894026902052775
BTC,2024-04-30,normal,0.0229966824488877,0.054745581146223424,0.36443137978520185
BTC,2024-05-01,normal,0.0275474377397488,0.2978492172230846,0.12220278695656132
BTC,2024-05-02,normal,0.023899488091701,0.9269340893621575,0.1234885489524786
BTC,2024-05-03,normal,0.0326133398028308,0.40395561093897064,0.2204421870961958
BTC,2024-05-06,normal,0.0269707019954573,0.27802281030027504,0.6984558309213978
BTC,2024-05-07,normal,0.0244312890596791,0.4137790050383377,0.6191630156008737
BTC,2024-05-08,normal,0.023899488091701,0.20236336779911784,0.5392802866792826
BTC,2024-05-09,normal,0.0260682931038201,0.3602355180206943,0.43449571282631316
BTC,2024-05-10,normal,0.0244312890596791,0.8617565676313776,0.6106251866889272
BTC,2024-05-13,normal,0.0275474377397488,0.7810601389483431,0.46388352418912554
BTC,2024-05-14,normal,0.0272583010968794,0.230003150488327,0.6072919608161936
BTC,2024-05-15,normal,0.0320868432976473,0.6831729138020312,0.5615925911851554
BTC,2024-05-16,normal,0.0245736331551623,0.8398941840723371,0.9759729217679299
BTC,2024-05-17,normal,0.0223298042588992,0.7625064307027497,0.8512823077126717
BTC,2024-05-20,normal,0.0196109302780663,0.724681653462041,0.872076166348798
BTC,2024-05-21,normal,0.0245736331551623,0.6519065190651907,0.9953925551068854
BTC,2024-05-22,normal,0.0225699925936159,0.47093018461868513,0.8784999960178294
BTC,2024-05-23,normal,0.0225699925936159,0.9245450339296744,0.7864179566939655
BTC,2024-05-24,normal,0.0232407831778739,0.5290312111976582,0.6599906037035649
BTC,2024-05-27,normal,0.0218464663739289,0.1758206106870179,0.7056169160473137
BTC,2024-05-28,normal,0.0248818084589594,0.3895943684328581,0.7843795900229643
BTC,2024-05-29,normal,0.0206765143426087,0.12093689531552373,0.6963495218743745
BTC,2024-05-30,normal,0.020479942055851,0.5320992516738835,0.6330881928920576
BTC,2024-05-31,normal,0.0195556780037981,0.5548944045541309,0.6844014615499077
BTC,2024-06-03,normal,0.0232407831778739,0.852951433287611,0.6111775036151877
BTC,2024-06-04,QUIET,0.0183080193716303,0.4840349325393424,0.7026979613547684
BTC,2024-06-05,QUIET,0.0183345509316881,0.577418050212074,0.8046210598096856
BTC,2024-06-06,QUIET,0.0183345509316881,0.7906370380338685,0.8732652176317038
BTC,2024-06-07,QUIET,0.0183080193716303,0.9999903513088501,0.8072544615510266
BTC,2024-06-10,QUIET,0.0183043902461661,0.4794531436292893,0.5868183209436988
BTC,2024-06-11,normal,0.01948372674865,0.05524825174824992,0.5677958648058169
BTC,2024-06-12,normal,0.0297423239555531,0.7568651918094271,0.21245135401495527
BTC,2024-06-13,QUIET,0.0184064047648392,0.4904491054197137,0.37218004648487624
BTC,2024-06-14,QUIET,0.018816264894941,0.7161995053586085,0.121427442221855
BTC,2024-06-17,normal,0.0196109302780663,0.18104942122409207,0.23108330370485913
BTC,2024-06-18,normal,0.0202946597523723,0.3714215144863715,0.20614624614468535
BTC,2024-06-19,QUIET,0.0173253036034242,0.4355668978754977,0.14052125356871964
BTC,2024-06-20,QUIET,0.0159857691419579,0.8134069955242492,0.1152031870903692
BTC,2024-06-21,QUIET,0.0164349597029752,0.15189865641107525,0.1020521555949207
BTC,2024-06-24,normal,0.0196671837242921,0.22117608293721616,0.0035935001757631297
BTC,2024-06-25,normal,0.0211256854925137,0.7450653408386424,0.13911711788581424
BTC,2024-06-26,QUIET,0.0166870397340331,0.22091363578618786,0.25038653860016397
BTC,2024-06-27,QUIET,0.0164349597029752,0.6946094376090093,0.18116854554094053
BTC,2024-06-28,QUIET,0.0174059949660589,0.4716640347414141,0.28018372147051795
BTC,2024-07-01,QUIET,0.018816264894941,0.3844319155845862,0.3768224540829527
BTC,2024-07-02,QUIET,0.0168059391104562,0.4853312302839112,0.38785806674139844
BTC,2024-07-03,normal,0.0196109302780663,0.2926387037685136,0.37158938222208954
BTC,2024-07-04,normal,0.0216290143245439,0.22839723759866273,0.2014419774671508
BTC,2024-07-05,normal,0.0275474377397488,0.3755387445562398,0.026502188014411555
BTC,2024-07-08,normal,0.0270160830898187,0.7277251500665143,0.18102775848515132
BTC,2024-07-09,normal,0.0271376767028675,0.7069386234516177,0.24841790534899963
BTC,2024-07-10,normal,0.023899488091701,0.5474128954931031,0.35116307519960355
BTC,2024-07-11,normal,0.0216290143245439,0.9159669656298374,0.3661185434769654
BTC,2024-07-12,normal,0.026470297785239,0.6421958635696869,0.34843158952994696
BTC,2024-07-15,normal,0.0225699925936159,0.6975924883492058,0.7047127796041379
BTC,2024-07-16,normal,0.0231585111711501,0.5238542227106406,0.9845927000622915
BTC,2024-07-17,normal,0.024160726607591,0.302304792836818,0.9710174879694596
BTC,2024-07-18,normal,0.0231585111711501,0.6932068993705534,0.8385914401195942
BTC,2024-07-19,normal,0.0225699925936159,0.6878506407498338,0.8306762004951469
BTC,2024-07-22,normal,0.0247032811779099,0.37368747753927933,0.9864710938240256
BTC,2024-07-23,normal,0.0211051188824129,0.2625217402184631,0.9371162922270357
BTC,2024-07-24,normal,0.0211410227752895,0.7934310338687328,0.8306355088060137
BTC,2024-07-25,normal,0.0211410227752895,0.1582879235939919,0.7932731632398444
BTC,2024-07-26,normal,0.0223298042588992,0.9057815845824411,0.8118385664105173
BTC,2024-07-29,normal,0.02103498042124,0.8417366371026558,0.9122759245614597
BTC,2024-07-30,normal,0.0237530320806384,0.42089426953406317,0.7565802303523834
BTC,2024-07-31,normal,0.0194065518689626,0.5650132275132257,0.712503471832359
BTC,2024-08-01,normal,0.0225016263422227,0.7396540027137042,0.5972681850146848
BTC,2024-08-02,normal,0.0225699925936159,0.498051993694084,0.6165031290167612
BTC,2024-08-05,EXPANSION,0.0387642350982935,0.23092112859247646,0.08012752735540514
BTC,2024-08-06,normal,0.0310902072066261,0.5557505011398072,0.23808407878751348
BTC,2024-08-07,normal,0.0319736784196619,0.6452664392586421,0.33311258686555356
BTC,2024-08-08,normal,0.0334187591275263,0.8876622249648074,0.2909944454432854
BTC,2024-08-09,normal,0.0298877470113359,0.1883820456857899,0.6018024676482292
BTC,2024-08-12,normal,0.0298877470113359,0.9410935390303209,0.4607492698051562
BTC,2024-08-13,normal,0.0298905138151197,0.2856246732880307,0.4908275573185754
BTC,2024-08-14,normal,0.0282003544839376,0.8531577709851894,0.5496753081951177
BTC,2024-08-15,normal,0.0298877470113359,0.7752224627224622,0.4593640699070539
BTC,2024-08-16,normal,0.032174370853954,0.8211376470959387,0.40517381649611767
BTC,2024-08-19,normal,0.0298877470113359,0.3404762702587966,0.5237416666666665
BTC,2024-08-20,normal,0.0282988175787292,0.6377412167106548,0.5848148156448116
BTC,2024-08-21,normal,0.0282988175787292,0.5064348710395737,0.6010763647539166
BTC,2024-08-22,normal,0.0244053823557282,0.9076631007306486,0.7324612831658446
BTC,2024-08-23,normal,0.022575347272423,0.4150284048437744,0.8276263464759178
BTC,2024-08-26,normal,0.0245736331551623,0.3586464686208942,0.9294117647058824
BTC,2024-08-27,normal,0.0218249001634449,0.17809523809523808,0.7925561563701349
BTC,2024-08-28,normal,0.0235509890381905,0.7967300784999097,0.4561830574488802
BTC,2024-08-29,normal,0.0271376767028675,0.7488743636708907,0.3313762545592314
BTC,2024-08-30,normal,0.0244585008583722,0.718602817812457,0.3677055100846724
BTC,2024-09-02,normal,0.0260682931038201,0.8333612406295888,0.13712105417723106
BTC,2024-09-03,normal,0.023071005037816,0.32489818331579146,0.3422746949490326
BTC,2024-09-04,normal,0.0260682931038201,0.37514353992737653,0.1579550880685451
BTC,2024-09-05,normal,0.0271376767028675,0.0845795100415522,0.2517457951884183
BTC,2024-09-06,normal,0.032013641269545,0.45544309890555185,0.06110283159463487
BTC,2024-09-09,normal,0.0272619090605344,0.7556800000000022,0.18634136546184715
BTC,2024-09-10,normal,0.0273845002961931,0.6822308690012966,0.3608032128514056
BTC,2024-09-11,normal,0.0244312890596791,0.3943446327683604,0.40851325301204805
BTC,2024-09-12,normal,0.0264355047101217,0.6727168741212614,0.38457831325301206
BTC,2024-09-13,normal,0.0244312890596791,0.2123355263157871,0.4483791164658634
BTC,2024-09-16,normal,0.0232407831778739,0.3542598594487036,0.6173325830050647
BTC,2024-09-17,normal,0.025793607974408,0.8704075172042425,0.6573049289833224
BTC,2024-09-18,normal,0.0223577636188789,0.3500549249359221,0.8852896237172175
BTC,2024-09-19,normal,0.0223877057208012,0.9676023871925248,0.9971579343975471
BTC,2024-09-20,normal,0.0199672856651169,0.5460545268836918,0.92017610619469
BTC,2024-09-23,normal,0.0206765143426087,0.4510605330932398,0.952124261437999
BTC,2024-09-24,normal,0.0183345509316881,0.623669871794869,0.8847241855446266
BTC,2024-09-25,normal,0.0188743253662298,0.30512164164817496,0.9603817026733618
BTC,2024-09-26,normal,0.0183043902461661,0.942071038251365,0.8642010630918352
BTC,2024-09-27,normal,0.0183043902461661,0.5623509328908828,0.9455355819292234
BTC,2024-09-30,normal,0.0183345509316881,0.21108632992242163,0.9181954219967291
BTC,2024-10-01,normal,0.0181619999021082,0.6887540903847519,0.7105391219239625
BTC,2024-10-02,normal,0.0213945979959615,0.4076366995167908,0.379526923915413
BTC,2024-10-03,normal,0.02064032738184,0.47250542339500684,0.35048141526091897
BTC,2024-10-04,normal,0.0196671837242921,0.8344277080506073,0.36196763912179164
BTC,2024-10-07,normal,0.0203176476146468,0.4992982077305128,0.5861730267473301
BTC,2024-10-08,normal,0.0196109302780663,0.45216216216216365,0.41637535503604955
BTC,2024-10-09,normal,0.0182021133543485,0.3648960739030023,0.3496879258878329
BTC,2024-10-10,QUIET,0.0166870397340331,0.9382629205114409,0.12112793464359926
BTC,2024-10-11,normal,0.0191241287318982,0.9328188316714483,0.18278469279661008
BTC,2024-10-14,normal,0.0219277210309138,0.901672061990068,0.519600105932203
BTC,2024-10-15,normal,0.0200331575675967,0.15295612009238055,0.9449285146942025
BTC,2024-10-16,normal,0.0195556780037981,0.7372752633303228,0.9027254553531763
BTC,2024-10-17,normal,0.0183043902461661,0.10960435947292167,0.9151730322852917
BTC,2024-10-18,QUIET,0.0175519053472904,0.47723446646176976,0.8942582823380458
BTC,2024-10-21,normal,0.0181619999021082,0.0849690469900245,0.9647972068107906
BTC,2024-10-22,normal,0.0200331575675967,0.556640864031327,0.7974165651552176
BTC,2024-10-23,QUIET,0.0170815246391023,0.1308060464178096,0.8020034955246689
BTC,2024-10-24,normal,0.0183345509316881,0.7412775477176513,0.7303764498482994
BTC,2024-10-25,QUIET,0.0175234216229435,0.6542787024365555,0.8750425591477573
BTC,2024-10-28,normal,0.0181619999021082,0.9343600121753517,0.8583423495675985
BTC,2024-10-29,normal,0.0187675258647872,0.9267381293877807,0.972819675026493
BTC,2024-10-30,normal,0.0180195186742546,0.054339974146451746,0.9397783308300601
BTC,2024-10-31,normal,0.0183080193716303,0.2924528301886774,0.905754155927074
BTC,2024-11-01,normal,0.0196109302780663,0.6422817247199621,0.7123530265891795
BTC,2024-11-04,normal,0.0221558090534243,0.5856724287154867,0.4507857611753148
BTC,2024-11-05,normal,0.0195556780037981,0.8552948496029839,0.3098053616455262
BTC,2024-11-06,normal,0.0231634985751417,0.7978390441271501,0.49186016468663096
BTC,2024-11-07,normal,0.0231585111711501,0.3584040229277049,0.9256723518850992
BTC,2024-11-08,normal,0.0231585111711501,0.6382938978829426,0.9144002712685684
BTC,2024-11-11,normal,0.0220367316826219,0.8803271614468923,0.9304193349753691
BTC,2024-11-12,normal,0.026259411259999,0.23753130970069938,0.9636369854152405
BTC,2024-11-13,normal,0.0275231386153177,0.6083457453500613,0.9183366052257439
BTC,2024-11-14,normal,0.0278348581611684,0.8376174492701386,0.8955363967711565
BTC,2024-11-15,normal,0.0275231386153177,0.7634806620265076,0.7785690161762545
BTC,2024-11-18,normal,0.0280342922015531,0.40232717179234706,0.8709963133696349
BTC,2024-11-19,normal,0.0275231386153177,0.9859357287849653,0.8940033234155511
BTC,2024-11-20,normal,0.0282988175787292,0.9030888888888876,0.9410901383091784
BTC,2024-11-21,normal,0.0280508954869566,0.7688020473304291,0.9805189633021001
BTC,2024-11-22,normal,0.0275231386153177,0.49433224260912473,0.9791347619195719
BTC,2024-11-25,normal,0.0259626347110665,0.5101320697650965,0.9474339003804881
BTC,2024-11-26,normal,0.0266645224084777,0.19895062520495718,0.7828326897217928
BTC,2024-11-27,normal,0.0259626347110665,0.8321683495821729,0.6971695943232188
BTC,2024-11-28,normal,0.0247032811779099,0.4386746361746334,0.8450090105234428
BTC,2024-11-29,normal,0.0199672856651169,0.7325867326148382,0.8347936087729623
BTC,2024-12-02,normal,0.0207987248466725,0.06124256837098813,0.8344703537680118
BTC,2024-12-03,normal,0.0248486529698578,0.12759189306138513,0.7215910526135918
BTC,2024-12-04,normal,0.0195556780037981,0.4309868295255019,0.7106518676759705
BTC,2024-12-05,normal,0.0215553687500533,0.79967285626485,0.9200383870717721
BTC,2024-12-06,normal,0.0259626347110665,0.658207928454724,0.535183522061695
BTC,2024-12-09,normal,0.0259370635685812,0.1919018275105149,0.783088631563615
BTC,2024-12-10,normal,0.0263104483912823,0.6204214429815861,0.4987098910803651
BTC,2024-12-11,normal,0.0265013384654122,0.9093269366445623,0.44841036208419194
BTC,2024-12-12,normal,0.0237530320806384,0.39358325053916915,0.7819399470120695
BTC,2024-12-13,normal,0.0199672856651169,0.6911931818181855,0.6994620253164552
BTC,2024-12-16,normal,0.0201014731209177,0.12050512503196655,0.9467111864406783
BTC,2024-12-17,normal,0.0233728316573658,0.7999951690821211,0.8997049106954402
BTC,2024-12-18,normal,0.0205756534006526,0.5261605592886057,0.8756926006833589
BTC,2024-12-19,normal,0.0211051188824129,0.8367211874822726,0.5435506637539906
BTC,2024-12-20,normal,0.0303808966093127,0.2771330869870475,0.38995462947403803
BTC,2024-12-23,normal,0.0313093882955104,0.9175902765545189,0.2624920181482106
BTC,2024-12-24,normal,0.0327094579494434,0.3790069430484497,0.24541925726768618
BTC,2024-12-25,normal,0.0272272236673161,0.31678400270192963,0.45726656584327574
BTC,2024-12-26,normal,0.0244312890596791,0.10107334150477845,0.44645500190441273
BTC,2024-12-27,normal,0.0269046470036491,0.7040485760121437,0.2207790596546259
BTC,2024-12-30,normal,0.0277835484312835,0.5846526413769735,0.09340056052991062
BTC,2024-12-31,normal,0.028475195468155,0.8567580133464615,0.07499457573316802
BTC,2025-01-01,normal,0.0244585008583722,0.575273525675023,0.12159571527503277
BTC,2025-01-02,normal,0.0250026320338667,0.9820255693168177,0.18197835643228857
BTC,2025-01-03,normal,0.0214565119568012,0.456082032790584,0.32422789648418315
BTC,2025-01-06,normal,0.0221558090534243,0.6273427991886387,0.4061905002511511
BTC,2025-01-07,normal,0.0219277210309138,0.12364505113391686,0.713937015698392
BTC,2025-01-08,normal,0.0255636413848214,0.12630331144785287,0.4813064458022693
BTC,2025-01-09,normal,0.0326133398028308,0.2552653172866523,0.31536377304485563
BTC,2025-01-10,normal,0.0329813814868838,0.9171609616889417,0.11707785370866954
BTC,2025-01-13,normal,0.0269046470036491,0.07659574468085106,0.29003333995908215
BTC,2025-01-14,normal,0.0264355047101217,0.5686522800921949,0.3920056074946782
BTC,2025-01-15,normal,0.034733352284207,0.3615873171368785,0.5423476483346437
BTC,2025-01-16,normal,0.0223577636188789,0.3443762199269904,0.8346390509434062
BTC,2025-01-17,normal,0.0223877057208012,0.9334185943752603,0.7967669288497136
BTC,2025-01-20,normal,0.0254218342270017,0.7339699143255625,0.7034290394704809
BTC,2025-01-21,normal,0.0275232722397794,0.9589420770171053,0.6395711835587571
BTC,2025-01-22,normal,0.0278778455314667,0.3595960405562448,0.8305972413976279
BTC,2025-01-23,normal,0.0237530320806384,0.1295411405033824,0.7107249852567298
BTC,2025-01-24,normal,0.0248818084589594,0.9227583914921906,0.7207430313147553
BTC,2025-01-27,normal,0.0247032811779099,0.43371782114754015,0.6572773716991183
BTC,2025-01-28,normal,0.0219277210309138,0.6213218506498294,0.6308565458890746
BTC,2025-01-29,normal,0.0272583010968794,0.6577111111111137,0.5940999374855828
BTC,2025-01-30,normal,0.0223298042588992,0.751513634578622,0.7120323284628489
BTC,2025-01-31,normal,0.0195556780037981,0.585077535482015,0.7607109428757912
BTC,2025-02-03,normal,0.0239805023833682,0.5223664775625521,0.22007731380455534
BTC,2025-02-04,normal,0.0281180009225997,0.37854021441640207,0.5500637359045598
BTC,2025-02-05,normal,0.0265013384654122,0.5148275996242393,0.35583864465871357
BTC,2025-02-06,normal,0.023899488091701,0.7389848229342315,0.29315411014871673
BTC,2025-02-07,normal,0.0278743832029092,0.9350619001842913,0.28999019447622193
BTC,2025-02-10,normal,0.0291941745653058,0.7791113466163212,0.32678401555046566
BTC,2025-02-11,normal,0.027818363810495,0.4248397151208842,0.3901957328969732
BTC,2025-02-12,normal,0.0291941745653058,0.644607163194091,0.28618541129082997
BTC,2025-02-13,normal,0.0269199646124259,0.08884049687240561,0.41783560954119237
BTC,2025-02-14,normal,0.021480683094739,0.36328771806130067,0.3531449242239157
BTC,2025-02-17,normal,0.02064032738184,0.606291882126294,0.32096274638063754
BTC,2025-02-18,normal,0.019852051170647,0.898685750646126,0.29875663648232936
BTC,2025-02-19,normal,0.0202946597523723,0.7757284933208655,0.29164663572049704
BTC,2025-02-20,QUIET,0.0184064047648392,0.8929141074560023,0.36623841418036635
BTC,2025-02-21,normal,0.0196109302780663,0.9382860150823426,0.6123238616740138
BTC,2025-02-24,normal,0.018816264894941,0.506649132553681,0.34393987694475975
BTC,2025-02-25,normal,0.0268005676699904,0.4191123017351867,0.023168307593931053
BTC,2025-02-26,normal,0.0232407831778739,0.17941387499930164,0.18665507205224596
BTC,2025-02-27,normal,0.0272619090605344,0.7633382699172143,0.11151337827242848
BTC,2025-02-28,normal,0.0305466082390656,0.3780130508057792,0.14243402197225308
BTC,2025-03-03,normal,0.0277476325907553,0.5038981587647765,0.7546718400036198
BTC,2025-03-04,normal,0.0325562029681659,0.2990656572633747,0.3752785570462206
BTC,2025-03-05,normal,0.0325149843305831,0.8743610426826739,0.4253042917581047
BTC,2025-03-06,normal,0.0310902072066261,0.09156096350306224,0.5819763693129112
BTC,2025-03-07,normal,0.0319736784196619,0.6626521503206628,0.5502029554384138
BTC,2025-03-10,normal,0.0325562029681659,0.8686879465303396,0.11669466377080419
BTC,2025-03-11,normal,0.0362195583423369,0.932195233981124,0.051598698892441376
BTC,2025-03-12,normal,0.032174370853954,0.6868803422239737,0.27666229393502145
BTC,2025-03-13,normal,0.0318444272962791,0.29738313992222476,0.3093322838777382
BTC,2025-03-14,normal,0.0319736784196619,0.9635940687094585,0.2213497594973986
BTC,2025-03-17,normal,0.0318715018458124,0.8120138723426752,0.3244824399260628
BTC,2025-03-18,normal,0.0282003544839376,0.16776458502675934,0.4025241926715233
BTC,2025-03-19,normal,0.0277835484312835,0.8878339287146828,0.3321208002609546
BTC,2025-03-20,normal,0.023899488091701,0.2768284955142241,0.5567000108731109
BTC,2025-03-21,normal,0.0282003544839376,0.3009496808307122,0.4141236272697619
BTC,2025-03-24,normal,0.025793607974408,0.9198180112160952,0.5848016370619773
BTC,2025-03-25,normal,0.0266352297021761,0.5656260167805442,0.6721630347850989
BTC,2025-03-26,normal,0.025098349383602,0.7428240815145825,0.6656655130876092
BTC,2025-03-27,normal,0.0248818084589594,0.3194266529358118,0.7019933201698979
BTC,2025-03-28,normal,0.020528824567491,0.16259285714285526,0.8738904701947379
BTC,2025-03-31,normal,0.0229461753745098,0.6266918157357422,0.475679369838883
BTC,2025-04-01,normal,0.0214565119568012,0.7435123501991381,0.2957454113237393
BTC,2025-04-02,normal,0.0236682665336908,0.395398688751687,0.5912891350434482
BTC,2025-04-03,normal,0.0304469428444838,0.34329477611940257,0.21360734604402615
BTC,2025-04-04,normal,0.0221558090534243,0.3336981378634424,0.2723748717364035
BTC,2025-04-07,normal,0.0286633521697128,0.44997169105643864,0.10990475042199173
BTC,2025-04-08,normal,0.0275474377397488,0.5772645943173401,0.3265132636106232
BTC,2025-04-09,normal,0.0298905138151197,0.47926949066769664,0.12726136477612018
BTC,2025-04-10,normal,0.0310902072066261,0.2668859678932089,0.5686312329781739
BTC,2025-04-11,normal,0.0310902072066261,0.7868495292732041,0.3576591293101215
BTC,2025-04-14,normal,0.0298905138151197,0.7403474944112096,0.6593674434117773
BTC,2025-04-15,normal,0.0298877470113359,0.751354394290658,0.7206675242995999
BTC,2025-04-16,normal,0.0248818084589594,0.8782013410231125,0.6529438250428821
BTC,2025-04-17,normal,0.023605723806225,0.6033739607716513,0.6805588907947402
BTC,2025-04-18,normal,0.0218776697185954,0.35595743200946317,0.7461342195540311
BTC,2025-04-21,normal,0.0211410227752895,0.7365758767313074,0.7626672384219558
BTC,2025-04-22,normal,0.0218249001634449,0.8650590783571007,0.9296905374499711
BTC,2025-04-23,normal,0.0231585111711501,0.46781526922262734,0.9770376676986586
BTC,2025-04-24,normal,0.0200331575675967,0.44007445135676776,0.9502195605816312
BTC,2025-04-25,QUIET,0.0187675258647872,0.9865136028025976,0.9645542783973686
BTC,2025-04-28,QUIET,0.0187675258647872,0.9163596958534416,0.9049703756828925
BTC,2025-04-29,normal,0.0188743253662298,0.7369939676424707,0.9646674904579611
BTC,2025-04-30,normal,0.0187675258647872,0.9651459375063136,0.9131925651451868
BTC,2025-05-01,QUIET,0.0183043902461661,0.9095474865241214,0.9055279638513601
BTC,2025-05-02,QUIET,0.0187675258647872,0.6616796524489389,0.9361557288701373
BTC,2025-05-05,QUIET,0.0183345509316881,0.2408035361471754,0.7552725777257097
BTC,2025-05-06,QUIET,0.0179076650016893,0.06216982216900318,0.7861207085478664
BTC,2025-05-07,normal,0.0181619999021082,0.7753467903637048,0.9250209401232544
BTC,2025-05-08,QUIET,0.0179076650016893,0.8410006275504616,0.9379628514229011
BTC,2025-05-09,QUIET,0.0181619999021082,0.29755670154708697,0.9562215541110628
BTC,2025-05-12,normal,0.0187675258647872,0.08584776501546473,0.951611354136071
BTC,2025-05-13,normal,0.0187675258647872,0.9611968248527579,0.7861405535812158
BTC,2025-05-14,normal,0.0181619999021082,0.687116603824483,0.8788278349991245
BTC,2025-05-15,normal,0.0183080193716303,0.36831029659709974,0.8224478164959483
BTC,2025-05-16,normal,0.0181619999021082,0.40367039662546533,0.8421022716798887
BTC,2025-05-19,normal,0.0204793708902491,0.18858517564430402,0.9850370909090905
BTC,2025-05-20,normal,0.0177673541546713,0.1777569525100773,0.8918993535991533
BTC,2025-05-21,normal,0.0180195186742546,0.2979719112637981,0.9662906117765191
BTC,2025-05-22,normal,0.0181619999021082,0.7506185730193864,0.9337907669063477
BTC,2025-05-23,normal,0.0188821819476165,0.06468063186813387,0.9847449336128585
BTC,2025-05-26,normal,0.0175674298092851,0.8417740870713323,0.8400360156963932
BTC,2025-05-27,normal,0.0181619999021082,0.8684074663263996,0.8428435499237742
BTC,2025-05-28,normal,0.0183080193716303,0.5964507300158846,0.7986037867517318
BTC,2025-05-29,normal,0.0181619999021082,0.9423478574000687,0.6272102706268986
BTC,2025-05-30,normal,0.018816264894941,0.6883624630276928,0.4325643801119379
BTC,2025-06-02,normal,0.0180195186742546,0.05346354963075817,0.401990010314307
BTC,2025-06-03,normal,0.0165789279185992,0.2548325652841814,0.42228456732280023
BTC,2025-06-04,QUIET,0.0156177823979813,0.004457781546965227,0.37688462601904466
BTC,2025-06-05,normal,0.0159857691419579,0.5201895822684874,0.2702264529058117
BTC,2025-06-06,normal,0.0182021133543485,0.9785752146361089,0.09790191716906115
BTC,2025-06-09,normal,0.016889295751584,0.9811909327351762,0.46191075954492455
BTC,2025-06-10,normal,0.0181619999021082,0.3553517716968693,0.8520831789823001
BTC,2025-06-11,normal,0.0179076650016893,0.052629675179046945,0.8530626978205922
BTC,2025-06-12,normal,0.0170815246391023,0.013655960558613312,0.723927915755871
BTC,2025-06-13,normal,0.0170293888947796,0.6669783689825308,0.5122369207035938
BTC,2025-06-16,normal,0.0166550489008906,0.850341589230547,0.5047246499525406
BTC,2025-06-17,normal,0.0173253036034242,0.038685887664592106,0.6322432468883857
BTC,2025-06-18,normal,0.0165789279185992,0.4836437718277044,0.41139466681630393
BTC,2025-06-19,normal,0.0155757395802776,0.4149405110200889,0.4444339435966653
BTC,2025-06-20,normal,0.0148916612107997,0.7608576813913971,0.4219696768331281
BTC,2025-06-23,normal,0.0195041946248261,0.717053720387052,0.22415506031141466
BTC,2025-06-24,normal,0.0191241287318982,0.6196269466670044,0.5785751534650369
BTC,2025-06-25,normal,0.0163604099313283,0.9737735020558073,0.6393261406777037
BTC,2025-06-26,normal,0.016889295751584,0.20586977485221475,0.7413182462204497
BTC,2025-06-27,normal,0.0170293888947796,0.4204053939445388,0.7094030333726136
BTC,2025-06-30,normal,0.016889295751584,0.18287901351808009,0.8325352459016387
BTC,2025-07-01,normal,0.0154544624397371,0.24548112491317822,0.7338002511480883
BTC,2025-07-02,normal,0.0156177823979813,0.8622338806683991,0.6957659606524319
BTC,2025-07-03,normal,0.0168572266197595,0.6132567520268994,0.9236426712922815
BTC,2025-07-04,normal,0.0168572266197595,0.2722773737701519,0.9234012318743019
BTC,2025-07-07,normal,0.0159255886352044,0.061633022315243674,0.8925037999283004
BTC,2025-07-08,normal,0.0150140375333143,0.8421827691487367,0.8161889111846861
BTC,2025-07-09,normal,0.0147755688803979,0.904210876557364,0.8697236961419983
BTC,2025-07-10,normal,0.0155455653123818,0.26438424420434914,0.9445064019090154
BTC,2025-07-11,normal,0.0170293888947796,0.7126812070969598,0.9540389972144847
BTC,2025-07-14,normal,0.0192455968213956,0.6480403351613905,0.9730014435644336
BTC,2025-07-15,normal,0.0176300700291364,0.21332839506172738,0.8136187541430224
BTC,2025-07-16,normal,0.0166097635326394,0.7638110104383766,0.6986440414156013
BTC,2025-07-17,normal,0.0166097635326394,0.1714699389475196,0.746792244758058
BTC,2025-07-18,normal,0.0167951284530269,0.3200465018489409,0.7769907069342264
BTC,2025-07-21,normal,0.0158080856657098,0.49946879936193556,0.6714349030042811
BTC,2025-07-22,normal,0.0159991736399292,0.9891154461980859,0.677795495150904
BTC,2025-07-23,normal,0.0168572266197595,0.2888299023115719,0.7956814624679145
BTC,2025-07-24,normal,0.0163453976863487,0.689733027379207,0.7206529768985166
BTC,2025-07-25,normal,0.0166550489008906,0.466423943037667,0.6911022818608312
BTC,2025-07-28,normal,0.0159255886352044,0.2657697447396468,0.7591622472912127
BTC,2025-07-29,normal,0.0163453976863487,0.6265246577746602,0.6538294970883217
BTC,2025-07-30,normal,0.0158080856657098,0.19693313267496773,0.5858436861141685
BTC,2025-07-31,normal,0.0144235557425759,0.6696869456829206,0.36694511020807935
BTC,2025-08-01,normal,0.0154346643784709,0.49139394540204695,0.12253556276516081
BTC,2025-08-04,normal,0.0144221248913645,0.45694420637641175,0.2521063014459104
BTC,2025-08-05,normal,0.0144235557425759,0.6822546274500128,0.34531668045350017
BTC,2025-08-06,normal,0.0147755688803979,0.8289967835259016,0.24339911727547178
BTC,2025-08-07,normal,0.0141361857475554,0.8796076157716377,0.3451713402638668
BTC,2025-08-08,normal,0.0153147305655463,0.43752094567833055,0.6666838780950542
BTC,2025-08-11,normal,0.0163038250419221,0.5231845407718836,0.8854691515166061
BTC,2025-08-12,normal,0.0147792409037646,0.2947124973080258,0.6496299624777726
BTC,2025-08-13,normal,0.0151469802244789,0.910304522025144,0.788665752614458
BTC,2025-08-14,normal,0.0185923423839185,0.06763756613756568,0.9692401719812832
BTC,2025-08-15,normal,0.0163038250419221,0.8661880641352715,0.5078134459136527
BTC,2025-08-18,normal,0.0170293888947796,0.09153768892147633,0.4369133343954114
BTC,2025-08-19,normal,0.01505412130758,0.4371499617444554,0.3430818862513942
BTC,2025-08-20,normal,0.0174059949660589,0.7586851029805007,0.07590728054803268
BTC,2025-08-21,normal,0.0163909398918902,0.08160240646408085,0.18729010673888843
BTC,2025-08-22,normal,0.0165789279185992,0.10590400154333313,0.04620041421061016
BTC,2025-08-25,normal,0.023822079283609,0.10330777386565708,0.2039720168189065
BTC,2025-08-26,normal,0.0191271317829457,0.6260886664838199,0.05512404686872877
BTC,2025-08-27,normal,0.018286048011153,0.4821581966646629,0.19589380629505018
BTC,2025-08-28,normal,0.018286048011153,0.8194972733606104,0.16418638429995128
BTC,2025-08-29,normal,0.018816264894941,0.21232392400588107,0.24673600998017323
BTC,2025-09-01,normal,0.0193626719576116,0.5749529615413592,0.052339128352770124
BTC,2025-09-02,normal,0.0193626719576116,0.6869254488343257,0.11512979847842489
BTC,2025-09-03,normal,0.018816264894941,0.7252173913043459,0.23143097740867616
BTC,2025-09-04,normal,0.0157004509621143,0.27906878841458543,0.3720763228338166
BTC,2025-09-05,normal,0.0193626719576116,0.7483663318053253,0.30705565371024696
BTC,2025-09-08,normal,0.0157004509621143,0.9140365448504963,0.3815923845469597
BTC,2025-09-09,normal,0.0155757395802776,0.6060560237182044,0.47279402008049837
BTC,2025-09-10,normal,0.0194961489297773,0.7117872680001051,0.42179761255350606
BTC,2025-09-11,normal,0.0151469802244789,0.41802666396566807,0.6590295899862885
BTC,2025-09-12,normal,0.0153147305655463,0.2519908447510227,0.8417074168797957
BTC,2025-09-15,normal,0.0145277727223941,0.20830441063354904,0.8514849696566532
BTC,2025-09-16,normal,0.0144235557425759,0.3314406920953699,0.8518066419095466
BTC,2025-09-17,normal,0.0151469802244789,0.08691445260140074,0.981944059646091
BTC,2025-09-18,normal,0.0147792409037646,0.5517896652149775,0.916351416954005
BTC,2025-09-19,normal,0.0147792409037646,0.08165587634376222,0.9223607327383747
BTC,2025-09-22,normal,0.0147199999999999,0.28754241836050953,0.7193836709405343
BTC,2025-09-23,normal,0.0135654630822287,0.8306016079844776,0.38757630488351347
BTC,2025-09-24,normal,0.014123458225765,0.9373864714014125,0.31148260155316676
BTC,2025-09-25,normal,0.0135654630822287,0.02722984834704432,0.4202953426732298
BTC,2025-09-26,normal,0.0154346643784709,0.4355641897910513,0.03916279782359481
BTC,2025-09-29,normal,0.0144221248913645,0.7972355163727927,0.38188650129903917
BTC,2025-09-30,normal,0.0147755688803979,0.1866996296348281,0.6133548421162663
BTC,2025-10-01,normal,0.0147199999999999,0.9979309866916563,0.5850108783148138
BTC,2025-10-02,normal,0.0160950216718385,0.6365925855823162,0.9946046626642855
BTC,2025-10-03,normal,0.0158080856657098,0.7584930693760656,0.9602709240445089
BTC,2025-10-06,normal,0.0170293888947796,0.8242398676775846,0.8697293770317204
BTC,2025-10-07,normal,0.0160684495222688,0.5722413732011213,0.9123362587004447
BTC,2025-10-08,normal,0.0175455508474576,0.8519771681366161,0.7231625819986388
BTC,2025-10-09,normal,0.017944083453033,0.6656910378739117,0.8353980418167459
BTC,2025-10-10,normal,0.0170293888947796,0.6692960874601535,0.7419030965507663
BTC,2025-10-13,EXPANSION,0.0237685295751383,0.2400620284495872,0.5354957906381214
BTC,2025-10-14,EXPANSION,0.0243746011352062,0.2235591124544881,0.5440579050175559
BTC,2025-10-15,normal,0.0218776697185954,0.11071393212407961,0.4557152320097455
BTC,2025-10-16,EXPANSION,0.0237475953044639,0.792810996317239,0.36212454487940504
BTC,2025-10-17,EXPANSION,0.0279320359828505,0.3773768901759006,0.25596589699925154
BTC,2025-10-20,EXPANSION,0.026470297785239,0.845091927711125,0.2744992382114932
BTC,2025-10-21,EXPANSION,0.023899488091701,0.32598632159284613,0.3525710930291081
BTC,2025-10-22,EXPANSION,0.0286633521697128,0.20614388471696704,0.2602382763703411
BTC,2025-10-23,EXPANSION,0.0270548598339646,0.6910717243664076,0.23006302162471085
BTC,2025-10-24,normal,0.023899488091701,0.7725556503219526,0.33381419467983564
BTC,2025-10-27,EXPANSION,0.025793607974408,0.6424383555981195,0.5430857044019716
BTC,2025-10-28,normal,0.0183862174944805,0.7345805541087722,0.5454572075369694
BTC,2025-10-29,normal,0.0171234855264019,0.6773482402960421,0.5007802254658605
BTC,2025-10-30,EXPANSION,0.0284995028073338,0.48525207126224934,0.39033041362530385
BTC,2025-10-31,normal,0.023470638343047,0.9563385315139703,0.37249344884192365
BTC,2025-11-03,normal,0.0203176476146468,0.2590539771385656,0.5447929849585562
BTC,2025-11-04,normal,0.0213945979959615,0.09408229561450829,0.2373263350727986
BTC,2025-11-05,EXPANSION,0.0270548598339646,0.9667806495196808,0.14624843317116992
BTC,2025-11-06,EXPANSION,0.025044231383868,0.09290008588606069,0.28304891714082114
BTC,2025-11-07,normal,0.026470297785239,0.11555536504865019,0.13758762210952982
BTC,2025-11-10,EXPANSION,0.0277591974461946,0.6981651414292175,0.33104486572821196
BTC,2025-11-11,normal,0.023822079283609,0.057627731897905474,0.40484164430522196
BTC,2025-11-12,normal,0.0218478357836221,0.8716401888411381,0.23571922885669072
BTC,2025-11-13,normal,0.0270577630929431,0.7022697520284841,0.15525125403594453
BTC,2025-11-14,EXPANSION,0.0291229898555686,0.13302350008332234,0.09193786821452692
BTC,2025-11-17,EXPANSION,0.0313093882955104,0.7623707054245493,0.05441358379061065
BTC,2025-11-18,normal,0.0281196935734495,0.7296897603850843,0.04437887898222105
BTC,2025-11-19,normal,0.0279320359828505,0.55920440496068,0.16595100236276672
BTC,2025-11-20,normal,0.0272619090605344,0.5070798375780018,0.13015452250043202
BTC,2025-11-21,EXPANSION,0.0380855940496238,0.35459105860355644,0.021361025303767118
BTC,2025-11-24,normal,0.0282003544839376,0.12819611780455203,0.23159851301115242
BTC,2025-11-25,normal,0.0287322331862204,0.4169911067193702,0.286245724907063
BTC,2025-11-26,normal,0.0310243559050952,0.17541453033803894,0.25167137546468427
BTC,2025-11-27,normal,0.0279403851103155,0.482046567639198,0.36743568773234214
BTC,2025-11-28,normal,0.0305466082390656,0.6249591636719976,0.39903159851301107
BTC,2025-12-01,normal,0.0317768860948429,0.10378502113729075,0.36282527881040894
BTC,2025-12-02,normal,0.0270548598339646,0.7475889475834075,0.22989261858391064
BTC,2025-12-03,normal,0.028121348567105,0.6559738575302777,0.4546678924130757
BTC,2025-12-04,normal,0.0242442322695417,0.2253057550162011,0.665936711370589
BTC,2025-12-05,normal,0.0262068649045521,0.1648225054864001,0.706486494471486
BTC,2025-12-08,normal,0.0229095567477438,0.8125942562032826,0.7229011070110699
BTC,2025-12-09,normal,0.0223298042588992,0.7074915494064913,0.740541697416974
BTC,2025-12-10,normal,0.0229095567477438,0.14630745969721312,0.8634504706915938
BTC,2025-12-11,normal,0.0237685295751383,0.20056610898377902,0.8160253170529103
BTC,2025-12-12,normal,0.0223298042588992,0.7188630529189429,0.8128224482121456
BTC,2025-12-15,normal,0.0242442322695417,0.8558183316634888,0.40398635362610674
BTC,2025-12-16,normal,0.0305466082390656,0.879394760614271,0.24236153230982474
BTC,2025-12-17,normal,0.025044231383868,0.4712761863184938,0.37530871995118065
BTC,2025-12-18,normal,0.0329813814868838,0.8781908536201811,0.22481964438805452
BTC,2025-12-19,normal,0.026470297785239,0.8223504112231265,0.15731133367947805
BTC,2025-12-22,normal,0.0244312890596791,0.8587360456508556,0.4151157216998161
BTC,2025-12-23,normal,0.0250026320338667,0.3906104380242261,0.41136090612665127
BTC,2025-12-24,normal,0.0232778621165177,0.63145722967703,0.29943741875415497
BTC,2025-12-25,normal,0.0203453805854346,0.4072697125535885,0.317530954790324
BTC,2025-12-26,normal,0.0216290143245439,0.6678500028026364,0.27372181422588926
BTC,2025-12-29,normal,0.02064032738184,0.16404691658471257,0.3454686763362792
BTC,2025-12-30,normal,0.0179226052392761,0.8540932492205043,0.2779895052757891
BTC,2025-12-31,normal,0.0176735816154783,0.6905026016353184,0.4432163022694158
BTC,2026-01-01,normal,0.0168059391104562,0.74315100340357,0.38514135975597324
BTC,2026-01-02,normal,0.0156177823979813,0.6528517304935471,0.7096776801508266
BTC,2026-01-05,normal,0.0168499378237294,0.7630442804428039,0.961919785217099
BTC,2026-01-06,normal,0.016889295751584,0.6952264613694766,0.9101108707069403
BTC,2026-01-07,normal,0.0175674298092851,0.1814913989334773,0.8993033222523883
BTC,2026-01-08,normal,0.0159255886352044,0.1697676123451401,0.6461435461274285
BTC,2026-01-09,normal,0.0176571757262008,0.389467544801383,0.5592000554421758
BTC,2026-01-12,normal,0.0176735816154783,0.24228638980713066,0.5488835092985123
BTC,2026-01-13,normal,0.0166550489008906,0.6546319310196718,0.5826446873491467
BTC,2026-01-14,normal,0.0163453976863487,0.3346570327179733,0.8901413832632785
BTC,2026-01-15,normal,0.0167071350984986,0.7555838502693877,0.9136858096386584
BTC,2026-01-16,normal,0.0154029542572271,0.4408211906180638,0.7913570708374444
BTC,2026-01-19,normal,0.0168221100615723,0.3233753204770945,0.6162636307263488
BTC,2026-01-20,normal,0.0163604099313283,0.26977951309140913,0.5040990248714456
BTC,2026-01-21,normal,0.0174059949660589,0.3777680875358511,0.0845599504919009
BTC,2026-01-22,normal,0.0191241287318982,0.6661116639244878,0.2055349612042439
BTC,2026-01-23,normal,0.0173253036034242,0.33161579161579113,0.21537835241854375
BTC,2026-01-26,normal,0.0186941858621453,0.7340119928672652,0.05026595452907518
BTC,2026-01-27,normal,0.0174059949660589,0.19221780051797352,0.19176405955558629
BTC,2026-01-28,normal,0.0176735816154783,0.8673421528703193,0.26796131908045456
BTC,2026-01-29,normal,0.0173253036034242,0.2360572815588944,0.2721799663622166
BTC,2026-01-30,normal,0.0279320359828505,0.4648188104506184,0.0871202847640767
BTC,2026-02-02,normal,0.0286633521697128,0.8836840731070482,0.057063626656899936
BTC,2026-02-03,normal,0.0222734179320379,0.44477935075710284,0.17729515975007384
BTC,2026-02-04,normal,0.0326133398028308,0.4876956769645462,0.11649326290506729
BTC,2026-02-05,normal,0.0310902072066261,0.09192466478030455,0.05327961300012057
BTC,2026-02-06,EXPANSION,0.0397841127264808,0.9606577309016323,0.01696559036115631
BTC,2026-02-09,normal,0.0358317088972515,0.1886424485110983,0.3142798904776393
BTC,2026-02-10,normal,0.032980304672956,0.08234370032353781,0.3246758445719278
BTC,2026-02-11,normal,0.032980304672956,0.26134385080334643,0.283147888918459
BTC,2026-02-12,normal,0.0329050648344873,0.7336956188020008,0.22682217031935006
BTC,2026-02-13,normal,0.0318715018458124,0.8946536700635033,0.20497287581699342
BTC,2026-02-16,normal,0.0342338704965217,0.9500134876793035,0.28864640522875823
BTC,2026-02-17,normal,0.0318444272962791,0.14791492104415419,0.2906022875816991
BTC,2026-02-18,normal,0.0318715018458124,0.35729931384492897,0.2556739811912227
BTC,2026-02-19,normal,0.0318715018458124,0.23074050311694388,0.2612008934436999
BTC,2026-02-20,normal,0.0310902072066261,0.4835032554551366,0.28857536994201055
BTC,2026-02-23,normal,0.0231634985751417,0.5783528618393314,0.3983674201182998
BTC,2026-02-24,normal,0.0246165570419713,0.11532922031857964,0.2743431348517985
BTC,2026-02-25,normal,0.0250026320338667,0.901848933839847,0.30418223875249445
BTC,2026-02-26,normal,0.0239326648161192,0.45361904761904576,0.6509472016663115
BTC,2026-02-27,normal,0.0260682931038201,0.07787791740025085,0.50966435238543
BTC,2026-03-02,normal,0.0305466082390656,0.42888810390461113,0.3854948587938704
BTC,2026-03-03,normal,0.0298905138151197,0.3375474606936287,0.7458974213711769
BTC,2026-03-04,normal,0.0282971129698164,0.8768551079456948,0.6878216204477429
BTC,2026-03-05,normal,0.0266008352781831,0.6294128752123845,0.8801331401455151
BTC,2026-03-06,normal,0.0277678122902615,0.14034250389209002,0.7262255929953241
BTC,2026-03-09,normal,0.0319736784196619,0.7553807713963955,0.2999136894136078
BTC,2026-03-10,normal,0.0266008352781831,0.7533504155647262,0.5131736298627699
BTC,2026-03-11,normal,0.023899488091701,0.020077943424739734,0.6445866970775725
BTC,2026-03-12,normal,0.0223298042588992,0.7006519158988369,0.6656643315435731
BTC,2026-03-13,normal,0.0269199646124259,0.8645393142683269,0.6959492951302109
BTC,2026-03-16,normal,0.0266645224084777,0.6703983796219863,0.8929991368941366
BTC,2026-03-17,normal,0.022575347272423,0.19357364843256877,0.9979451270637117
BTC,2026-03-18,normal,0.0232109749620581,0.07750463963004953,0.8388095605242869
BTC,2026-03-19,normal,0.0259370635685812,0.22209733618073765,0.6335034695451036
BTC,2026-03-20,normal,0.0229461753745098,0.46124080375067994,0.5319969159599075
BTC,2026-03-23,normal,0.0272016695850935,0.6603573913000569,0.2158173521963564
BTC,2026-03-24,normal,0.0236682665336908,0.8108966852467754,0.5093632814494226
BTC,2026-03-25,normal,0.0271376767028675,0.815909078855957,0.475677430354544
BTC,2026-03-26,normal,0.0214565119568012,0.03458759344480293,0.5507907809172266
BTC,2026-03-27,normal,0.0236394019286579,0.1597575913867554,0.30841563510510456
BTC,2026-03-30,normal,0.0232778621165177,0.8810603819478666,0.09190272727272664
BTC,2026-03-31,normal,0.0227419622088794,0.28528992001062164,0.1633972727272723
BTC,2026-04-01,normal,0.0269046470036491,0.6548851985559591,0.2985890909090905
BTC,2026-04-02,normal,0.0214565119568012,0.021389384944573032,0.2830836363636362
BTC,2026-04-03,normal,0.0227419622088794,0.7310536779324078,0.1729081818181823
BTC,2026-04-06,normal,0.0230211875518189,0.7723608523739293,0.3667436363636357
BTC,2026-04-07,normal,0.0191241287318982,0.1813226840446072,0.3984206510523829
BTC,2026-04-08,normal,0.0218804854282127,0.6167504897030008,0.8921814199201136
BTC,2026-04-09,normal,0.01948372674865,0.616925157799818,0.7725505918289415
BTC,2026-04-10,normal,0.0188821819476165,0.4080868022224161,0.8333910374462862
BTC,2026-04-13,QUIET,0.0184157240152521,0.4916644430780512,0.6531262798634808
BTC,2026-04-14,QUIET,0.0181619999021082,0.6872585771098327,0.9513121212121217
BTC,2026-04-15,normal,0.0187675258647872,0.5404016594380525,0.8272830222866464
BTC,2026-04-16,QUIET,0.0175234216229435,0.2591795479497379,0.8887470556260196
BTC,2026-04-17,normal,0.0215553687500533,0.575983920471521,0.9199393005979338
BTC,2026-04-20,normal,0.0228232938501273,0.7947220583539484,0.640975114255107
BTC,2026-04-21,normal,0.0193688441113463,0.6732998348017596,0.8025470490171844
BTC,2026-04-22,normal,0.020340720853122,0.951691496014503,0.841782031046963
BTC,2026-04-23,normal,0.0187675258647872,0.32158376717434584,0.9018567458277794
BTC,2026-04-24,normal,0.018431923356157,0.7104295206454685,0.9055030805930405
BTC,2026-04-27,QUIET,0.0181619999021082,0.18767104983148244,0.9305610089934166
BTC,2026-04-28,normal,0.018431923356157,0.07337339565249247,0.7655853990061714
BTC,2026-04-29,normal,0.0188821819476165,0.8166179433722758,0.6515511671171642
BTC,2026-04-30,QUIET,0.0180418274009861,0.6400257478623171,0.5873328745247652
BTC,2026-05-01,QUIET,0.0170293888947796,0.9024232772349643,0.650426847873779
BTC,2026-05-04,QUIET,0.0177999545431622,0.24313440257077207,0.8515028797841908
BTC,2026-05-05,QUIET,0.0180195186742546,0.8039604462153407,0.8773318834252457
BTC,2026-05-06,QUIET,0.0180418274009861,0.8456198144285132,0.8955436631873834
BTC,2026-05-07,QUIET,0.0180418274009861,0.2590411296570152,0.8462592965573009
BTC,2026-05-08,QUIET,0.016889295751584,0.9053697410863674,0.6883523328099027
BTC,2026-05-11,QUIET,0.0172390849712847,0.3438229153874493,0.9202920122614268
BTC,2026-05-12,QUIET,0.0172390849712847,0.195667223195008,0.8604293470568006
BTC,2026-05-13,QUIET,0.0166550489008906,0.09761202862497832,0.7035657594079227
BTC,2026-05-14,QUIET,0.0169560522125037,0.31251858736059857,0.5530617454957231
BTC,2026-05-15,QUIET,0.0178348453220765,0.23290754933540636,0.7775653145410799
BTC,2026-05-18,normal,0.0191241287318982,0.38370575094356074,0.31850317473156275
BTC,2026-05-19,QUIET,0.0173253036034242,0.24470484144196114,0.26089797383374014
BTC,2026-05-20,QUIET,0.0166550489008906,0.7552823966639366,0.200722793917371
BTC,2026-05-21,QUIET,0.0156401284542284,0.03984423232180406,0.2208015884688919
BTC,2026-05-22,QUIET,0.0148916612107997,0.34154147159527415,0.23011031033975646
BTC,2026-05-25,QUIET,0.0148916612107997,0.7815838313233028,0.3242091491051823
BTC,2026-05-26,QUIET,0.0141431497509315,0.6176799050743389,0.35423695154431933
BTC,2026-05-27,QUIET,0.0155757395802776,0.5778192455113893,0.20030110919542898
BTC,2026-05-28,QUIET,0.0169560522125037,0.37955195074878456,0.02493039137472301
BTC,2026-05-29,QUIET,0.0155757395802776,0.3931930904737408,0.10455110392562904
BTC,2026-06-01,normal,0.0182021133543485,0.09957547169811595,0.12184814024019303
BTC,2026-06-02,normal,0.0213945979959615,0.060686962065670945,0.06356759040439385
BTC,2026-06-03,normal,0.0222734179320379,0.7669547173162218,0.03581364517351807
BTC,2026-06-04,normal,0.0329813814868838,0.26077076140674404,0.0028602386984719996
BTC,2026-06-05,normal,0.0260682931038201,0.2941735419829651,0.1402376457125308
BTC,2026-06-08,normal,0.0286633521697128,0.6987636491300863,0.2203094117233701
BTC,2026-06-09,normal,0.0249199989745359,0.2205775371585685,0.20740790462470915
BTC,2026-06-10,normal,0.0282003544839376,0.22853398853398926,0.13629858582659146
BTC,2026-06-11,normal,0.0277835484312835,0.9306957365871336,0.1256039208215273
BTC,2026-06-12,normal,0.027818363810495,0.8328959191480702,0.23721877937146296
BTC,2026-06-15,normal,0.0249199989745359,0.894913134120916,0.3491217784073006
BTC,2026-06-16,normal,0.0211410227752895,0.6197690014903099,0.4223275621302056
BTC,2026-06-17,normal,0.0219675513208904,0.14985321100917556,0.4232962006124241
BTC,2026-06-18,normal,0.0249199989745359,0.25061502554721576,0.34963424361267054
BTC,2026-06-19,normal,0.0235868913381918,0.3899477231214943,0.2527014311890258
BTC,2026-06-22,normal,0.025044231383868,0.8929527782069133,0.3405345663255954
BTC,2026-06-23,normal,0.0210515917069071,0.2314710488315802,0.5830706647155846
BTC,2026-06-24,normal,0.0193626719576116,0.6545567171640383,0.44155790051511784
BTC,2026-06-25,normal,0.0272552551449454,0.46738841137882997,0.24119934794155914
BTC,2026-06-26,normal,0.0284878368398994,0.44417847370397684,0.18295351275015956
BTC,2026-06-29,normal,0.0269046470036491,0.7301868267116596,0.1593088914411245
BTC,2026-06-30,normal,0.0320114056714164,0.05002907414984684,0.23375474276299577
BTC,2026-07-01,normal,0.0250026320338667,0.4960375661663061,0.05554017918436436
BTC,2026-07-02,normal,0.0273845002961931,0.9570259909488583,0.2342835410178719
BTC,2026-07-03,normal,0.0213945979959615,0.9074264843603649,0.3961047033489396
BTC,2026-07-06,normal,0.0261063251334796,6.5999194775248465e-06,0.6364154611550934
BTC,2026-07-07,normal,0.0219277210309138,0.3564705882352941,0.7219543960378176
BTC,2026-07-08,normal,0.025098349383602,0.2755777539937355,0.7112432631438997
BTC,2026-07-09,normal,0.0210217682301058,0.6850890701344099,0.5739507378583186
BTC,2026-07-10,normal,0.0194827601745875,0.9555974834749486,0.6941147745518135
BTC,2026-07-13,normal,0.020340720853122,0.20851349104061673,0.8666629950679801
BTC,2026-07-14,normal,0.0301720447979526,0.924945682478033,0.6571673712754403
BTC,2026-07-15,normal,0.0199672856651169,0.3119123641733037,0.9923258276585285
BTC,2026-07-16,normal,0.0170293888947796,0.3321526425841805,0.8918281342750655
BTC,2026-07-17,normal,0.0163453976863487,0.4015005209259783,0.7730970369791055
BTC,2026-07-20,normal,0.0177999545431622,0.9472208526934914,0.8875023878786792
BTC,2026-07-21,normal,0.017090624020069,0.9434784900488722,0.9320536429793934
BTC,2026-07-22,normal,0.0163038250419221,0.30066705811009903,0.9457136458948323
BTC,2026-07-23,normal,0.0158529697253693,0.21222924375338736,0.8525289585775403
ETH,2020-08-12,na,,,
ETH,2020-08-13,na,,,
ETH,2020-08-14,na,,,
ETH,2020-08-17,na,,,
ETH,2020-08-18,na,,,
ETH,2020-08-19,na,,,
ETH,2020-08-20,na,,,
ETH,2020-08-21,na,,,
ETH,2020-08-24,na,,,
ETH,2020-08-25,na,,,
ETH,2020-08-26,na,,,
ETH,2020-08-27,na,,,
ETH,2020-08-28,na,,,
ETH,2020-08-31,na,,,
ETH,2020-09-01,na,,,
ETH,2020-09-02,na,,,
ETH,2020-09-03,na,,,
ETH,2020-09-04,na,,,
ETH,2020-09-07,na,,,
ETH,2020-09-08,na,,,
ETH,2020-09-09,na,,,
ETH,2020-09-10,na,,,
ETH,2020-09-11,na,,,
ETH,2020-09-14,na,,,
ETH,2020-09-15,na,,,
ETH,2020-09-16,na,,,
ETH,2020-09-17,na,,,
ETH,2020-09-18,na,,,
ETH,2020-09-21,na,,,
ETH,2020-09-22,na,,,
ETH,2020-09-23,na,,,
ETH,2020-09-24,na,,,
ETH,2020-09-25,na,,,
ETH,2020-09-28,na,,,
ETH,2020-09-29,na,,,
ETH,2020-09-30,na,,,
ETH,2020-10-01,na,,,
ETH,2020-10-02,na,,,
ETH,2020-10-05,na,,,
ETH,2020-10-06,na,,,
ETH,2020-10-07,na,,,
ETH,2020-10-08,na,,,
ETH,2020-10-09,na,,,
ETH,2020-10-12,na,,,
ETH,2020-10-13,na,,,
ETH,2020-10-14,na,,,
ETH,2020-10-15,na,,,
ETH,2020-10-16,na,,,
ETH,2020-10-19,na,,,
ETH,2020-10-20,na,,,
ETH,2020-10-21,na,,,
ETH,2020-10-22,na,,,
ETH,2020-10-23,na,,,
ETH,2020-10-26,na,,,
ETH,2020-10-27,na,,,
ETH,2020-10-28,na,,,
ETH,2020-10-29,na,,,
ETH,2020-10-30,na,,,
ETH,2020-11-02,na,,,
ETH,2020-11-03,na,,,
ETH,2020-11-04,na,,,
ETH,2020-11-05,na,,,
ETH,2020-11-06,na,,,
ETH,2020-11-09,na,,,
ETH,2020-11-10,na,,,
ETH,2020-11-11,na,,,
ETH,2020-11-12,na,,,
ETH,2020-11-13,na,,,
ETH,2020-11-16,na,,,
ETH,2020-11-17,na,,,
ETH,2020-11-18,na,,,
ETH,2020-11-19,na,,,
ETH,2020-11-20,na,,,
ETH,2020-11-23,na,,,
ETH,2020-11-24,na,,,
ETH,2020-11-25,na,,,
ETH,2020-11-26,na,,,
ETH,2020-11-27,na,,,
ETH,2020-11-30,na,,,
ETH,2020-12-01,na,,,
ETH,2020-12-02,na,,,
ETH,2020-12-03,na,,,
ETH,2020-12-04,na,,,
ETH,2020-12-07,na,,,
ETH,2020-12-08,na,,,
ETH,2020-12-09,na,,,
ETH,2020-12-10,na,,,
ETH,2020-12-11,na,,,
ETH,2020-12-14,na,,,
ETH,2020-12-15,na,,,
ETH,2020-12-16,na,,,
ETH,2020-12-17,na,,,
ETH,2020-12-18,na,,,
ETH,2020-12-21,na,,,
ETH,2020-12-22,na,,,
ETH,2020-12-23,na,,,
ETH,2020-12-24,na,,,
ETH,2020-12-25,na,,,
ETH,2020-12-28,na,,,
ETH,2020-12-29,na,,,
ETH,2020-12-30,na,,,
ETH,2020-12-31,na,,,
ETH,2021-01-01,na,,,
ETH,2021-01-04,na,,,
ETH,2021-01-05,na,,,
ETH,2021-01-06,na,,,
ETH,2021-01-07,na,,,
ETH,2021-01-08,na,,,
ETH,2021-01-11,na,,,
ETH,2021-01-12,na,,,
ETH,2021-01-13,na,,,
ETH,2021-01-14,na,,,
ETH,2021-01-15,na,,,
ETH,2021-01-18,na,,,
ETH,2021-01-19,na,,,
ETH,2021-01-20,na,,,
ETH,2021-01-21,na,,,
ETH,2021-01-22,na,,,
ETH,2021-01-25,na,,,
ETH,2021-01-26,na,,,
ETH,2021-01-27,na,,,
ETH,2021-01-28,na,,,
ETH,2021-01-29,na,,,
ETH,2021-02-01,na,,,
ETH,2021-02-02,na,,,
ETH,2021-02-03,na,,,
ETH,2021-02-04,na,,,
ETH,2021-02-05,na,,,
ETH,2021-02-08,na,,,
ETH,2021-02-09,na,,,
ETH,2021-02-10,na,,,
ETH,2021-02-11,na,,,
ETH,2021-02-12,na,,,
ETH,2021-02-15,na,,,
ETH,2021-02-16,na,,,
ETH,2021-02-17,na,,,
ETH,2021-02-18,na,,,
ETH,2021-02-19,na,,,
ETH,2021-02-22,na,,,
ETH,2021-02-23,na,,,
ETH,2021-02-24,na,,,
ETH,2021-02-25,na,,,
ETH,2021-02-26,na,,,
ETH,2021-03-01,na,,,
ETH,2021-03-02,na,,,
ETH,2021-03-03,na,,,
ETH,2021-03-04,na,,,
ETH,2021-03-05,na,,,
ETH,2021-03-08,na,,,
ETH,2021-03-09,na,,,
ETH,2021-03-10,na,,,
ETH,2021-03-11,na,,,
ETH,2021-03-12,na,,,
ETH,2021-03-15,na,,,
ETH,2021-03-16,na,,,
ETH,2021-03-17,na,,,
ETH,2021-03-18,na,,,
ETH,2021-03-19,na,,,
ETH,2021-03-22,na,,,
ETH,2021-03-23,na,,,
ETH,2021-03-24,na,,,
ETH,2021-03-25,na,,,
ETH,2021-03-26,na,,,
ETH,2021-03-29,na,,,
ETH,2021-03-30,na,,,
ETH,2021-03-31,na,,,
ETH,2021-04-01,na,,,
ETH,2021-04-02,na,,,
ETH,2021-04-05,na,,,
ETH,2021-04-06,na,,,
ETH,2021-04-07,na,,,
ETH,2021-04-08,na,,,
ETH,2021-04-09,na,,,
ETH,2021-04-12,na,,,
ETH,2021-04-13,na,,,
ETH,2021-04-14,na,,,
ETH,2021-04-15,na,,,
ETH,2021-04-16,na,,,
ETH,2021-04-19,na,,,
ETH,2021-04-20,na,,,
ETH,2021-04-21,na,,,
ETH,2021-04-22,na,,,
ETH,2021-04-23,na,,,
ETH,2021-04-26,na,,,
ETH,2021-04-27,na,,,
ETH,2021-04-28,na,,,
ETH,2021-04-29,na,,,
ETH,2021-04-30,na,,,
ETH,2021-05-03,na,,,
ETH,2021-05-04,na,,,
ETH,2021-05-05,na,,,
ETH,2021-05-06,na,,,
ETH,2021-05-07,na,,,
ETH,2021-05-10,na,,,
ETH,2021-05-11,na,,,
ETH,2021-05-12,na,,,
ETH,2021-05-13,na,,,
ETH,2021-05-14,na,,,
ETH,2021-05-17,na,,,
ETH,2021-05-18,na,,,
ETH,2021-05-19,na,,,
ETH,2021-05-20,na,,,
ETH,2021-05-21,na,,,
ETH,2021-05-24,na,,,
ETH,2021-05-25,na,,,
ETH,2021-05-26,na,,,
ETH,2021-05-27,na,,,
ETH,2021-05-28,na,,,
ETH,2021-05-31,na,,,
ETH,2021-06-01,na,,,
ETH,2021-06-02,na,,,
ETH,2021-06-03,na,,,
ETH,2021-06-04,na,,,
ETH,2021-06-07,na,,,
ETH,2021-06-08,na,,,
ETH,2021-06-09,na,,,
ETH,2021-06-10,na,,,
ETH,2021-06-11,na,,,
ETH,2021-06-14,na,,,
ETH,2021-06-15,na,,,
ETH,2021-06-16,na,,,
ETH,2021-06-17,na,,,
ETH,2021-06-18,na,,,
ETH,2021-06-21,na,,,
ETH,2021-06-22,na,,,
ETH,2021-06-23,na,,,
ETH,2021-06-24,na,,,
ETH,2021-06-25,na,,,
ETH,2021-06-28,na,,,
ETH,2021-06-29,na,,,
ETH,2021-06-30,na,,,
ETH,2021-07-01,na,,,
ETH,2021-07-02,na,,,
ETH,2021-07-05,na,,,
ETH,2021-07-06,na,,,
ETH,2021-07-07,na,,,
ETH,2021-07-08,na,,,
ETH,2021-07-09,na,,,
ETH,2021-07-12,na,,,
ETH,2021-07-13,na,,,
ETH,2021-07-14,na,,,
ETH,2021-07-15,na,,,
ETH,2021-07-16,na,,,
ETH,2021-07-19,na,,,
ETH,2021-07-20,na,,,
ETH,2021-07-21,na,,,
ETH,2021-07-22,na,,,
ETH,2021-07-23,na,,,
ETH,2021-07-26,na,,,
ETH,2021-07-27,na,,,
ETH,2021-07-28,na,,,
ETH,2021-07-29,na,,,
ETH,2021-07-30,na,,,
ETH,2021-08-02,na,,,
ETH,2021-08-03,na,,,
ETH,2021-08-04,na,,,
ETH,2021-08-05,na,,,
ETH,2021-08-06,na,,,
ETH,2021-08-09,na,,,
ETH,2021-08-10,na,,,
ETH,2021-08-11,na,,,
ETH,2021-08-12,na,,,
ETH,2021-08-13,na,,,
ETH,2021-08-16,na,,,
ETH,2021-08-17,na,,,
ETH,2021-08-18,na,,,
ETH,2021-08-19,na,,,
ETH,2021-08-20,na,,,
ETH,2021-08-23,na,,,
ETH,2021-08-24,na,,,
ETH,2021-08-25,na,,,
ETH,2021-08-26,na,,,
ETH,2021-08-27,na,,,
ETH,2021-08-30,na,,,
ETH,2021-08-31,na,,,
ETH,2021-09-01,na,,,
ETH,2021-09-02,na,,,
ETH,2021-09-03,na,,,
ETH,2021-09-06,na,,,
ETH,2021-09-07,na,,,
ETH,2021-09-08,na,,,
ETH,2021-09-09,na,,,
ETH,2021-09-10,na,,,
ETH,2021-09-13,na,,,
ETH,2021-09-14,na,,,
ETH,2021-09-15,na,,,
ETH,2021-09-16,na,,,
ETH,2021-09-17,na,,,
ETH,2021-09-20,na,,,
ETH,2021-09-21,na,,,
ETH,2021-09-22,na,,,
ETH,2021-09-23,na,,,
ETH,2021-09-24,na,,,
ETH,2021-09-27,na,,,
ETH,2021-09-28,na,,,
ETH,2021-09-29,na,,,
ETH,2021-09-30,na,,,
ETH,2021-10-01,na,,,
ETH,2021-10-04,na,,,
ETH,2021-10-05,na,,,
ETH,2021-10-06,na,,,
ETH,2021-10-07,na,,,
ETH,2021-10-08,na,,,
ETH,2021-10-11,na,,,
ETH,2021-10-12,na,,,
ETH,2021-10-13,na,,,
ETH,2021-10-14,na,,,
ETH,2021-10-15,na,,,
ETH,2021-10-18,na,,,
ETH,2021-10-19,na,,,
ETH,2021-10-20,na,,,
ETH,2021-10-21,na,,,
ETH,2021-10-22,na,,,
ETH,2021-10-25,na,,,
ETH,2021-10-26,na,,,
ETH,2021-10-27,na,,,
ETH,2021-10-28,na,,,
ETH,2021-10-29,na,,,
ETH,2021-11-01,na,,,
ETH,2021-11-02,na,,,
ETH,2021-11-03,na,,,
ETH,2021-11-04,na,,,
ETH,2021-11-05,na,,,
ETH,2021-11-08,na,,,
ETH,2021-11-09,na,,,
ETH,2021-11-10,na,,,
ETH,2021-11-11,na,,,
ETH,2021-11-12,na,,,
ETH,2021-11-15,na,,,
ETH,2021-11-16,na,,,
ETH,2021-11-17,na,,,
ETH,2021-11-18,na,,,
ETH,2021-11-19,na,,,
ETH,2021-11-22,na,,,
ETH,2021-11-23,na,,,
ETH,2021-11-24,na,,,
ETH,2021-11-25,na,,,
ETH,2021-11-26,na,,,
ETH,2021-11-29,na,,,
ETH,2021-11-30,na,,,
ETH,2021-12-01,na,,,
ETH,2021-12-02,na,,,
ETH,2021-12-03,na,,,
ETH,2021-12-06,na,,,
ETH,2021-12-07,na,,,
ETH,2021-12-08,na,,,
ETH,2021-12-09,na,,,
ETH,2021-12-10,na,,,
ETH,2021-12-13,na,,,
ETH,2021-12-14,na,,,
ETH,2021-12-15,na,,,
ETH,2021-12-16,na,,,
ETH,2021-12-17,na,,,
ETH,2021-12-20,na,,,
ETH,2021-12-21,na,,,
ETH,2021-12-22,na,,,
ETH,2021-12-23,na,,,
ETH,2021-12-24,na,,,
ETH,2021-12-27,na,,,
ETH,2021-12-28,na,,,
ETH,2021-12-29,na,,,
ETH,2021-12-30,na,,,
ETH,2021-12-31,na,,,
ETH,2022-01-03,na,,,
ETH,2022-01-04,na,,,
ETH,2022-01-05,na,,,
ETH,2022-01-06,na,,,
ETH,2022-01-07,na,,,
ETH,2022-01-10,na,,,
ETH,2022-01-11,normal,0.0413985413985414,0.736814456818657,0.125985734991852
ETH,2022-01-12,normal,0.0414710202819369,0.8775137111517347,0.2545837188925374
ETH,2022-01-13,normal,0.0353742385393021,0.7674356223175944,0.3659228504317335
ETH,2022-01-14,normal,0.0383163067373593,0.18988664683656173,0.2578654845006122
ETH,2022-01-17,normal,0.0366677687797746,0.20526970309342643,0.3771652832912307
ETH,2022-01-18,normal,0.0366677687797746,0.29979217180464446,0.2889597695236137
ETH,2022-01-19,normal,0.0367376636067436,0.6545823506828276,0.23769935178516305
ETH,2022-01-20,normal,0.0367376636067436,0.7403609515996744,0.1596769214939809
ETH,2022-01-21,normal,0.037525919182724,0.14343086632243254,0.07475048873340888
ETH,2022-01-24,normal,0.041875765598451,0.047652025677224284,0.1493131258863145
ETH,2022-01-25,normal,0.0434949887463209,0.7958893139959063,0.16595026642984012
ETH,2022-01-26,normal,0.0457390029896044,0.8797662746273147,0.2154833516598032
ETH,2022-01-27,normal,0.0457390029896044,0.731572612051265,0.2416915786795571
ETH,2022-01-28,normal,0.0452661196350776,0.14663109887273004,0.21178828357672688
ETH,2022-01-31,normal,0.0449452319506672,0.40899508081517977,0.3534568798256189
ETH,2022-02-01,normal,0.0446238288632433,0.8737730185771075,0.4215325407408
ETH,2022-02-02,normal,0.0396271812002148,0.860468397291192,0.5021822541966428
ETH,2022-02-03,normal,0.0446238288632433,0.25393452420479357,0.42254171391543827
ETH,2022-02-04,normal,0.041887488067415,0.8564639660422619,0.43452130244613646
ETH,2022-02-07,normal,0.0321925754060325,0.6900047147571884,0.8040327718800756
ETH,2022-02-08,normal,0.0319355013256858,0.08946245967080514,0.8801116325816382
ETH,2022-02-09,normal,0.0295244886135745,0.9130874178878192,0.8594003786893044
ETH,2022-02-10,normal,0.0360174829387987,0.6933417184183653,0.9768074187449358
ETH,2022-02-11,normal,0.0319764762273473,0.8366115702479341,0.8122365870574217
ETH,2022-02-14,normal,0.0313993119914964,0.9758391919992072,0.5734933779969607
ETH,2022-02-15,normal,0.0300213578798544,0.9640038967364817,0.6340994386030212
ETH,2022-02-16,normal,0.0295244886135745,0.14014694593705662,0.8964672311652866
ETH,2022-02-17,normal,0.0337727061217921,0.2627910539215683,0.8257037309079914
ETH,2022-02-18,normal,0.0366677687797746,0.49427503917078847,0.5148652162607262
ETH,2022-02-21,normal,0.0383163067373593,0.10851101740214969,0.06498883644688097
ETH,2022-02-22,normal,0.041875765598451,0.8014376255990104,0.01380811950500232
ETH,2022-02-23,normal,0.037281641108714,0.9393264316603314,0.17391470790904218
ETH,2022-02-24,normal,0.0452661196350776,0.20301286993654016,0.1017150294770692
ETH,2022-02-25,normal,0.0438146259222975,0.9569639008620698,0.3011203057967182
ETH,2022-02-28,normal,0.041875765598451,0.5975040402226622,0.32205233515645654
ETH,2022-03-01,normal,0.0434949887463209,0.801597204891437,0.6312648679421751
ETH,2022-03-02,normal,0.038537790934521,0.5581341557440245,0.6875648089787122
ETH,2022-03-03,normal,0.0312927546356941,0.4277940139070872,0.7222798736874995
ETH,2022-03-04,normal,0.0396271812002148,0.26307996051332816,0.5958446311608027
ETH,2022-03-07,normal,0.0453517393123505,0.48660114544297706,0.2803981298608553
ETH,2022-03-08,normal,0.0434949887463209,0.7493211265420128,0.21552375475038613
ETH,2022-03-09,normal,0.041887488067415,0.8286162774104564,0.32089534883720905
ETH,2022-03-10,normal,0.0361859755183112,0.17765410958904224,0.5739672809882918
ETH,2022-03-11,normal,0.0413985413985414,0.8512418131119899,0.4122810555040259
ETH,2022-03-14,normal,0.0414710202819369,0.7445111492281304,0.2898872175397563
ETH,2022-03-15,normal,0.0319764762273473,0.2904304220643569,0.38903899665282077
ETH,2022-03-16,normal,0.0324568522592969,0.6438231271843173,0.42710811791749015
ETH,2022-03-17,normal,0.0294495656798439,0.7273135669362112,0.5490140421766209
ETH,2022-03-18,normal,0.027669475205892,0.53979057591623,0.61264630745855
ETH,2022-03-21,normal,0.0316291762795863,0.8076515472657899,0.6952296672287993
ETH,2022-03-22,normal,0.0288183798947724,0.8113617671248963,0.7430665709372031
ETH,2022-03-23,normal,0.0288183798947724,0.3024040489245037,0.8631076745907706
ETH,2022-03-24,normal,0.0326869231566939,0.633543875479358,0.9722793452331991
ETH,2022-03-25,normal,0.0313546430592333,0.8612116260067718,0.9731768282878486
ETH,2022-03-28,normal,0.0320381731424676,0.8822243049047175,0.995459095236933
ETH,2022-03-29,normal,0.0305570291777187,0.9554205308602507,0.8952939295421841
ETH,2022-03-30,normal,0.0326869231566939,0.8745984396512179,0.9177242711377637
ETH,2022-03-31,normal,0.0320381731424676,0.669303797468356,0.9028385935461689
ETH,2022-04-01,normal,0.0337361311845951,0.758036534340239,0.7973848938687595
ETH,2022-04-04,normal,0.033471359558316,0.2369253956292388,0.945562449922671
ETH,2022-04-05,normal,0.0320381731424676,0.5040280933691326,0.9377251883393382
ETH,2022-04-06,normal,0.0320381731424676,0.1891362605648311,0.7921263430544893
ETH,2022-04-07,normal,0.0320381731424676,0.9128532974427984,0.49453206505062913
ETH,2022-04-08,normal,0.0319764762273473,0.4418324291742017,0.5372348092723389
ETH,2022-04-11,normal,0.0320381731424676,0.08720084087969014,0.4562695450418642
ETH,2022-04-12,normal,0.0352895178276387,0.9373518804739787,0.08957237490336323
ETH,2022-04-13,normal,0.0319764762273473,0.25710868987510377,0.12320335057270654
ETH,2022-04-14,normal,0.0316291762795863,0.05434070970276413,0.26696703366437186
ETH,2022-04-15,normal,0.0319952024834203,0.4557558945908518,0.11419234064155853
ETH,2022-04-18,normal,0.0352895178276387,0.1473949752883035,0.06038011232033496
ETH,2022-04-19,normal,0.0319764762273473,0.17227020357804018,0.2472171218728484
ETH,2022-04-20,normal,0.0300199244544015,0.8625112736747189,0.313504131282993
ETH,2022-04-21,normal,0.0319764762273473,0.9052823315118429,0.27659513426669735
ETH,2022-04-22,normal,0.0319764762273473,0.7830670579284862,0.14396373651595146
ETH,2022-04-25,normal,0.0319952024834203,0.41629686796578336,0.056238649557891256
ETH,2022-04-26,normal,0.0319952024834203,0.4075637071903924,0.3433471473734209
ETH,2022-04-27,normal,0.033463026791567,0.7994434640966461,0.07800446053160776
ETH,2022-04-28,normal,0.0318067975639411,0.7537179487179541,0.22295345691199597
ETH,2022-04-29,normal,0.0319764762273473,0.07871278302727705,0.3145570323201657
ETH,2022-05-02,normal,0.0319952024834203,0.06379472693032098,0.2454645876704758
ETH,2022-05-03,normal,0.030794588678437,0.3561663343776743,0.3128690997153414
ETH,2022-05-04,normal,0.032275121650837,0.8443722758738569,0.15388537196753968
ETH,2022-05-05,normal,0.0294937752817813,0.2407649986900717,0.4915239835153158
ETH,2022-05-06,normal,0.0324568522592969,0.16166564605021577,0.13072434607645836
ETH,2022-05-09,normal,0.0352895178276387,0.22353182330634555,0.05130747126436787
ETH,2022-05-10,normal,0.0457390029896044,0.8417017375723996,0.003717277486911185
ETH,2022-05-11,normal,0.0509060809412599,0.784216046145778,0.14494897959183692
ETH,2022-05-12,normal,0.0510720982919398,0.3867341772151898,0.07731938832717902
ETH,2022-05-13,normal,0.0506094668454161,0.8785905008495825,0.12925762782967878
ETH,2022-05-16,normal,0.0464059703476531,0.27324772605671555,0.2785630153121319
ETH,2022-05-17,normal,0.0452661196350776,0.7649426689436444,0.189542372881356
ETH,2022-05-18,normal,0.0446238288632433,0.14513350559862226,0.24637288135593202
ETH,2022-05-19,normal,0.0452661196350776,0.8729003359462493,0.09873482866578025
ETH,2022-05-20,normal,0.0452661196350776,0.85192697768763,0.18831753656130718
ETH,2022-05-23,normal,0.0452661196350776,0.7652911911033072,0.20859458763991945
ETH,2022-05-24,normal,0.0422798296156469,0.3346870520783552,0.14866406484539174
ETH,2022-05-25,normal,0.0422798296156469,0.02211394302848554,0.1553804183085784
ETH,2022-05-26,normal,0.0414710202819369,0.09632600860365038,0.14885512116721297
ETH,2022-05-27,normal,0.0468854698843226,0.44184643234273613,0.0590389535363539
ETH,2022-05-30,normal,0.0438722598803622,0.8773346382839903,0.14667126229551672
ETH,2022-05-31,normal,0.0396367898776453,0.35425550059696304,0.39523230487593036
ETH,2022-06-01,normal,0.0396367898776453,0.5482255606357507,0.4855691056910571
ETH,2022-06-02,normal,0.041875765598451,0.907640135647315,0.24773706896551734
ETH,2022-06-03,normal,0.0385004887102636,0.09345327336331748,0.28249999999999986
ETH,2022-06-06,normal,0.0358423177898903,0.9475735033652137,0.2461256020218397
ETH,2022-06-07,normal,0.0390552287972936,0.18954074860631787,0.38467575787305014
ETH,2022-06-08,normal,0.0361859755183112,0.5931063920606116,0.28619974059662756
ETH,2022-06-09,normal,0.0345879005756379,0.4997305550565857,0.23055771725032453
ETH,2022-06-10,normal,0.0324568522592969,0.45354914854156325,0.22259403372243824
ETH,2022-06-13,normal,0.0452661196350776,0.098633372701198,0.01975506390362719
ETH,2022-06-14,normal,0.0468854698843226,0.5579685746352415,0.05178027518117833
ETH,2022-06-15,normal,0.0490532673062594,0.4862613338242736,0.14149790038802967
ETH,2022-06-16,normal,0.0473990299519572,0.10600706713780844,0.22266353974352576
ETH,2022-06-17,normal,0.0473990299519572,0.6204215876812669,0.053989321890125265
ETH,2022-06-20,normal,0.0490532673062594,0.8551282051282048,0.21761580417485396
ETH,2022-06-21,normal,0.0471219682804451,0.5819832241755729,0.22610034646477614
ETH,2022-06-22,normal,0.0471219682804451,0.4137606032045244,0.23524710142136276
ETH,2022-06-23,normal,0.0473990299519572,0.8597278720718192,0.1623878124879628
ETH,2022-06-24,normal,0.0471219682804451,0.8849377394636027,0.2534185894225955
ETH,2022-06-27,normal,0.0422798296156469,0.5501190733925103,0.3183245757081597
ETH,2022-06-28,normal,0.0422798296156469,0.8557075076751334,0.3248503463189896
ETH,2022-06-29,normal,0.0446238288632433,0.23780394555742446,0.27588707643151433
ETH,2022-06-30,normal,0.0464059703476531,0.06141571574357547,0.23695218691750844
ETH,2022-07-01,normal,0.0436280346479308,0.34797891036906853,0.23662024605008433
ETH,2022-07-04,normal,0.0385004887102636,0.9154187921671864,0.4836361811063147
ETH,2022-07-05,normal,0.0360174829387987,0.06586201758307353,0.6762373255697219
ETH,2022-07-06,normal,0.0320381731424676,0.512200632625392,0.6298062443529766
ETH,2022-07-07,normal,0.0312338695801789,0.5639253628196261,0.7655104909145667
ETH,2022-07-08,normal,0.031850564726325,0.23758816207993153,0.8933089047284409
ETH,2022-07-11,normal,0.0308515752405355,0.15041363750313325,0.6041134751773046
ETH,2022-07-12,normal,0.0324568522592969,0.177395649617871,0.3489361702127663
ETH,2022-07-13,normal,0.0414710202819369,0.9505695687550842,0.1439007092198579
ETH,2022-07-14,normal,0.036193244495072,0.16630355846042222,0.4148936170212766
ETH,2022-07-15,normal,0.0413985413985414,0.6173314436120662,0.6929787234042556
ETH,2022-07-18,normal,0.0353742385393021,0.8234654145671086,0.8016991833564755
ETH,2022-07-19,normal,0.0434949887463209,0.39176101486836634,0.9725924566700584
ETH,2022-07-20,normal,0.0392160815500968,0.8928812904472141,0.8599052132701421
ETH,2022-07-21,normal,0.041256887970808,0.28121571209128904,0.8248383172184157
ETH,2022-07-22,normal,0.0406894757738804,0.886848891181021,0.911074470128706
ETH,2022-07-25,normal,0.043247712270729,0.2330854344277162,0.8987264824777365
ETH,2022-07-26,normal,0.0416217722459594,0.16370079346737518,0.660268684842406
ETH,2022-07-27,normal,0.0392160815500968,0.769525188786594,0.6729278745326889
ETH,2022-07-28,normal,0.038537790934521,0.5317407945097,0.9565362754931462
ETH,2022-07-29,normal,0.0453517393123505,0.19507748404740338,0.9225789047747505
ETH,2022-08-01,normal,0.0406894757738804,0.42441314553990733,0.8629748095623465
ETH,2022-08-02,normal,0.036193244495072,0.2870285188592451,0.8015209320847303
ETH,2022-08-03,normal,0.041256887970808,0.9105427473583088,0.7840826177246452
ETH,2022-08-04,normal,0.0313546430592333,0.16702052370842282,0.7240037102063804
ETH,2022-08-05,normal,0.0392284788206471,0.967539113905543,0.7020857200619989
ETH,2022-08-08,normal,0.034208045562241,0.9680467608377964,0.8026223694647941
ETH,2022-08-09,normal,0.0313546430592333,0.12004461117307039,0.9113310092458263
ETH,2022-08-10,normal,0.044846082017205,0.8408939292861914,0.7504709525149946
ETH,2022-08-11,normal,0.0377013977291723,0.79845495930473,0.9405669118620349
ETH,2022-08-12,normal,0.0320381731424676,0.25558842866535036,0.8944915760544869
ETH,2022-08-15,normal,0.0319355013256858,0.11799796304379473,0.8594749417508867
ETH,2022-08-16,normal,0.0316291762795863,0.8178524374176558,0.785051791782261
ETH,2022-08-17,QUIET,0.0292017467429019,0.11041689109124188,0.6742649558123727
ETH,2022-08-18,normal,0.0300199244544015,0.8443364981232069,0.5841476886471788
ETH,2022-08-19,normal,0.0315763366075719,0.13021957769469752,0.6099379673691369
ETH,2022-08-22,normal,0.0318067975639411,0.37230799488641914,0.18655817352319642
ETH,2022-08-23,normal,0.0319764762273473,0.75529223805086,0.19945490095392338
ETH,2022-08-24,normal,0.0300213578798544,0.6756756756756764,0.2799360101119824
ETH,2022-08-25,normal,0.0300199244544015,0.900370713623725,0.26245729069974105
ETH,2022-08-26,normal,0.0352895178276387,0.10242107761690138,0.33859340746153666
ETH,2022-08-29,normal,0.037281641108714,0.45741431964709894,0.004554455445544539
ETH,2022-08-30,normal,0.037281641108714,0.7426426062734655,0.21338333991314648
ETH,2022-08-31,normal,0.0417384295795932,0.757997083130774,0.16862416107382547
ETH,2022-09-01,normal,0.0396367898776453,0.8488961273977577,0.21716673246479795
ETH,2022-09-02,normal,0.041875765598451,0.5917318435754194,0.2699039347282539
ETH,2022-09-05,normal,0.0324568522592969,0.28366841090608563,0.2925467572345771
ETH,2022-09-06,normal,0.0310374022012597,0.8813618405763416,0.3642318786638131
ETH,2022-09-07,normal,0.0369311216192548,0.24128938034633743,0.2974863672901868
ETH,2022-09-08,normal,0.0367017803892506,0.6555092889173612,0.48816679188580026
ETH,2022-09-09,normal,0.0360174829387987,0.8047343732955157,0.7111563083488928
ETH,2022-09-12,normal,0.0315763366075719,0.5216842105263169,0.9376158290635558
ETH,2022-09-13,normal,0.043247712270729,0.8730801452108363,0.8020549438569713
ETH,2022-09-14,normal,0.0390386993026205,0.6003358522250207,0.41513136378502163
ETH,2022-09-15,QUIET,0.0300199244544015,0.2393070489844679,0.5895290526545299
ETH,2022-09-16,normal,0.0417384295795932,0.7557030277892998,0.138095497656165
ETH,2022-09-19,normal,0.0441317395470822,0.36958537554643117,0.019333261408997812
ETH,2022-09-20,normal,0.0422798296156469,0.2806806806806801,0.18856581532416505
ETH,2022-09-21,normal,0.0400369191412665,0.9299099537600417,0.08434184675834983
ETH,2022-09-22,normal,0.0417384295795932,0.9514082992904753,0.04530755711775039
ETH,2022-09-23,normal,0.0400369191412665,0.07192396609298633,0.1871001757469245
ETH,2022-09-26,normal,0.0429564404505224,0.5009858397562299,0.13115992970123042
ETH,2022-09-27,normal,0.0390552287972936,0.8776411603199236,0.20416520210896322
ETH,2022-09-28,normal,0.0425595580619172,0.48269142595139725,0.18984182776801403
ETH,2022-09-29,normal,0.0414710202819369,0.5981284117494144,0.20597539543058005
ETH,2022-09-30,normal,0.0349112958904931,0.33188315724052336,0.2033391915641477
ETH,2022-10-03,normal,0.0352140998764979,0.8457559369856583,0.10493792899298815
ETH,2022-10-04,normal,0.0319952024834203,0.7777031564808585,0.23687959558823507
ETH,2022-10-05,QUIET,0.0300213578798544,0.10102692200943313,0.3251148897058823
ETH,2022-10-06,normal,0.0301339851071373,0.6060997673817528,0.5019935447123604
ETH,2022-10-07,normal,0.0319952024834203,0.5824372759856628,0.5155975481200948
ETH,2022-10-10,normal,0.030794588678437,0.4476464937560052,0.5459502382212814
ETH,2022-10-11,normal,0.030751647349828,0.4960986659954701,0.3707252514557964
ETH,2022-10-12,normal,0.0300213578798544,0.7140634723086539,0.2630317187115807
ETH,2022-10-13,normal,0.030751647349828,0.27682167704137534,0.2809264305177113
ETH,2022-10-14,normal,0.0318067975639411,0.724790991298411,0.46228571428571397
ETH,2022-10-17,normal,0.030794588678437,0.759138566166054,0.5521428571428574
ETH,2022-10-18,normal,0.0316291762795863,0.3282442748091617,0.7289035517294711
ETH,2022-10-19,normal,0.029384790615801,0.34797156001672885,0.6222485695138926
ETH,2022-10-20,normal,0.030794588678437,0.9150000000000063,0.49017990618073054
ETH,2022-10-21,normal,0.030794588678437,0.14112291350530937,0.47718954585287865
ETH,2022-10-24,normal,0.030794588678437,0.5374808771035222,0.8979844321872263
ETH,2022-10-25,normal,0.0300199244544015,0.743331357439244,0.791844940460848
ETH,2022-10-26,normal,0.0352140998764979,0.7488588643417929,0.8048096431555076
ETH,2022-10-27,normal,0.0340474499218638,0.35996955859969737,0.9286649053063036
ETH,2022-10-28,normal,0.0316291762795863,0.3113964686998421,0.8001432134126767
ETH,2022-10-31,normal,0.033471359558316,0.8043887991383956,0.8464888174861542
ETH,2022-11-01,normal,0.0350368098159508,0.6370631612696367,0.808967150044392
ETH,2022-11-02,normal,0.0315763366075719,0.3078967943706027,0.8212066122690569
ETH,2022-11-03,normal,0.0276836036191668,0.487597046014013,0.6473770132306715
ETH,2022-11-04,normal,0.0345209578003541,0.6975187081528168,0.6782485806876051
ETH,2022-11-07,normal,0.034208045562241,0.664464534075105,0.7385983385983385
ETH,2022-11-08,normal,0.0315763366075719,0.3246878664551297,0.7381537381537379
ETH,2022-11-09,normal,0.0510720982919398,0.435553425970292,0.2276733780760626
ETH,2022-11-10,normal,0.0552672482157018,0.8804381651832948,0.04814747637970558
ETH,2022-11-11,normal,0.0510550017709862,0.6540515222482451,0.37223605454515474
ETH,2022-11-14,normal,0.0478993998285224,0.8864263293065722,0.24396919880620646
ETH,2022-11-15,normal,0.0464392157609575,0.7984522207267832,0.27989842861147296
ETH,2022-11-16,normal,0.0441413036484138,0.14551140544518146,0.2963048460764754
ETH,2022-11-17,normal,0.0441413036484138,0.4799660801356808,0.23519712434250678
ETH,2022-11-18,normal,0.0413985413985414,0.575934269811821,0.20924365591043265
ETH,2022-11-21,normal,0.0422316094849493,0.5285644531249991,0.11324550266295128
ETH,2022-11-22,normal,0.0425595580619172,0.5526129108536276,0.055748841657460295
ETH,2022-11-23,normal,0.0422798296156469,0.6553982300884951,0.10894190973997055
ETH,2022-11-24,normal,0.0366677687797746,0.48026020637056727,0.18300987682820255
ETH,2022-11-25,normal,0.0300124333706744,0.5727766657134674,0.2193987597735239
ETH,2022-11-28,normal,0.0300124333706744,0.21176672974368055,0.2376345147596014
ETH,2022-11-29,normal,0.0284450698562669,0.8957206859261548,0.340868810359171
ETH,2022-11-30,normal,0.0281629860162584,0.6523883330984914,0.5145090909090909
ETH,2022-12-01,normal,0.0276011453220289,0.4052007899934165,0.933872340425532
ETH,2022-12-02,normal,0.0279482998417341,0.8740184363263892,0.8579034800017042
ETH,2022-12-05,normal,0.0279482998417341,0.5043536503683856,0.870681944030328
ETH,2022-12-06,normal,0.0286837754739428,0.5623219373219375,0.7854921838395029
ETH,2022-12-07,normal,0.0286837754739428,0.10431773236651154,0.8362226860331387
ETH,2022-12-08,normal,0.0286837754739428,0.7331340734415038,0.6652468373301532
ETH,2022-12-09,normal,0.0288183798947724,0.549553381539764,0.8739617497976746
ETH,2022-12-12,normal,0.0286756549860176,0.2893493275172679,0.8008263406738511
ETH,2022-12-13,normal,0.0368486559474931,0.7821627647714615,0.8111745961982205
ETH,2022-12-14,normal,0.0288183798947724,0.9668949771689539,0.8570057581573899
ETH,2022-12-15,normal,0.0300199244544015,0.18063253994131653,0.7755081804660389
ETH,2022-12-16,normal,0.0283484094105127,0.10890557939914025,0.5727317798710955
ETH,2022-12-19,normal,0.030751647349828,0.5971428571428554,0.14052684903748733
ETH,2022-12-20,normal,0.030794588678437,0.9037693243008517,0.08560407497156393
ETH,2022-12-21,normal,0.0283484094105127,0.5684093437152401,0.32851985559566815
ETH,2022-12-22,normal,0.0283484094105127,0.5299401197604685,0.31289253746105516
ETH,2022-12-23,normal,0.0281629860162584,0.6851471594798124,0.33232777805251984
ETH,2022-12-26,normal,0.0279482998417341,0.4617224880382857,0.33628406112457343
ETH,2022-12-27,normal,0.0276326831189738,0.09770421783235053,0.3837594579892186
ETH,2022-12-28,normal,0.0279482998417341,0.25300790649707533,0.3018643983977051
ETH,2022-12-29,normal,0.0279612418429898,0.7922437673130188,0.19603382622026652
ETH,2022-12-30,normal,0.0276326831189738,0.38744257274119903,0.24716878492656155
ETH,2023-01-02,normal,0.0276326831189738,0.7548737615851684,0.246426981850551
ETH,2023-01-03,normal,0.0276326831189738,0.4588796185935475,0.3139805153058701
ETH,2023-01-04,normal,0.0276326831189738,0.7486476043276663,0.3986801967253933
ETH,2023-01-05,normal,0.0281629860162584,0.5201365187713359,0.821227325357006
ETH,2023-01-06,normal,0.0280612909444244,0.29600000000000365,0.8250470964042926
ETH,2023-01-09,normal,0.027669475205892,0.8686659772492262,0.9560505719446123
ETH,2023-01-10,normal,0.0276011453220289,0.5368956743002612,0.8503509307293259
ETH,2023-01-11,normal,0.0275238050120802,0.3689727463312364,0.9275640640940997
ETH,2023-01-12,normal,0.0286756549860176,0.7218142548596124,0.9603116068959164
ETH,2023-01-13,normal,0.0286756549860176,0.26765799256505557,0.9140655405931349
ETH,2023-01-16,normal,0.0316291762795863,0.2574128380579991,0.8867086794614722
ETH,2023-01-17,normal,0.0326869231566939,0.6959557053442437,0.9349140374078974
ETH,2023-01-18,normal,0.0300199244544015,0.5900962861072867,0.8985090671153485
ETH,2023-01-19,normal,0.0304577219171306,0.444838455476754,0.7701902452671828
ETH,2023-01-20,normal,0.0300199244544015,0.7360475754803213,0.8595474811053094
ETH,2023-01-23,normal,0.0304577219171306,0.6079059829059879,0.8907511648008771
ETH,2023-01-24,normal,0.0316291762795863,0.47838936091613776,0.8864644732611724
ETH,2023-01-25,normal,0.0316291762795863,0.8914745081447031,0.7218562468979832
ETH,2023-01-26,normal,0.0316291762795863,0.6789674952198856,0.8481252538013808
ETH,2023-01-27,normal,0.0305075785415417,0.41896647527320086,0.8145388977199932
ETH,2023-01-30,normal,0.0326869231566939,0.11208487084870877,0.9047067262594495
ETH,2023-01-31,normal,0.0303344303604982,0.557651093013289,0.6843838981631402
ETH,2023-02-01,normal,0.0286837754739428,0.4842696629213499,0.7040083191529587
ETH,2023-02-02,normal,0.0305075785415417,0.6678486997635923,0.8649318908816449
ETH,2023-02-03,normal,0.0296208799945483,0.8354143019296206,0.7305114107102502
ETH,2023-02-06,normal,0.0300199244544015,0.7270588235294125,0.5983871723943922
ETH,2023-02-07,normal,0.0283484094105127,0.9073728418105504,0.529326269398471
ETH,2023-02-08,normal,0.0300199244544015,0.2021472392638073,0.7876222449277474
ETH,2023-02-09,normal,0.0300199244544015,0.5828583491661401,0.6733272320520644
ETH,2023-02-10,normal,0.0278468915289426,0.18596491228070924,0.13905836892414022
ETH,2023-02-13,normal,0.0300124333706744,0.3547420965058231,0.11051272921488303
ETH,2023-02-14,normal,0.0279612418429898,0.7041623667010689,0.17135509396636972
ETH,2023-02-15,normal,0.0300124333706744,0.8325508607198718,0.3710385756676557
ETH,2023-02-16,normal,0.0286837754739428,0.4729501267962788,0.8426904055390703
ETH,2023-02-17,normal,0.0296208799945483,0.7850361663652805,0.625925135212069
ETH,2023-02-20,normal,0.0300199244544015,0.8139333621808732,0.7750498149729574
ETH,2023-02-21,normal,0.0276836036191668,0.2244256823090526,0.858738969541702
ETH,2023-02-22,normal,0.0272648179118821,0.5152116402116413,0.7039211500142327
ETH,2023-02-23,normal,0.027669475205892,0.3791044776119394,0.6447836606888702
ETH,2023-02-24,normal,0.0276011453220289,0.17090754877014191,0.671078849985767
ETH,2023-02-27,normal,0.0294937752817813,0.4271255060728659,0.6384500426985478
ETH,2023-02-28,normal,0.0271847801468922,0.876306620209063,0.6103045829775121
ETH,2023-03-01,normal,0.0275488286128178,0.7723501070663814,0.5098918303444349
ETH,2023-03-02,normal,0.0280612909444244,0.057387862796831834,0.7233489894676914
ETH,2023-03-03,normal,0.027669475205892,0.19864750633981312,0.6615784230002841
ETH,2023-03-06,normal,0.0261079506232277,0.5462962962962978,0.31470170181706375
ETH,2023-03-07,normal,0.0275238050120802,0.2729248152976956,0.11620596746831631
ETH,2023-03-08,normal,0.0271847801468922,0.2581913499344716,0.12483682251124086
ETH,2023-03-09,normal,0.0275696049956927,0.3685235683677448,0.04320622721450492
ETH,2023-03-10,normal,0.0284067758942131,0.389451476793247,0.0920305094321854
ETH,2023-03-13,normal,0.0272648179118821,0.5640810328539941,0.6085508369942856
ETH,2023-03-14,normal,0.037238084898491,0.7145372233400424,0.9383574284835436
ETH,2023-03-15,normal,0.0319764762273473,0.4427365883062094,0.8041444987002893
ETH,2023-03-16,normal,0.0319952024834203,0.7453054747421285,0.6840366348419697
ETH,2023-03-17,normal,0.0319764762273473,0.9718712988551111,0.7417826689016835
ETH,2023-03-20,normal,0.0294093037525526,0.582144313086018,0.8717043364272579
ETH,2023-03-21,EXPANSION,0.0358381799646495,0.8733254531126858,0.770429414127746
ETH,2023-03-22,normal,0.0279951079763441,0.24392712550607268,0.915153180962852
ETH,2023-03-23,normal,0.0276011453220289,0.9077733860342545,0.7737065775842019
ETH,2023-03-24,normal,0.0294093037525526,0.2873900293255139,0.9112670581254985
ETH,2023-03-27,normal,0.027669475205892,0.5076757339078933,0.8296131104609531
ETH,2023-03-28,normal,0.0302085207067841,0.8313027179006558,0.709597561225116
ETH,2023-03-29,normal,0.0270667642716229,0.7277597402597401,0.8277922131063689
ETH,2023-03-30,normal,0.0267228802611875,0.603260009495171,0.8688749309491168
ETH,2023-03-31,normal,0.0276011453220289,0.37375249500998114,0.8583875568232459
ETH,2023-04-03,normal,0.0286837754739428,0.8207564407089358,0.7454907377315564
ETH,2023-04-04,normal,0.0276011453220289,0.8762115077904562,0.8104891127721804
ETH,2023-04-05,normal,0.027669475205892,0.8413132694938431,0.9170677241751042
ETH,2023-04-06,normal,0.0288183798947724,0.2497082847141193,0.8776798772874828
ETH,2023-04-07,normal,0.0286837754739428,0.1917375455650036,0.7252481993381352
ETH,2023-04-10,normal,0.0267228802611875,0.4204421891989831,0.6727272727272728
ETH,2023-04-11,normal,0.0276836036191668,0.5408356078102048,0.8723768736616703
ETH,2023-04-12,normal,0.0275238050120802,0.4503147482014381,0.7931866848355066
ETH,2023-04-13,normal,0.0296208799945483,0.8891765924391525,0.9003698656803585
ETH,2023-04-14,normal,0.0305570291777187,0.8946102021174183,0.9673761391634755
ETH,2023-04-17,normal,0.0304577219171306,0.1664564943253458,0.9480711155514182
ETH,2023-04-18,normal,0.0303344303604982,0.9027027027027051,0.821685983578425
ETH,2023-04-19,normal,0.0304725157018354,0.13283070596298902,0.8995696596879373
ETH,2023-04-20,normal,0.0281629860162584,0.3142274160638106,0.4513557039892284
ETH,2023-04-21,normal,0.0275488286128178,0.18576008098532132,0.4757768566676348
ETH,2023-04-24,normal,0.0281629860162584,0.44655090011151793,0.1766854180779313
ETH,2023-04-25,normal,0.028654772314961,0.44313981300282407,0.10681289861119367
ETH,2023-04-26,normal,0.0304990983087195,0.9098691649168124,0.18959632811580512
ETH,2023-04-27,normal,0.0285698919590782,0.2933145009416203,0.22721153306781847
ETH,2023-04-28,normal,0.0266703723146918,0.29941482444733325,0.3468895495596569
ETH,2023-05-01,normal,0.0276326831189738,0.30829658213891825,0.23865484938576295
ETH,2023-05-02,normal,0.0279612418429898,0.6198714780029635,0.1282605037302968
ETH,2023-05-03,normal,0.0276326831189738,0.24066029539530703,0.23862680204184647
ETH,2023-05-04,normal,0.0243891780874296,0.524658971668417,0.33690469512537136
ETH,2023-05-05,normal,0.0261079506232277,0.9250167373354183,0.2582318954395017
ETH,2023-05-08,normal,0.0294937752817813,0.34466501240694797,0.25117647058823556
ETH,2023-05-09,normal,0.0278468915289426,0.6065384615384608,0.19574468085106372
ETH,2023-05-10,normal,0.0276326831189738,0.658566221142161,0.2629059829059828
ETH,2023-05-11,normal,0.0281629860162584,0.3292307692307671,0.23863247863247827
ETH,2023-05-12,normal,0.0283484094105127,0.40103242458460875,0.08777200389736886
ETH,2023-05-15,normal,0.0269086826347304,0.7712213291511498,0.21222222222222234
ETH,2023-05-16,normal,0.0271847801468922,0.6562298256939934,0.27311827956989265
ETH,2023-05-17,normal,0.0271847801468922,0.04251012145749256,0.3018279569892474
ETH,2023-05-18,normal,0.0266703723146918,0.6182352941176465,0.2943369175627236
ETH,2023-05-19,normal,0.0266703723146918,0.565010570824525,0.21706093189964137
ETH,2023-05-22,normal,0.0243891780874296,0.7922585227272685,0.23265232974910424
ETH,2023-05-23,normal,0.0236828909403282,0.693852602165561,0.2772401433691753
ETH,2023-05-24,normal,0.0216405076687235,0.10934089917066779,0.4087813620071683
ETH,2023-05-25,normal,0.0243891780874296,0.6149825783972148,0.21465949820788566
ETH,2023-05-26,normal,0.0225963737277428,0.7092429168601951,0.23512544802867352
ETH,2023-05-29,normal,0.027109107765097,0.5914807982559124,0.9439686537923314
ETH,2023-05-30,normal,0.021935762250209,0.9553197430885252,0.8133461251465729
ETH,2023-05-31,normal,0.0228609929411396,0.15204205418519967,0.8559322033898306
ETH,2023-06-01,normal,0.0187850722481344,0.43699186991869876,0.7122375013324815
ETH,2023-06-02,normal,0.0183314828285922,0.8930924148315443,0.6038746164490705
ETH,2023-06-05,normal,0.0207267803597173,0.15157441814981387,0.7737199927802182
ETH,2023-06-06,normal,0.0235400807234455,0.522879177377889,0.29534925696408143
ETH,2023-06-07,normal,0.025955186573826,0.5008147745790344,0.7414114674207337
ETH,2023-06-08,normal,0.022432312589759,0.8133764832793936,0.4254858311774268
ETH,2023-06-09,normal,0.0207597247814987,0.6535616971584246,0.5067685458155352
ETH,2023-06-12,normal,0.0235400807234455,0.5751353790613699,0.17747777411919674
ETH,2023-06-13,normal,0.0235020505144744,0.8129404228058892,0.1295451338256737
ETH,2023-06-14,normal,0.0219888806845328,0.7558488302339581,0.11802060303871267
ETH,2023-06-15,normal,0.0219888806845328,0.5572269457161545,0.06904673777717957
ETH,2023-06-16,normal,0.022432312589759,0.258026853473441,0.1357713603660358
ETH,2023-06-19,normal,0.0235400807234455,0.8467643467643344,0.32626550740575294
ETH,2023-06-20,normal,0.0216746652136554,0.410639112131652,0.3849352089252299
ETH,2023-06-21,normal,0.0244428045858999,0.9335087719298252,0.5750814219388815
ETH,2023-06-22,normal,0.0270667642716229,0.21352313167259634,0.9115792391379662
ETH,2023-06-23,normal,0.0248529929135045,0.6582472254114035,0.8008855319703084
ETH,2023-06-26,normal,0.025955186573826,0.3689826302729506,0.87880545085532
ETH,2023-06-27,normal,0.0261259626889203,0.7935157507472979,0.7504912857188878
ETH,2023-06-28,normal,0.025955186573826,0.2619794936179115,0.8491027995232108
ETH,2023-06-29,normal,0.0216746652136554,0.930322580645161,0.6507844463773717
ETH,2023-06-30,normal,0.0229843683004166,0.7459768386223478,0.7280048967494602
ETH,2023-07-03,normal,0.0276836036191668,0.7804456999372253,0.934811969146733
ETH,2023-07-04,normal,0.0256445873645364,0.6834219429676167,0.9411109524489502
ETH,2023-07-05,normal,0.0228609929411396,0.13546666666666474,0.8858774810795372
ETH,2023-07-06,normal,0.0228609929411396,0.3184121621621642,0.7983450812136067
ETH,2023-07-07,normal,0.0220979344425915,0.6779761904761907,0.5326790336496982
ETH,2023-07-10,normal,0.0191373818599552,0.804166666666665,0.5664014687882493
ETH,2023-07-11,normal,0.0187471167901467,0.1271428571428552,0.4927428753045873
ETH,2023-07-12,normal,0.0207267803597173,0.756862745098047,0.3868421052631576
ETH,2023-07-13,normal,0.0207267803597173,0.9341290893015031,0.34624060150375907
ETH,2023-07-14,normal,0.0257113700382333,0.2151063829787261,0.9584842148212368
ETH,2023-07-17,normal,0.0216746652136554,0.4333193979933101,0.49658903787344144
ETH,2023-07-18,normal,0.0207267803597173,0.11672473867596275,0.44525993883792103
ETH,2023-07-19,normal,0.0216746652136554,0.6525559105431287,0.3537481626653605
ETH,2023-07-20,normal,0.0211266835154975,0.8364617044228707,0.31170994610485125
ETH,2023-07-21,normal,0.0211112798135764,0.2692757009345753,0.32292846240953155
ETH,2023-07-24,normal,0.0207597247814987,0.3441997572394653,0.30884742257889836
ETH,2023-07-25,normal,0.0207267803597173,0.45128779395297397,0.11816257200531738
ETH,2023-07-26,normal,0.0207031671280151,0.14792899408283908,0.1558761262370149
ETH,2023-07-27,normal,0.0187471167901467,0.5637552545539476,0.22647826301019164
ETH,2023-07-28,normal,0.0163821701520114,0.8309859154929679,0.14337484687627572
ETH,2023-07-31,normal,0.0163821701520114,0.5714285714285671,0.14597795018374812
ETH,2023-08-01,normal,0.0163821701520114,0.3021346469622336,0.11713964883626002
ETH,2023-08-02,normal,0.0158902916848062,0.3993339388434776,0.2771352932980358
ETH,2023-08-03,normal,0.0161552946389012,0.5789735924265036,0.1212205656959739
ETH,2023-08-04,normal,0.0158902916848062,0.511038430089942,0.16602549596439617
ETH,2023-08-07,normal,0.0158902916848062,0.3793103448275851,0.14299349240780926
ETH,2023-08-08,normal,0.0158902916848062,0.9846261355695298,0.21330184966548538
ETH,2023-08-09,normal,0.0155469088751454,0.7540867093105862,0.42739079102715444
ETH,2023-08-10,normal,0.0152951824754598,0.13000000000000808,0.514266435319066
ETH,2023-08-11,normal,0.014980196229888,0.7105921601334425,0.4888135593220342
ETH,2023-08-14,normal,0.0152951824754598,0.7604284103720407,0.4503488372093025
ETH,2023-08-15,normal,0.0147690980169315,0.15191387559808578,0.5058139534883721
ETH,2023-08-16,normal,0.014685670018076,0.504382470119518,0.3189879404114453
ETH,2023-08-17,normal,0.014685670018076,0.22389758179232142,0.10903743920370873
ETH,2023-08-18,normal,0.020231980643518,0.7158816694968279,0.39066492364371036
ETH,2023-08-21,normal,0.0161552946389012,0.4425651867512332,0.410141323466974
ETH,2023-08-22,normal,0.0161552946389012,0.17878338278930647,0.35649299448049965
ETH,2023-08-23,normal,0.0207267803597173,0.7133990507484516,0.26029830633058715
ETH,2023-08-24,normal,0.0207031671280151,0.1806788511749379,0.3969556828274782
ETH,2023-08-25,normal,0.0205464363751108,0.43017329255860726,0.3404489908425472
ETH,2023-08-28,normal,0.0207267803597173,0.49825503355704553,0.3317815687115247
ETH,2023-08-29,normal,0.0205015309392133,0.09901433691756463,0.32013416565731834
ETH,2023-08-30,normal,0.0239013414883586,0.21192893401015303,0.5678746637126129
ETH,2023-08-31,normal,0.0207267803597173,0.5175023651844863,0.49753205128205136
ETH,2023-09-01,normal,0.022432312589759,0.4289985052316936,0.3069230769230769
ETH,2023-09-04,normal,0.0216746652136554,0.07383040935672537,0.28867366155501734
ETH,2023-09-05,normal,0.0187471167901467,0.8901893287435435,0.2859832338732594
ETH,2023-09-06,normal,0.0180584868318401,0.3866020984665063,0.324820185391746
ETH,2023-09-07,normal,0.0216746652136554,0.07452657299939025,0.3204896285576466
ETH,2023-09-08,normal,0.0174990499803767,0.22963483146067273,0.41069705740472706
ETH,2023-09-11,normal,0.0163821701520114,0.21186440677966073,0.22563917028461222
ETH,2023-09-12,normal,0.0243891780874296,0.7984874359599905,0.09700693571661279
ETH,2023-09-13,normal,0.0205015309392133,0.902264600715135,0.288414094865708
ETH,2023-09-14,normal,0.0170122475627286,0.6007857358718626,0.3566075501559369
ETH,2023-09-15,normal,0.0163821701520114,0.1605074462217355,0.44435134757715433
ETH,2023-09-18,normal,0.016832335999801,0.9516837481698411,0.42577852255271637
ETH,2023-09-19,normal,0.0158902916848062,0.6186635944700462,0.5284613845538217
ETH,2023-09-20,normal,0.0155469088751454,0.3632534024627373,0.5662407192282434
ETH,2023-09-21,normal,0.0153238913396795,0.16555939410045278,0.6565220519461832
ETH,2023-09-22,normal,0.016832335999801,0.7800766283524913,0.3808187639398522
ETH,2023-09-25,normal,0.0159561469764962,0.22279985146676518,0.35757968199151047
ETH,2023-09-26,normal,0.0153238913396795,0.4055793991416356,0.4124037700553992
ETH,2023-09-27,normal,0.0152951824754598,0.9040653904065432,0.4549064914434255
ETH,2023-09-28,normal,0.014685670018076,0.6726426076833544,0.4883385081955383
ETH,2023-09-29,normal,0.0182782517932347,0.5152662124653045,0.8807856162899849
ETH,2023-10-02,normal,0.0201402058857388,0.6527852169255485,0.9145184522922563
ETH,2023-10-03,normal,0.0174990499803767,0.3222905821107388,0.5286983350178206
ETH,2023-10-04,normal,0.0174990499803767,0.6199770378874845,0.49933507101441627
ETH,2023-10-05,normal,0.0174990499803767,0.20262823230182236,0.4445449226022657
ETH,2023-10-06,normal,0.0207267803597173,0.8353303663129086,0.2594818873344325
ETH,2023-10-09,normal,0.0187471167901467,0.13914198936978256,0.37145592850683506
ETH,2023-10-10,normal,0.0205015309392133,0.188129305776361,0.16648780487804932
ETH,2023-10-11,normal,0.0205015309392133,0.8352355867720194,0.10551219512195176
ETH,2023-10-12,normal,0.0205015309392133,0.5028719126938548,0.10936441907710119
ETH,2023-10-13,normal,0.0207267803597173,0.5734914904589976,0.08091304347826044
ETH,2023-10-16,normal,0.0170122475627286,0.8274910295335358,0.15986956521739124
ETH,2023-10-17,normal,0.020231980643518,0.07931500675980192,0.34095652173913077
ETH,2023-10-18,normal,0.0170122475627286,0.7465753424657501,0.19134782608695647
ETH,2023-10-19,normal,0.016832335999801,0.4802038416307332,0.18452173913043501
ETH,2023-10-20,normal,0.0170122475627286,0.750758560901604,0.19813043478260842
ETH,2023-10-23,normal,0.0201378654623247,0.5947191953059511,0.9535583027063145
ETH,2023-10-24,normal,0.0239013414883586,0.9679620290714926,0.8762007168458783
ETH,2023-10-25,normal,0.0229843683004166,0.5439268240799817,0.791829143919851
ETH,2023-10-26,normal,0.0223599457302053,0.4053631284916198,0.7983382326474294
ETH,2023-10-27,normal,0.0237566144062074,0.2195247933884296,0.8195855343356363
ETH,2023-10-30,normal,0.0228158148505304,0.7477858293075693,0.7956695884367566
ETH,2023-10-31,normal,0.0239013414883586,0.7397188964081213,0.8360132350380217
ETH,2023-11-01,normal,0.0256445873645364,0.20060207991242296,0.8523538631218439
ETH,2023-11-02,normal,0.0267228802611875,0.28345878465210295,0.9434071633412656
ETH,2023-11-03,normal,0.0228158148505304,0.45850091407678717,0.7774378355679534
ETH,2023-11-06,normal,0.0256445873645364,0.8870929403375325,0.9435131784617042
ETH,2023-11-07,normal,0.0267228802611875,0.2615614122327194,0.9643604744780205
ETH,2023-11-08,normal,0.0267228802611875,0.6095656417764765,0.9222800708496591
ETH,2023-11-09,normal,0.0242931165995949,0.6425847457627145,0.9260423748017218
ETH,2023-11-10,normal,0.0276836036191668,0.20386100386100808,0.9802090282410499
ETH,2023-11-13,normal,0.0243722345286277,0.5732955783053777,0.764713379043153
ETH,2023-11-14,normal,0.0266703723146918,0.2182303428454137,0.7875767848494896
ETH,2023-11-15,normal,0.0266703723146918,0.849999999999999,0.5982973517192165
ETH,2023-11-16,normal,0.0266703723146918,0.23081170623964947,0.7998878495144398
ETH,2023-11-17,normal,0.0266703723146918,0.35858101629913774,0.5319103464857213
ETH,2023-11-20,normal,0.0263210272355121,0.6369764082811739,0.6512170723574531
ETH,2023-11-21,normal,0.0266703723146918,0.2970507753116455,0.6788096032010678
ETH,2023-11-22,normal,0.0271847801468922,0.9285077730468361,0.4331999555407362
ETH,2023-11-23,normal,0.0266703723146918,0.32419898819561743,0.7949872179615434
ETH,2023-11-24,normal,0.0243722345286277,0.6347173144876337,0.7610237730061349
ETH,2023-11-27,normal,0.0239142922473746,0.026793143617904844,0.739561167893397
ETH,2023-11-28,normal,0.0243722345286277,0.6151635720601221,0.5860178463399884
ETH,2023-11-29,normal,0.0227233052080303,0.4104578704958047,0.6514592813431667
ETH,2023-11-30,normal,0.0220711291293613,0.7794725135049254,0.5356882269625308
ETH,2023-12-01,normal,0.0216746652136554,0.6658137882018509,0.6460571129159027
ETH,2023-12-04,normal,0.0239142922473746,0.7698198684068587,0.9223672870048196
ETH,2023-12-05,normal,0.0239013414883586,0.37490412639975507,0.9165226315220906
ETH,2023-12-06,normal,0.0270341801670925,0.37969685390396535,0.9596026816523714
ETH,2023-12-07,normal,0.0244617478660031,0.7165160230073931,0.8051833525218622
ETH,2023-12-08,normal,0.0271684070860085,0.366858851163781,0.9420094258783202
ETH,2023-12-11,normal,0.0303344303604982,0.3981335952848722,0.8933605849259357
ETH,2023-12-12,normal,0.0220711291293613,0.4770518358531342,0.6251922712235821
ETH,2023-12-13,normal,0.0227233052080303,0.610036758830107,0.5217391304347827
ETH,2023-12-14,normal,0.0240315556670237,0.7610452586206873,0.6576386558650109
ETH,2023-12-15,normal,0.0239142922473746,0.04063205417607154,0.7898470830736786
ETH,2023-12-18,normal,0.0235948851897579,0.1089490505734173,0.4937354419516978
ETH,2023-12-19,normal,0.0211470872106786,0.4816184971098249,0.5215668899371885
ETH,2023-12-20,normal,0.0274377311960543,0.7912899058866878,0.41099044877665813
ETH,2023-12-21,normal,0.0220979344425915,0.7877089172635748,0.43895966029724015
ETH,2023-12-22,normal,0.0244179052394267,0.6270646766169152,0.4841673243883193
ETH,2023-12-25,normal,0.0220711291293613,0.9805970149253763,0.5148393854748611
ETH,2023-12-26,normal,0.0211266835154975,0.435725962252931,0.5403282122905027
ETH,2023-12-27,normal,0.0237318104491407,0.9035264483627167,0.39902234636871564
ETH,2023-12-28,normal,0.025955186573826,0.11445485939812723,0.9139315642458098
ETH,2023-12-29,normal,0.0229843683004166,0.7913186157517931,0.6912211421628189
ETH,2024-01-01,normal,0.025955186573826,0.8140476190476204,0.5020352369380311
ETH,2024-01-02,normal,0.0227233052080303,0.5423659013692966,0.7151883353584443
ETH,2024-01-03,normal,0.0315763366075719,0.5204063758977063,0.7252126366950183
ETH,2024-01-04,normal,0.0216746652136554,0.8120915032679684,0.317293233082706
ETH,2024-01-05,normal,0.0223040424482576,0.47098494353827003,0.4832562174667439
ETH,2024-01-08,normal,0.0211112798135764,0.9569049002517933,0.35112781954887223
ETH,2024-01-09,normal,0.0237318104491407,0.3375732972485309,0.666396761133603
ETH,2024-01-10,normal,0.0237318104491407,0.3780275309287354,0.7064488143435507
ETH,2024-01-11,normal,0.0272648179118821,0.8476934342201625,0.8918799484441174
ETH,2024-01-12,normal,0.0271684070860085,0.7051999999999998,0.8788917355231686
ETH,2024-01-15,normal,0.0285912502365085,0.9069230769230742,0.6040141255750661
ETH,2024-01-16,normal,0.0261259626889203,0.946597566471386,0.6670446445927559
ETH,2024-01-17,normal,0.0274377311960543,0.27325661999168177,0.78954189075358
ETH,2024-01-18,normal,0.0223599457302053,0.15990990990990753,0.6968671029611869
ETH,2024-01-19,normal,0.0243722345286277,0.798093101514306,0.6006771204561651
ETH,2024-01-22,normal,0.0261259626889203,0.1507177033492823,0.5783872221862245
ETH,2024-01-23,normal,0.0271100155404318,0.15764067975930796,0.3469837361498085
ETH,2024-01-24,normal,0.0235020505144744,0.431268882175229,0.1383453733618902
ETH,2024-01-25,normal,0.0235400807234455,0.14372469635628274,0.1245870693723452
ETH,2024-01-26,normal,0.0261079506232277,0.7454938716654634,0.09485606418121711
ETH,2024-01-29,normal,0.0216746652136554,0.3203675344563555,0.16172963131543
ETH,2024-01-30,normal,0.0232302171792644,0.22662721893490875,0.2722439690487023
ETH,2024-01-31,normal,0.0269086826347304,0.2729463056447912,0.3185070550751025
ETH,2024-02-01,normal,0.0232302171792644,0.621572580645161,0.20950386891215242
ETH,2024-02-02,normal,0.022432312589759,0.6682227409136415,0.3051572721570036
ETH,2024-02-05,normal,0.0212637443913022,0.8844646496316053,0.27269468590375456
ETH,2024-02-06,normal,0.0187471167901467,0.6556531703590497,0.3148034831725109
ETH,2024-02-07,QUIET,0.0161552946389012,0.5275504637206826,0.5356217107846982
ETH,2024-02-08,normal,0.021935762250209,0.3304373876572756,0.7646743819355607
ETH,2024-02-09,normal,0.0220711291293613,0.902732137827433,0.7763405674065389
ETH,2024-02-12,normal,0.0237566144062074,0.3230188679245262,0.9127462590160402
ETH,2024-02-13,normal,0.0284911563757102,0.7745215311004789,0.988690620700817
ETH,2024-02-14,normal,0.0285912502365085,0.8557909604519768,0.9103958665164521
ETH,2024-02-15,normal,0.0267228802611875,0.5750375939849591,0.9810390402602683
ETH,2024-02-16,normal,0.0270667642716229,0.7907750832144517,0.9289106255423208
ETH,2024-02-19,normal,0.0270667642716229,0.6638315107330899,0.9789312977099234
ETH,2024-02-20,normal,0.0310992479656089,0.6328344773264353,0.9466501907269116
ETH,2024-02-21,normal,0.0290060942322046,0.2691227382585393,0.9769509135154898
ETH,2024-02-22,normal,0.0276011453220289,0.5983379501385039,0.9150164908941584
ETH,2024-02-23,normal,0.0247389624270327,0.19018633540372604,0.9160801018155375
ETH,2024-02-26,normal,0.0247346608713232,0.2713506965475436,0.988566221142163
ETH,2024-02-27,normal,0.0276836036191668,0.7576490789884502,0.9761757719714965
ETH,2024-02-28,normal,0.0279838979966196,0.5949312714776613,0.9478070525463731
ETH,2024-02-29,normal,0.0308252993662591,0.6830782637111268,0.9018562179559148
ETH,2024-03-01,normal,0.0276836036191668,0.8888888888888897,0.8261862181804347
ETH,2024-03-04,normal,0.0271750902050282,0.6839481555333993,0.962478961417652
ETH,2024-03-05,normal,0.0276011453220289,0.9385117252415843,0.9871105286834746
ETH,2024-03-06,normal,0.0344945536183148,0.7962752836704486,0.7566793287580574
ETH,2024-03-07,normal,0.0279192203890078,0.3959554762511674,0.9310663087748415
ETH,2024-03-08,normal,0.0279192203890078,0.9031225756400286,0.9464520908791573
ETH,2024-03-11,normal,0.0338529183265284,0.9386401326699837,0.8975971574505883
ETH,2024-03-12,normal,0.027669475205892,0.43305926155755425,0.9824089047224253
ETH,2024-03-13,normal,0.0299362066282869,0.7714324016354991,0.9040635759805365
ETH,2024-03-14,normal,0.0276011453220289,0.2029026349161623,0.9249665367422361
ETH,2024-03-15,normal,0.0315763366075719,0.32781165870007123,0.8212914308811639
ETH,2024-03-18,normal,0.0258423633286219,0.3765132238414709,0.5189956098083307
ETH,2024-03-19,normal,0.0367017803892506,0.213381607530775,0.37515254532775466
ETH,2024-03-20,normal,0.0366677687797746,0.9855929380413075,0.008228707159823299
ETH,2024-03-21,normal,0.037982172242191,0.6014199503017381,0.4434044111976558
ETH,2024-03-22,normal,0.0324805996047621,0.07272113436866974,0.42057723451839274
ETH,2024-03-25,normal,0.0358381799646495,0.18605997452819478,0.3840711035706023
ETH,2024-03-26,normal,0.0385004887102636,0.5381157154026569,0.5146332999151694
ETH,2024-03-27,normal,0.0324805996047621,0.5502058916693074,0.5116545847150458
ETH,2024-03-28,normal,0.034800059543828,0.8778117827084941,0.42861687360222106
ETH,2024-03-29,normal,0.0280485697001122,0.5173378076062641,0.48578121385054346
ETH,2024-04-01,normal,0.0314816219115908,0.2521912350597612,0.5675271843911467
ETH,2024-04-02,normal,0.0340814672464151,0.13402754450789398,0.4357195744515025
ETH,2024-04-03,normal,0.0329330770704454,0.7412623554493202,0.2330211018210013
ETH,2024-04-04,normal,0.0265191970023353,0.855489671002294,0.2897795910924714
ETH,2024-04-05,normal,0.0265191970023353,0.06764112903225855,0.3737992712818817
ETH,2024-04-08,normal,0.0283484094105127,0.9699885826129501,0.6389844126627025
ETH,2024-04-09,normal,0.0276011453220289,0.3482083388837071,0.9464510865534378
ETH,2024-04-10,normal,0.0354547946197245,0.6287972896668569,0.5750871344143049
ETH,2024-04-11,normal,0.0285912502365085,0.10403755868544533,0.6494355205334139
ETH,2024-04-12,normal,0.0263210272355121,0.6733041929739307,0.5677564782542809
ETH,2024-04-15,normal,0.0385004887102636,0.7730760178865612,0.3449488454666501
ETH,2024-04-16,normal,0.0385004887102636,0.7533698399326025,0.2844965915944962
ETH,2024-04-17,normal,0.0366677687797746,0.02961672473867282,0.26427376495089366
ETH,2024-04-18,normal,0.0396367898776453,0.8333042415779375,0.15182483413185222
ETH,2024-04-19,normal,0.037281641108714,0.900345076030489,0.2417179729376018
ETH,2024-04-22,normal,0.0349112958904931,0.6177609825224367,0.3364818882225081
ETH,2024-04-23,normal,0.0262706134898603,0.3850415512465409,0.3962627032809457
ETH,2024-04-24,normal,0.0262706134898603,0.9402772840383935,0.4181811974371522
ETH,2024-04-25,normal,0.0300124333706744,0.40202020202020383,0.3286636091543287
ETH,2024-04-26,normal,0.0262706134898603,0.13522074836665926,0.3457340874691311
ETH,2024-04-29,normal,0.0261079506232277,0.07666971637694528,0.47004592501199505
ETH,2024-04-30,normal,0.0275238050120802,0.015166835187057633,0.4759624168080385
ETH,2024-05-01,normal,0.0284704533876719,0.4161487758945378,0.21147070337987753
ETH,2024-05-02,normal,0.0275696049956927,0.9362929061784894,0.21139515909709003
ETH,2024-05-03,normal,0.0278468915289426,0.27206165703275353,0.3130829015544042
ETH,2024-05-06,normal,0.0283484094105127,0.25613275613275527,0.5910621761658027
ETH,2024-05-07,normal,0.0275238050120802,0.3875218873836496,0.45447816432272364
ETH,2024-05-08,normal,0.0235228024392675,0.15997313633310792,0.3491672834937084
ETH,2024-05-09,normal,0.0215898027620524,0.4117463779404863,0.2909141376757957
ETH,2024-05-10,normal,0.0210806170449467,0.5010615711252617,0.405680977054034
ETH,2024-05-13,normal,0.0261079506232277,0.7658006684898211,0.20779052553663943
ETH,2024-05-14,normal,0.0212637443913022,0.3275443749201904,0.24794596595114685
ETH,2024-05-15,normal,0.0235400807234455,0.49950035688793276,0.12015173945225727
ETH,2024-05-16,normal,0.0232302171792644,0.3239736638264894,0.39887120651369384
ETH,2024-05-17,normal,0.0276326831189738,0.7869523879177934,0.23630643967431494
ETH,2024-05-20,normal,0.0228194089077509,0.4996209249431403,0.5857587279640515
ETH,2024-05-21,normal,0.0289754098360656,0.7899132521225534,0.9632611174458383
ETH,2024-05-22,normal,0.0285912502365085,0.004562737642584859,0.9469751107662779
ETH,2024-05-23,normal,0.0304990983087195,0.9644635463074598,0.8940216836474264
ETH,2024-05-24,normal,0.0289754098360656,0.3913338459450899,0.8476211498312319
ETH,2024-05-27,normal,0.0289754098360656,0.606746495327102,0.8870402560494439
ETH,2024-05-28,normal,0.0290060942322046,0.7556184907728851,0.9257578475336321
ETH,2024-05-29,normal,0.0289754098360656,0.28042770804276895,0.8813363228699552
ETH,2024-05-30,normal,0.0279192203890078,0.34743110931664495,0.8120448430493272
ETH,2024-05-31,normal,0.0245585469829817,0.8808424372113984,0.7945381165919281
ETH,2024-06-03,normal,0.025955186573826,0.5922677865612623,0.8241345291479819
ETH,2024-06-04,normal,0.027669475205892,0.6278311288276872,0.8114170222322029
ETH,2024-06-05,normal,0.0270341801670925,0.4310592746445112,0.8418042117245305
ETH,2024-06-06,normal,0.0270667642716229,0.274020464187674,0.8936624710232387
ETH,2024-06-07,normal,0.0264557623575426,0.895465994962216,0.8240237590522205
ETH,2024-06-10,QUIET,0.0204981237887097,0.4412702630879609,0.43507306889352837
ETH,2024-06-11,QUIET,0.0199754108687435,0.15063050613231901,0.35459290187891424
ETH,2024-06-12,normal,0.030751647349828,0.6862745098039195,0.11987155963302738
ETH,2024-06-13,normal,0.0235400807234455,0.24592132919627752,0.23508256880733924
ETH,2024-06-14,normal,0.022432312589759,0.7765816055289754,0.07540983606557394
ETH,2024-06-17,normal,0.0269086826347304,0.225251780889218,0.4608582529050853
ETH,2024-06-18,normal,0.0264557623575426,0.3339548022598877,0.2834938912006685
ETH,2024-06-19,normal,0.0235400807234455,0.5973188102220361,0.24117790673652997
ETH,2024-06-20,normal,0.0216746652136554,0.7077971233913711,0.3859560163013884
ETH,2024-06-21,normal,0.0244428045858999,0.6309430585076599,0.29688057543147967
ETH,2024-06-24,normal,0.021935762250209,0.41474254188802595,0.12378162149980258
ETH,2024-06-25,normal,0.022432312589759,0.7081339712918681,0.17410845290129282
ETH,2024-06-26,normal,0.0215898027620524,0.24958595561444413,0.24257751331036623
ETH,2024-06-27,normal,0.0212386640832252,0.7975530491301842,0.21856033522339927
ETH,2024-06-28,QUIET,0.0200344197116976,0.4823599169878506,0.4370327296893173
ETH,2024-07-01,normal,0.0210806170449467,0.4151973507562863,0.45764434180138536
ETH,2024-07-02,QUIET,0.0163821701520114,0.7307882994546416,0.4825660485429935
ETH,2024-07-03,QUIET,0.0207049554762663,0.17192795906160646,0.4382657869934023
ETH,2024-07-04,normal,0.0210806170449467,0.17580947283917542,0.13407767224920858
ETH,2024-07-05,normal,0.0263461439138743,0.3819450234859226,0.01551081282624853
ETH,2024-07-08,normal,0.0250138455939364,0.8428863122584402,0.1482915829207314
ETH,2024-07-09,normal,0.0262706134898603,0.7146582733812943,0.2561522623658025
ETH,2024-07-10,normal,0.0232302171792644,0.7386910945320606,0.31453747732732007
ETH,2024-07-11,normal,0.0244428045858999,0.9032005481060985,0.39461731408040146
ETH,2024-07-12,normal,0.0235760084190423,0.33757257395631773,0.40502699527233077
ETH,2024-07-15,normal,0.0250148313494181,0.7616254113607088,0.6085545640193581
ETH,2024-07-16,normal,0.0245585469829817,0.4817153380689279,0.9418832349567794
ETH,2024-07-17,normal,0.0244092126462867,0.33810497614178825,0.886969535905111
ETH,2024-07-18,normal,0.0283390304712266,0.9718999742201562,0.8071306683078302
ETH,2024-07-19,normal,0.0280612909444244,0.3746938775510199,0.8623101239264833
ETH,2024-07-22,normal,0.0279838979966196,0.39440031001743786,0.984966078697422
ETH,2024-07-23,normal,0.0267228802611875,0.7893140064048539,0.8363220955872582
ETH,2024-07-24,normal,0.0263210272355121,0.44393939393939474,0.8933211126165618
ETH,2024-07-25,normal,0.0270460500324679,0.2,0.6984538136606357
ETH,2024-07-26,normal,0.0235228024392675,0.7442513603651056,0.4765817140077293
ETH,2024-07-29,normal,0.0216746652136554,0.8495923725300538,0.4762893239325718
ETH,2024-07-30,normal,0.024339099827754,0.71516393442623,0.5450057533127942
ETH,2024-07-31,normal,0.021057340079092,0.868999999999999,0.4516858711623231
ETH,2024-08-01,normal,0.0215898027620524,0.4785694534058435,0.36184363158301713
ETH,2024-08-02,normal,0.0235760084190423,0.28947368421052605,0.2555509527754765
ETH,2024-08-05,EXPANSION,0.0504842944189135,0.28017974442589477,0.06316331124975887
ETH,2024-08-06,EXPANSION,0.0441413036484138,0.35254534815681604,0.21255389786612672
ETH,2024-08-07,EXPANSION,0.0400369191412665,0.3774544876381273,0.24130401840448532
ETH,2024-08-08,EXPANSION,0.044667962907568,0.8839032746919688,0.15966166604675522
ETH,2024-08-09,EXPANSION,0.0441413036484138,0.16576239476146154,0.39364384014547255
ETH,2024-08-12,EXPANSION,0.0413985413985414,0.9445567427086345,0.31075524475524485
ETH,2024-08-13,EXPANSION,0.0413985413985414,0.24006347832359642,0.4439941314042505
ETH,2024-08-14,EXPANSION,0.0400369191412665,0.8235143769968,0.4599889560341275
ETH,2024-08-15,EXPANSION,0.0413985413985414,0.5719483568075132,0.42810922637796794
ETH,2024-08-16,EXPANSION,0.0413985413985414,0.7872423689016439,0.35689897882202876
ETH,2024-08-19,normal,0.036413758914186,0.23908095805787308,0.3991954755456429
ETH,2024-08-20,normal,0.0349112958904931,0.33982412060301204,0.4240193704600485
ETH,2024-08-21,normal,0.0358381799646495,0.4049538038136417,0.4081232270208649
ETH,2024-08-22,normal,0.032356648474044,0.9572068336374203,0.469221740700614
ETH,2024-08-23,normal,0.0243213590301598,0.496547837114272,0.564353597495094
ETH,2024-08-26,normal,0.0258290234256159,0.3508276658539683,0.8554289963989355
ETH,2024-08-27,normal,0.023514528705172,0.09134853743182829,0.7269649287615465
ETH,2024-08-28,normal,0.0262706134898603,0.8277089291388615,0.2740792634107283
ETH,2024-08-29,normal,0.025723664380045,0.6934859722670144,0.31699606594230023
ETH,2024-08-30,normal,0.0240490437448029,0.2734177215189841,0.315310041213938
ETH,2024-09-02,normal,0.0275696049956927,0.8300007166917494,0.07671412514050151
ETH,2024-09-03,normal,0.0232302171792644,0.2585916442048573,0.3396637317347326
ETH,2024-09-04,normal,0.0280485697001122,0.5782073813708264,0.07570719370550752
ETH,2024-09-05,normal,0.0265191970023353,0.1381019067111937,0.28062725236193625
ETH,2024-09-06,normal,0.0263461439138743,0.5934166762243348,0.1210869776955291
ETH,2024-09-09,normal,0.0323496245771335,0.6085520884926536,0.2192097990888043
ETH,2024-09-10,normal,0.0275696049956927,0.4814737282813483,0.31212189110463795
ETH,2024-09-11,normal,0.0242174716714747,0.22597541421699932,0.3554709089551122
ETH,2024-09-12,normal,0.0277324363984105,0.2638723909723439,0.28381507207409074
ETH,2024-09-13,normal,0.0250138455939364,0.43735528685361585,0.3154977966987827
ETH,2024-09-16,normal,0.0262706134898603,0.5487768644151745,0.30131226907886316
ETH,2024-09-17,normal,0.0242174716714747,0.7422185430463553,0.3262448016185224
ETH,2024-09-18,normal,0.025723664380045,0.3281117696867077,0.4299201978194898
ETH,2024-09-19,normal,0.0237318104491407,0.9348021582733812,0.5411798783431494
ETH,2024-09-20,normal,0.024339099827754,0.7996582974298038,0.7595346142705418
ETH,2024-09-23,normal,0.0275733168189397,0.7464650190581592,0.8930127380606611
ETH,2024-09-24,normal,0.0270667642716229,0.4704370179948562,0.8988719285856549
ETH,2024-09-25,normal,0.0276520728399846,0.267905351754803,0.9101526427290992
ETH,2024-09-26,normal,0.0266049057795556,0.874780573434759,0.7775182428884416
ETH,2024-09-27,normal,0.025955186573826,0.5895833333333319,0.8535613481653662
ETH,2024-09-30,normal,0.0264557623575426,0.4616940581542354,0.8509481111274437
ETH,2024-10-01,normal,0.023514528705172,0.6344333899538936,0.7346338800109198
ETH,2024-10-02,normal,0.0303628718646704,0.25796610169491185,0.41032317674975344
ETH,2024-10-03,normal,0.0261079506232277,0.3971178832979001,0.23458138216333135
ETH,2024-10-04,normal,0.0240490437448029,0.8653669302924374,0.20455261334285357
ETH,2024-10-07,normal,0.0243213590301598,0.6107903852209516,0.37983279963895095
ETH,2024-10-08,normal,0.0243213590301598,0.6717291857273554,0.3221424455967734
ETH,2024-10-09,normal,0.0232302171792644,0.3088585661685021,0.3126851409460103
ETH,2024-10-10,normal,0.0235020505144744,0.8986969314838131,0.1444577161968462
ETH,2024-10-11,normal,0.0232302171792644,0.8462101794214637,0.18272814142379312
ETH,2024-10-14,normal,0.0212637443913022,0.8997524752475271,0.37962255136168155
ETH,2024-10-15,normal,0.0247226073586025,0.08365995404783914,0.7639512661251793
ETH,2024-10-16,normal,0.0253862007885421,0.7868909311600495,0.7104873387482081
ETH,2024-10-17,normal,0.0274222622803064,0.02929838087895978,0.7193024366937409
ETH,2024-10-18,normal,0.0267228802611875,0.4620264636577887,0.7500950931913282
ETH,2024-10-21,normal,0.0247226073586025,0.04936095196121815,0.9730734966592425
ETH,2024-10-22,normal,0.0242931165995949,0.2742968532442248,0.7763123530948024
ETH,2024-10-23,normal,0.0225973371576967,0.21401020281199254,0.6807913293288064
ETH,2024-10-24,normal,0.0237566144062074,0.43905325443786575,0.4419807666013404
ETH,2024-10-25,QUIET,0.0199754108687435,0.9704439252336478,0.46752654847089975
ETH,2024-10-28,normal,0.0237257307220507,0.758861365813604,0.4036734879905206
ETH,2024-10-29,normal,0.0210668324049827,0.9237601776461878,0.539674581833098
ETH,2024-10-30,normal,0.024339099827754,0.6146220570012381,0.702201358187868
ETH,2024-10-31,normal,0.0225973371576967,0.3009773434029261,0.7154687580620195
ETH,2024-11-01,normal,0.0244179052394267,0.7284232997865208,0.3515727984698494
ETH,2024-11-04,normal,0.0232302171792644,0.7384751773049649,0.19421541006487605
ETH,2024-11-05,normal,0.0237257307220507,0.9365361803084261,0.09861856320862343
ETH,2024-11-06,normal,0.0275238050120802,0.9358096241657891,0.1577120104882373
ETH,2024-11-07,normal,0.0289345562222048,0.6596864439643246,0.8844108864017088
ETH,2024-11-08,normal,0.0288897341273413,0.7887871853546908,0.9630451908615622
ETH,2024-11-11,normal,0.0285912502365085,0.5791095890410939,0.9266945775762406
ETH,2024-11-12,normal,0.0285912502365085,0.18451645871481473,0.9844469039436128
ETH,2024-11-13,normal,0.0303445260756389,0.27785219265039907,0.8168511673779393
ETH,2024-11-14,normal,0.0311161368307886,0.3223653395784563,0.764644071858495
ETH,2024-11-15,normal,0.0280334453473874,0.7645136320632999,0.6463485450406026
ETH,2024-11-18,normal,0.0316787298250641,0.37021063189568626,0.6621839599598123
ETH,2024-11-19,normal,0.0326236914888747,0.30700246618339394,0.783668691412191
ETH,2024-11-20,normal,0.0324805996047621,0.2809696206516583,0.6911633223032325
ETH,2024-11-21,normal,0.0358381799646495,0.884806842880179,0.6566258952355493
ETH,2024-11-22,normal,0.0316233740891275,0.36237965934337113,0.920094754403591
ETH,2024-11-25,normal,0.0276836036191668,0.8017533812062203,0.8779426381439326
ETH,2024-11-26,normal,0.0289754098360656,0.16673635793435115,0.8826574097091515
ETH,2024-11-27,normal,0.0283390304712266,0.9590387766247952,0.7380336886339226
ETH,2024-11-28,normal,0.0305060244750026,0.479570608304902,0.9603766968892452
ETH,2024-11-29,normal,0.0272648179118821,0.7599533323610893,0.8548570178197781
ETH,2024-12-02,normal,0.0279192203890078,0.13685537233483844,0.9464836815512767
ETH,2024-12-03,normal,0.0304725157018354,0.23529411764705882,0.8436217303822938
ETH,2024-12-04,normal,0.0280334453473874,0.7598253275109158,0.8048423876592894
ETH,2024-12-05,normal,0.0294093037525526,0.8948020498958142,0.943350826133786
ETH,2024-12-06,normal,0.0304725157018354,0.44293066908870754,0.8156682027649768
ETH,2024-12-09,normal,0.0294093037525526,0.1533512364328068,0.9210257767026987
ETH,2024-12-10,normal,0.0272648179118821,0.37488680953818215,0.6449750548038401
ETH,2024-12-11,normal,0.0345209578003541,0.9139152290643199,0.5645317209090736
ETH,2024-12-12,normal,0.0289754098360656,0.9559710494571789,0.6937766982159309
ETH,2024-12-13,normal,0.027669475205892,0.8810198300283286,0.7533653213358382
ETH,2024-12-16,normal,0.0267228802611875,0.06176131449985387,0.8460746891938785
ETH,2024-12-17,normal,0.0289754098360656,0.599069014369558,0.8490687856965479
ETH,2024-12-18,normal,0.025955186573826,0.5783870643768189,0.6466107272128991
ETH,2024-12-19,normal,0.0261079506232277,0.7734840814489823,0.20862125699243195
ETH,2024-12-20,EXPANSION,0.0441413036484138,0.3687379708551009,0.11550576184379006
ETH,2024-12-23,EXPANSION,0.0438722598803622,0.9039343140608966,0.1788746396262052
ETH,2024-12-24,normal,0.0353742385393021,0.4517093218755852,0.31874937866587144
ETH,2024-12-25,normal,0.032356648474044,0.2299168975069252,0.38898498856745173
ETH,2024-12-26,normal,0.0285698919590782,0.06634140536681192,0.3927825827617058
ETH,2024-12-27,normal,0.0279612418429898,0.7728498651483391,0.23178248334824542
ETH,2024-12-30,normal,0.033463026791567,0.7434930892119915,0.25308678795108847
ETH,2024-12-31,normal,0.0281629860162584,0.7881528144686004,0.25841534943831396
ETH,2025-01-01,normal,0.0261079506232277,0.6156949028236147,0.23449647082214942
ETH,2025-01-02,normal,0.0278468915289426,0.9948630136986313,0.25696391291380855
ETH,2025-01-03,normal,0.0250148313494181,0.7536853890651196,0.35169499950293265
ETH,2025-01-06,normal,0.0247226073586025,0.3648323990390107,0.5682292109966802
ETH,2025-01-07,normal,0.0247226073586025,0.10450139423715173,0.727129357126004
ETH,2025-01-08,normal,0.0281629860162584,0.30554788849020165,0.43458852441167767
ETH,2025-01-09,normal,0.0339253574218087,0.3325683060109272,0.35056693574728187
ETH,2025-01-10,normal,0.0339253574218087,0.9054467014200974,0.10428914677163714
ETH,2025-01-13,normal,0.0285698919590782,0.02327759197324427,0.18625496310686263
ETH,2025-01-14,normal,0.0326317374162336,0.4401618073576559,0.26370282361213854
ETH,2025-01-15,normal,0.0364878350055614,0.2465525079557514,0.3705369591309726
ETH,2025-01-16,normal,0.0306536135553422,0.35676921160792124,0.6443994520082926
ETH,2025-01-17,normal,0.0262706134898603,0.7886118598382758,0.4704605797558287
ETH,2025-01-20,normal,0.0320394999714596,0.5186066707407284,0.3577949395633038
ETH,2025-01-21,normal,0.0319764762273473,0.8399377763222552,0.4413030563873768
ETH,2025-01-22,normal,0.0300124333706744,0.4680989583333327,0.4940896912090976
ETH,2025-01-23,normal,0.0283390304712266,0.24561173696620336,0.3911108955784828
ETH,2025-01-24,normal,0.0261079506232277,0.8828394210889041,0.5070256901422112
ETH,2025-01-27,normal,0.0262706134898603,0.30997575983591275,0.4003406500525063
ETH,2025-01-28,normal,0.0241044167623899,0.3273567726572319,0.4332694974575714
ETH,2025-01-29,normal,0.0243963751084074,0.5881926181191592,0.26038433599683
ETH,2025-01-30,normal,0.0283484094105127,0.9293023926203522,0.32011490457637215
ETH,2025-01-31,normal,0.0243213590301598,0.938116776315791,0.5404972594598164
ETH,2025-02-03,EXPANSION,0.0469558428133918,0.6069824771803582,0.1535076966748814
ETH,2025-02-04,normal,0.0350368098159508,0.6143247107760291,0.538933826416603
ETH,2025-02-05,normal,0.0346122058039748,0.7853813559322042,0.4327662399782967
ETH,2025-02-06,normal,0.032356648474044,0.150827052950967,0.4735027236187362
ETH,2025-02-07,normal,0.0396271812002148,0.8682014388489186,0.4101345134294351
ETH,2025-02-10,normal,0.0408906008003836,0.7771585020044982,0.38266402499428465
ETH,2025-02-11,normal,0.0370589649576245,0.4678035470668531,0.40858035510172974
ETH,2025-02-12,normal,0.0327447495293458,0.8029623590161711,0.36392593157052505
ETH,2025-02-13,normal,0.036413758914186,0.0913323782234979,0.46731692448373074
ETH,2025-02-14,normal,0.0310374022012597,0.38970331588132384,0.419766821610912
ETH,2025-02-17,normal,0.0284704533876719,0.909547738693466,0.40874799969519143
ETH,2025-02-18,normal,0.0300213578798544,0.48997709049255483,0.47172140516650163
ETH,2025-02-19,normal,0.0294455066921604,0.6077394543925027,0.41681018059894814
ETH,2025-02-20,normal,0.0262706134898603,0.6615635844049805,0.4499657090604282
ETH,2025-02-21,normal,0.0275696049956927,0.7621795478195075,0.507908233013248
ETH,2025-02-24,normal,0.034208045562241,0.08326900313931265,0.813259878419453
ETH,2025-02-25,normal,0.0329330770704454,0.5293062200956933,0.11151274173142976
ETH,2025-02-26,normal,0.031330694275274,0.09750911300121641,0.3348525222824589
ETH,2025-02-27,normal,0.0438722598803622,0.5597091094667043,0.13685239491691087
ETH,2025-02-28,normal,0.0436280346479308,0.18569266980497606,0.12309140514064112
ETH,2025-03-03,normal,0.0392284788206471,0.19985124907030621,0.5656910943821375
ETH,2025-03-04,normal,0.0481966483507078,0.6144065218713896,0.09314026732216932
ETH,2025-03-05,normal,0.0415097856477166,0.5313977042538789,0.20634387946397592
ETH,2025-03-06,normal,0.0396367898776453,0.41598840450440533,0.28744184970028014
ETH,2025-03-07,normal,0.0413985413985414,0.6100183164768662,0.24185895803920632
ETH,2025-03-10,normal,0.0415097856477166,0.8508049649748052,0.03543933247280103
ETH,2025-03-11,normal,0.0497484120303053,0.9112884834663617,0.0526004220255315
ETH,2025-03-12,normal,0.0436280346479308,0.5992571959145769,0.15334614617518544
ETH,2025-03-13,normal,0.0417384295795932,0.7329958873774133,0.13953910032092548
ETH,2025-03-14,normal,0.0439866344871274,0.8723861637678334,0.10000362627599581
ETH,2025-03-17,normal,0.0422316094849493,0.8379552980132424,0.16667085269370843
ETH,2025-03-18,normal,0.036413758914186,0.11960887026366578,0.21603666959688558
ETH,2025-03-19,normal,0.0358381799646495,0.9536778212602831,0.22260454602536733
ETH,2025-03-20,normal,0.0306342474894255,0.1710769230769214,0.3789777721964084
ETH,2025-03-21,normal,0.0294455066921604,0.2544231248442564,0.2882205199045586
ETH,2025-03-24,normal,0.0266049057795556,0.9103131920278382,0.44494528998957084
ETH,2025-03-25,normal,0.0240087271678176,0.521280105575717,0.5778932668681833
ETH,2025-03-26,normal,0.0243213590301598,0.70773012838023,0.5512895299711871
ETH,2025-03-27,normal,0.0240490437448029,0.500471920717319,0.5062377278406952
ETH,2025-03-28,normal,0.024339099827754,0.2548797380682536,0.5188390720898787
ETH,2025-03-31,normal,0.0276326831189738,0.8195663859523392,0.15281708258296892
ETH,2025-04-01,normal,0.0241195991880658,0.6035456336178581,0.16271327507282562
ETH,2025-04-02,normal,0.025723664380045,0.24588235294117688,0.4080910766304023
ETH,2025-04-03,normal,0.0326317374162336,0.1585266348059231,0.08183223351762668
ETH,2025-04-04,normal,0.0250138455939364,0.3269230769230778,0.18985625935443787
ETH,2025-04-07,normal,0.0399229622266401,0.3548402972587228,0.07634881135172338
ETH,2025-04-08,normal,0.041875765598451,0.6090428957877098,0.20491992497475103
ETH,2025-04-09,normal,0.0452661196350776,0.6303139013452912,0.09003029865820239
ETH,2025-04-10,normal,0.0471132321152526,0.13059520341780798,0.3955998108641838
ETH,2025-04-11,normal,0.0491416325093104,0.6738832897847447,0.19080466164158766
ETH,2025-04-14,normal,0.0452661196350776,0.8525337222019681,0.29847751350592866
ETH,2025-04-15,normal,0.0441317395470822,0.4709008769598718,0.3438976604817333
ETH,2025-04-16,normal,0.0429564404505224,0.6198797444569709,0.31231125350666067
ETH,2025-04-17,normal,0.0396367898776453,0.5441098784997349,0.30447945726604125
ETH,2025-04-18,normal,0.0358381799646495,0.8884854771784302,0.3471806976134276
ETH,2025-04-21,normal,0.0306342474894255,0.6144879267277257,0.3537197307456944
ETH,2025-04-22,normal,0.0338619558626639,0.9293359762140723,0.3400996590611067
ETH,2025-04-23,normal,0.036193244495072,0.7370732931726904,0.8066100258577606
ETH,2025-04-24,normal,0.0294495656798439,0.3832877038447783,0.909881721145951
ETH,2025-04-25,normal,0.028407340203362,0.9488023404644368,0.8550276783530828
ETH,2025-04-28,normal,0.0291205034303726,0.8445910290237469,0.8599127894669996
ETH,2025-04-29,normal,0.0288183798947724,0.7600725952813058,0.8780957622454597
ETH,2025-04-30,normal,0.0316233740891275,0.9697219928433826,0.8456203907361882
ETH,2025-05-01,normal,0.0280612909444244,0.8049721388769812,0.819011449948985
ETH,2025-05-02,normal,0.0274679476633873,0.5256509409641691,0.895626804798904
ETH,2025-05-05,normal,0.025955186573826,0.4253968253968277,0.8085499092018691
ETH,2025-05-06,normal,0.0262505684402,0.16507020076105694,0.8422791819237295
ETH,2025-05-07,normal,0.0244195688225538,0.8164088769334216,0.8327825905748562
ETH,2025-05-08,normal,0.0262505684402,0.933960578812601,0.8152481319401025
ETH,2025-05-09,normal,0.0377835192632183,0.5701429980276134,0.9729796439875713
ETH,2025-05-12,normal,0.0303445260756389,0.33596360275822984,0.9126317853707734
ETH,2025-05-13,normal,0.0303344303604982,0.8901088929219587,0.8573632227277769
ETH,2025-05-14,normal,0.0326236914888747,0.31957443943168884,0.9421130366285939
ETH,2025-05-15,normal,0.0305060244750026,0.2970915181970454,0.872109654350417
ETH,2025-05-16,normal,0.0338529183265284,0.785961220502029,0.8114719904648391
ETH,2025-05-19,normal,0.0358381799646495,0.4186581160384768,0.760905840286055
ETH,2025-05-20,normal,0.034208045562241,0.22629937629937547,0.7910607866507746
ETH,2025-05-21,normal,0.0316787298250641,0.3787700744222487,0.7827572225038014
ETH,2025-05-22,normal,0.0367017803892506,0.7806056199033925,0.8099239736441964
ETH,2025-05-23,normal,0.033471359558316,0.08617584456693753,0.9253117080587939
ETH,2025-05-26,normal,0.0294495656798439,0.6424606845513405,0.8101571211353267
ETH,2025-05-27,normal,0.0294093037525526,0.9837845265906271,0.8162881375526804
ETH,2025-05-28,normal,0.0280612909444244,0.7949180327868817,0.9164434979941707
ETH,2025-05-29,normal,0.0315763366075719,0.5188666666666661,0.8973239258711224
ETH,2025-05-30,normal,0.0294093037525526,0.5807114765820522,0.6674946921443734
ETH,2025-06-02,normal,0.0275696049956927,0.08182945309271308,0.46472600529271285
ETH,2025-06-03,normal,0.0285401813733412,0.4633738432378233,0.6114589384453191
ETH,2025-06-04,normal,0.0304725157018354,0.6150375939849638,0.5812302330084557
ETH,2025-06-05,normal,0.0274705158365401,0.5063456513624514,0.612039845951935
ETH,2025-06-06,normal,0.0275488286128178,0.8426956289504138,0.1953570429656408
ETH,2025-06-09,normal,0.0268888695572927,0.9225230414746529,0.3157117906078573
ETH,2025-06-10,normal,0.027669475205892,0.8399388301261608,0.7346436742023571
ETH,2025-06-11,normal,0.0276836036191668,0.22569873856047454,0.9762070436129382
ETH,2025-06-12,normal,0.0276011453220289,0.14298724954462746,0.7837984449400284
ETH,2025-06-13,normal,0.0277243702576379,0.4887526484244697,0.5247021477507892
ETH,2025-06-16,normal,0.0267189411235023,0.8280524883981455,0.33375524882968743
ETH,2025-06-17,normal,0.0270460500324679,0.20767613038906502,0.3268438711751357
ETH,2025-06-18,normal,0.0269086826347304,0.4254364089775579,0.25809173648363576
ETH,2025-06-19,normal,0.0243963751084074,0.6295750429869832,0.2883290137222997
ETH,2025-06-20,normal,0.0237257307220507,0.7039473684210547,0.28053362264681675
ETH,2025-06-23,normal,0.0339793593633529,0.7743828409550774,0.1509259379927801
ETH,2025-06-24,normal,0.031330694275274,0.6338313964213264,0.39066633651753485
ETH,2025-06-25,normal,0.0281629860162584,0.3491647559777224,0.43861180978197123
ETH,2025-06-26,normal,0.0261079506232277,0.375022143489815,0.399567330874591
ETH,2025-06-27,normal,0.0262706134898603,0.7989137143562521,0.3962701836237345
ETH,2025-06-30,normal,0.0256472256488649,0.29538950715421214,0.5059101038666549
ETH,2025-07-01,normal,0.0256472256488649,0.1490131578947355,0.48685702370557643
ETH,2025-07-02,normal,0.024339099827754,0.8357282446258191,0.4355811810859814
ETH,2025-07-03,normal,0.0285912502365085,0.6565864471184302,0.8066144779663994
ETH,2025-07-04,normal,0.0271910211232395,0.28812664907651836,0.8432755739291052
ETH,2025-07-07,normal,0.0267449445531637,0.22973964063072522,0.8755753327858519
ETH,2025-07-08,normal,0.0265602641717116,0.8344392296488101,0.8219858291476481
ETH,2025-07-09,normal,0.028418727360288,0.6405103110800379,0.9613261778804836
ETH,2025-07-10,normal,0.0276011453220289,0.3636103561722232,0.9605176573810046
ETH,2025-07-11,normal,0.0267228802611875,0.5557753164556958,0.9451531904831608
ETH,2025-07-14,normal,0.0256445873645364,0.7711610212890468,0.897894026830548
ETH,2025-07-15,normal,0.0244617478660031,0.5361472338549725,0.9022816901408449
ETH,2025-07-16,normal,0.0270667642716229,0.7716256524981362,0.9918951163212906
ETH,2025-07-17,normal,0.0285912502365085,0.723173179081572,0.9490019011406843
ETH,2025-07-18,normal,0.0305570291777187,0.7140544915025612,0.9595198358888771
ETH,2025-07-21,normal,0.0303344303604982,0.8178249678249683,0.9532434070930585
ETH,2025-07-22,normal,0.0305060244750026,0.48739772664872966,0.9343174176193678
ETH,2025-07-23,normal,0.0305060244750026,0.25780746941403576,0.9178862140630413
ETH,2025-07-24,normal,0.0304725157018354,0.9372768681521602,0.8327921140745872
ETH,2025-07-25,normal,0.0308252993662591,0.8520549526668197,0.888444298677162
ETH,2025-07-28,normal,0.0305075785415417,0.41832177135797755,0.9943077501603709
ETH,2025-07-29,normal,0.0308252993662591,0.6099980673838823,0.8949097852311244
ETH,2025-07-30,normal,0.0285401813733412,0.15600311561143795,0.875824546604808
ETH,2025-07-31,normal,0.0301283541230856,0.6720495881249491,0.8736923299426312
ETH,2025-08-01,normal,0.0304725157018354,0.3917971970321501,0.7660801234151279
ETH,2025-08-04,normal,0.0271910211232395,0.7799503078751182,0.559501854165427
ETH,2025-08-05,normal,0.0330954095510291,0.5344674556213007,0.7380833333333331
ETH,2025-08-06,normal,0.0283484094105127,0.6348275862068955,0.4779683607571839
ETH,2025-08-07,normal,0.0270667642716229,0.9150130082130292,0.5607956094900461
ETH,2025-08-08,normal,0.0271684070860085,0.49123680541724646,0.9476922552495226
ETH,2025-08-11,normal,0.027351589467769,0.08387563268257373,0.9161521792460539
ETH,2025-08-12,normal,0.037238084898491,0.708960472640313,0.8584836689126442
ETH,2025-08-13,normal,0.0280334453473874,0.8332349275077083,0.9617401316301292
ETH,2025-08-14,normal,0.0378601514936996,0.3775737588020307,0.9758318935064388
ETH,2025-08-15,normal,0.0289754098360656,0.8448020629387325,0.8317942136539911
ETH,2025-08-18,normal,0.0377835192632183,0.15745399071699892,0.7798245124571045
ETH,2025-08-19,normal,0.0289754098360656,0.5909277504105107,0.668687051865078
ETH,2025-08-20,normal,0.0316300356890194,0.7434065934065944,0.5031038138548671
ETH,2025-08-21,normal,0.0308515752405355,0.182311359526552,0.6848478084981724
ETH,2025-08-22,normal,0.0316233740891275,0.44724420380397417,0.6075244817677092
ETH,2025-08-25,normal,0.0415097856477166,0.2811524020072282,0.8747997561632571
ETH,2025-08-26,normal,0.0392160815500968,0.750549024673815,0.5830790110513506
ETH,2025-08-27,normal,0.0377835192632183,0.6544199925400955,0.727953252110148
ETH,2025-08-28,normal,0.0358381799646495,0.764518456174101,0.5820223258232882
ETH,2025-08-29,normal,0.0366677687797746,0.14083156726208404,0.5310529916329002
ETH,2025-09-01,normal,0.0319377340730777,0.25651422993166506,0.3700238631548429
ETH,2025-09-02,normal,0.0325482376576063,0.5816866297805043,0.28379312651932476
ETH,2025-09-03,normal,0.0294210641957975,0.8600097418412098,0.2971743348424364
ETH,2025-09-04,normal,0.0308220216357748,0.4081729252129985,0.43540221682017904
ETH,2025-09-05,normal,0.0319764762273473,0.9180530330548509,0.2648921697629299
ETH,2025-09-08,normal,0.0269086826347304,0.5684873234643458,0.27452663975556957
ETH,2025-09-09,normal,0.0267189411235023,0.6714870136047963,0.2747273578804166
ETH,2025-09-10,normal,0.0256472256488649,0.9256810897435891,0.14070264955220751
ETH,2025-09-11,normal,0.0261079506232277,0.8202367179852288,0.1893940404862615
ETH,2025-09-12,normal,0.0275696049956927,0.6953260242354322,0.33264537571867003
ETH,2025-09-15,normal,0.0270341801670925,0.18848076252469764,0.7049306487695751
ETH,2025-09-16,normal,0.0237566144062074,0.27070189274448747,0.5604116331096198
ETH,2025-09-17,normal,0.0243213590301598,0.2950784669584745,0.5202326621923943
ETH,2025-09-18,normal,0.0237566144062074,0.41591180994701665,0.6799463087248323
ETH,2025-09-19,normal,0.0222847228239016,0.05204362088837568,0.6748098434004478
ETH,2025-09-22,normal,0.0275238050120802,0.26094330681166245,0.3917991600419986
ETH,2025-09-23,QUIET,0.0207597247814987,0.6776866713189114,0.1763244554855855
ETH,2025-09-24,QUIET,0.0207597247814987,0.8695024077046535,0.1260326997515747
ETH,2025-09-25,QUIET,0.021057340079092,0.18415212347422666,0.11366838216267593
ETH,2025-09-26,normal,0.0263461439138743,0.4410143329658213,0.06219875099543165
ETH,2025-09-29,QUIET,0.0219330250478481,0.5523177434408385,0.3428056498595917
ETH,2025-09-30,QUIET,0.021980968111726,0.28279279279279573,0.4192023974181649
ETH,2025-10-01,normal,0.0237257307220507,0.8549632699190044,0.34593863950710396
ETH,2025-10-02,normal,0.021980968111726,0.6253057781526782,0.5585208935831342
ETH,2025-10-03,normal,0.0225973371576967,0.3821969696969683,0.7013600737667134
ETH,2025-10-06,normal,0.0243213590301598,0.7918406072106292,0.8430925771878423
ETH,2025-10-07,normal,0.0244195688225538,0.7595088024342609,0.943622207985406
ETH,2025-10-08,normal,0.0263210272355121,0.7979745788984179,0.6730851063829786
ETH,2025-10-09,normal,0.024339099827754,0.24189503442615515,0.756085106382979
ETH,2025-10-10,normal,0.0250148313494181,0.369267198404788,0.5883936170212768
ETH,2025-10-13,normal,0.032356648474044,0.21332586786114127,0.5434015151515151
ETH,2025-10-14,normal,0.0365022223854829,0.21453832055551267,0.6104924242424246
ETH,2025-10-15,normal,0.0353742385393021,0.2526509619658356,0.5227424242424246
ETH,2025-10-16,normal,0.0364502763504637,0.8762834417932024,0.417128787878788
ETH,2025-10-17,normal,0.0415097856477166,0.37702482333756127,0.3481136363636365
ETH,2025-10-20,normal,0.0358381799646495,0.71524041456646,0.4148333333333333
ETH,2025-10-21,normal,0.0353742385393021,0.3251125464865939,0.41228787878787865
ETH,2025-10-22,normal,0.036413758914186,0.32876254180602,0.33185606060606077
ETH,2025-10-23,normal,0.032356648474044,0.7530893118594445,0.2807045454545456
ETH,2025-10-24,normal,0.0322191413921258,0.737322077762033,0.3195454545454547
ETH,2025-10-27,normal,0.0267449445531637,0.470972214199065,0.5480757575757575
ETH,2025-10-28,normal,0.0259288073075061,0.5879789824426536,0.6101068566340158
ETH,2025-10-29,normal,0.0253073310437726,0.6442441054091586,0.49629737715682304
ETH,2025-10-30,normal,0.0281629860162584,0.3456584960531777,0.4881862658168425
ETH,2025-10-31,normal,0.0262706134898603,0.9233742228196951,0.24937179151186303
ETH,2025-11-03,normal,0.0243263131062941,0.18335372350921528,0.39410406194810466
ETH,2025-11-04,normal,0.0276326831189738,0.26364291598023115,0.06477190962728416
ETH,2025-11-05,normal,0.041875765598451,0.927472184672976,0.19223377231098346
ETH,2025-11-06,normal,0.0359921947504937,0.06200122774708543,0.3069138979878333
ETH,2025-11-07,normal,0.036413758914186,0.15058673911786932,0.2157062637876862
ETH,2025-11-10,normal,0.0396367898776453,0.36298122510904784,0.4399191122401229
ETH,2025-11-11,normal,0.0350368098159508,0.07038855862841442,0.42687512534260297
ETH,2025-11-12,normal,0.0349112958904931,0.8899664304364056,0.30145731666555264
ETH,2025-11-13,normal,0.0399229622266401,0.6561968537414968,0.29908416337990507
ETH,2025-11-14,normal,0.0429564404505224,0.27889273356401395,0.14584865298482513
ETH,2025-11-17,normal,0.0452661196350776,0.8191266295924867,0.07792241048184026
ETH,2025-11-18,normal,0.0441413036484138,0.8069434670419922,0.06682138878574084
ETH,2025-11-19,normal,0.0422798296156469,0.8090448517359582,0.176714761819234
ETH,2025-11-20,normal,0.0441413036484138,0.5605159984823583,0.14535846600101487
ETH,2025-11-21,normal,0.04943087864631,0.3881777810948989,0.039185619825920115
ETH,2025-11-24,normal,0.041875765598451,0.3328716904276996,0.17248239827701076
ETH,2025-11-25,normal,0.0438722598803622,0.5985338092022734,0.31853082353850165
ETH,2025-11-26,normal,0.0413985413985414,0.1354527331864428,0.3243063134410524
ETH,2025-11-27,normal,0.0396367898776453,0.03191875226696078,0.38920813977071866
ETH,2025-11-28,normal,0.0327447495293458,0.5001798345522105,0.378265614587458
ETH,2025-12-01,normal,0.0300213578798544,0.1099717701760205,0.35882697374841427
ETH,2025-12-02,normal,0.0291122070289829,0.8730644236283717,0.18193692853144244
ETH,2025-12-03,normal,0.035117602069577,0.9557911582316456,0.39532193532639265
ETH,2025-12-04,normal,0.0288183798947724,0.09058385804236366,0.8920459929873331
ETH,2025-12-05,normal,0.0291205034303726,0.23891942462869714,0.8149433189965307
ETH,2025-12-08,normal,0.0306536135553422,0.6842784336494421,0.7073510814228735
ETH,2025-12-09,normal,0.0276719021040085,0.8874762808349174,0.811618405266059
ETH,2025-12-10,normal,0.0320381731424676,0.4147895335608646,0.8969235935320556
ETH,2025-12-11,normal,0.0288183798947724,0.1726142418859988,0.850340466335708
ETH,2025-12-12,normal,0.0282794825323417,0.7767123287671258,0.7173365988884551
ETH,2025-12-15,normal,0.036193244495072,0.8592708741669935,0.47506152584085315
ETH,2025-12-16,normal,0.0413985413985414,0.7427146489340862,0.3401832102816515
ETH,2025-12-17,normal,0.0301339851071373,0.2556688479683484,0.33669674596663957
ETH,2025-12-18,normal,0.0403122836030656,0.9341549295774683,0.16058244462674295
ETH,2025-12-19,normal,0.0461613940408085,0.8398406374501998,0.1538556193601315
ETH,2025-12-22,normal,0.0324568522592969,0.8177485463730825,0.3374191149126068
ETH,2025-12-23,normal,0.0282794825323417,0.11813186813186813,0.34853105243584936
ETH,2025-12-24,normal,0.0259876357056694,0.3454545454545439,0.28238006693938256
ETH,2025-12-25,normal,0.0243963751084074,0.3260335652885754,0.25627370769802865
ETH,2025-12-26,normal,0.0236828909403282,0.7921108742004244,0.19153588694682003
ETH,2025-12-29,normal,0.0261079506232277,0.14031044533315115,0.2613908516177014
ETH,2025-12-30,normal,0.0232302171792644,0.7295179292329637,0.24203793231684648
ETH,2025-12-31,normal,0.0235760084190423,0.6074251497006019,0.35948422615813697
ETH,2026-01-01,QUIET,0.0216405076687235,0.7605388961321243,0.40066488548061396
ETH,2026-01-02,QUIET,0.0216405076687235,0.7327575257208185,0.5692127961025081
ETH,2026-01-05,normal,0.0228609929411396,0.41590249564712584,0.9425554166772951
ETH,2026-01-06,normal,0.0225973371576967,0.7007140023800055,0.917079535955308
ETH,2026-01-07,normal,0.0247959366920905,0.16048211065768123,0.977476717821875
ETH,2026-01-08,normal,0.0247226073586025,0.10682253350801534,0.7198488695200201
ETH,2026-01-09,normal,0.0237566144062074,0.2113128319130563,0.5187309596344253
ETH,2026-01-12,normal,0.0223372432838992,0.3115335868187584,0.5587157273419645
ETH,2026-01-13,QUIET,0.0215360336206256,0.7793184096224522,0.4927884615384616
ETH,2026-01-14,normal,0.0247226073586025,0.18963878326996272,0.9119368849535244
ETH,2026-01-15,normal,0.0242931165995949,0.9073945409429287,0.905687828087215
ETH,2026-01-16,normal,0.023535332500347,0.6397989949748729,0.8290841182202017
ETH,2026-01-19,normal,0.0259680801677631,0.27394569612940484,0.7541421036301589
ETH,2026-01-20,normal,0.0223040424482576,0.22656724182779958,0.5194828595882705
ETH,2026-01-21,QUIET,0.0220418277755229,0.2948000000000002,0.041168796206175556
ETH,2026-01-22,normal,0.0250148313494181,0.2768129189518603,0.21640150527217838
ETH,2026-01-23,QUIET,0.0232302171792644,0.285611923187163,0.16129513022094707
ETH,2026-01-26,normal,0.0261079506232277,0.7848710990502035,0.04853139359301154
ETH,2026-01-27,QUIET,0.0242174716714747,0.32320586694604897,0.23275260192566843
ETH,2026-01-28,QUIET,0.0243963751084074,0.7578696613918662,0.38930653201058635
ETH,2026-01-29,QUIET,0.024339099827754,0.1267009374055051,0.36334410365487385
ETH,2026-01-30,normal,0.0315969082191547,0.3687074829931955,0.10497254611635508
ETH,2026-02-02,normal,0.036413758914186,0.9251032748608022,0.040774331224754295
ETH,2026-02-03,normal,0.035117602069577,0.4007981172618445,0.15242223560104365
ETH,2026-02-04,normal,0.0487754994326127,0.3749095295536799,0.09709697925741043
ETH,2026-02-05,normal,0.0475773864222863,0.15948242860423947,0.05539647406627793
ETH,2026-02-06,normal,0.053353340693672,0.7594209256415885,0.005578341845947392
ETH,2026-02-09,normal,0.0466841077508511,0.16140654272950036,0.23538239140910017
ETH,2026-02-10,normal,0.0465172075562236,0.09567039106145363,0.27036109197968616
ETH,2026-02-11,normal,0.0429564404505224,0.20261242397048504,0.21176751567820773
ETH,2026-02-12,normal,0.0429564404505224,0.7017976224992729,0.14898534646142472
ETH,2026-02-13,normal,0.0413985413985414,0.8134261338123047,0.15412410052543177
ETH,2026-02-16,normal,0.0439866344871274,0.9496623695518728,0.16855421501101706
ETH,2026-02-17,normal,0.0368586684074715,0.17175165350970714,0.19301530069800762
ETH,2026-02-18,normal,0.0396367898776453,0.19596418928520656,0.19266808880461414
ETH,2026-02-19,normal,0.0396367898776453,0.062427207081296524,0.19254290604616747
ETH,2026-02-20,normal,0.0364502763504637,0.4389731621936986,0.2081833602250631
ETH,2026-02-23,normal,0.0284450698562669,0.6390871442417831,0.343125081688668
ETH,2026-02-24,normal,0.0320531182748313,0.20962437251168653,0.19801438113662087
ETH,2026-02-25,normal,0.0312338695801789,0.9694684234438901,0.24447731060872854
ETH,2026-02-26,normal,0.0323496245771335,0.6768675156814288,0.7660985082749917
ETH,2026-02-27,normal,0.0339426526058477,0.09281961471103443,0.64676305996648
ETH,2026-03-02,normal,0.0325482376576063,0.2753438253225557,0.40101610264358933
ETH,2026-03-03,normal,0.0385004887102636,0.24406343763394775,0.6525732655931571
ETH,2026-03-04,normal,0.0357105820031671,0.7390745501285338,0.524699331209277
ETH,2026-03-05,normal,0.0350368098159508,0.6371555047836649,0.8202506265664166
ETH,2026-03-06,normal,0.0392160815500968,0.2013901265371587,0.6838596491228074
ETH,2026-03-09,normal,0.037281641108714,0.7184961269601362,0.34360902255639075
ETH,2026-03-10,normal,0.0357105820031671,0.8549717247879367,0.48365914786967423
ETH,2026-03-11,normal,0.0385004887102636,0.3077591198610276,0.5927568922305764
ETH,2026-03-12,QUIET,0.0271910211232395,0.6758291006871798,0.6315037593984958
ETH,2026-03-13,normal,0.0291205034303726,0.7038695235049559,0.6855137844611529
ETH,2026-03-16,normal,0.0294093037525526,0.8855620867009549,0.9248710363543017
ETH,2026-03-17,normal,0.0276836036191668,0.3556111897246121,0.9399811135728032
ETH,2026-03-18,normal,0.0316233740891275,0.06826845327480996,0.8753677405295461
ETH,2026-03-19,normal,0.0345209578003541,0.26253035990285073,0.6683434424145569
ETH,2026-03-20,QUIET,0.0235228024392675,0.3642741500269823,0.5492499909199869
ETH,2026-03-23,normal,0.0268888695572927,0.6365863385176329,0.29315995573337833
ETH,2026-03-24,QUIET,0.0257113700382333,0.8180746561886084,0.5020217927981616
ETH,2026-03-25,QUIET,0.025955186573826,0.7838903170522683,0.5109602451689793
ETH,2026-03-26,QUIET,0.0266049057795556,0.0456204379562044,0.5381799608410657
ETH,2026-03-27,normal,0.0261079506232277,0.09323563767654205,0.30707840299650924
ETH,2026-03-30,normal,0.0283085213648418,0.9273962052790039,0.10245974955277316
ETH,2026-03-31,QUIET,0.0237257307220507,0.35834378920953486,0.19601967799642234
ETH,2026-04-01,normal,0.0271910211232395,0.7012644889357242,0.3725626118067976
ETH,2026-04-02,normal,0.0268888695572927,0.06149732620320841,0.4506484794275491
ETH,2026-04-03,QUIET,0.0250148313494181,0.6369168356997913,0.2646466905187838
ETH,2026-04-06,normal,0.0267189411235023,0.8136068595240021,0.3913530056641699
ETH,2026-04-07,normal,0.0256472256488649,0.12337883959044418,0.4094070723284204
ETH,2026-04-08,normal,0.0262505684402,0.7931998136935263,0.8989404566482624
ETH,2026-04-09,normal,0.0259288073075061,0.3435559736594579,0.7496791523653189
ETH,2026-04-10,normal,0.0259288073075061,0.565808297567956,0.7502760781972837
ETH,2026-04-13,normal,0.0259288073075061,0.2582145071295682,0.6464421773925499
ETH,2026-04-14,normal,0.0276836036191668,0.8421670826604026,0.9446138322841037
ETH,2026-04-15,normal,0.0270667642716229,0.8444249854057108,0.8047746916170179
ETH,2026-04-16,normal,0.0259288073075061,0.13568809110210783,0.8834647981874629
ETH,2026-04-17,normal,0.0267228802611875,0.6305187174752366,0.8587522027355879
ETH,2026-04-20,normal,0.0266703723146918,0.6948602794411185,0.5541601255886971
ETH,2026-04-21,normal,0.0247226073586025,0.5276200309757283,0.6627146270123028
ETH,2026-04-22,normal,0.0247959366920905,0.8625033503082293,0.6923884162815103
ETH,2026-04-23,normal,0.0267228802611875,0.2341385185927601,0.7951331724588987
ETH,2026-04-24,normal,0.0244980139591502,0.7228415867254341,0.69633070972689
ETH,2026-04-27,normal,0.0247959366920905,0.11822763544728884,0.7640793733165301
ETH,2026-04-28,normal,0.024339099827754,0.12240868706811546,0.4758127438231475
ETH,2026-04-29,QUIET,0.0218156040149016,0.7766847746292745,0.42948634590377166
ETH,2026-04-30,QUIET,0.0214842057035304,0.5603885135135113,0.2687040805767312
ETH,2026-05-01,QUIET,0.0207267803597173,0.7992015030530719,0.28460556724500796
ETH,2026-05-04,normal,0.021935762250209,0.3160887501393728,0.418278470660397
ETH,2026-05-05,QUIET,0.0207270391233481,0.7636680461773047,0.5185033735432422
ETH,2026-05-06,QUIET,0.0222847228239016,0.8087896253602298,0.5741566141893274
ETH,2026-05-07,QUIET,0.0207270391233481,0.38994169096210063,0.5335514209773059
ETH,2026-05-08,QUIET,0.0199754108687435,0.9188271604938241,0.34108452335005746
ETH,2026-05-11,normal,0.0237566144062074,0.25255918106205966,0.7419735483553761
ETH,2026-05-12,QUIET,0.0207270391233481,0.12576367158396806,0.5875903436747129
ETH,2026-05-13,QUIET,0.0199340043473327,0.5693722510995608,0.26846297571049266
ETH,2026-05-14,QUIET,0.0199340043473327,0.4149343544857794,0.18826826629953794
ETH,2026-05-15,QUIET,0.0210668324049827,0.3079096045197782,0.3092241124987707
ETH,2026-05-18,normal,0.0218156040149016,0.42284688995215314,0.1189429964485644
ETH,2026-05-19,normal,0.0214842057035304,0.1015430562468876,0.1525208507690974
ETH,2026-05-20,QUIET,0.0200344197116976,0.7298802561960497,0.10014141006031527
ETH,2026-05-21,QUIET,0.0192866665209694,0.11094736842105225,0.15067386222619858
ETH,2026-05-22,QUIET,0.0182191883978366,0.5222872579919111,0.16314103489076864
ETH,2026-05-25,QUIET,0.0192866665209694,0.8290997385132592,0.21848759772222756
ETH,2026-05-26,QUIET,0.0187471167901467,0.691491377676715,0.25024128945082597
ETH,2026-05-27,normal,0.0207597247814987,0.6000000000000045,0.17273531066634512
ETH,2026-05-28,normal,0.0215898027620524,0.336617647058825,0.04163652439514496
ETH,2026-05-29,normal,0.0210806170449467,0.4029618082618817,0.10324164320265701
ETH,2026-06-01,normal,0.0219330250478481,0.21732580037664753,0.10702153270028086
ETH,2026-06-02,normal,0.0207597247814987,0.34568171854449675,0.13799956441250144
ETH,2026-06-03,normal,0.0269086826347304,0.6608395381461111,0.04334700505923245
ETH,2026-06-04,normal,0.0326317374162336,0.2537058997924696,0.08183993819134312
ETH,2026-06-05,normal,0.0312338695801789,0.24900819888918327,0.10401960212356336
ETH,2026-06-08,normal,0.035117602069577,0.5890396210163649,0.28355987849406267
ETH,2026-06-09,normal,0.032356648474044,0.2897024406552983,0.2835291951765824
ETH,2026-06-10,normal,0.033333070557846,0.2865890998162882,0.2053327605780736
ETH,2026-06-11,normal,0.0324723893185653,0.9033101045296157,0.17990904434476213
ETH,2026-06-12,normal,0.0323625535154876,0.6495828367103715,0.2604187685287225
ETH,2026-06-15,normal,0.0320394999714596,0.9270306707111572,0.3464658716781398
ETH,2026-06-16,normal,0.032356648474044,0.7486948694869479,0.49085716217129727
ETH,2026-06-17,normal,0.0317470967112325,0.08985450255603918,0.5311604518311734
ETH,2026-06-18,normal,0.0323625535154876,0.5170552147239248,0.4527925163150985
ETH,2026-06-19,normal,0.032356648474044,0.2526910656620043,0.3859144875262997
ETH,2026-06-22,normal,0.0242174716714747,0.9003548616039748,0.4016363999201757
ETH,2026-06-23,normal,0.0240490437448029,0.2509940357852885,0.5743824053279643
ETH,2026-06-24,normal,0.0237257307220507,0.6280664732260589,0.46952248007910224
ETH,2026-06-25,normal,0.0320472392603795,0.4184261036468318,0.33877159309021126
ETH,2026-06-26,normal,0.0349264151133196,0.44483221476510204,0.18077124411097503
ETH,2026-06-29,normal,0.030751647349828,0.6418559690671847,0.17763820584227066
ETH,2026-06-30,normal,0.0346122058039748,0.05901426718547382,0.29943117852698925
ETH,2026-07-01,normal,0.0261079506232277,0.3320939334637976,0.1777863364342004
ETH,2026-07-02,normal,0.0294455066921604,0.8804510031503889,0.289091663210286
ETH,2026-07-03,normal,0.0271870854599006,0.8864075962721989,0.5586597144042186
ETH,2026-07-06,normal,0.028418727360288,0.07409534750143819,0.8348842175916041
ETH,2026-07-07,normal,0.0267648173662961,0.39156118143459995,0.8947106409458614
ETH,2026-07-08,normal,0.0275733168189397,0.3806419257773321,0.8072495332918481
ETH,2026-07-09,normal,0.0259288073075061,0.5463764531288648,0.7204107031736151
ETH,2026-07-10,normal,0.024339099827754,0.9728984841525037,0.7254511512134413
ETH,2026-07-13,normal,0.0259288073075061,0.09373698097486462,0.9172370877411321
ETH,2026-07-14,normal,0.0395956051021535,0.8577896686561002,0.7925748502994013
ETH,2026-07-15,normal,0.0366927430306037,0.6372795969773233,0.9888842609465294
ETH,2026-07-16,normal,0.027669475205892,0.179896142433235,0.934042161465525
ETH,2026-07-17,normal,0.0252790180449053,0.3007395234182413,0.7945246766294112
ETH,2026-07-20,normal,0.0247346608713232,0.9381559220389812,0.812550464271296
ETH,2026-07-21,normal,0.0263210272355121,0.7046075085324237,0.8939278455284553
ETH,2026-07-22,normal,0.0252790180449053,0.4879411764705858,0.9356062735398277
ETH,2026-07-23,normal,0.0282633106633616,0.46505190311418726,0.9151797654070988
SOL,2020-08-12,na,,,
SOL,2020-08-13,na,,,
SOL,2020-08-14,na,,,
SOL,2020-08-17,na,,,
SOL,2020-08-18,na,,,
SOL,2020-08-19,na,,,
SOL,2020-08-20,na,,,
SOL,2020-08-21,na,,,
SOL,2020-08-24,na,,,
SOL,2020-08-25,na,,,
SOL,2020-08-26,na,,,
SOL,2020-08-27,na,,,
SOL,2020-08-28,na,,,
SOL,2020-08-31,na,,,
SOL,2020-09-01,na,,,
SOL,2020-09-02,na,,,
SOL,2020-09-03,na,,,
SOL,2020-09-04,na,,,
SOL,2020-09-07,na,,,
SOL,2020-09-08,na,,,
SOL,2020-09-09,na,,,
SOL,2020-09-10,na,,,
SOL,2020-09-11,na,,,
SOL,2020-09-14,na,,,
SOL,2020-09-15,na,,,
SOL,2020-09-16,na,,,
SOL,2020-09-17,na,,,
SOL,2020-09-18,na,,,
SOL,2020-09-21,na,,,
SOL,2020-09-22,na,,,
SOL,2020-09-23,na,,,
SOL,2020-09-24,na,,,
SOL,2020-09-25,na,,,
SOL,2020-09-28,na,,,
SOL,2020-09-29,na,,,
SOL,2020-09-30,na,,,
SOL,2020-10-01,na,,,
SOL,2020-10-02,na,,,
SOL,2020-10-05,na,,,
SOL,2020-10-06,na,,,
SOL,2020-10-07,na,,,
SOL,2020-10-08,na,,,
SOL,2020-10-09,na,,,
SOL,2020-10-12,na,,,
SOL,2020-10-13,na,,,
SOL,2020-10-14,na,,,
SOL,2020-10-15,na,,,
SOL,2020-10-16,na,,,
SOL,2020-10-19,na,,,
SOL,2020-10-20,na,,,
SOL,2020-10-21,na,,,
SOL,2020-10-22,na,,,
SOL,2020-10-23,na,,,
SOL,2020-10-26,na,,,
SOL,2020-10-27,na,,,
SOL,2020-10-28,na,,,
SOL,2020-10-29,na,,,
SOL,2020-10-30,na,,,
SOL,2020-11-02,na,,,
SOL,2020-11-03,na,,,
SOL,2020-11-04,na,,,
SOL,2020-11-05,na,,,
SOL,2020-11-06,na,,,
SOL,2020-11-09,na,,,
SOL,2020-11-10,na,,,
SOL,2020-11-11,na,,,
SOL,2020-11-12,na,,,
SOL,2020-11-13,na,,,
SOL,2020-11-16,na,,,
SOL,2020-11-17,na,,,
SOL,2020-11-18,na,,,
SOL,2020-11-19,na,,,
SOL,2020-11-20,na,,,
SOL,2020-11-23,na,,,
SOL,2020-11-24,na,,,
SOL,2020-11-25,na,,,
SOL,2020-11-26,na,,,
SOL,2020-11-27,na,,,
SOL,2020-11-30,na,,,
SOL,2020-12-01,na,,,
SOL,2020-12-02,na,,,
SOL,2020-12-03,na,,,
SOL,2020-12-04,na,,,
SOL,2020-12-07,na,,,
SOL,2020-12-08,na,,,
SOL,2020-12-09,na,,,
SOL,2020-12-10,na,,,
SOL,2020-12-11,na,,,
SOL,2020-12-14,na,,,
SOL,2020-12-15,na,,,
SOL,2020-12-16,na,,,
SOL,2020-12-17,na,,,
SOL,2020-12-18,na,,,
SOL,2020-12-21,na,,,
SOL,2020-12-22,na,,,
SOL,2020-12-23,na,,,
SOL,2020-12-24,na,,,
SOL,2020-12-25,na,,,
SOL,2020-12-28,na,,,
SOL,2020-12-29,na,,,
SOL,2020-12-30,na,,,
SOL,2020-12-31,na,,,
SOL,2021-01-01,na,,,
SOL,2021-01-04,na,,,
SOL,2021-01-05,na,,,
SOL,2021-01-06,na,,,
SOL,2021-01-07,na,,,
SOL,2021-01-08,na,,,
SOL,2021-01-11,na,,,
SOL,2021-01-12,na,,,
SOL,2021-01-13,na,,,
SOL,2021-01-14,na,,,
SOL,2021-01-15,na,,,
SOL,2021-01-18,na,,,
SOL,2021-01-19,na,,,
SOL,2021-01-20,na,,,
SOL,2021-01-21,na,,,
SOL,2021-01-22,na,,,
SOL,2021-01-25,na,,,
SOL,2021-01-26,na,,,
SOL,2021-01-27,na,,,
SOL,2021-01-28,na,,,
SOL,2021-01-29,na,,,
SOL,2021-02-01,na,,,
SOL,2021-02-02,na,,,
SOL,2021-02-03,na,,,
SOL,2021-02-04,na,,,
SOL,2021-02-05,na,,,
SOL,2021-02-08,na,,,
SOL,2021-02-09,na,,,
SOL,2021-02-10,na,,,
SOL,2021-02-11,na,,,
SOL,2021-02-12,na,,,
SOL,2021-02-15,na,,,
SOL,2021-02-16,na,,,
SOL,2021-02-17,na,,,
SOL,2021-02-18,na,,,
SOL,2021-02-19,na,,,
SOL,2021-02-22,na,,,
SOL,2021-02-23,na,,,
SOL,2021-02-24,na,,,
SOL,2021-02-25,na,,,
SOL,2021-02-26,na,,,
SOL,2021-03-01,na,,,
SOL,2021-03-02,na,,,
SOL,2021-03-03,na,,,
SOL,2021-03-04,na,,,
SOL,2021-03-05,na,,,
SOL,2021-03-08,na,,,
SOL,2021-03-09,na,,,
SOL,2021-03-10,na,,,
SOL,2021-03-11,na,,,
SOL,2021-03-12,na,,,
SOL,2021-03-15,na,,,
SOL,2021-03-16,na,,,
SOL,2021-03-17,na,,,
SOL,2021-03-18,na,,,
SOL,2021-03-19,na,,,
SOL,2021-03-22,na,,,
SOL,2021-03-23,na,,,
SOL,2021-03-24,na,,,
SOL,2021-03-25,na,,,
SOL,2021-03-26,na,,,
SOL,2021-03-29,na,,,
SOL,2021-03-30,na,,,
SOL,2021-03-31,na,,,
SOL,2021-04-01,na,,,
SOL,2021-04-02,na,,,
SOL,2021-04-05,na,,,
SOL,2021-04-06,na,,,
SOL,2021-04-07,na,,,
SOL,2021-04-08,na,,,
SOL,2021-04-09,na,,,
SOL,2021-04-12,na,,,
SOL,2021-04-13,na,,,
SOL,2021-04-14,na,,,
SOL,2021-04-15,na,,,
SOL,2021-04-16,na,,,
SOL,2021-04-19,na,,,
SOL,2021-04-20,na,,,
SOL,2021-04-21,na,,,
SOL,2021-04-22,na,,,
SOL,2021-04-23,na,,,
SOL,2021-04-26,na,,,
SOL,2021-04-27,na,,,
SOL,2021-04-28,na,,,
SOL,2021-04-29,na,,,
SOL,2021-04-30,na,,,
SOL,2021-05-03,na,,,
SOL,2021-05-04,na,,,
SOL,2021-05-05,na,,,
SOL,2021-05-06,na,,,
SOL,2021-05-07,na,,,
SOL,2021-05-10,na,,,
SOL,2021-05-11,na,,,
SOL,2021-05-12,na,,,
SOL,2021-05-13,na,,,
SOL,2021-05-14,na,,,
SOL,2021-05-17,na,,,
SOL,2021-05-18,na,,,
SOL,2021-05-19,na,,,
SOL,2021-05-20,na,,,
SOL,2021-05-21,na,,,
SOL,2021-05-24,na,,,
SOL,2021-05-25,na,,,
SOL,2021-05-26,na,,,
SOL,2021-05-27,na,,,
SOL,2021-05-28,na,,,
SOL,2021-05-31,na,,,
SOL,2021-06-01,na,,,
SOL,2021-06-02,na,,,
SOL,2021-06-03,na,,,
SOL,2021-06-04,na,,,
SOL,2021-06-07,na,,,
SOL,2021-06-08,na,,,
SOL,2021-06-09,na,,,
SOL,2021-06-10,na,,,
SOL,2021-06-11,na,,,
SOL,2021-06-14,na,,,
SOL,2021-06-15,na,,,
SOL,2021-06-16,na,,,
SOL,2021-06-17,na,,,
SOL,2021-06-18,na,,,
SOL,2021-06-21,na,,,
SOL,2021-06-22,na,,,
SOL,2021-06-23,na,,,
SOL,2021-06-24,na,,,
SOL,2021-06-25,na,,,
SOL,2021-06-28,na,,,
SOL,2021-06-29,na,,,
SOL,2021-06-30,na,,,
SOL,2021-07-01,na,,,
SOL,2021-07-02,na,,,
SOL,2021-07-05,na,,,
SOL,2021-07-06,na,,,
SOL,2021-07-07,na,,,
SOL,2021-07-08,na,,,
SOL,2021-07-09,na,,,
SOL,2021-07-12,na,,,
SOL,2021-07-13,na,,,
SOL,2021-07-14,na,,,
SOL,2021-07-15,na,,,
SOL,2021-07-16,na,,,
SOL,2021-07-19,na,,,
SOL,2021-07-20,na,,,
SOL,2021-07-21,na,,,
SOL,2021-07-22,na,,,
SOL,2021-07-23,na,,,
SOL,2021-07-26,na,,,
SOL,2021-07-27,na,,,
SOL,2021-07-28,na,,,
SOL,2021-07-29,na,,,
SOL,2021-07-30,na,,,
SOL,2021-08-02,na,,,
SOL,2021-08-03,na,,,
SOL,2021-08-04,na,,,
SOL,2021-08-05,na,,,
SOL,2021-08-06,na,,,
SOL,2021-08-09,na,,,
SOL,2021-08-10,na,,,
SOL,2021-08-11,na,,,
SOL,2021-08-12,na,,,
SOL,2021-08-13,na,,,
SOL,2021-08-16,na,,,
SOL,2021-08-17,na,,,
SOL,2021-08-18,na,,,
SOL,2021-08-19,na,,,
SOL,2021-08-20,na,,,
SOL,2021-08-23,na,,,
SOL,2021-08-24,na,,,
SOL,2021-08-25,na,,,
SOL,2021-08-26,na,,,
SOL,2021-08-27,na,,,
SOL,2021-08-30,na,,,
SOL,2021-08-31,na,,,
SOL,2021-09-01,na,,,
SOL,2021-09-02,na,,,
SOL,2021-09-03,na,,,
SOL,2021-09-06,na,,,
SOL,2021-09-07,na,,,
SOL,2021-09-08,na,,,
SOL,2021-09-09,na,,,
SOL,2021-09-10,na,,,
SOL,2021-09-13,na,,,
SOL,2021-09-14,na,,,
SOL,2021-09-15,na,,,
SOL,2021-09-16,na,,,
SOL,2021-09-17,na,,,
SOL,2021-09-20,na,,,
SOL,2021-09-21,na,,,
SOL,2021-09-22,na,,,
SOL,2021-09-23,na,,,
SOL,2021-09-24,na,,,
SOL,2021-09-27,na,,,
SOL,2021-09-28,na,,,
SOL,2021-09-29,na,,,
SOL,2021-09-30,na,,,
SOL,2021-10-01,na,,,
SOL,2021-10-04,na,,,
SOL,2021-10-05,na,,,
SOL,2021-10-06,na,,,
SOL,2021-10-07,na,,,
SOL,2021-10-08,na,,,
SOL,2021-10-11,na,,,
SOL,2021-10-12,na,,,
SOL,2021-10-13,na,,,
SOL,2021-10-14,na,,,
SOL,2021-10-15,na,,,
SOL,2021-10-18,na,,,
SOL,2021-10-19,na,,,
SOL,2021-10-20,na,,,
SOL,2021-10-21,na,,,
SOL,2021-10-22,na,,,
SOL,2021-10-25,na,,,
SOL,2021-10-26,na,,,
SOL,2021-10-27,na,,,
SOL,2021-10-28,na,,,
SOL,2021-10-29,na,,,
SOL,2021-11-01,na,,,
SOL,2021-11-02,na,,,
SOL,2021-11-03,na,,,
SOL,2021-11-04,na,,,
SOL,2021-11-05,na,,,
SOL,2021-11-08,na,,,
SOL,2021-11-09,na,,,
SOL,2021-11-10,na,,,
SOL,2021-11-11,na,,,
SOL,2021-11-12,na,,,
SOL,2021-11-15,na,,,
SOL,2021-11-16,na,,,
SOL,2021-11-17,na,,,
SOL,2021-11-18,na,,,
SOL,2021-11-19,na,,,
SOL,2021-11-22,na,,,
SOL,2021-11-23,na,,,
SOL,2021-11-24,na,,,
SOL,2021-11-25,na,,,
SOL,2021-11-26,na,,,
SOL,2021-11-29,na,,,
SOL,2021-11-30,na,,,
SOL,2021-12-01,na,,,
SOL,2021-12-02,na,,,
SOL,2021-12-03,na,,,
SOL,2021-12-06,na,,,
SOL,2021-12-07,na,,,
SOL,2021-12-08,na,,,
SOL,2021-12-09,na,,,
SOL,2021-12-10,na,,,
SOL,2021-12-13,na,,,
SOL,2021-12-14,na,,,
SOL,2021-12-15,na,,,
SOL,2021-12-16,na,,,
SOL,2021-12-17,na,,,
SOL,2021-12-20,na,,,
SOL,2021-12-21,na,,,
SOL,2021-12-22,na,,,
SOL,2021-12-23,na,,,
SOL,2021-12-24,na,,,
SOL,2021-12-27,na,,,
SOL,2021-12-28,na,,,
SOL,2021-12-29,na,,,
SOL,2021-12-30,na,,,
SOL,2021-12-31,na,,,
SOL,2022-01-03,na,,,
SOL,2022-01-04,na,,,
SOL,2022-01-05,na,,,
SOL,2022-01-06,na,,,
SOL,2022-01-07,na,,,
SOL,2022-01-10,na,,,
SOL,2022-01-11,na,,,
SOL,2022-01-12,na,,,
SOL,2022-01-13,na,,,
SOL,2022-01-14,na,,,
SOL,2022-01-17,na,,,
SOL,2022-01-18,na,,,
SOL,2022-01-19,normal,0.0482560262965668,0.3319999999999993,0.2265293761356753
SOL,2022-01-20,normal,0.0468900675024107,0.73315363881402,0.10599636583888553
SOL,2022-01-21,normal,0.0494768389505231,0.15281989084293493,0.028587443946188364
SOL,2022-01-24,normal,0.0543065812558651,0.050428163653663295,0.13979118329466353
SOL,2022-01-25,normal,0.0536120437560922,0.6793248945147677,0.12266548789921548
SOL,2022-01-26,normal,0.0559001512859303,0.7172011661807584,0.17981031570741848
SOL,2022-01-27,normal,0.0543065812558651,0.7392947103274554,0.14668052487982336
SOL,2022-01-28,normal,0.0559001512859303,0.08056872037914775,0.11277120956216714
SOL,2022-01-31,normal,0.0543065812558651,0.3791748526522587,0.16188125243601412
SOL,2022-02-01,normal,0.0568823273990446,0.81330685203575,0.24243211640899043
SOL,2022-02-02,normal,0.0544165253584091,0.8523908523908533,0.37923866441470694
SOL,2022-02-03,normal,0.0568823273990446,0.3066812705366921,0.29593701672993106
SOL,2022-02-04,normal,0.0568823273990446,0.5925925925925924,0.2943905525094896
SOL,2022-02-07,normal,0.0544165253584091,0.6521739130434784,0.5468253968253968
SOL,2022-02-08,normal,0.0494768389505231,0.11963882618510184,0.5828571428571427
SOL,2022-02-09,normal,0.0477944939105515,0.8967851099830796,0.5177777777777778
SOL,2022-02-10,normal,0.0520176799805843,0.5606694560669468,0.6910229645093948
SOL,2022-02-11,normal,0.0494768389505231,0.6206896551724129,0.6165450121654501
SOL,2022-02-14,normal,0.0495378927911276,0.9930232558139532,0.1971286581998895
SOL,2022-02-15,normal,0.0495378927911276,0.7954847277556448,0.2943125345113199
SOL,2022-02-16,normal,0.0475033621101036,0.21599999999999966,0.5469353948094974
SOL,2022-02-17,normal,0.0462076106652859,0.2839931153184149,0.42194700460829493
SOL,2022-02-18,normal,0.0495378927911276,0.4171270718232053,0.13251908396946532
SOL,2022-02-21,normal,0.0468900675024107,0.06998813760379631,0.14187517184492704
SOL,2022-02-22,normal,0.0511099962373009,0.8137651821862344,0.008649198677181103
SOL,2022-02-23,normal,0.0468900675024107,0.8815165876777251,0.1301688279911914
SOL,2022-02-24,normal,0.0525583848846687,0.41789748045178104,0.0863714215806215
SOL,2022-02-25,normal,0.0521307779030439,0.9572072072072076,0.3007728638900816
SOL,2022-02-28,normal,0.0495378927911276,0.8335552596537951,0.22839369029104645
SOL,2022-03-01,normal,0.0527392193551194,0.6642441860465118,0.5830337886412655
SOL,2022-03-02,normal,0.0578214338073594,0.7569803516028947,0.5823132650512116
SOL,2022-03-03,normal,0.0516067146282974,0.5818639798488673,0.772491613296737
SOL,2022-03-04,normal,0.0516067146282974,0.3339191564147639,0.6521879021879022
SOL,2022-03-07,normal,0.0516438826008133,0.6099585062240668,0.2966537966537965
SOL,2022-03-08,normal,0.0495378927911276,0.7589041095890389,0.20302445302445302
SOL,2022-03-09,normal,0.0486794986571173,0.7435897435897425,0.22425997425997413
SOL,2022-03-10,normal,0.0468900675024107,0.10043041606886699,0.40894465894465903
SOL,2022-03-11,normal,0.0486794986571173,0.8108108108108086,0.24195624195624219
SOL,2022-03-14,normal,0.0468900675024107,0.7004310344827586,0.10875160875160902
SOL,2022-03-15,normal,0.0462076106652859,0.48763250883392095,0.18886743886743892
SOL,2022-03-16,normal,0.0462076106652859,0.5587628865979375,0.2409909909909912
SOL,2022-03-17,normal,0.0462076106652859,0.5726256983240218,0.35163307852675435
SOL,2022-03-18,normal,0.0453098212098947,0.1224944320712686,0.35267546907574676
SOL,2022-03-21,normal,0.0475033621101036,0.7022727272727272,0.3811674774148714
SOL,2022-03-22,normal,0.0454250028258167,0.9070294784580506,0.380125086865879
SOL,2022-03-23,normal,0.0432182351613631,0.7039473684210513,0.5313929313929315
SOL,2022-03-24,normal,0.0475033621101036,0.790454016298021,0.9214323890967397
SOL,2022-03-25,normal,0.0475033621101036,0.8490099009900994,0.9470249520153547
SOL,2022-03-28,normal,0.0483601070950468,0.7384615384615381,0.9859107681985915
SOL,2022-03-29,normal,0.0477944939105515,0.9661016949152541,0.7758144671452235
SOL,2022-03-30,normal,0.0486077115788867,0.8711340206185568,0.892772667542707
SOL,2022-03-31,normal,0.0493719003355803,0.9166666666666657,0.906742281033396
SOL,2022-04-01,normal,0.0493719003355803,0.7115188583078493,0.8702025072324011
SOL,2022-04-04,normal,0.0521307779030439,0.2567353407290022,0.897978083037506
SOL,2022-04-05,normal,0.0520569311756677,0.931773879142296,0.8165537270087124
SOL,2022-04-06,normal,0.0520569311756677,0.21307072515666947,0.7184433164128597
SOL,2022-04-07,normal,0.0489560105412527,0.9440459110473457,0.48291032148900187
SOL,2022-04-08,normal,0.0483735473934755,0.05555555555555577,0.5590981152016913
SOL,2022-04-11,normal,0.0475033621101036,0.05454545454545524,0.4156007926499729
SOL,2022-04-12,normal,0.0468900675024107,0.9799732977303064,0.19293078055964663
SOL,2022-04-13,normal,0.0456633342339908,0.012165450121653812,0.19820895522388052
SOL,2022-04-14,normal,0.0456633342339908,0.0979955456570152,0.17160652920962194
SOL,2022-04-15,normal,0.0456633342339908,0.7380952380952392,0.06843940714908459
SOL,2022-04-18,normal,0.0462076106652859,0.2538011695906436,0.045144241356529655
SOL,2022-04-19,normal,0.0456633342339908,0.47653429602888175,0.1577009613417876
SOL,2022-04-20,normal,0.0440286802599149,0.8881118881118873,0.28410717938228686
SOL,2022-04-21,normal,0.0456633342339908,0.8304668304668308,0.22438126406218045
SOL,2022-04-22,normal,0.0456633342339908,0.634146341463416,0.146451217017795
SOL,2022-04-25,normal,0.0454250028258167,0.3970588235294126,0.10973577719590574
SOL,2022-04-26,normal,0.0456633342339908,0.33484162895927894,0.20163240628778717
SOL,2022-04-27,normal,0.0479212046595321,0.838181818181818,0.04911032028469784
SOL,2022-04-28,normal,0.0479212046595321,0.7380073800738024,0.14377224199288274
SOL,2022-04-29,normal,0.0443545756963016,0.14245810055866015,0.18006430868167203
SOL,2022-05-02,normal,0.0443545756963016,0.1065217391304338,0.26802345636426383
SOL,2022-05-03,normal,0.0443545756963016,0.8421052631578958,0.19282511210762338
SOL,2022-05-04,normal,0.0453098212098947,0.9115044247787619,0.13625388064849953
SOL,2022-05-05,normal,0.0412748171368861,0.15028901734103958,0.3746119351500516
SOL,2022-05-06,normal,0.0486794986571173,0.18322295805739472,0.10818120351588917
SOL,2022-05-09,normal,0.0456425332602521,0.23736600306278718,0.04541789841440466
SOL,2022-05-10,normal,0.0586123731000056,0.8881118881118882,0.009349593495934831
SOL,2022-05-11,normal,0.0661378616914311,0.09266409266409256,0.13575295768999404
SOL,2022-05-12,EXPANSION,0.0787757919766817,0.3888888888888892,0.1280225240145743
SOL,2022-05-13,EXPANSION,0.0756859985928234,0.9370212765957445,0.11094155348695259
SOL,2022-05-16,normal,0.0730112119594233,0.18424962852897492,0.33214672651292365
SOL,2022-05-17,normal,0.0737297982465406,0.552572706935123,0.2589088615578682
SOL,2022-05-18,normal,0.0697547683923704,0.1031941031941036,0.3110161443494778
SOL,2022-05-19,normal,0.0693467479501498,0.7438423645320196,0.2048605447724678
SOL,2022-05-20,normal,0.0671155310239816,0.8476821192052976,0.2562197650310989
SOL,2022-05-23,normal,0.0657534246575343,0.7751677852348985,0.2610573600552868
SOL,2022-05-24,normal,0.0584369563816763,0.5497076023391797,0.20387007601935045
SOL,2022-05-25,normal,0.0603993177485702,0.03378378378378193,0.21250863856254326
SOL,2022-05-26,normal,0.0568823273990446,0.100869565217391,0.22350958500105325
SOL,2022-05-27,normal,0.0670294049548507,0.3387755102040825,0.13500889679715303
SOL,2022-05-30,normal,0.0544165253584091,0.5806451612903227,0.20758319694489905
SOL,2022-05-31,normal,0.0468900675024107,0.30379746835443233,0.3170260701641455
SOL,2022-06-01,normal,0.0468900675024107,0.1868686868686888,0.3828623518687331
SOL,2022-06-02,normal,0.0544165253584091,0.9478827361563505,0.03030303030303037
SOL,2022-06-03,normal,0.0516731701549011,0.08602150537634419,0.12842304060434367
SOL,2022-06-06,normal,0.0516438826008133,0.8547400611620801,0.12483340737450034
SOL,2022-06-07,normal,0.0543065812558651,0.1542207792207796,0.30171635049683826
SOL,2022-06-08,normal,0.0536120437560922,0.38432835820895567,0.1897733263046917
SOL,2022-06-09,normal,0.0495378927911276,0.7875354107648725,0.16447021613073262
SOL,2022-06-10,normal,0.0468900675024107,0.20500000000000185,0.22403795466526094
SOL,2022-06-13,normal,0.0607158074137197,0.12845528455284536,0.0024642681123706604
SOL,2022-06-14,normal,0.0648875282843072,0.5015479876160993,0.10408163265306127
SOL,2022-06-15,normal,0.0559001512859303,0.6028571428571426,0.1635964912280702
SOL,2022-06-16,normal,0.0568823273990446,0.10436432637571172,0.3950288504216599
SOL,2022-06-17,normal,0.060977526324061,0.7918088737201364,0.189081225033289
SOL,2022-06-20,normal,0.060292937399679,0.8916827852998075,0.37220732797140293
SOL,2022-06-21,normal,0.0568823273990446,0.7064989517819708,0.4629812438302075
SOL,2022-06-22,normal,0.0568823273990446,0.5791139240506317,0.5554971067859024
SOL,2022-06-23,normal,0.0583791712504584,0.8403361344537814,0.4345081536033666
SOL,2022-06-24,normal,0.0604319990426613,0.9384615384615398,0.6465018411362441
SOL,2022-06-27,normal,0.0544165253584091,0.6068376068376067,0.7930832356389215
SOL,2022-06-28,normal,0.058148580318942,0.8265682656826573,0.7420867526377493
SOL,2022-06-29,normal,0.060977526324061,0.358288770053476,0.556271981242673
SOL,2022-06-30,normal,0.058148580318942,0.1455108359133125,0.48007033997655313
SOL,2022-07-01,normal,0.0520569311756677,0.17297297297297412,0.4630715123094957
SOL,2022-07-04,normal,0.0453098212098947,0.9948717948717959,0.4413833528722157
SOL,2022-07-05,normal,0.0489560105412527,0.04746835443037924,0.6150030998140111
SOL,2022-07-06,normal,0.0428189116859946,0.43850267379679053,0.523145212428662
SOL,2022-07-07,normal,0.0454250028258167,0.7272727272727268,0.6271401395053899
SOL,2022-07-08,normal,0.0503063804259329,0.20063694267516002,0.7171845275840203
SOL,2022-07-11,normal,0.0467104210020809,0.15702479338842776,0.48249999999999993
SOL,2022-07-12,normal,0.0443545756963016,0.5197368421052639,0.20833333333333334
SOL,2022-07-13,normal,0.0456425332602521,0.8641304347826084,0.1466666666666665
SOL,2022-07-14,normal,0.0454250028258167,0.1314285714285737,0.3349999999999997
SOL,2022-07-15,normal,0.0479212046595321,0.6116504854368937,0.5315699658703069
SOL,2022-07-18,normal,0.0483735473934755,0.7476190476190485,0.7571288102261549
SOL,2022-07-19,normal,0.0512687726566545,0.9206896551724136,0.958174904942966
SOL,2022-07-20,normal,0.0483735473934755,0.6806722689075613,0.8485401459854013
SOL,2022-07-21,normal,0.0479405806887237,0.56084656084656,0.6576576576576576
SOL,2022-07-22,normal,0.0483601070950468,0.9155555555555566,0.7265122265122265
SOL,2022-07-25,normal,0.0479405806887237,0.26146788990825703,0.5862290862290862
SOL,2022-07-26,normal,0.0443545756963016,0.14860681114551189,0.31081081081081074
SOL,2022-07-27,normal,0.0443545756963016,0.5803108808290143,0.2850707850707851
SOL,2022-07-28,normal,0.0482560262965668,0.8196721311475418,0.541184041184041
SOL,2022-07-29,normal,0.0520569311756677,0.19935691318327894,0.7136422136422135
SOL,2022-08-01,normal,0.0520569311756677,0.3641975308641958,0.6776061776061777
SOL,2022-08-02,normal,0.0483735473934755,0.3231441048034944,0.6325611325611324
SOL,2022-08-03,normal,0.0472255017709563,0.5670886075949368,0.4506531204644412
SOL,2022-08-04,normal,0.0401076716016151,0.26143790849673093,0.30496453900709203
SOL,2022-08-05,normal,0.0475033621101036,0.9793103448275854,0.3278171788810085
SOL,2022-08-08,normal,0.0475033621101036,0.9966101694915237,0.467297084318361
SOL,2022-08-09,normal,0.0477944939105515,0.08173076923077012,0.6268781302170284
SOL,2022-08-10,normal,0.0493614708812607,0.56687898089172,0.47245409015025025
SOL,2022-08-11,normal,0.0477944939105515,0.6815286624203822,0.6510851419031719
SOL,2022-08-12,normal,0.0466180866965621,0.113095238095241,0.6761268781302173
SOL,2022-08-15,normal,0.0471071767309517,0.14214463840398991,0.7439824945295401
SOL,2022-08-16,normal,0.0475033621101036,0.808988764044942,0.633070866141732
SOL,2022-08-17,normal,0.0459147633623735,0.07476635514018862,0.515981735159817
SOL,2022-08-18,normal,0.0407287687334705,0.9323308270676666,0.2840182648401825
SOL,2022-08-19,normal,0.0432182351613631,0.19210977701543702,0.19086757990867606
SOL,2022-08-22,normal,0.0432182351613631,0.2857142857142857,0.1594918842625263
SOL,2022-08-23,normal,0.0456425332602521,0.9533333333333331,0.11467576791808867
SOL,2022-08-24,normal,0.0438342486270594,0.6750000000000014,0.13310580204778172
SOL,2022-08-25,normal,0.0437753036437246,0.9733333333333339,0.07918088737201387
SOL,2022-08-26,normal,0.0443545756963016,0.20111731843575398,0.10511945392491506
SOL,2022-08-29,normal,0.0443545756963016,0.4242424242424242,0.013743815283122594
SOL,2022-08-30,normal,0.0438342486270594,0.6846153846153865,0.13166485310119702
SOL,2022-08-31,normal,0.0453098212098947,0.8051948051948028,0.07997823721436337
SOL,2022-09-01,normal,0.0443545756963016,0.3734939759036142,0.08161044613710554
SOL,2022-09-02,normal,0.0443545756963016,0.5529411764705859,0.08759521218715992
SOL,2022-09-05,normal,0.0432182351613631,0.09629629629629809,0.14644067796610147
SOL,2022-09-06,normal,0.0412748171368861,0.8012422360248449,0.1477966101694915
SOL,2022-09-07,normal,0.0452025072324011,0.8235294117647061,0.07540702656383881
SOL,2022-09-08,normal,0.0420951499839874,0.6917293233082729,0.28050052137643344
SOL,2022-09-09,normal,0.0407287687334705,0.7756653992395427,0.49656121045391993
SOL,2022-09-12,normal,0.0443320440345135,0.8826666666666673,0.7688751926040063
SOL,2022-09-13,normal,0.0493614708812607,0.7619047619047626,0.8867699642431462
SOL,2022-09-14,normal,0.0486794986571173,0.4479999999999961,0.3329633740288569
SOL,2022-09-15,normal,0.0393991627677912,0.557692307692308,0.4572697003329632
SOL,2022-09-16,normal,0.0401076716016151,0.7604166666666684,0.3407325194228636
SOL,2022-09-19,normal,0.0453098212098947,0.5984251968503951,0.09080459770114974
SOL,2022-09-20,normal,0.0407287687334705,0.2710280373831767,0.2655172413793102
SOL,2022-09-21,normal,0.0407287687334705,0.9259259259259234,0.12643678160919558
SOL,2022-09-22,normal,0.0438342486270594,0.9590163934426224,0.0711111111111108
SOL,2022-09-23,normal,0.0399773178338532,0.1242937853107341,0.2688888888888888
SOL,2022-09-26,normal,0.0399773178338532,0.4620689655172403,0.2588888888888892
SOL,2022-09-27,normal,0.0403702071397091,0.7738095238095223,0.43000000000000027
SOL,2022-09-28,normal,0.0407287687334705,0.6511627906976775,0.2977777777777775
SOL,2022-09-29,normal,0.0398282852373001,0.7899999999999991,0.3566666666666665
SOL,2022-09-30,normal,0.0432182351613631,0.33333333333333565,0.43555555555555553
SOL,2022-10-03,normal,0.0407287687334705,0.8555555555555531,0.22777777777777794
SOL,2022-10-04,normal,0.0428189116859946,0.8189655172413791,0.5333333333333337
SOL,2022-10-05,normal,0.0466180866965621,0.08602150537634992,0.7555555555555566
SOL,2022-10-06,normal,0.0462670008628836,0.5714285714285738,0.7462962962962966
SOL,2022-10-07,normal,0.0471071767309517,0.3387096774193576,0.6203703703703706
SOL,2022-10-10,normal,0.0403940886699507,0.3090909090909118,0.5388888888888894
SOL,2022-10-11,normal,0.0393991627677912,0.3529411764705887,0.3611111111111113
SOL,2022-10-12,normal,0.0407287687334705,0.7256637168141571,0.07615230460921832
SOL,2022-10-13,normal,0.0403940886699507,0.1815181518151817,0.1482965931863726
SOL,2022-10-14,normal,0.0405405405405405,0.5187500000000007,0.3474801061007956
SOL,2022-10-17,normal,0.0398608035431825,0.7419354838709693,0.30503978779840873
SOL,2022-10-18,normal,0.038328588857259,0.4018691588785043,0.45442176870748313
SOL,2022-10-19,normal,0.0393991627677912,0.33333333333333104,0.31020408163265284
SOL,2022-10-20,normal,0.0407287687334705,0.7459016393442602,0.13469387755102025
SOL,2022-10-21,normal,0.0398608035431825,0.21551724137931033,0.021116138763197675
SOL,2022-10-24,normal,0.0385227634511301,0.6782608695652161,0.31853785900783305
SOL,2022-10-25,normal,0.038328588857259,0.3090909090909053,0.1906005221932116
SOL,2022-10-26,normal,0.0479212046595321,0.4210526315789475,0.5248041775456919
SOL,2022-10-27,normal,0.047585886722377,0.2773722627737243,0.6430635838150289
SOL,2022-10-28,normal,0.0403940886699507,0.3483146067415754,0.5649546827794558
SOL,2022-10-31,normal,0.048358733880422,0.8536585365853662,0.8714285714285707
SOL,2022-11-01,normal,0.0477944939105515,0.5420560747663534,0.7576158940397354
SOL,2022-11-02,normal,0.0471071767309517,0.145038167938932,0.7099337748344374
SOL,2022-11-03,normal,0.0393991627677912,0.4843750000000013,0.5245033112582782
SOL,2022-11-04,normal,0.0403940886699507,0.7860465116279068,0.5311258278145697
SOL,2022-11-07,normal,0.048358733880422,0.334572490706319,0.4836820083682007
SOL,2022-11-08,normal,0.0516731701549011,0.7361702127659577,0.23263598326359844
SOL,2022-11-09,EXPANSION,0.0874035989717223,0.3957597173144879,0.24117956819378614
SOL,2022-11-10,EXPANSION,0.0912944349892424,0.6783625730994156,0.06472369417108254
SOL,2022-11-11,EXPANSION,0.0867505255079909,0.8520000000000009,0.20022710068130206
SOL,2022-11-14,EXPANSION,0.0811995790950544,0.8197278911564627,0.030658591975775945
SOL,2022-11-15,EXPANSION,0.0782673359360476,0.9568345323741003,0.07223053892215568
SOL,2022-11-16,EXPANSION,0.0737297982465406,0.2187500000000007,0.08420658682634731
SOL,2022-11-17,EXPANSION,0.0755079626578802,0.13684210526315696,0.08233532934131735
SOL,2022-11-18,EXPANSION,0.0697538100820631,0.11904761904761653,0.059131736526946116
SOL,2022-11-21,normal,0.0641316685584562,0.47058823529411725,0.0074850299401197345
SOL,2022-11-22,EXPANSION,0.0678407044226537,0.17543859649122892,0.020348837209302344
SOL,2022-11-23,normal,0.0661378616914311,0.6803278688524588,0.05385996409335727
SOL,2022-11-24,normal,0.0587584783249778,0.2857142857142857,0.12280071813285456
SOL,2022-11-25,normal,0.0513688548719457,0.426666666666667,0.1310592459605027
SOL,2022-11-28,normal,0.0480728504870816,0.3333333333333337,0.15303176130895088
SOL,2022-11-29,normal,0.0480728504870816,0.548780487804877,0.1770833333333334
SOL,2022-11-30,normal,0.0453098212098947,0.3606557377049165,0.3026481715006305
SOL,2022-12-01,normal,0.0417203193407158,0.1896551724137921,0.4369063772048848
SOL,2022-12-02,normal,0.0452025072324011,0.6666666666666666,0.4597495527728085
SOL,2022-12-05,normal,0.0413297394429468,0.5818181818181816,0.6658653846153849
SOL,2022-12-06,normal,0.0399773178338532,0.3230769230769215,0.712871287128713
SOL,2022-12-07,normal,0.0393991627677912,0.2526315789473688,0.8316831683168318
SOL,2022-12-08,normal,0.035412694088804,0.6363636363636388,0.6311881188118812
SOL,2022-12-09,normal,0.0351775956284153,0.6500000000000034,0.6806930693069305
SOL,2022-12-12,normal,0.0346045197740111,0.314285714285713,0.6138613861386139
SOL,2022-12-13,normal,0.0420951499839874,0.7142857142857151,0.3527131782945737
SOL,2022-12-14,normal,0.035412694088804,0.9534883720930242,0.5090090090090093
SOL,2022-12-15,normal,0.0393991627677912,0.3181818181818194,0.6126126126126121
SOL,2022-12-16,normal,0.0337883497769968,0.12195121951219465,0.5765765765765761
SOL,2022-12-19,normal,0.0399773178338532,0.2954545454545435,0.15131578947368446
SOL,2022-12-20,normal,0.0421278114958943,0.850746268656717,0.08484848484848463
SOL,2022-12-21,normal,0.0393991627677912,0.3170731707317091,0.18181818181818168
SOL,2022-12-22,normal,0.038328588857259,0.45833333333333054,0.14545454545454556
SOL,2022-12-23,normal,0.0393991627677912,0.500000000000002,0.04848484848484852
SOL,2022-12-26,normal,0.0363449925942804,0.4999999999999963,0.07969151670951169
SOL,2022-12-27,normal,0.038328588857259,0.23404255319148873,0.06666666666666661
SOL,2022-12-28,normal,0.0393991627677912,0.23841059602648973,0.08941176470588212
SOL,2022-12-29,normal,0.0393991627677912,0.2698412698412694,0.06642728904847382
SOL,2022-12-30,normal,0.0437753036437246,0.4788732394366195,0.23563218390804602
SOL,2023-01-02,normal,0.0516438826008133,0.5799086757990867,0.285919540229885
SOL,2023-01-03,normal,0.0405945873883482,0.7809523809523807,0.4712643678160918
SOL,2023-01-04,normal,0.0560325500290625,0.18811881188118768,0.8236196319018404
SOL,2023-01-05,normal,0.0520569311756677,0.400000000000001,0.8701923076923076
SOL,2023-01-06,normal,0.0479405806887237,0.08450704225352172,0.8701923076923076
SOL,2023-01-09,normal,0.0527392193551194,0.798192771084338,0.9361393323657473
SOL,2023-01-10,normal,0.055925533525049,0.3495145631067952,0.868421052631579
SOL,2023-01-11,normal,0.0545327429503611,0.16923076923077054,0.863157894736842
SOL,2023-01-12,normal,0.0526238352133398,0.22522522522522534,0.8799999999999999
SOL,2023-01-13,normal,0.0527392193551194,0.22641509433962403,0.9042105263157895
SOL,2023-01-16,normal,0.0545327429503611,0.31372549019607865,0.8758823529411766
SOL,2023-01-17,normal,0.0558451228592702,0.6608695652173915,0.916470588235294
SOL,2023-01-18,normal,0.0558451228592702,0.4796747967479672,0.8741176470588234
SOL,2023-01-19,normal,0.0581365828890581,0.16071428571428584,0.736875
SOL,2023-01-20,normal,0.0555390762680811,0.5492957746478875,0.7653194263363754
SOL,2023-01-23,normal,0.0624349635796046,0.5632183908045993,0.8467948717948718
SOL,2023-01-24,normal,0.055925533525049,0.33050847457627175,0.8368080517613226
SOL,2023-01-25,normal,0.0559441441820361,0.9669811320754715,0.7253774263120057
SOL,2023-01-26,normal,0.0604319990426613,0.3931623931623933,0.850467289719626
SOL,2023-01-27,normal,0.0566884176182708,0.2698412698412694,0.8349090909090907
SOL,2023-01-30,normal,0.0524202589831267,0.12546125461254604,0.9366319444444444
SOL,2023-01-31,normal,0.0503063804259329,0.3291139240506338,0.7534722222222222
SOL,2023-02-01,normal,0.0483735473934755,0.3777777777777767,0.744227353463588
SOL,2023-02-02,normal,0.0493614708812607,0.3490566037735851,0.8287345385347288
SOL,2023-02-03,normal,0.0482560262965668,0.8636363636363585,0.7116279069767442
SOL,2023-02-06,normal,0.0459147633623735,0.5056179775280928,0.48452012383900905
SOL,2023-02-07,normal,0.0403940886699507,0.9400000000000013,0.3591331269349845
SOL,2023-02-08,normal,0.0472255017709563,0.30555555555555447,0.5336463223787167
SOL,2023-02-09,normal,0.0405945873883482,0.594405594405593,0.3901192504258942
SOL,2023-02-10,normal,0.0407287687334705,0.30208333333333587,0.0705882352941177
SOL,2023-02-13,normal,0.0403940886699507,0.3095238095238093,0.2542134831460672
SOL,2023-02-14,normal,0.0399773178338532,0.7916666666666665,0.1530898876404494
SOL,2023-02-15,normal,0.0428189116859946,0.7769230769230777,0.3033707865168539
SOL,2023-02-16,normal,0.0472255017709563,0.34666666666666873,0.5870786516853931
SOL,2023-02-17,normal,0.0405405405405405,0.8658536585365861,0.3595505617977526
SOL,2023-02-20,normal,0.0472255017709563,0.7441860465116282,0.7975270479134469
SOL,2023-02-21,normal,0.0472255017709563,0.1823529411764699,0.8844086021505377
SOL,2023-02-22,normal,0.0459147633623735,0.18719211822660073,0.7123655913978494
SOL,2023-02-23,normal,0.0474391267842149,0.3944954128440365,0.6021505376344085
SOL,2023-02-24,normal,0.0419407894736841,0.45901639344262524,0.5685483870967741
SOL,2023-02-27,normal,0.0472255017709563,0.14285714285713996,0.4798387096774193
SOL,2023-02-28,normal,0.0403940886699507,0.57142857142857,0.4032258064516128
SOL,2023-03-01,normal,0.0363449925942804,0.8015873015873018,0.29704301075268824
SOL,2023-03-02,normal,0.0346669354026,0.1084337349397591,0.38037634408602167
SOL,2023-03-03,normal,0.0377600648473385,0.42857142857142855,0.3071718538565628
SOL,2023-03-06,normal,0.0344730941704035,0.296296296296297,0.11127167630057795
SOL,2023-03-07,normal,0.0345963756177924,0.2941176470588226,0.06213872832369936
SOL,2023-03-08,normal,0.0352721556297897,0.02877697841726556,0.07287449392712539
SOL,2023-03-09,normal,0.0352721556297897,0.17543859649122423,0.034368070953436664
SOL,2023-03-10,normal,0.0450856627592425,0.7007299270072994,0.06136145733461141
SOL,2023-03-13,normal,0.0405945873883482,0.18452380952381092,0.3958529688972667
SOL,2023-03-14,normal,0.0525583848846687,0.3978494623655926,0.4761904761904761
SOL,2023-03-15,normal,0.0472255017709563,0.31782945736433865,0.5592635212888376
SOL,2023-03-16,normal,0.0490399584846912,0.8404255319148953,0.3985239852398523
SOL,2023-03-17,normal,0.0443545756963016,0.9618320610687017,0.48738379814077043
SOL,2023-03-20,normal,0.0493614708812607,0.8755555555555551,0.844380403458213
SOL,2023-03-21,normal,0.0512687726566545,0.7622950819672136,0.7749683944374208
SOL,2023-03-22,normal,0.0442837776773609,0.6666666666666666,0.8255372945638434
SOL,2023-03-23,normal,0.0472255017709563,0.9444444444444459,0.6852085967130217
SOL,2023-03-24,normal,0.0459383484298791,0.3333333333333333,0.7787610619469026
SOL,2023-03-27,normal,0.047585886722377,0.346666666666664,0.624525916561315
SOL,2023-03-28,normal,0.0432182351613631,0.8305084745762688,0.4943109987357775
SOL,2023-03-29,normal,0.0405945873883482,0.7293233082706768,0.5625790139064475
SOL,2023-03-30,normal,0.0443320440345135,0.13913043478260856,0.6447534766118839
SOL,2023-03-31,normal,0.0403940886699507,0.39436619718309973,0.5179340028694405
SOL,2023-04-03,normal,0.0351775956284153,0.7343750000000017,0.3493282149712092
SOL,2023-04-04,normal,0.0351775956284153,0.9583333333333317,0.3358925143953934
SOL,2023-04-05,normal,0.0336381081386161,0.6862745098039222,0.4055666003976148
SOL,2023-04-06,normal,0.0336599914784832,0.4262295081967243,0.35807860262008734
SOL,2023-04-07,normal,0.0345963756177924,0.1607142857142848,0.2816593886462887
SOL,2023-04-10,normal,0.0345963756177924,0.5161290322580612,0.2375000000000007
SOL,2023-04-11,normal,0.0344730941704035,0.7650000000000006,0.41489361702127703
SOL,2023-04-12,normal,0.0467516697024893,0.6874999999999999,0.8390804597701151
SOL,2023-04-13,normal,0.0467516697024893,0.744680851063828,0.8679611650485438
SOL,2023-04-14,normal,0.0466180866965621,0.6328125000000002,0.8542713567839195
SOL,2023-04-17,normal,0.0466988727858293,0.228571428571429,0.974533106960951
SOL,2023-04-18,normal,0.0462670008628836,0.9305555555555546,0.7691056910569103
SOL,2023-04-19,normal,0.0465666929755327,0.4587155963302753,0.808130081300813
SOL,2023-04-20,normal,0.0451372731503024,0.1862745098039194,0.45691056910569094
SOL,2023-04-21,normal,0.0428189116859946,0.3666666666666698,0.38211382113821113
SOL,2023-04-24,normal,0.0393991627677912,0.6853932584269652,0.2634146341463411
SOL,2023-04-25,normal,0.0378906721370821,0.36986301369862934,0.24878048780487771
SOL,2023-04-26,normal,0.0403940886699507,0.8252427184466025,0.33821138211382096
SOL,2023-04-27,normal,0.0351775956284153,0.5825242718446595,0.23252032520325203
SOL,2023-04-28,normal,0.0407287687334705,0.4864864864864844,0.40325203252032477
SOL,2023-05-01,normal,0.0403940886699507,0.24000000000000057,0.42198581560283666
SOL,2023-05-02,normal,0.0346669354026,0.7187500000000007,0.2836879432624116
SOL,2023-05-03,normal,0.0351775956284153,0.06930693069306948,0.33510638297872347
SOL,2023-05-04,normal,0.0316622691292875,0.4444444444444436,0.33333333333333315
SOL,2023-05-05,normal,0.0336381081386161,0.7800000000000011,0.24468085106382959
SOL,2023-05-08,normal,0.0344730941704035,0.3109756097560984,0.25590551181102367
SOL,2023-05-09,normal,0.0340282035561006,1.0,0.12449799196787167
SOL,2023-05-10,normal,0.0345963756177924,0.6750000000000014,0.16290726817042578
SOL,2023-05-11,normal,0.0398282852373001,0.22499999999999945,0.27529411764705924
SOL,2023-05-12,normal,0.0379858657243816,0.8571428571428599,0.11162790697674436
SOL,2023-05-15,normal,0.0318142734307824,0.7391304347826099,0.2883720930232556
SOL,2023-05-16,normal,0.031548757170172,0.4374999999999972,0.3023255813953484
SOL,2023-05-17,normal,0.0318142734307824,0.08196721311475534,0.2279069767441863
SOL,2023-05-18,normal,0.0306631115233016,0.20408163265306328,0.3186046511627903
SOL,2023-05-19,normal,0.0336105336105337,0.7199999999999989,0.1511627906976742
SOL,2023-05-22,normal,0.0318142734307824,0.921874999999999,0.07179487179487205
SOL,2023-05-23,normal,0.0318142734307824,0.657894736842107,0.06329113924050635
SOL,2023-05-24,normal,0.0294177524429967,0.13750000000000362,0.18734177215189837
SOL,2023-05-25,normal,0.0336105336105337,0.8714285714285716,0.12253829321662991
SOL,2023-05-26,normal,0.0309882747068677,0.75,0.12910284463894964
SOL,2023-05-29,normal,0.0322847682119205,0.3076923076923056,0.7517482517482514
SOL,2023-05-30,normal,0.0316622691292875,0.9042553191489364,0.667832167832168
SOL,2023-05-31,normal,0.0338495859968253,0.16279069767441937,0.9055944055944057
SOL,2023-06-01,normal,0.0325384443949186,0.5438596491228045,0.7517482517482514
SOL,2023-06-02,normal,0.031548757170172,0.9499999999999993,0.6398601398601393
SOL,2023-06-05,normal,0.0351775956284153,0.25925925925926074,0.868131868131868
SOL,2023-06-06,normal,0.0438596491228069,0.3953488372092983,0.36813186813186805
SOL,2023-06-07,normal,0.0337883497769968,0.3958333333333319,0.4725274725274721
SOL,2023-06-08,normal,0.0398608035431825,0.8615384615384615,0.03684210526315804
SOL,2023-06-09,normal,0.0378906721370821,0.8888888888888876,0.1621621621621622
SOL,2023-06-12,normal,0.0465766185374941,0.5617977528089896,0.2894736842105263
SOL,2023-06-13,normal,0.0462076106652859,0.9275362318840594,0.2515789473684209
SOL,2023-06-14,normal,0.0453098212098947,0.7674418604651138,0.23578947368421035
SOL,2023-06-15,normal,0.0453098212098947,0.426666666666667,0.17684210526315786
SOL,2023-06-16,normal,0.0452025072324011,0.06521739130435018,0.20736842105263145
SOL,2023-06-19,normal,0.0465766185374941,0.9333333333333349,0.2789473684210525
SOL,2023-06-20,normal,0.0407287687334705,0.259999999999998,0.34736842105263166
SOL,2023-06-21,normal,0.0453098212098947,0.4939759036144569,0.40421052631578946
SOL,2023-06-22,normal,0.0414414414414415,0.21238938053097225,0.4663157894736842
SOL,2023-06-23,normal,0.0428189116859946,0.2058823529411774,0.40210526315789474
SOL,2023-06-26,normal,0.035412694088804,0.6666666666666708,0.5265822784810128
SOL,2023-06-27,normal,0.0403940886699507,0.8988764044943822,0.44890038809831806
SOL,2023-06-28,normal,0.0382359575907963,0.37168141592920423,0.5829528158295278
SOL,2023-06-29,normal,0.0428189116859946,0.9087136929460572,0.4824961948249619
SOL,2023-06-30,normal,0.0489560105412527,0.8561151079136693,0.9470802919708025
SOL,2023-07-03,normal,0.0521307779030439,0.5263157894736823,0.9028475711892794
SOL,2023-07-04,normal,0.048358733880422,0.46000000000000085,0.8710217755443886
SOL,2023-07-05,normal,0.0479405806887237,0.3223140495867771,0.8461538461538458
SOL,2023-07-06,normal,0.0467516697024893,0.7142857142857136,0.8176991150442476
SOL,2023-07-07,normal,0.0493614708812607,0.7222222222222234,0.7619863013698629
SOL,2023-07-10,normal,0.0477944939105515,0.3267326732673281,0.8289855072463769
SOL,2023-07-11,normal,0.0482560262965668,0.8220338983050846,0.8260869565217392
SOL,2023-07-12,normal,0.0466988727858293,0.6585365853658524,0.9376811594202898
SOL,2023-07-13,normal,0.0467516697024893,0.9252336448598144,0.8805555555555556
SOL,2023-07-14,EXPANSION,0.0685821892844125,0.38088012139605465,0.9278074866310162
SOL,2023-07-17,normal,0.0521989313604603,0.29896907216494795,0.7150635208711434
SOL,2023-07-18,normal,0.0521989313604603,0.06756756756756696,0.677555958862674
SOL,2023-07-19,normal,0.0552022855036401,0.9197080291970807,0.5947109471094709
SOL,2023-07-20,normal,0.0558451228592702,0.822580645161291,0.6150793650793649
SOL,2023-07-21,normal,0.0497491638795987,0.37288135593220756,0.5256500351370343
SOL,2023-07-24,normal,0.0477944939105515,0.3240223463687143,0.4663287472845764
SOL,2023-07-25,normal,0.0479212046595321,0.3230769230769251,0.36567704561911657
SOL,2023-07-26,normal,0.0456425332602521,0.811764705882353,0.334335086401202
SOL,2023-07-27,normal,0.0453098212098947,0.8390804597701145,0.4592074592074592
SOL,2023-07-28,normal,0.0452640402347025,0.10465116279069758,0.39708404802744435
SOL,2023-07-31,normal,0.0399773178338532,0.5416666666666683,0.2790484903934126
SOL,2023-08-01,normal,0.0352721556297897,0.405405405405405,0.2156862745098038
SOL,2023-08-02,normal,0.0365622032288698,0.29885057471264226,0.24556489262371603
SOL,2023-08-03,normal,0.0329896907216495,0.3297872340425526,0.04468085106382958
SOL,2023-08-04,normal,0.0318142734307824,0.7333333333333337,0.03143712574850259
SOL,2023-08-07,normal,0.0294177524429967,0.14705882352941316,0.18834951456310664
SOL,2023-08-08,normal,0.0294177524429967,0.9761904761904726,0.1728155339805827
SOL,2023-08-09,normal,0.0365622032288698,0.8602150537634419,0.38640776699029106
SOL,2023-08-10,normal,0.0322847682119205,0.6585365853658524,0.5702917771883286
SOL,2023-08-11,normal,0.0314384151593454,0.25925925925926074,0.6390374331550807
SOL,2023-08-14,normal,0.0294177524429967,0.8333333333333345,0.5797101449275364
SOL,2023-08-15,normal,0.0353258680415692,0.16901408450703845,0.855072463768116
SOL,2023-08-16,normal,0.0287769784172662,0.3658536585365861,0.4883040935672512
SOL,2023-08-17,normal,0.0285165011214354,0.6391752577319568,0.17717717717717724
SOL,2023-08-18,normal,0.0307101727447218,0.8560000000000002,0.3062730627306272
SOL,2023-08-21,normal,0.0332733812949641,0.2967032967032962,0.3265682656826566
SOL,2023-08-22,normal,0.0318142734307824,0.02325581395349202,0.22140221402214003
SOL,2023-08-23,normal,0.0336507936507936,0.6930693069306912,0.20428336079077403
SOL,2023-08-24,normal,0.0351775956284153,0.6417910447761207,0.39373970345963705
SOL,2023-08-25,normal,0.0346669354026,0.38805970149253544,0.2817133443163093
SOL,2023-08-28,normal,0.0365622032288698,0.43037974683544333,0.23723228995057621
SOL,2023-08-29,normal,0.0318142734307824,0.04615384615384254,0.1993410214168035
SOL,2023-08-30,normal,0.0407287687334705,0.06557377049180776,0.40197693574958776
SOL,2023-08-31,normal,0.0351775956284153,0.6086956521739144,0.24217462932454675
SOL,2023-09-01,normal,0.0380974917179365,0.7000000000000012,0.06425041186161401
SOL,2023-09-04,normal,0.0352721556297897,0.24193548387096506,0.08593750000000008
SOL,2023-09-05,normal,0.0351775956284153,0.866666666666669,0.09980039920159678
SOL,2023-09-06,normal,0.0407287687334705,0.1000000000000005,0.2811791383219959
SOL,2023-09-07,normal,0.0346669354026,0.08510638297872179,0.19496855345911981
SOL,2023-09-08,normal,0.0306631115233016,0.20879120879120627,0.28481012658227917
SOL,2023-09-11,normal,0.0346669354026,0.252032520325205,0.10772833723653334
SOL,2023-09-12,normal,0.0372807017543861,0.6212121212121213,0.08262711864406787
SOL,2023-09-13,normal,0.0345963756177924,0.5632183908045976,0.12500000000000067
SOL,2023-09-14,normal,0.0336381081386161,0.5200000000000031,0.22669491525423724
SOL,2023-09-15,normal,0.0294177524429967,0.5000000000000032,0.3220338983050852
SOL,2023-09-18,normal,0.0360315893385982,0.8547008547008534,0.31355932203389825
SOL,2023-09-19,normal,0.031548757170172,0.75,0.49570815450643824
SOL,2023-09-20,normal,0.0283618581907091,0.5909090909090895,0.7219251336898399
SOL,2023-09-21,normal,0.031548757170172,0.1,0.9051987767584092
SOL,2023-09-22,normal,0.0285165011214354,0.7931034482758659,0.651376146788991
SOL,2023-09-25,normal,0.0261849519390122,0.9056603773584895,0.6207951070336389
SOL,2023-09-26,normal,0.0258284600389864,0.5172413793103474,0.6417445482866049
SOL,2023-09-27,normal,0.0256570713391739,0.8524590163934427,0.5295950155763247
SOL,2023-09-28,normal,0.0263598326359832,0.42553191489362086,0.5638629283489102
SOL,2023-09-29,normal,0.028735632183908,0.6119402985074613,0.8193146417445488
SOL,2023-10-02,normal,0.0378356387306753,0.4759358288770054,0.9090909090909093
SOL,2023-10-03,normal,0.0370539798719121,0.6496815286624222,0.7988748241912799
SOL,2023-10-04,normal,0.0371545083824195,0.7407407407407393,0.8130841121495329
SOL,2023-10-05,normal,0.0353258680415692,0.41935483870967655,0.7327999999999997
SOL,2023-10-06,normal,0.0379023883696781,0.5937499999999998,0.6623794212218649
SOL,2023-10-09,normal,0.0405405405405405,0.09090909090909165,0.7397034596375615
SOL,2023-10-10,normal,0.0368337244384848,0.43859649122806993,0.555189456342669
SOL,2023-10-11,normal,0.0370517928286852,0.5857142857142865,0.5568369028006588
SOL,2023-10-12,normal,0.0372272143774069,0.38888888888888956,0.540362438220758
SOL,2023-10-13,normal,0.0379023883696781,0.8043478260869572,0.4200988467874795
SOL,2023-10-16,normal,0.031548757170172,1.0,0.5271828665568368
SOL,2023-10-17,normal,0.0419407894736841,0.39999999999999736,0.8599670510708399
SOL,2023-10-18,normal,0.0371545083824195,0.04615384615384254,0.8473684210526314
SOL,2023-10-19,normal,0.0344530577088716,0.9831932773109248,0.7212121212121214
SOL,2023-10-20,normal,0.0436456996148908,0.7761732851985556,0.8526315789473684
SOL,2023-10-23,normal,0.0419336751041332,0.372623574144487,0.8656716417910449
SOL,2023-10-24,normal,0.0419336751041332,0.6572438162544163,0.9217171717171715
SOL,2023-10-25,normal,0.0475033621101036,0.8939393939393934,0.7777777777777778
SOL,2023-10-26,normal,0.0419368785127539,0.1309523809523803,0.887432536622976
SOL,2023-10-27,normal,0.0419407894736841,0.5314685314685302,0.9128758673862764
SOL,2023-10-30,normal,0.0462555066079295,0.9236111111111114,0.9175019275250578
SOL,2023-10-31,normal,0.0433705080545229,0.8181818181818185,0.9715672676837723
SOL,2023-11-01,normal,0.0433705080545229,0.7877551020408176,0.9875635952515546
SOL,2023-11-02,EXPANSION,0.0575126702714923,0.9749999999999996,0.7770453664210935
SOL,2023-11-03,EXPANSION,0.0569560172977534,0.46245059288537593,0.7357369255150554
SOL,2023-11-06,normal,0.0479405806887237,0.37327188940092243,0.7583018074821354
SOL,2023-11-07,normal,0.0483601070950468,0.6425339366515842,0.8007566204287515
SOL,2023-11-08,EXPANSION,0.0545327429503611,0.7423312883435577,0.8331231609920134
SOL,2023-11-09,normal,0.0493719003355803,0.9451327433628327,0.8299503834009925
SOL,2023-11-10,EXPANSION,0.0683661645422943,0.9296987087517931,0.838506522717049
SOL,2023-11-13,EXPANSION,0.0609119079238602,0.5599999999999992,0.7773584905660377
SOL,2023-11-14,EXPANSION,0.0710130484158806,0.42765957446808595,0.6362297496318114
SOL,2023-11-15,EXPANSION,0.0730112119594233,0.9124839124839126,0.7850692354003613
SOL,2023-11-16,EXPANSION,0.0656087885260909,0.20641282565130134,0.9529510022271716
SOL,2023-11-17,EXPANSION,0.0583791712504584,0.6126760563380284,0.7183861359328457
SOL,2023-11-20,EXPANSION,0.0603698609200672,0.36241610738255164,0.7872977831036548
SOL,2023-11-21,EXPANSION,0.0582743988684581,0.5347826086956515,0.617308325106943
SOL,2023-11-22,EXPANSION,0.0582743988684581,0.9067357512953369,0.45234943745863665
SOL,2023-11-23,normal,0.0566884176182708,0.2792452830188681,0.6479152878888154
SOL,2023-11-24,EXPANSION,0.057643867467545,0.6486486486486495,0.5996575342465752
SOL,2023-11-27,normal,0.0511713933415536,0.04347826086956614,0.621977240398293
SOL,2023-11-28,normal,0.0495643756050339,0.7842323651452272,0.5104321907600596
SOL,2023-11-29,normal,0.0511713933415536,0.7156862745098029,0.626676602086438
SOL,2023-11-30,normal,0.0497491638795987,0.8372881355932191,0.6159827213822895
SOL,2023-12-01,normal,0.0452640402347025,0.609090909090909,0.47892271662763447
SOL,2023-12-04,normal,0.0477944939105515,0.37454545454545496,0.6943793911007023
SOL,2023-12-05,normal,0.0403940886699507,0.45098039215686325,0.6134354743665291
SOL,2023-12-06,normal,0.0378356387306753,0.4771653543307082,0.5774896876841485
SOL,2023-12-07,normal,0.0378356387306753,0.7910863509749305,0.6873786407766989
SOL,2023-12-08,normal,0.0462670008628836,0.9135446685878971,0.9101433296582134
SOL,2023-12-11,normal,0.0466180866965621,0.4390018484288358,0.8903954802259888
SOL,2023-12-12,normal,0.0403940886699507,0.42857142857142994,0.7142314990512334
SOL,2023-12-13,normal,0.0466988727858293,0.48339483394834015,0.6223776223776222
SOL,2023-12-14,normal,0.0472255017709563,0.8123515439429917,0.7054709995886468
SOL,2023-12-15,normal,0.0471071767309517,0.5235507246376816,0.9136157959687374
SOL,2023-12-18,normal,0.0512687726566545,0.2527675276752775,0.6623630672926449
SOL,2023-12-19,normal,0.0479405806887237,0.2716535433070851,0.7667584940312214
SOL,2023-12-20,normal,0.0520176799805843,0.7507936507936518,0.6889952153110047
SOL,2023-12-21,normal,0.0521989313604603,0.7577807848443835,0.9244322631166795
SOL,2023-12-22,normal,0.0555390762680811,0.4301310043668121,0.9533351633269282
SOL,2023-12-25,normal,0.0555390762680811,0.940366972477064,0.9042210544160029
SOL,2023-12-26,normal,0.0573316283034952,0.5399103139013454,0.9165773763967549
SOL,2023-12-27,normal,0.0575126702714923,0.5683646112600534,0.7856922126081581
SOL,2023-12-28,normal,0.0599640237400231,0.06455142231947521,0.6897431807305789
SOL,2023-12-29,normal,0.0561633843909554,0.7436363636363642,0.6082309778274047
SOL,2024-01-01,normal,0.0520569311756677,0.7879746835443053,0.6069548572340085
SOL,2024-01-02,normal,0.0543043952052306,0.5479143179255915,0.7375977029829318
SOL,2024-01-03,EXPANSION,0.0735756385068761,0.6148594377510039,0.6693059299191375
SOL,2024-01-04,normal,0.0495007675083439,0.51851851851852,0.5309973045822102
SOL,2024-01-05,normal,0.0516067146282974,0.3008595988538672,0.6386455525606468
SOL,2024-01-08,normal,0.0490399584846912,0.9644012944983805,0.32356174422865513
SOL,2024-01-09,normal,0.0521307779030439,0.3701149425287354,0.4666666666666667
SOL,2024-01-10,normal,0.0477944939105515,0.2151029748283749,0.4043679682329583
SOL,2024-01-11,normal,0.0486737058975019,0.9442060085836914,0.41102514506769827
SOL,2024-01-12,normal,0.0494768389505231,0.21004566210045655,0.3602514506769827
SOL,2024-01-15,normal,0.0494768389505231,0.4191616766467054,0.24229922992299235
SOL,2024-01-16,normal,0.0479212046595321,0.7318181818181806,0.2929577464788732
SOL,2024-01-17,normal,0.0483735473934755,0.928571428571428,0.39467918622848197
SOL,2024-01-18,normal,0.0479212046595321,0.12369337979094196,0.5352112676056335
SOL,2024-01-19,normal,0.0428189116859946,0.6849999999999987,0.294209702660407
SOL,2024-01-22,normal,0.0440286802599149,0.45438596491228106,0.19061032863849775
SOL,2024-01-23,normal,0.0452025072324011,0.19857142857142865,0.06393678160919544
SOL,2024-01-24,normal,0.0420951499839874,0.6902800658978587,0.18353344768439084
SOL,2024-01-25,normal,0.0391055532005086,0.1812297734627837,0.34498587570621464
SOL,2024-01-26,normal,0.0393991627677912,0.7422360248447193,0.27930790960451973
SOL,2024-01-29,normal,0.0403940886699507,0.5426008968609877,0.599576271186441
SOL,2024-01-30,normal,0.0459383484298791,0.6874999999999983,0.8008474576271191
SOL,2024-01-31,normal,0.0459147633623735,0.3237518910741302,0.7909604519774015
SOL,2024-02-01,normal,0.0405405405405405,0.46186440677966256,0.653328483084758
SOL,2024-02-02,normal,0.0471071767309517,0.7921847246891672,0.68424881775191
SOL,2024-02-05,QUIET,0.0332733812949641,0.8426150121065394,0.5998544925427427
SOL,2024-02-06,QUIET,0.0304249174917492,0.3478260869565206,0.6060385594761731
SOL,2024-02-07,QUIET,0.0285165011214354,0.30976430976431046,0.6504183339396143
SOL,2024-02-08,normal,0.0378356387306753,0.379310344827584,0.805383775918516
SOL,2024-02-09,normal,0.0325384443949186,0.7074829931972773,0.8643142961076759
SOL,2024-02-12,normal,0.0331868240406933,0.18686868686868685,0.8932831136220964
SOL,2024-02-13,normal,0.0400330169211722,0.6190476190476173,0.9799446749654219
SOL,2024-02-14,normal,0.0454415547299229,0.8341968911917087,0.9111776447105788
SOL,2024-02-15,normal,0.0370773185683211,0.3818181818181821,0.9474488237091354
SOL,2024-02-16,normal,0.037544042049327,0.7112171837708844,0.814709032488397
SOL,2024-02-19,normal,0.0376164828588527,0.39310344827586147,0.7500968616815187
SOL,2024-02-20,normal,0.0370773185683211,0.251748251748251,0.7225881441301822
SOL,2024-02-21,normal,0.0401076716016151,0.24378109452736266,0.5978302983339793
SOL,2024-02-22,normal,0.0351775956284153,0.602385685884692,0.47074777218132524
SOL,2024-02-23,QUIET,0.0311725846407928,0.09433962264151058,0.3440526927547466
SOL,2024-02-26,normal,0.0332733812949641,0.24611973392461234,0.4103060829135995
SOL,2024-02-27,normal,0.0405405405405405,0.3164179104477624,0.6348151225592026
SOL,2024-02-28,normal,0.0394160583941606,0.534282018111254,0.4888668975754576
SOL,2024-02-29,normal,0.0509673951988534,0.7839254513686659,0.9985422740524781
SOL,2024-03-01,normal,0.0466988727858293,0.7541899441340776,0.7520044235554327
SOL,2024-03-04,normal,0.0462555066079295,0.655436447166922,0.805696846388606
SOL,2024-03-05,normal,0.0450147809728566,0.7915194346289739,0.8847914547304171
SOL,2024-03-06,normal,0.0479405806887237,0.5458193979933113,0.6064647377938518
SOL,2024-03-07,normal,0.0480972515856236,0.8794076163610732,0.7303345388788425
SOL,2024-03-08,normal,0.0480972515856236,0.8746867167919797,0.8921684376229827
SOL,2024-03-11,normal,0.0494808717612946,0.8584974471188913,0.8476735598227474
SOL,2024-03-12,normal,0.0486077115788867,0.4225888324873079,0.9296528803545057
SOL,2024-03-13,normal,0.0483601070950468,0.8759689922480611,0.9301132342533618
SOL,2024-03-14,normal,0.0545327429503611,0.9119496855345921,0.9585347985347987
SOL,2024-03-15,normal,0.0560325500290625,0.2469690166142792,0.9768807798050488
SOL,2024-03-18,normal,0.0586943258084197,0.8717948717948721,0.9666666666666669
SOL,2024-03-19,normal,0.0685821892844125,0.2427244582043344,0.864422894086328
SOL,2024-03-20,normal,0.0543043952052306,0.6591220850480114,0.6162768587183874
SOL,2024-03-21,normal,0.0527392193551194,0.400731930466605,0.8249667237117323
SOL,2024-03-22,normal,0.0527392193551194,0.0416263310745409,0.7079292641186538
SOL,2024-03-25,normal,0.0497491638795987,0.6470046082949305,0.7499524624453318
SOL,2024-03-26,normal,0.0479405806887237,0.791764705882355,0.7650255045464627
SOL,2024-03-27,normal,0.0492618657071802,0.5438786565547129,0.7524479035902586
SOL,2024-03-28,normal,0.0511388053287495,0.5315101070154561,0.676346858461121
SOL,2024-03-29,normal,0.0472255017709563,0.3236074270557055,0.7211290541457456
SOL,2024-04-01,normal,0.0470952217256788,0.1685994647636026,0.8874490390215489
SOL,2024-04-02,normal,0.0450147809728566,0.14637146371463694,0.7081503172279161
SOL,2024-04-03,normal,0.0405945873883482,0.7181697612732098,0.4380149078069832
SOL,2024-04-04,normal,0.0403940886699507,0.7588075880758804,0.4734967525665203
SOL,2024-04-05,normal,0.0405405405405405,0.04072681704260515,0.4514980096375446
SOL,2024-04-08,normal,0.0414414414414415,0.7942735949098625,0.40633182575577276
SOL,2024-04-09,QUIET,0.0332733812949641,0.37163814180929317,0.43394429897643444
SOL,2024-04-10,normal,0.0438342486270594,0.32833333333333314,0.13147194361615594
SOL,2024-04-11,normal,0.0403940886699507,0.06495726495726879,0.26149834044570885
SOL,2024-04-12,normal,0.0370517928286852,0.28663793103448015,0.239212897107634
SOL,2024-04-15,normal,0.0453098212098947,0.6473429951690814,0.3984851910468008
SOL,2024-04-16,normal,0.0575624082232012,0.5935185185185191,0.25446529504860943
SOL,2024-04-17,normal,0.0525583848846687,0.033067274800455154,0.22857788831110104
SOL,2024-04-18,normal,0.0544165253584091,0.8731343283582091,0.17906398372145604
SOL,2024-04-19,normal,0.0568823273990446,0.8648941942485074,0.2947094732082296
SOL,2024-04-22,normal,0.0453098212098947,0.6643356643356655,0.43022035676810083
SOL,2024-04-23,normal,0.0453098212098947,0.16534181240063864,0.538815789473684
SOL,2024-04-24,normal,0.0450721153846153,0.9126394052044615,0.5227303385943612
SOL,2024-04-25,normal,0.0486794986571173,0.2420289855072485,0.46011292891269734
SOL,2024-04-26,normal,0.0447204968944098,0.2989510489510504,0.4199184624344787
SOL,2024-04-29,normal,0.0399773178338532,0.1257783312577857,0.33882896764252707
SOL,2024-04-30,normal,0.038723597547127,0.045178105994787957,0.3609084880636607
SOL,2024-05-01,normal,0.040983606557377,0.4439071566731143,0.17854774535809015
SOL,2024-05-02,normal,0.0428189116859946,0.9786641929499081,0.31077025675225056
SOL,2024-05-03,normal,0.0516731701549011,0.16447368421052597,0.49045454545454575
SOL,2024-05-06,normal,0.0475033621101036,0.7621000820344563,0.6563929689381168
SOL,2024-05-07,normal,0.0403940886699507,0.4195323246217341,0.8271129304117504
SOL,2024-05-08,normal,0.0377600648473385,0.08448753462603675,0.71177462075608
SOL,2024-05-09,normal,0.0394160583941606,0.42026266416510616,0.570912593306044
SOL,2024-05-10,normal,0.0452206134632539,0.8680926916221021,0.8210931856489283
SOL,2024-05-13,normal,0.0432182351613631,0.8065843621399181,0.6010113171201543
SOL,2024-05-14,normal,0.0399773178338532,0.5353159851301111,0.703363174449552
SOL,2024-05-15,normal,0.0482980680772769,0.6119096509240219,0.5785854616895875
SOL,2024-05-16,normal,0.0472255017709563,0.8863879957127542,0.9835461689587429
SOL,2024-05-17,normal,0.0450147809728566,0.7982525814138212,0.882987910189983
SOL,2024-05-20,normal,0.0447963080840228,0.8567839195979893,0.8935579093592638
SOL,2024-05-21,normal,0.0447336315575436,0.04284103720405823,0.9768074445239799
SOL,2024-05-22,normal,0.0419368785127539,0.3813038130381299,0.8230642504118619
SOL,2024-05-23,normal,0.0459147633623735,0.38644918444165427,0.7747594793435201
SOL,2024-05-24,normal,0.0403940886699507,0.2246928028086602,0.7509293680297399
SOL,2024-05-27,normal,0.0370517928286852,0.9366852886405953,0.5014674232048524
SOL,2024-05-28,normal,0.0414414414414415,0.6820083682008373,0.6333398552142441
SOL,2024-05-29,normal,0.0403940886699507,0.1294298921417569,0.6045783603991394
SOL,2024-05-30,normal,0.0370517928286852,0.35714285714285465,0.5975347290158481
SOL,2024-05-31,normal,0.0342696285417048,0.9422110552763844,0.5693602034826845
SOL,2024-06-03,normal,0.0363388836527385,0.6007905138339958,0.46015100671140957
SOL,2024-06-04,QUIET,0.0285165011214354,0.4460966542750891,0.4966442953020132
SOL,2024-06-05,QUIET,0.0287769784172662,0.6142034548944306,0.4724020968239286
SOL,2024-06-06,QUIET,0.0285165011214354,0.5384615384615431,0.4808927967534664
SOL,2024-06-07,QUIET,0.0285644975438171,0.9042253521126746,0.3280745787020441
SOL,2024-06-10,QUIET,0.0283273381294963,0.40567951318458595,0.2557686961356691
SOL,2024-06-11,QUIET,0.0294177524429967,0.20272108843537168,0.19108478802992584
SOL,2024-06-12,normal,0.0468817204301075,0.7758620689655182,0.11467633928571465
SOL,2024-06-13,normal,0.0360315893385982,0.08814589665653275,0.32374798061389354
SOL,2024-06-14,normal,0.0336507936507936,0.7106109324758837,0.0687500000000001
SOL,2024-06-17,normal,0.0360315893385982,0.2250740375123398,0.32368494294461514
SOL,2024-06-18,normal,0.040983606557377,0.5664206642066415,0.10019482326746512
SOL,2024-06-19,normal,0.0352721556297897,0.33670033670033683,0.19853095487932834
SOL,2024-06-20,normal,0.0360315893385982,0.7773972602739737,0.16096537250786994
SOL,2024-06-21,normal,0.0368303571428571,0.4662813102119493,0.11752360965372528
SOL,2024-06-24,normal,0.0368303571428571,0.5909090909090893,0.015529905561384996
SOL,2024-06-25,normal,0.0351775956284153,0.8492239467849242,0.19272388059701517
SOL,2024-06-26,QUIET,0.0306631115233016,0.3208791208791176,0.27824427480916053
SOL,2024-06-27,QUIET,0.0306631115233016,0.9016393442622982,0.2912487708947887
SOL,2024-06-28,normal,0.0435642377756472,0.24255319148936244,0.6632359980852084
SOL,2024-07-01,normal,0.0405405405405405,0.3569892473118268,0.6177208835341368
SOL,2024-07-02,QUIET,0.0319590923617769,0.897560975609759,0.6192269076305217
SOL,2024-07-03,normal,0.0436456996148908,0.10629599345870679,0.9644685335742245
SOL,2024-07-04,normal,0.0357466063348415,0.04933586337760742,0.570909090909091
SOL,2024-07-05,normal,0.0434083601286174,0.6357938718662943,0.17757575757575755
SOL,2024-07-08,normal,0.0434083601286174,0.9023190442726644,0.31294117647058783
SOL,2024-07-09,normal,0.0409684612934055,0.6941624365482211,0.5532352941176472
SOL,2024-07-10,normal,0.038723597547127,0.5513157894736843,0.6005882352941173
SOL,2024-07-11,normal,0.0372272143774069,0.9061224489795956,0.6170588235294114
SOL,2024-07-12,normal,0.0414414414414415,0.40515222482435925,0.4332352941176468
SOL,2024-07-15,normal,0.0371545083824195,0.6375158428390344,0.7841176470588235
SOL,2024-07-16,normal,0.0372852953498115,0.6209150326797381,0.9853658536585368
SOL,2024-07-17,normal,0.038830897703549,0.3755274261603371,0.9549288985297661
SOL,2024-07-18,normal,0.038830897703549,0.8846960167714863,0.80607476635514
SOL,2024-07-19,normal,0.0379023883696781,0.6890052356020947,0.8929906542056072
SOL,2024-07-22,normal,0.045726872246696,0.45862884160756556,0.9894031478884218
SOL,2024-07-23,normal,0.0418559377027903,0.2775330396475792,0.9022907900888268
SOL,2024-07-24,normal,0.0419935691318328,0.9002624671915985,0.810815022596229
SOL,2024-07-25,normal,0.0436456996148908,0.14103585657370588,0.8892005610098179
SOL,2024-07-26,normal,0.0378356387306753,0.8608017817371936,0.7679442508710802
SOL,2024-07-29,normal,0.0453389830508474,0.7238346525945477,0.9369601176254364
SOL,2024-07-30,normal,0.0425506905671466,0.2920203735144317,0.8100233100233101
SOL,2024-07-31,normal,0.0415874524714828,0.5185185185185179,0.7532467532467534
SOL,2024-08-01,normal,0.0378356387306753,0.4676806083650195,0.6292041292041295
SOL,2024-08-02,normal,0.0368337244384848,0.5120540019286403,0.5251605995717347
SOL,2024-08-05,EXPANSION,0.060784025840552,0.1822629969418959,0.11328871892925453
SOL,2024-08-06,normal,0.051589492782204,0.6897260273972601,0.2355322695879972
SOL,2024-08-07,normal,0.0521307779030439,0.7324388318863465,0.4096213384139082
SOL,2024-08-08,normal,0.0521307779030439,0.8491321762349805,0.41402714932126716
SOL,2024-08-09,normal,0.0492618657071802,0.15513126491646922,0.6326506311026435
SOL,2024-08-12,normal,0.0453098212098947,0.9436913451512,0.37592283877113597
SOL,2024-08-13,normal,0.0410404008101481,0.6420824295010844,0.43212669683257915
SOL,2024-08-14,normal,0.0421270718232043,0.8113553113553105,0.43641343176946906
SOL,2024-08-15,normal,0.0403702071397091,0.4793577981651369,0.4014050964515362
SOL,2024-08-16,normal,0.0421270718232043,0.2942583732057407,0.3879495117885213
SOL,2024-08-19,normal,0.0401069518716578,0.37383177570093495,0.4316910785619173
SOL,2024-08-20,normal,0.0385227634511301,0.44677419354838754,0.45659121171770967
SOL,2024-08-21,normal,0.0385227634511301,0.13103448275861887,0.512955015100938
SOL,2024-08-22,normal,0.038723597547127,0.9285714285714262,0.5517415446744066
SOL,2024-08-23,QUIET,0.0285644975438171,0.15862068965517484,0.6186219739292366
SOL,2024-08-26,normal,0.0363388836527385,0.6493506493506487,0.8606413994169095
SOL,2024-08-27,normal,0.0311725846407928,0.14622641509433656,0.7615942028985513
SOL,2024-08-28,normal,0.031548757170172,0.6510263929618771,0.38731884057971017
SOL,2024-08-29,normal,0.0342366159947125,0.7676190476190479,0.286078717201166
SOL,2024-08-30,normal,0.0339727632156978,0.3813131313131283,0.14885496183206118
SOL,2024-09-02,normal,0.0360315893385982,0.6995827538247575,0.024249422632794546
SOL,2024-09-03,normal,0.0339727632156978,0.29664179104477756,0.22929577464788725
SOL,2024-09-04,normal,0.0368303571428571,0.6595022624434401,0.02084507042253546
SOL,2024-09-05,normal,0.0393991627677912,0.5209424083769667,0.27808564231738003
SOL,2024-09-06,normal,0.0434083601286174,0.6819277108433756,0.17153652392947102
SOL,2024-09-09,normal,0.0393991627677912,0.46062052505966594,0.239952718676123
SOL,2024-09-10,normal,0.0392774052278637,0.8639240506329091,0.3565011820330971
SOL,2024-09-11,normal,0.0317038249130702,0.28621291448516395,0.3695035460992906
SOL,2024-09-12,normal,0.0342366159947125,0.6447688564476878,0.2936170212765954
SOL,2024-09-13,normal,0.0316622691292875,0.01895734597156695,0.37943262411347534
SOL,2024-09-16,normal,0.0339727632156978,0.8380952380952322,0.2864701436130009
SOL,2024-09-17,normal,0.0317038249130702,0.566563467492257,0.39146757679180866
SOL,2024-09-18,normal,0.0300020907380305,0.30180180180179633,0.42178362573099365
SOL,2024-09-19,normal,0.0306694588934674,0.9833887043189362,0.6792989104689717
SOL,2024-09-20,normal,0.0338495859968253,0.8344827586206907,0.9521630615640596
SOL,2024-09-23,normal,0.0325384443949186,0.3081761006289298,0.7578461538461537
SOL,2024-09-24,normal,0.0306694588934674,0.5943562610229298,0.7627692307692305
SOL,2024-09-25,normal,0.0366033072441593,0.4247619047619028,0.9626470588235291
SOL,2024-09-26,normal,0.0325384443949186,0.959152798789711,0.822941176470588
SOL,2024-09-27,normal,0.0378356387306753,0.41449814126394424,0.9262971698113208
SOL,2024-09-30,normal,0.0381332135235313,0.26160337552742463,0.9043503313166237
SOL,2024-10-01,normal,0.0301816423786173,0.8498293515358373,0.7323537885335641
SOL,2024-10-02,normal,0.0432182351613631,0.49097472924187524,0.5203111495246326
SOL,2024-10-03,normal,0.0360315893385982,0.20752269779507038,0.3777009507346589
SOL,2024-10-04,normal,0.0357169599400972,0.818003913894324,0.2808988764044943
SOL,2024-10-07,normal,0.0388557103885571,0.4582701062215491,0.5592048401037163
SOL,2024-10-08,normal,0.0357466063348415,0.49048625792812106,0.4866032843560937
SOL,2024-10-09,normal,0.0336381081386161,0.25435540069686013,0.3620509243111266
SOL,2024-10-10,normal,0.0336105336105337,0.862464183381091,0.2169515172654343
SOL,2024-10-11,normal,0.031548757170172,0.8491735537190096,0.20648761771886956
SOL,2024-10-14,normal,0.0291686922702964,0.8808864265927959,0.5102895012207883
SOL,2024-10-15,normal,0.0381332135235313,0.09186746987951604,0.8538542029996512
SOL,2024-10-16,normal,0.0381332135235313,0.5357798165137603,0.7551447506103937
SOL,2024-10-17,normal,0.0317038249130702,0.043290043290041054,0.7384025113358911
SOL,2024-10-18,normal,0.0285644975438171,0.7257383966244707,0.6065573770491801
SOL,2024-10-21,normal,0.0381332135235313,0.3597122302158272,0.984496124031008
SOL,2024-10-22,normal,0.0388874905612887,0.7861736334405124,0.8553686934023285
SOL,2024-10-23,normal,0.0378356387306753,0.4444444444444451,0.8921086675291077
SOL,2024-10-24,normal,0.0381332135235313,0.7319391634980991,0.9110366168127897
SOL,2024-10-25,normal,0.0378356387306753,0.34606481481481527,0.9518044769301047
SOL,2024-10-28,normal,0.038830897703549,0.6990825688073377,0.9390132480584739
SOL,2024-10-29,normal,0.038830897703549,0.6489361702127687,0.9658988256549228
SOL,2024-10-30,normal,0.0381332135235313,0.0827922077922106,0.9172586711241117
SOL,2024-10-31,normal,0.0368337244384848,0.5478260869565196,0.809619686800895
SOL,2024-11-01,normal,0.0351689826728425,0.5859213250517584,0.6226560493192912
SOL,2024-11-04,normal,0.0363388836527385,0.830985915492957,0.416293393057111
SOL,2024-11-05,normal,0.0351775956284153,0.8903924221921511,0.28807390817469186
SOL,2024-11-06,normal,0.0418559377027903,0.8925212718316176,0.5307950727883541
SOL,2024-11-07,normal,0.0372852953498115,0.28314238952536724,0.9154511742892463
SOL,2024-11-08,normal,0.0450147809728566,0.7847286108555656,0.9664338815048432
SOL,2024-11-11,normal,0.0418559377027903,0.7798948751642579,0.9135638297872337
SOL,2024-11-12,normal,0.0419336751041332,0.09253065774804888,0.9728552765277979
SOL,2024-11-13,normal,0.0453389830508474,0.4722222222222228,0.8064194008559198
SOL,2024-11-14,normal,0.0436456996148908,0.4060773480662975,0.8562054208273893
SOL,2024-11-15,normal,0.0418559377027903,0.8902439024390255,0.7768901569186873
SOL,2024-11-18,normal,0.0453389830508474,0.6412971542025153,0.9442788351295572
SOL,2024-11-19,normal,0.0436456996148908,0.7730923694779127,0.9073181185042322
SOL,2024-11-20,normal,0.0419336751041332,0.7205707491082051,0.8841744348012428
SOL,2024-11-21,normal,0.0419336751041332,0.7787182587666265,0.8611378977820635
SOL,2024-11-22,normal,0.0450147809728566,0.6314475873544082,0.9672366033049956
SOL,2024-11-25,normal,0.0419368785127539,0.4918181818181841,0.8915651446108063
SOL,2024-11-26,normal,0.0419935691318328,0.3297872340425527,0.6917032350239822
SOL,2024-11-27,normal,0.041509784781295,0.7439916405433635,0.5709739019732655
SOL,2024-11-28,normal,0.0418559377027903,0.13840513290559042,0.6774054365022294
SOL,2024-11-29,normal,0.0379023883696781,0.6369863013698622,0.6145548684021287
SOL,2024-12-02,normal,0.0410977607864555,0.028620492272467088,0.5670119271814191
SOL,2024-12-03,normal,0.0419763513513513,0.17079207920792056,0.39312617702448227
SOL,2024-12-04,normal,0.0368337244384848,0.3172131147540967,0.49140377232515436
SOL,2024-12-05,normal,0.036178107606679,0.8432630614115485,0.41178434318143914
SOL,2024-12-06,normal,0.0415874524714828,0.020547945205480228,0.4540065021992735
SOL,2024-12-09,normal,0.0363388836527385,0.21019607843137308,0.44583923871229025
SOL,2024-12-10,normal,0.0372413793103448,0.31560283687943197,0.22202313080306235
SOL,2024-12-11,normal,0.0397500322123438,0.8797091870456052,0.17266655807134706
SOL,2024-12-12,normal,0.036178107606679,0.7226463104325695,0.395667046750285
SOL,2024-12-13,normal,0.0374220374220373,0.45794392523364325,0.3927868852459018
SOL,2024-12-16,normal,0.0389499215294619,0.049462365591397724,0.4834090909090911
SOL,2024-12-17,normal,0.0410889522000633,0.9789993823347743,0.29977272727272725
SOL,2024-12-18,normal,0.0399773178338532,0.2329863891112891,0.45795454545454556
SOL,2024-12-19,normal,0.036178107606679,0.6643137254901982,0.08022727272727276
SOL,2024-12-20,EXPANSION,0.0556745182012848,0.34663951120162995,0.11350000000000003
SOL,2024-12-23,normal,0.0434083601286174,0.6986666666666679,0.07332032339001977
SOL,2024-12-24,normal,0.0443545756963016,0.6993630573248424,0.20699749093950406
SOL,2024-12-25,normal,0.038723597547127,0.1635036496350373,0.3042932812935602
SOL,2024-12-26,normal,0.0344730941704035,0.06881533101045463,0.30917201003624206
SOL,2024-12-27,normal,0.0385227634511301,0.5947786606129394,0.19312362838332134
SOL,2024-12-30,normal,0.0456425332602521,0.7664000000000033,0.2470132929496888
SOL,2024-12-31,normal,0.0406080690126768,0.7254335260115605,0.27124347972404517
SOL,2025-01-01,normal,0.036178107606679,0.6330472103004272,0.23641258623590797
SOL,2025-01-02,normal,0.0378115664154814,0.9315068493150671,0.35425591357794767
SOL,2025-01-03,normal,0.0342696285417048,0.8136125654450262,0.6155708698081582
SOL,2025-01-06,normal,0.0357466063348415,0.8362480127186006,0.7105606258148632
SOL,2025-01-07,normal,0.0331108493652663,0.11773940345368908,0.8460023631350927
SOL,2025-01-08,normal,0.0410889522000633,0.18130311614731023,0.5615609348914855
SOL,2025-01-09,normal,0.0456425332602521,0.1217303822937634,0.46368948247078445
SOL,2025-01-10,normal,0.0450721153846153,0.8643678160919535,0.18137044967880075
SOL,2025-01-13,normal,0.0368303571428571,0.02613240418118401,0.1580864497328798
SOL,2025-01-14,normal,0.0392774052278637,0.5054811205846531,0.2576427255985268
SOL,2025-01-15,EXPANSION,0.0511388053287495,0.11156186612575704,0.3441988950276242
SOL,2025-01-16,normal,0.0468817204301075,0.8928762720942688,0.6810313075506448
SOL,2025-01-17,normal,0.0379023883696781,0.9906716417910453,0.7782688766114177
SOL,2025-01-20,normal,0.0411318413895118,0.5452679589509688,0.6580543521071288
SOL,2025-01-21,normal,0.041509784781295,0.5378564405113075,0.5774714454509651
SOL,2025-01-22,normal,0.0450147809728566,0.9472880061115356,0.641591177628988
SOL,2025-01-23,normal,0.0461712348120939,0.0402425578831306,0.6969673099645531
SOL,2025-01-24,normal,0.0448662170981074,0.883528265107213,0.663489562820008
SOL,2025-01-27,normal,0.0469779890544482,0.38672168042010474,0.5641591177628988
SOL,2025-01-28,normal,0.0450147809728566,0.29067641681901346,0.5199684915320992
SOL,2025-01-29,normal,0.0391165064913168,0.32066728452270454,0.4582906656163845
SOL,2025-01-30,normal,0.0369009521551895,0.8534990189666442,0.4669554942890902
SOL,2025-01-31,normal,0.0369009521551895,0.9659763313609482,0.5469082315872392
SOL,2025-02-03,normal,0.0450856627592425,0.6833688699360344,0.18982009653356732
SOL,2025-02-04,normal,0.051589492782204,0.5138121546961318,0.3367517091879274
SOL,2025-02-05,normal,0.0393991627677912,0.2982998454404957,0.2563781890945473
SOL,2025-02-06,normal,0.0479212046595321,0.3506787330316766,0.16866766716691695
SOL,2025-02-07,normal,0.0486737058975019,0.8900398406374507,0.11380690345172591
SOL,2025-02-10,normal,0.0489560105412527,0.6897233201581042,0.25566881630954874
SOL,2025-02-11,normal,0.0465575208302877,0.4375917767988236,0.25566881630954874
SOL,2025-02-12,normal,0.0464281945763426,0.5814360770577913,0.23406511825220083
SOL,2025-02-13,normal,0.0357169599400972,0.0418300653594762,0.22155053558171608
SOL,2025-02-14,normal,0.0340282035561006,0.428010471204189,0.21627989162445538
SOL,2025-02-17,normal,0.0352721556297897,0.6124999999999999,0.1799157099258832
SOL,2025-02-18,normal,0.0398282852373001,0.4645280690931522,0.041387184244327184
SOL,2025-02-19,normal,0.0360315893385982,0.7469194312796196,0.10069195895967548
SOL,2025-02-20,normal,0.0345963756177924,0.7663551401869162,0.0994563874474921
SOL,2025-02-21,normal,0.0336507936507936,0.7156593406593417,0.20005292405398256
SOL,2025-02-24,normal,0.0368303571428571,0.275331935709294,0.11947876121171098
SOL,2025-02-25,normal,0.0452025072324011,0.6285714285714301,0.05336881916234771
SOL,2025-02-26,normal,0.0459443280454954,0.057053941908712005,0.1610059631838218
SOL,2025-02-27,normal,0.0462076106652859,0.6790865384615363,0.05956632653061208
SOL,2025-02-28,normal,0.0464281945763426,0.8004788507581806,0.08966836734693878
SOL,2025-03-03,normal,0.0508519003931847,0.31757950530035345,0.6593079498945802
SOL,2025-03-04,normal,0.0583791712504584,0.30824088748018896,0.20817145005639803
SOL,2025-03-05,normal,0.0559001512859303,0.6689113355780034,0.2411329740568993
SOL,2025-03-06,normal,0.0495643756050339,0.5143540669856465,0.25980699335756363
SOL,2025-03-07,normal,0.0516731701549011,0.6777081468218452,0.23768736616702357
SOL,2025-03-10,normal,0.0497360941940722,0.7838196286472152,0.01996007984031951
SOL,2025-03-11,EXPANSION,0.0628453038674032,0.920347574221578,0.04381245196003065
SOL,2025-03-12,normal,0.0554961505560307,0.9535283993115325,0.19483362521891406
SOL,2025-03-13,normal,0.0508519003931847,0.7699999999999989,0.21336835960303566
SOL,2025-03-14,normal,0.049589060017957,0.9073275862068981,0.167575534266765
SOL,2025-03-17,normal,0.0497360941940722,0.8941441441441447,0.2082535003684598
SOL,2025-03-18,normal,0.0413297394429468,0.08517350157728801,0.23596168017686062
SOL,2025-03-19,normal,0.0413297394429468,0.8424015009380856,0.19646278555637434
SOL,2025-03-20,normal,0.0399773178338532,0.05851979345955306,0.3438467207074431
SOL,2025-03-21,normal,0.0407287687334705,0.19345238095238268,0.22991893883566686
SOL,2025-03-24,normal,0.0399773178338532,0.9452887537993921,0.5095354523227384
SOL,2025-03-25,normal,0.0342696285417048,0.756653992395438,0.709290953545232
SOL,2025-03-26,normal,0.0370539798719121,0.7794486215538864,0.7735941320293395
SOL,2025-03-27,normal,0.0371561614900869,0.34872979214780947,0.6517489711934158
SOL,2025-03-28,normal,0.0371561614900869,0.1663135593220332,0.7449267192784671
SOL,2025-03-31,normal,0.0365622032288698,0.31352459016393497,0.36133032694475753
SOL,2025-04-01,normal,0.0357169599400972,0.6211878009630822,0.1414670658682636
SOL,2025-04-02,normal,0.0351775956284153,0.5434243176178652,0.22118263473053892
SOL,2025-04-03,normal,0.0465575208302877,0.061463414634145896,0.013779527559055179
SOL,2025-04-04,normal,0.0367729530523954,0.19282511210762432,0.1398978433598186
SOL,2025-04-07,normal,0.0554150972602033,0.3860322333077514,0.04808793221891447
SOL,2025-04-08,normal,0.051589492782204,0.8279932546374372,0.22462657985446177
SOL,2025-04-09,normal,0.0509485094850948,0.3100000000000002,0.19417847567981622
SOL,2025-04-10,normal,0.0486794986571173,0.07977207977208015,0.4555725775564917
SOL,2025-04-11,normal,0.0447381799694968,0.8106995884773651,0.33607813098429723
SOL,2025-04-14,normal,0.0479405806887237,0.7190170940170945,0.6342397548831865
SOL,2025-04-15,normal,0.0520569311756677,0.7149758454106306,0.6800716703165435
SOL,2025-04-16,normal,0.0497360941940722,0.6017316017315996,0.6861654804270463
SOL,2025-04-17,normal,0.0477944939105515,0.5944170771756982,0.8237040420187258
SOL,2025-04-18,normal,0.0459248044410799,0.3659420289855117,0.9663003663003664
SOL,2025-04-21,normal,0.0415874524714828,0.380813953488373,0.9122055674518202
SOL,2025-04-22,normal,0.0419407894736841,0.9474548440065647,0.860595957491144
SOL,2025-04-23,normal,0.0450147809728566,0.7615606936416183,0.9738038930325632
SOL,2025-04-24,normal,0.0456259973886553,0.4071942446043149,0.9472434266327394
SOL,2025-04-25,normal,0.0376164828588527,0.9398663697104656,0.9718405428329093
SOL,2025-04-28,normal,0.0378356387306753,0.8061573546180143,0.838177251524937
SOL,2025-04-29,normal,0.0368337244384848,0.873417721518987,0.8356655902404019
SOL,2025-04-30,normal,0.0378356387306753,0.8010899182561328,0.7808977249436361
SOL,2025-05-01,normal,0.0363388836527385,0.8821603927986905,0.7890276538804637
SOL,2025-05-02,normal,0.0363201911589007,0.7044776119402953,0.8363926576217078
SOL,2025-05-05,QUIET,0.0273556231003039,0.3477366255144019,0.6105640107430615
SOL,2025-05-06,QUIET,0.0285165011214354,0.0994764397905749,0.6932259027156072
SOL,2025-05-07,QUIET,0.0280648610121169,0.6176470588235312,0.6319999999999998
SOL,2025-05-08,QUIET,0.0280648610121169,0.9143546441495768,0.6053811659192823
SOL,2025-05-09,normal,0.0368337244384848,0.7572877059569068,0.9954867827208257
SOL,2025-05-12,normal,0.0378356387306753,0.3341148886283731,0.8448881088196578
SOL,2025-05-13,normal,0.0381332135235313,0.8717948717948711,0.8240155566358773
SOL,2025-05-14,normal,0.0378356387306753,0.4774281805745565,0.9757357897101773
SOL,2025-05-15,normal,0.0376164828588527,0.2505175983436863,0.8150807899461399
SOL,2025-05-16,normal,0.0368337244384848,0.805825242718446,0.6472172351885099
SOL,2025-05-19,normal,0.0415874524714828,0.18530997304582206,0.7401256732495516
SOL,2025-05-20,normal,0.0368337244384848,0.1668757841907162,0.5956014362657096
SOL,2025-05-21,normal,0.0338495859968253,0.5600000000000023,0.6252587991718428
SOL,2025-05-22,normal,0.038382049010924,0.7493261455525613,0.7389003910743043
SOL,2025-05-23,normal,0.0372852953498115,0.07634307257304442,0.8803772716816197
SOL,2025-05-26,normal,0.0363520776743916,0.8552803129074301,0.7414686825053997
SOL,2025-05-27,normal,0.0351689826728425,0.9376053962900543,0.7025331164303972
SOL,2025-05-28,normal,0.0311725846407928,0.35947712418300354,0.7292640905734679
SOL,2025-05-29,normal,0.0287769784172662,0.5287356321839064,0.45171559957552193
SOL,2025-05-30,normal,0.0310005034884557,0.44524669073405726,0.25716307039264263
SOL,2025-06-02,normal,0.0342366159947125,0.08361204013377901,0.19100215517241387
SOL,2025-06-03,normal,0.031548757170172,0.7388809182209478,0.1681034482758623
SOL,2025-06-04,normal,0.0336105336105337,0.4652406417112272,0.12392241379310329
SOL,2025-06-05,normal,0.0338021218850235,0.2773536895674304,0.07192887931034449
SOL,2025-06-06,normal,0.0338021218850235,0.9215384615384585,0.05976613252490235
SOL,2025-06-09,normal,0.0310005034884557,0.859174964438121,0.2364660025985272
SOL,2025-06-10,normal,0.0302167268685747,0.7922912205567448,0.42507579038544807
SOL,2025-06-11,normal,0.0365622032288698,0.2655086848635218,0.510827197921178
SOL,2025-06-12,normal,0.0332304600588532,0.07772020725388869,0.4209614551754005
SOL,2025-06-13,normal,0.0351824274013403,0.4109803921568612,0.284846884899683
SOL,2025-06-16,normal,0.0351775956284153,0.8088426527958389,0.3255102040816325
SOL,2025-06-17,normal,0.0365622032288698,0.31352459016393497,0.2822234156820622
SOL,2025-06-18,normal,0.0351824274013403,0.2994923857868039,0.20950754341019032
SOL,2025-06-19,normal,0.0344730941704035,0.07817589576547544,0.2177619893428062
SOL,2025-06-20,normal,0.0284183554623805,0.8580931263858057,0.24262877442273473
SOL,2025-06-23,normal,0.0392774052278637,0.8511326860841439,0.1347969782813977
SOL,2025-06-24,normal,0.0360548821755984,0.6076794657762935,0.4369688385269118
SOL,2025-06-25,normal,0.0318138651471985,0.60194174757281,0.4702549575070817
SOL,2025-06-26,normal,0.0351824274013403,0.2434782608695662,0.4147780925401319
SOL,2025-06-27,normal,0.0351775956284153,0.8851590106007062,0.3083097261567516
SOL,2025-06-30,normal,0.0342696285417048,0.17481203007518853,0.64494806421152
SOL,2025-07-01,normal,0.0374230022782887,0.0889453621346908,0.6801227573182246
SOL,2025-07-02,normal,0.0317038249130702,0.6690821256038648,0.5918367346938774
SOL,2025-07-03,normal,0.0363520776743916,0.6026200873362446,0.7728743748161225
SOL,2025-07-04,normal,0.0357466063348415,0.24485596707818957,0.7755222124154165
SOL,2025-07-07,normal,0.0351689826728425,0.7559523809523819,0.7608120035304503
SOL,2025-07-08,normal,0.0302167268685747,0.9093198992443362,0.6731391585760514
SOL,2025-07-09,normal,0.0305810397553518,0.8209718670076681,0.7552221241541625
SOL,2025-07-10,normal,0.0311385381871709,0.5043988269794724,0.9135039717563991
SOL,2025-07-11,normal,0.0352753900031838,0.3971193415637863,0.9723560740552878
SOL,2025-07-14,normal,0.0301816423786173,0.7649667405764964,0.7730199613651004
SOL,2025-07-15,normal,0.0301816423786173,0.35805084745763277,0.7956204379562046
SOL,2025-07-16,normal,0.0291686922702964,0.8518518518518495,0.8517930815614086
SOL,2025-07-17,normal,0.0369694758603914,0.7869198312236274,0.9390118373648996
SOL,2025-07-18,normal,0.0373111873382681,0.36438075742067644,0.9373988127361038
SOL,2025-07-21,normal,0.0366033072441593,0.8953258722843974,0.9186338523355103
SOL,2025-07-22,normal,0.0395476983124783,0.5641025641025644,0.9341472438031816
SOL,2025-07-23,normal,0.0399871423979427,0.14942528735631938,0.9901768172888012
SOL,2025-07-24,normal,0.0378356387306753,0.5679304897314376,0.7233136869679109
SOL,2025-07-25,normal,0.0358451944589898,0.5361328125000004,0.6120860927152317
SOL,2025-07-28,normal,0.0374230022782887,0.5980271270036995,0.6978614200171083
SOL,2025-07-29,normal,0.0371561614900869,0.37603993344426156,0.5841850457235074
SOL,2025-07-30,normal,0.0370517928286852,0.1433224755700361,0.5100671140939596
SOL,2025-07-31,normal,0.0351824274013403,0.7407407407407435,0.41858569390666417
SOL,2025-08-01,normal,0.0342696285417048,0.363526570048308,0.30548196454045246
SOL,2025-08-04,normal,0.0340282035561006,0.3564356435643566,0.12165642956211584
SOL,2025-08-05,normal,0.0378115664154814,0.8616144975288296,0.27184466019417475
SOL,2025-08-06,normal,0.0335036581117174,0.8387978142076492,0.1636615811373091
SOL,2025-08-07,normal,0.0335036581117174,0.9013254786450642,0.24291658410937172
SOL,2025-08-08,normal,0.0360548821755984,0.9336283185840744,0.38696255201109575
SOL,2025-08-11,normal,0.0345020167545764,0.08639053254438067,0.5316029324351097
SOL,2025-08-12,normal,0.0367660182045333,0.5438066465256742,0.38080929487179477
SOL,2025-08-13,normal,0.038830897703549,0.8545918367346934,0.9117423281765156
SOL,2025-08-14,normal,0.0489531111766439,0.35802469135802556,0.9297781396295539
SOL,2025-08-15,normal,0.0394568280809632,0.5719178082191776,0.6781417730890243
SOL,2025-08-18,normal,0.0394568280809632,0.10119047619047722,0.6507495835646863
SOL,2025-08-19,normal,0.0317038249130702,0.6245614035087715,0.5017582824356835
SOL,2025-08-20,normal,0.0342696285417048,0.6923076923076913,0.3773829354062555
SOL,2025-08-21,normal,0.0335036581117174,0.0830815709969805,0.5942994632611509
SOL,2025-08-22,normal,0.0340282035561006,0.005454545454545661,0.4527114565981858
SOL,2025-08-25,normal,0.043751252421348,0.13709677419354904,0.8818324813212738
SOL,2025-08-26,normal,0.0371545083824195,0.523809523809522,0.4968553459119496
SOL,2025-08-27,normal,0.0369009521551895,0.9421140939597317,0.621748400852879
SOL,2025-08-28,normal,0.0371545083824195,0.7726657645466838,0.734876773711725
SOL,2025-08-29,normal,0.0433980101742222,0.18009478672985796,0.9433962264150948
SOL,2025-09-01,normal,0.0363870552246015,0.3456410256410261,0.6085585585585587
SOL,2025-09-02,normal,0.0378115664154814,0.7592592592592592,0.51122666036398
SOL,2025-09-03,normal,0.0377670940170939,0.7022471910112356,0.8026471283384544
SOL,2025-09-04,normal,0.0381332135235313,0.24600638977635692,0.8291184117229972
SOL,2025-09-05,normal,0.0374230022782887,0.7647058823529391,0.6294020326164026
SOL,2025-09-08,normal,0.0363520776743916,0.8643478260869564,0.7246513826518552
SOL,2025-09-09,normal,0.0364568334965154,0.7177777777777786,0.9072926596758821
SOL,2025-09-10,normal,0.0407118894638084,0.6649746192893417,0.9393226716839138
SOL,2025-09-11,normal,0.0372852953498115,0.8014527845036334,0.9603940077980708
SOL,2025-09-12,normal,0.0364568334965154,0.9495548961424328,0.9949564419990831
SOL,2025-09-15,normal,0.0373111873382681,0.3846153846153834,0.846298031865042
SOL,2025-09-16,normal,0.0346464459651069,0.600961538461539,0.7260838409172341
SOL,2025-09-17,normal,0.0345020167545764,0.16638078902229791,0.771882331709078
SOL,2025-09-18,normal,0.0351689826728425,0.7386804657179812,0.9140949287132288
SOL,2025-09-19,normal,0.0347165495834014,0.10618436406067647,0.898685097774781
SOL,2025-09-22,normal,0.0373111873382681,0.296060991105464,0.6942192456820585
SOL,2025-09-23,normal,0.0342696285417048,0.771775082690188,0.38863258903856807
SOL,2025-09-24,normal,0.0335036581117174,0.647766323024055,0.2579811773389928
SOL,2025-09-25,normal,0.0336105336105337,0.056170212765957156,0.22661007565971583
SOL,2025-09-26,normal,0.0417453836309342,0.3938053097345114,0.02283325293455565
SOL,2025-09-29,normal,0.0357466063348415,0.21084337349397292,0.31940679317493237
SOL,2025-09-30,normal,0.0365354158702419,0.176738882554163,0.350023919630043
SOL,2025-10-01,normal,0.0339727632156978,0.9828178694158085,0.2851219901132196
SOL,2025-10-02,normal,0.0351824274013403,0.8093385214007786,0.498166161696699
SOL,2025-10-03,normal,0.0357466063348415,0.42407660738714,0.7006856960612344
SOL,2025-10-06,normal,0.0354633217311353,0.764102564102564,0.6021368202838463
SOL,2025-10-07,normal,0.0351824274013403,0.3175965665236046,0.6625737521926327
SOL,2025-10-08,normal,0.034957965308077,0.6132075471698092,0.4651570722372827
SOL,2025-10-09,normal,0.0365354158702419,0.36730769230769145,0.6615890600657782
SOL,2025-10-10,normal,0.0346464459651069,0.6799999999999965,0.5905527244217955
SOL,2025-10-13,normal,0.0372272143774069,0.2547642928786351,0.40884057971014504
SOL,2025-10-14,normal,0.0419935691318328,0.21216617210682454,0.5782608695652175
SOL,2025-10-15,normal,0.0407650340219457,0.2671312427409973,0.48768115942028994
SOL,2025-10-16,normal,0.038701213512627,0.9675625579240043,0.36304347826086975
SOL,2025-10-17,normal,0.0450721153846153,0.5478131949592276,0.23275362318840584
SOL,2025-10-20,normal,0.038723597547127,0.7846441947565533,0.2763768115942032
SOL,2025-10-21,normal,0.0385227634511301,0.43749999999999933,0.30318840579710166
SOL,2025-10-22,normal,0.038897780251896,0.3270637408568461,0.2440579710144928
SOL,2025-10-23,normal,0.0406080690126768,0.8709401709401695,0.1642028985507248
SOL,2025-10-24,normal,0.039550729266475,0.5848739495798313,0.3269565217391305
SOL,2025-10-27,normal,0.0339727632156978,0.2954856361149105,0.4703402589581452
SOL,2025-10-28,normal,0.0305810397553518,0.35939849624059916,0.49089118660758235
SOL,2025-10-29,normal,0.031548757170172,0.9058295964125567,0.4164203612479476
SOL,2025-10-30,normal,0.0370539798719121,0.1913265306122448,0.4506915753547691
SOL,2025-10-31,normal,0.0352932227884689,0.9535864978902935,0.3131626583915177
SOL,2025-11-03,normal,0.0336381081386161,0.1587104773713579,0.36703414896477565
SOL,2025-11-04,normal,0.0395033860045146,0.44302788844621593,0.06359265734265727
SOL,2025-11-05,normal,0.0464281945763426,0.9590592334494775,0.15433759246805656
SOL,2025-11-06,normal,0.0398608035431825,0.06386554621848675,0.27774041694687296
SOL,2025-11-07,normal,0.0398608035431825,0.09350649350649315,0.1585406859448555
SOL,2025-11-10,normal,0.0417497967930245,0.7370892018779338,0.31405514458641565
SOL,2025-11-11,normal,0.036178107606679,0.08315565031982959,0.3607935440484197
SOL,2025-11-12,normal,0.039550729266475,0.8291390728476827,0.1476126429051782
SOL,2025-11-13,normal,0.0450721153846153,0.8864306784660794,0.12726967047747126
SOL,2025-11-14,normal,0.0469453376205788,0.28217349857006724,0.057396173588427385
SOL,2025-11-17,normal,0.0508688623964438,0.8707224334600749,0.039528532413396565
SOL,2025-11-18,normal,0.051589492782204,0.9120553359683781,0.0297749725576292
SOL,2025-11-19,normal,0.0459586691135401,0.31993006993006723,0.1711114314545193
SOL,2025-11-20,normal,0.0464281945763426,0.7042553191489362,0.13411458333333348
SOL,2025-11-21,normal,0.0568823273990446,0.30826057756883807,0.08041784115403737
SOL,2025-11-24,normal,0.0407287687334705,0.18257956448911283,0.1774065234685763
SOL,2025-11-25,normal,0.0440286802599149,0.3541202672605791,0.3337311058074781
SOL,2025-11-26,normal,0.0388557103885571,0.01757812500000065,0.34407319013524285
SOL,2025-11-27,normal,0.0381885772220344,0.042424242424238506,0.4248210023866351
SOL,2025-11-28,normal,0.0367729530523954,0.5432098765432094,0.3816626889419252
SOL,2025-12-01,normal,0.0417497967930245,0.09830781627719574,0.23508353221957026
SOL,2025-12-02,normal,0.0417497967930245,0.9503311258278127,0.12664640324214796
SOL,2025-12-03,normal,0.041117279666898,0.6399999999999995,0.47889701744513263
SOL,2025-12-04,normal,0.0363520776743916,0.10643015521064096,0.9422604422604413
SOL,2025-12-05,normal,0.0363388836527385,0.2635379061371808,0.6871287128712869
SOL,2025-12-08,normal,0.0345370092897812,0.8262857142857131,0.4190099009900995
SOL,2025-12-09,normal,0.0351562499999999,0.5094339622641532,0.45900990099009914
SOL,2025-12-10,normal,0.0414414414414415,0.4035989717223647,0.6423762376237623
SOL,2025-12-11,normal,0.0371561614900869,0.25283446712018043,0.578217821782178
SOL,2025-12-12,normal,0.0382359575907963,0.8993710691823863,0.5588235294117646
SOL,2025-12-15,normal,0.0385227634511301,0.9089184060721082,0.26428571428571457
SOL,2025-12-16,normal,0.0464281945763426,0.901678657074341,0.1974789915966388
SOL,2025-12-17,normal,0.0339727632156978,0.5207253886010377,0.25378151260504234
SOL,2025-12-18,normal,0.047982205274865,0.7489177489177499,0.07475538160469655
SOL,2025-12-19,normal,0.0450880474746823,0.954492415402567,0.09057609057609053
SOL,2025-12-22,normal,0.0360315893385982,0.6133004926108359,0.30469530469530487
SOL,2025-12-23,normal,0.0324609964771011,0.1234177215189871,0.3013653013653017
SOL,2025-12-24,normal,0.0310005034884557,0.4959128065395113,0.23742923742923774
SOL,2025-12-25,normal,0.0281195079086116,0.3694581280788175,0.20142602495543685
SOL,2025-12-26,normal,0.0332304600588532,0.9165048543689308,0.11336898395721945
SOL,2025-12-29,normal,0.031548757170172,0.1103448275862065,0.29910873440285196
SOL,2025-12-30,normal,0.0281195079086116,0.6614785992217891,0.24912417282989516
SOL,2025-12-31,normal,0.0267805904482559,0.7372549019607889,0.34982788296041334
SOL,2026-01-01,normal,0.0267805904482559,0.5272727272727241,0.3343373493975907
SOL,2026-01-02,normal,0.0260918183512455,0.6297169811320712,0.5401617250673857
SOL,2026-01-05,normal,0.0287769784172662,0.35941320293398477,0.9239013933547702
SOL,2026-01-06,normal,0.0280648610121169,0.6896551724137928,0.9143105698129622
SOL,2026-01-07,normal,0.0328064419922457,0.2809917355371868,0.9097744360902263
SOL,2026-01-08,normal,0.0272376088522228,0.09110629067244821,0.7259373792037106
SOL,2026-01-09,normal,0.0291686922702964,0.1646489104116241,0.7891914191419147
SOL,2026-01-12,normal,0.0328064419922457,0.3299565846599135,0.844059405940594
SOL,2026-01-13,normal,0.0301816423786173,0.8339622641509447,0.7941176470588234
SOL,2026-01-14,normal,0.0319929008453598,0.28368794326240937,0.8905084745762706
SOL,2026-01-15,normal,0.0311385381871709,0.42820512820512435,0.9305084745762708
SOL,2026-01-16,normal,0.028100286050816,0.9190283400809657,0.7641369047619048
SOL,2026-01-19,normal,0.0336459729045703,0.32115085536547366,0.584480122324159
SOL,2026-01-20,normal,0.0280402131782947,0.15629984051036563,0.4058252427184465
SOL,2026-01-21,normal,0.0332304600588532,0.5777777777777791,0.06710044733631522
SOL,2026-01-22,normal,0.0351775956284153,0.4973544973544923,0.20199501246882728
SOL,2026-01-23,normal,0.0283273381294963,0.1063829787234045,0.15752285951787165
SOL,2026-01-26,normal,0.0360315893385982,0.8456486042692943,0.053814498258942335
SOL,2026-01-27,normal,0.034813547108629,0.20000000000000356,0.22443811332700184
SOL,2026-01-28,normal,0.0332304600588532,0.5400843881856534,0.31782209559987307
SOL,2026-01-29,normal,0.0324996140188358,0.12012012012011762,0.2595758151313703
SOL,2026-01-30,normal,0.0367660182045333,0.6883333333333326,0.07286356821589181
SOL,2026-02-02,normal,0.0385227634511301,0.9386973180076623,0.0838746656476882
SOL,2026-02-03,normal,0.036178107606679,0.3253424657534222,0.16384073156791762
SOL,2026-02-04,normal,0.0459443280454954,0.3548387096774198,0.03820401732965731
SOL,2026-02-05,normal,0.0452025072324011,0.1823899371069188,0.05013333333333345
SOL,2026-02-06,normal,0.0661378616914311,0.9896836313617603,0.011129247662857989
SOL,2026-02-09,normal,0.0497360941940722,0.19292604501607766,0.2903321912706688
SOL,2026-02-10,normal,0.0479154317328592,0.07105263157894637,0.2979743312200402
SOL,2026-02-11,normal,0.0457988497685509,0.21897810218978245,0.24416771752837318
SOL,2026-02-12,normal,0.0554961505560307,0.6666666666666653,0.18819776714513556
SOL,2026-02-13,normal,0.0516731701549011,0.7896440129449822,0.1791584483892177
SOL,2026-02-16,normal,0.0486794986571173,0.800925925925929,0.306706114398422
SOL,2026-02-17,normal,0.0453098212098947,0.02857142857142522,0.3114727153188692
SOL,2026-02-18,normal,0.042696629213483,0.17333333333333106,0.30305119806929837
SOL,2026-02-19,normal,0.0447204968944098,0.055276381909547596,0.27334366524602866
SOL,2026-02-20,normal,0.042696629213483,0.5882352941176452,0.2921129503407985
SOL,2026-02-23,normal,0.042125348598268,0.5468509984639006,0.40664893617021297
SOL,2026-02-24,normal,0.0407287687334705,0.3035714285714304,0.323282561392602
SOL,2026-02-25,normal,0.0399773178338532,0.9244935543278092,0.44311608175858047
SOL,2026-02-26,normal,0.0379023883696781,0.4014598540146003,0.8357723577235775
SOL,2026-02-27,normal,0.0376325455679534,0.08170515097691068,0.6241651487553128
SOL,2026-03-02,normal,0.0368421052631579,0.34908136482939567,0.4839101396478445
SOL,2026-03-03,normal,0.0414414414414415,0.1640091116173118,0.6684881602914393
SOL,2026-03-04,normal,0.042125348598268,0.6925373134328356,0.6885245901639346
SOL,2026-03-05,normal,0.0410416508033197,0.7074626865671667,0.8262757871878391
SOL,2026-03-06,normal,0.0382359575907963,0.1671554252199395,0.7133550488599348
SOL,2026-03-09,normal,0.0385227634511301,0.765517241379311,0.3235613463626497
SOL,2026-03-10,normal,0.0376325455679534,0.6901408450704245,0.5065146579804559
SOL,2026-03-11,normal,0.0376325455679534,0.06425702811244856,0.5564603691639521
SOL,2026-03-12,normal,0.0371561614900869,0.6428571428571453,0.5944625407166125
SOL,2026-03-13,normal,0.0359515838269378,0.8436293436293434,0.6085776330076008
SOL,2026-03-16,normal,0.0318646734854444,0.8727678571428584,0.9049945711183496
SOL,2026-03-17,normal,0.0331108493652663,0.10267857142856994,0.9280155642023344
SOL,2026-03-18,normal,0.0370773185683211,0.04699738903394419,0.8511673151750971
SOL,2026-03-19,normal,0.0367786937222574,0.3561151079136722,0.6303501945525288
SOL,2026-03-20,normal,0.0293681569343066,0.37500000000000083,0.5724708171206223
SOL,2026-03-23,normal,0.0363449925942804,0.5381231671554249,0.3409873708381169
SOL,2026-03-24,normal,0.0296150049358341,0.8008849557522116,0.6412169919632607
SOL,2026-03-25,normal,0.0288119516243776,0.8588235294117638,0.6050516647531567
SOL,2026-03-26,normal,0.0275983146067416,0.028697571743928348,0.6567164179104475
SOL,2026-03-27,normal,0.029052207680138,0.1723356009070302,0.35993111366245667
SOL,2026-03-30,normal,0.0351775956284153,0.8918918918918918,0.1324786324786326
SOL,2026-03-31,normal,0.0267805904482559,0.1696035242290738,0.19123931623931678
SOL,2026-04-01,normal,0.029539600772698,0.43153526970954675,0.22649572649572683
SOL,2026-04-02,normal,0.0361568494313358,0.02941176470588224,0.11858974358974421
SOL,2026-04-03,normal,0.0357169599400972,0.8333333333333374,0.10676835081029526
SOL,2026-04-06,normal,0.0283273381294963,0.8170731707317077,0.2562962962962962
SOL,2026-04-07,normal,0.0283273381294963,0.10156249999999636,0.17572559366754606
SOL,2026-04-08,normal,0.0263598326359832,0.37469586374696023,0.5283243887895052
SOL,2026-04-09,normal,0.0283273381294963,0.27586206896552035,0.3500298151460937
SOL,2026-04-10,normal,0.0283273381294963,0.27027027027026784,0.39534883720930214
SOL,2026-04-13,normal,0.0283273381294963,0.3806451612903255,0.28801431127012517
SOL,2026-04-14,normal,0.0283273381294963,0.6411149825783974,0.5849731663685155
SOL,2026-04-15,normal,0.0283273381294963,0.6808510638297844,0.45942408376963323
SOL,2026-04-16,normal,0.0291686922702964,0.49206349206348793,0.7474931631722884
SOL,2026-04-17,normal,0.0302384715827091,0.3972602739725987,0.892986261749819
SOL,2026-04-20,normal,0.0291686922702964,0.7553191489361666,0.4825374198146825
SOL,2026-04-21,normal,0.0293681569343066,0.6159420289855052,0.6115466856735565
SOL,2026-04-22,normal,0.0271760797342192,0.8534704370179966,0.6650035637918744
SOL,2026-04-23,normal,0.0272376088522228,0.24206349206349223,0.6874493927125509
SOL,2026-04-24,normal,0.0263598326359832,0.8819444444444431,0.6267206477732796
SOL,2026-04-27,normal,0.0263598326359832,0.06930693069307191,0.6923076923076927
SOL,2026-04-28,normal,0.0263598326359832,0.07361963190184284,0.3752642706131072
SOL,2026-04-29,normal,0.0266410656426256,0.7245762711864382,0.2949260042283302
SOL,2026-04-30,normal,0.0267805904482559,0.4594594594594619,0.1871035940803392
SOL,2026-05-01,normal,0.0267805904482559,0.7687500000000053,0.19238900634249534
SOL,2026-05-04,normal,0.0261341222879684,0.269662921348314,0.2690246516613067
SOL,2026-05-05,normal,0.0260041966426859,0.8636363636363595,0.2893890675241146
SOL,2026-05-06,normal,0.0261341222879684,0.9592875318066167,0.5241157556270098
SOL,2026-05-07,normal,0.0271760797342192,0.6903914590747318,0.8317256162915319
SOL,2026-05-08,normal,0.026762114537445,0.6933333333333375,0.776548672566372
SOL,2026-05-11,normal,0.0345020167545764,0.33744855967078013,0.9660256410256409
SOL,2026-05-12,normal,0.0334084084084083,0.11728395061728661,0.9388594944150505
SOL,2026-05-13,normal,0.0302384715827091,0.14432989690721726,0.7572016460905351
SOL,2026-05-14,normal,0.0275983146067416,0.3727272727272756,0.5743680188124634
SOL,2026-05-15,normal,0.0296150049358341,0.3796992481202978,0.6319811875367435
SOL,2026-05-18,normal,0.0293681569343066,0.42565597667638216,0.2257495590828919
SOL,2026-05-19,normal,0.0267805904482559,0.0705882352941202,0.23398001175778907
SOL,2026-05-20,normal,0.0263181776930756,0.6250000000000066,0.13107692307692367
SOL,2026-05-21,normal,0.0264244426094135,0.00588235294117947,0.20156555772994153
SOL,2026-05-22,normal,0.0266410656426256,0.7920792079207852,0.2720685111989458
SOL,2026-05-25,normal,0.0261341222879684,0.7982456140350905,0.2229450029568301
SOL,2026-05-26,normal,0.0260041966426859,0.6974358974358962,0.21052631578947387
SOL,2026-05-27,normal,0.0263980548801668,0.6923076923076902,0.13128326434062682
SOL,2026-05-28,normal,0.0259338567689746,0.29042904290428884,0.055588409225310345
SOL,2026-05-29,normal,0.0264139453452081,0.3178294573643369,0.11461162411732753
SOL,2026-06-01,normal,0.0259338567689746,0.1325757575757608,0.13800904977375547
SOL,2026-06-02,normal,0.025844539193178,0.05574912891985935,0.1285545023696684
SOL,2026-06-03,normal,0.0351775956284153,0.8279883381924226,0.07159904534606204
SOL,2026-06-04,EXPANSION,0.0465575208302877,0.2978056426332293,0.03129314312011012
SOL,2026-06-05,normal,0.0368303571428571,0.4225621414913962,0.09187279151943455
SOL,2026-06-08,normal,0.0434083601286174,0.6342182890855473,0.2285611768927161
SOL,2026-06-09,normal,0.0385227634511301,0.3744292237442895,0.24004305705059173
SOL,2026-06-10,normal,0.0395033860045146,0.22500000000000045,0.17330462863293836
SOL,2026-06-11,normal,0.0434083601286174,0.928571428571426,0.11038961038961025
SOL,2026-06-12,normal,0.0370076396467903,0.6363636363636422,0.2484472049689443
SOL,2026-06-15,normal,0.0376325455679534,0.9331210191082819,0.42884615384615393
SOL,2026-06-16,normal,0.039550729266475,0.656249999999998,0.5605018211250506
SOL,2026-06-17,normal,0.0377670940170939,0.11956521739130865,0.5749248604551307
SOL,2026-06-18,normal,0.0380233990147783,0.1470588235294099,0.511807642765135
SOL,2026-06-19,normal,0.0405216581276199,0.12796208530805503,0.41133533705452946
SOL,2026-06-22,normal,0.0352932227884689,0.6940298507462703,0.5824279641001414
SOL,2026-06-23,normal,0.0354633217311353,0.2437500000000005,0.7406015037593985
SOL,2026-06-24,normal,0.0351824274013403,0.6287425149700575,0.6002506265664155
SOL,2026-06-25,normal,0.0389771319139348,0.3451327433628337,0.4999999999999998
SOL,2026-06-26,normal,0.0392774052278637,0.5314960629921267,0.47556390977443586
SOL,2026-06-29,normal,0.0414414414414415,0.7055837563451758,0.6574545454545448
SOL,2026-06-30,normal,0.0410416508033197,0.04000000000000341,0.9060070671378092
SOL,2026-07-01,normal,0.0376799754926988,0.7154696132596685,0.7879699248120305
SOL,2026-07-02,normal,0.0395773168810711,0.9319727891156452,0.8994638069705093
SOL,2026-07-03,normal,0.0357466063348415,0.805194805194806,0.8906083244397013
SOL,2026-07-06,normal,0.0371545083824195,0.13924050632911295,0.8801404212637913
SOL,2026-07-07,normal,0.0363201911589007,0.3553719008264458,0.8976930792377128
SOL,2026-07-08,normal,0.0367786937222574,0.15529411764705803,0.8294884653961883
SOL,2026-07-09,normal,0.0345020167545764,0.42452830188679425,0.6915747241725172
SOL,2026-07-10,normal,0.0345020167545764,0.8350515463917498,0.7021063189568707
SOL,2026-07-13,normal,0.0342696285417048,0.3285198555956671,0.6459378134403209
SOL,2026-07-14,normal,0.034813547108629,0.8196721311475418,0.5501504513540622
SOL,2026-07-15,normal,0.0345020167545764,0.29341317365269126,0.69358074222668
SOL,2026-07-16,normal,0.0271760797342192,0.30476190476190584,0.6297731045932488
SOL,2026-07-17,normal,0.0263181776930756,0.35869565217391053,0.3918539325842693
SOL,2026-07-20,normal,0.026762114537445,0.8631578947368398,0.3708609271523171
SOL,2026-07-21,normal,0.0271760797342192,0.6413793103448275,0.4774083546462057
SOL,2026-07-22,normal,0.0264244426094135,0.3522012578616359,0.4466477809254015
SOL,2026-07-23,normal,0.026762114537445,0.419999999999997,0.4324834749763925
XRP,2020-08-12,na,,,
XRP,2020-08-13,na,,,
XRP,2020-08-14,na,,,
XRP,2020-08-17,na,,,
XRP,2020-08-18,na,,,
XRP,2020-08-19,na,,,
XRP,2020-08-20,na,,,
XRP,2020-08-21,na,,,
XRP,2020-08-24,na,,,
XRP,2020-08-25,na,,,
XRP,2020-08-26,na,,,
XRP,2020-08-27,na,,,
XRP,2020-08-28,na,,,
XRP,2020-08-31,na,,,
XRP,2020-09-01,na,,,
XRP,2020-09-02,na,,,
XRP,2020-09-03,na,,,
XRP,2020-09-04,na,,,
XRP,2020-09-07,na,,,
XRP,2020-09-08,na,,,
XRP,2020-09-09,na,,,
XRP,2020-09-10,na,,,
XRP,2020-09-11,na,,,
XRP,2020-09-14,na,,,
XRP,2020-09-15,na,,,
XRP,2020-09-16,na,,,
XRP,2020-09-17,na,,,
XRP,2020-09-18,na,,,
XRP,2020-09-21,na,,,
XRP,2020-09-22,na,,,
XRP,2020-09-23,na,,,
XRP,2020-09-24,na,,,
XRP,2020-09-25,na,,,
XRP,2020-09-28,na,,,
XRP,2020-09-29,na,,,
XRP,2020-09-30,na,,,
XRP,2020-10-01,na,,,
XRP,2020-10-02,na,,,
XRP,2020-10-05,na,,,
XRP,2020-10-06,na,,,
XRP,2020-10-07,na,,,
XRP,2020-10-08,na,,,
XRP,2020-10-09,na,,,
XRP,2020-10-12,na,,,
XRP,2020-10-13,na,,,
XRP,2020-10-14,na,,,
XRP,2020-10-15,na,,,
XRP,2020-10-16,na,,,
XRP,2020-10-19,na,,,
XRP,2020-10-20,na,,,
XRP,2020-10-21,na,,,
XRP,2020-10-22,na,,,
XRP,2020-10-23,na,,,
XRP,2020-10-26,na,,,
XRP,2020-10-27,na,,,
XRP,2020-10-28,na,,,
XRP,2020-10-29,na,,,
XRP,2020-10-30,na,,,
XRP,2020-11-02,na,,,
XRP,2020-11-03,na,,,
XRP,2020-11-04,na,,,
XRP,2020-11-05,na,,,
XRP,2020-11-06,na,,,
XRP,2020-11-09,na,,,
XRP,2020-11-10,na,,,
XRP,2020-11-11,na,,,
XRP,2020-11-12,na,,,
XRP,2020-11-13,na,,,
XRP,2020-11-16,na,,,
XRP,2020-11-17,na,,,
XRP,2020-11-18,na,,,
XRP,2020-11-19,na,,,
XRP,2020-11-20,na,,,
XRP,2020-11-23,na,,,
XRP,2020-11-24,na,,,
XRP,2020-11-25,na,,,
XRP,2020-11-26,na,,,
XRP,2020-11-27,na,,,
XRP,2020-11-30,na,,,
XRP,2020-12-01,na,,,
XRP,2020-12-02,na,,,
XRP,2020-12-03,na,,,
XRP,2020-12-04,na,,,
XRP,2020-12-07,na,,,
XRP,2020-12-08,na,,,
XRP,2020-12-09,na,,,
XRP,2020-12-10,na,,,
XRP,2020-12-11,na,,,
XRP,2020-12-14,na,,,
XRP,2020-12-15,na,,,
XRP,2020-12-16,na,,,
XRP,2020-12-17,na,,,
XRP,2020-12-18,na,,,
XRP,2020-12-21,na,,,
XRP,2020-12-22,na,,,
XRP,2020-12-23,na,,,
XRP,2020-12-24,na,,,
XRP,2020-12-25,na,,,
XRP,2020-12-28,na,,,
XRP,2020-12-29,na,,,
XRP,2020-12-30,na,,,
XRP,2020-12-31,na,,,
XRP,2021-01-01,na,,,
XRP,2021-01-04,na,,,
XRP,2021-01-05,na,,,
XRP,2021-01-06,na,,,
XRP,2021-01-07,na,,,
XRP,2021-01-08,na,,,
XRP,2021-01-11,na,,,
XRP,2021-01-12,na,,,
XRP,2021-01-13,na,,,
XRP,2021-01-14,na,,,
XRP,2021-01-15,na,,,
XRP,2021-01-18,na,,,
XRP,2021-01-19,na,,,
XRP,2021-01-20,na,,,
XRP,2021-01-21,na,,,
XRP,2021-01-22,na,,,
XRP,2021-01-25,na,,,
XRP,2021-01-26,na,,,
XRP,2021-01-27,na,,,
XRP,2021-01-28,na,,,
XRP,2021-01-29,na,,,
XRP,2021-02-01,na,,,
XRP,2021-02-02,na,,,
XRP,2021-02-03,na,,,
XRP,2021-02-04,na,,,
XRP,2021-02-05,na,,,
XRP,2021-02-08,na,,,
XRP,2021-02-09,na,,,
XRP,2021-02-10,na,,,
XRP,2021-02-11,na,,,
XRP,2021-02-12,na,,,
XRP,2021-02-15,na,,,
XRP,2021-02-16,na,,,
XRP,2021-02-17,na,,,
XRP,2021-02-18,na,,,
XRP,2021-02-19,na,,,
XRP,2021-02-22,na,,,
XRP,2021-02-23,na,,,
XRP,2021-02-24,na,,,
XRP,2021-02-25,na,,,
XRP,2021-02-26,na,,,
XRP,2021-03-01,na,,,
XRP,2021-03-02,na,,,
XRP,2021-03-03,na,,,
XRP,2021-03-04,na,,,
XRP,2021-03-05,na,,,
XRP,2021-03-08,na,,,
XRP,2021-03-09,na,,,
XRP,2021-03-10,na,,,
XRP,2021-03-11,na,,,
XRP,2021-03-12,na,,,
XRP,2021-03-15,na,,,
XRP,2021-03-16,na,,,
XRP,2021-03-17,na,,,
XRP,2021-03-18,na,,,
XRP,2021-03-19,na,,,
XRP,2021-03-22,na,,,
XRP,2021-03-23,na,,,
XRP,2021-03-24,na,,,
XRP,2021-03-25,na,,,
XRP,2021-03-26,na,,,
XRP,2021-03-29,na,,,
XRP,2021-03-30,na,,,
XRP,2021-03-31,na,,,
XRP,2021-04-01,na,,,
XRP,2021-04-02,na,,,
XRP,2021-04-05,na,,,
XRP,2021-04-06,na,,,
XRP,2021-04-07,na,,,
XRP,2021-04-08,na,,,
XRP,2021-04-09,na,,,
XRP,2021-04-12,na,,,
XRP,2021-04-13,na,,,
XRP,2021-04-14,na,,,
XRP,2021-04-15,na,,,
XRP,2021-04-16,na,,,
XRP,2021-04-19,na,,,
XRP,2021-04-20,na,,,
XRP,2021-04-21,na,,,
XRP,2021-04-22,na,,,
XRP,2021-04-23,na,,,
XRP,2021-04-26,na,,,
XRP,2021-04-27,na,,,
XRP,2021-04-28,na,,,
XRP,2021-04-29,na,,,
XRP,2021-04-30,na,,,
XRP,2021-05-03,na,,,
XRP,2021-05-04,na,,,
XRP,2021-05-05,na,,,
XRP,2021-05-06,na,,,
XRP,2021-05-07,na,,,
XRP,2021-05-10,na,,,
XRP,2021-05-11,na,,,
XRP,2021-05-12,na,,,
XRP,2021-05-13,na,,,
XRP,2021-05-14,na,,,
XRP,2021-05-17,na,,,
XRP,2021-05-18,na,,,
XRP,2021-05-19,na,,,
XRP,2021-05-20,na,,,
XRP,2021-05-21,na,,,
XRP,2021-05-24,na,,,
XRP,2021-05-25,na,,,
XRP,2021-05-26,na,,,
XRP,2021-05-27,na,,,
XRP,2021-05-28,na,,,
XRP,2021-05-31,na,,,
XRP,2021-06-01,na,,,
XRP,2021-06-02,na,,,
XRP,2021-06-03,na,,,
XRP,2021-06-04,na,,,
XRP,2021-06-07,na,,,
XRP,2021-06-08,na,,,
XRP,2021-06-09,na,,,
XRP,2021-06-10,na,,,
XRP,2021-06-11,na,,,
XRP,2021-06-14,na,,,
XRP,2021-06-15,na,,,
XRP,2021-06-16,na,,,
XRP,2021-06-17,na,,,
XRP,2021-06-18,na,,,
XRP,2021-06-21,na,,,
XRP,2021-06-22,na,,,
XRP,2021-06-23,na,,,
XRP,2021-06-24,na,,,
XRP,2021-06-25,na,,,
XRP,2021-06-28,na,,,
XRP,2021-06-29,na,,,
XRP,2021-06-30,na,,,
XRP,2021-07-01,na,,,
XRP,2021-07-02,na,,,
XRP,2021-07-05,na,,,
XRP,2021-07-06,na,,,
XRP,2021-07-07,na,,,
XRP,2021-07-08,na,,,
XRP,2021-07-09,na,,,
XRP,2021-07-12,na,,,
XRP,2021-07-13,na,,,
XRP,2021-07-14,na,,,
XRP,2021-07-15,na,,,
XRP,2021-07-16,na,,,
XRP,2021-07-19,na,,,
XRP,2021-07-20,na,,,
XRP,2021-07-21,na,,,
XRP,2021-07-22,na,,,
XRP,2021-07-23,na,,,
XRP,2021-07-26,na,,,
XRP,2021-07-27,na,,,
XRP,2021-07-28,na,,,
XRP,2021-07-29,na,,,
XRP,2021-07-30,na,,,
XRP,2021-08-02,na,,,
XRP,2021-08-03,na,,,
XRP,2021-08-04,na,,,
XRP,2021-08-05,na,,,
XRP,2021-08-06,na,,,
XRP,2021-08-09,na,,,
XRP,2021-08-10,na,,,
XRP,2021-08-11,na,,,
XRP,2021-08-12,na,,,
XRP,2021-08-13,na,,,
XRP,2021-08-16,na,,,
XRP,2021-08-17,na,,,
XRP,2021-08-18,na,,,
XRP,2021-08-19,na,,,
XRP,2021-08-20,na,,,
XRP,2021-08-23,na,,,
XRP,2021-08-24,na,,,
XRP,2021-08-25,na,,,
XRP,2021-08-26,na,,,
XRP,2021-08-27,na,,,
XRP,2021-08-30,na,,,
XRP,2021-08-31,na,,,
XRP,2021-09-01,na,,,
XRP,2021-09-02,na,,,
XRP,2021-09-03,na,,,
XRP,2021-09-06,na,,,
XRP,2021-09-07,na,,,
XRP,2021-09-08,na,,,
XRP,2021-09-09,na,,,
XRP,2021-09-10,na,,,
XRP,2021-09-13,na,,,
XRP,2021-09-14,na,,,
XRP,2021-09-15,na,,,
XRP,2021-09-16,na,,,
XRP,2021-09-17,na,,,
XRP,2021-09-20,na,,,
XRP,2021-09-21,na,,,
XRP,2021-09-22,na,,,
XRP,2021-09-23,na,,,
XRP,2021-09-24,na,,,
XRP,2021-09-27,na,,,
XRP,2021-09-28,na,,,
XRP,2021-09-29,na,,,
XRP,2021-09-30,na,,,
XRP,2021-10-01,na,,,
XRP,2021-10-04,na,,,
XRP,2021-10-05,na,,,
XRP,2021-10-06,na,,,
XRP,2021-10-07,na,,,
XRP,2021-10-08,na,,,
XRP,2021-10-11,na,,,
XRP,2021-10-12,na,,,
XRP,2021-10-13,na,,,
XRP,2021-10-14,na,,,
XRP,2021-10-15,na,,,
XRP,2021-10-18,na,,,
XRP,2021-10-19,na,,,
XRP,2021-10-20,na,,,
XRP,2021-10-21,na,,,
XRP,2021-10-22,na,,,
XRP,2021-10-25,na,,,
XRP,2021-10-26,na,,,
XRP,2021-10-27,na,,,
XRP,2021-10-28,na,,,
XRP,2021-10-29,na,,,
XRP,2021-11-01,na,,,
XRP,2021-11-02,na,,,
XRP,2021-11-03,na,,,
XRP,2021-11-04,na,,,
XRP,2021-11-05,na,,,
XRP,2021-11-08,na,,,
XRP,2021-11-09,na,,,
XRP,2021-11-10,na,,,
XRP,2021-11-11,na,,,
XRP,2021-11-12,na,,,
XRP,2021-11-15,na,,,
XRP,2021-11-16,na,,,
XRP,2021-11-17,na,,,
XRP,2021-11-18,na,,,
XRP,2021-11-19,na,,,
XRP,2021-11-22,na,,,
XRP,2021-11-23,na,,,
XRP,2021-11-24,na,,,
XRP,2021-11-25,na,,,
XRP,2021-11-26,na,,,
XRP,2021-11-29,na,,,
XRP,2021-11-30,na,,,
XRP,2021-12-01,na,,,
XRP,2021-12-02,na,,,
XRP,2021-12-03,na,,,
XRP,2021-12-06,na,,,
XRP,2021-12-07,na,,,
XRP,2021-12-08,na,,,
XRP,2021-12-09,na,,,
XRP,2021-12-10,na,,,
XRP,2021-12-13,na,,,
XRP,2021-12-14,na,,,
XRP,2021-12-15,na,,,
XRP,2021-12-16,na,,,
XRP,2021-12-17,na,,,
XRP,2021-12-20,na,,,
XRP,2021-12-21,na,,,
XRP,2021-12-22,na,,,
XRP,2021-12-23,na,,,
XRP,2021-12-24,na,,,
XRP,2021-12-27,na,,,
XRP,2021-12-28,na,,,
XRP,2021-12-29,na,,,
XRP,2021-12-30,na,,,
XRP,2021-12-31,na,,,
XRP,2022-01-03,na,,,
XRP,2022-01-04,na,,,
XRP,2022-01-05,na,,,
XRP,2022-01-06,na,,,
XRP,2022-01-07,na,,,
XRP,2022-01-10,na,,,
XRP,2022-01-11,normal,0.0315376747357653,0.38022813688212975,0.13500000000000006
XRP,2022-01-12,normal,0.0315376747357653,0.9043478260869575,0.23000000000000004
XRP,2022-01-13,normal,0.0318857034724191,0.32631578947368306,0.34011337112370776
XRP,2022-01-14,normal,0.0321079996351364,0.16837782340862367,0.2749710759737757
XRP,2022-01-17,normal,0.0318857034724191,0.2373540856031121,0.3549087749782798
XRP,2022-01-18,normal,0.0308020477815699,0.30538922155688597,0.38235294117647084
XRP,2022-01-19,normal,0.0304827813478331,0.42182890855457444,0.3188235294117648
XRP,2022-01-20,normal,0.0296407466466561,0.3669724770642198,0.24352941176470577
XRP,2022-01-21,normal,0.0298025134649911,0.2139973082099587,0.13647058823529407
XRP,2022-01-24,normal,0.0308020477815699,0.04987212276214714,0.26761038085608335
XRP,2022-01-25,normal,0.0326170376055256,0.6386861313868604,0.21817551161984028
XRP,2022-01-26,normal,0.033877943296492,0.5255972696245762,0.2587046050168475
XRP,2022-01-27,normal,0.033877943296492,0.5734463276836156,0.2635716959940095
XRP,2022-01-28,normal,0.0318857034724191,0.12053571428571601,0.2242605765630849
XRP,2022-01-31,normal,0.0313256902954948,0.2411347517730467,0.19618120554099555
XRP,2022-02-01,normal,0.0318857034724191,0.5962441314553963,0.2564582553350802
XRP,2022-02-02,normal,0.0318857034724191,0.8910891089108921,0.31360946745562096
XRP,2022-02-03,normal,0.0326170376055256,0.5524861878453042,0.20589406610911976
XRP,2022-02-04,normal,0.0313256902954948,0.6057142857142902,0.2542513479883862
XRP,2022-02-07,normal,0.035028040820079,0.8220757825370671,0.6081019572143833
XRP,2022-02-08,normal,0.0407800250345872,0.3247524752475242,0.9738021371940712
XRP,2022-02-09,normal,0.0409954020567897,0.7559055118110225,0.8962496578154939
XRP,2022-02-10,normal,0.0409954020567897,0.6456521739130433,0.871976080456646
XRP,2022-02-11,normal,0.0401267159450898,0.4637681159420289,0.7512911117151402
XRP,2022-02-14,normal,0.0400547757617254,0.6559766763848387,0.6698365527488855
XRP,2022-02-15,normal,0.0364878373875375,0.8177676537585418,0.6564635958395246
XRP,2022-02-16,normal,0.0409954020567897,0.12466124661246729,0.8059435364041607
XRP,2022-02-17,normal,0.0398954307797226,0.24879227053140043,0.761664190193165
XRP,2022-02-18,normal,0.0364070223282766,0.42619047619047645,0.560772659732541
XRP,2022-02-21,normal,0.036280348144755,0.15403422982885,0.5737355271176114
XRP,2022-02-22,normal,0.035568862275449,0.5582524271844649,0.34491163924436313
XRP,2022-02-23,normal,0.035028040820079,0.9065934065934077,0.4031078610603291
XRP,2022-02-24,normal,0.0390117035110533,0.1567944250871076,0.29545454545454536
XRP,2022-02-25,normal,0.035568862275449,0.9155313351498638,0.25330172705723
XRP,2022-02-28,normal,0.0373325733827301,0.6640316205533614,0.33863867253640373
XRP,2022-03-01,normal,0.0404407161637661,0.7562499999999993,0.5397900440230275
XRP,2022-03-02,normal,0.0381411422335393,0.3924528301886784,0.5884057971014495
XRP,2022-03-03,normal,0.0364070223282766,0.3311897106109327,0.6174496644295303
XRP,2022-03-04,normal,0.035672385980349,0.40833333333333244,0.5453020134228185
XRP,2022-03-07,normal,0.035028040820079,0.7568134171907767,0.4345637583892615
XRP,2022-03-08,normal,0.0345707360632733,0.6685393258427006,0.4210977701543738
XRP,2022-03-09,normal,0.0321079996351364,0.7429245283018889,0.42538593481989695
XRP,2022-03-10,normal,0.0360198584556882,0.15234374999999867,0.6187821612349914
XRP,2022-03-11,normal,0.033877943296492,0.7235772357723605,0.4914236706689534
XRP,2022-03-14,normal,0.035568862275449,0.5022935779816524,0.6096703296703296
XRP,2022-03-15,normal,0.0358695652173912,0.344262295081968,0.673846153846154
XRP,2022-03-16,normal,0.0345707360632733,0.4141104294478519,0.6338461538461541
XRP,2022-03-17,normal,0.0345707360632733,0.31818181818181984,0.6568509615384619
XRP,2022-03-18,normal,0.0332853717026378,0.1356589147286799,0.6414728682170542
XRP,2022-03-21,normal,0.0329301599687865,0.8204334365325069,0.7202842377260981
XRP,2022-03-22,normal,0.0358695652173912,0.4800000000000022,0.8904791537025516
XRP,2022-03-23,normal,0.035672385980349,0.23529411764705657,0.8322618351841031
XRP,2022-03-24,normal,0.0332853717026378,0.3882978723404256,0.838106370543542
XRP,2022-03-25,normal,0.0332853717026378,0.5602094240837717,0.8611111111111113
XRP,2022-03-28,normal,0.0332853717026378,0.6619217081850512,0.9519104084321477
XRP,2022-03-29,normal,0.0300175487207905,0.6542923433874707,0.6863398381722987
XRP,2022-03-30,normal,0.0300175487207905,0.8995815899581604,0.6532374100719424
XRP,2022-03-31,normal,0.0299003322259136,0.6999999999999963,0.6648780487804875
XRP,2022-04-01,normal,0.0296407466466561,0.31782945736434426,0.38950715421303644
XRP,2022-04-04,normal,0.02960327343889,0.43252595155709517,0.5400105988341279
XRP,2022-04-05,normal,0.0284514293456171,0.7471264367816095,0.3991912189485842
XRP,2022-04-06,normal,0.0284514293456171,0.3652561247216034,0.2613784135240572
XRP,2022-04-07,normal,0.0298025134649911,0.90909090909091,0.02292263610315187
XRP,2022-04-08,normal,0.0292076811360335,0.06766917293232766,0.19583567810917296
XRP,2022-04-11,normal,0.0298025134649911,0.049295774647885836,0.043549265106151355
XRP,2022-04-12,normal,0.0313256902954948,0.9372937293729369,0.05844675740592452
XRP,2022-04-13,normal,0.0296407466466561,0.10000000000000278,0.14011208967173705
XRP,2022-04-14,normal,0.0289082687338501,0.12077294685990116,0.1721377101681342
XRP,2022-04-15,normal,0.0296407466466561,0.7565789473684215,0.18414731785428312
XRP,2022-04-18,normal,0.0296407466466561,0.2729211087420029,0.348905109489051
XRP,2022-04-19,normal,0.0284514293456171,0.18749999999999975,0.4635658914728682
XRP,2022-04-20,normal,0.0280696902654867,0.6521739130434797,0.489405684754522
XRP,2022-04-21,normal,0.0284514293456171,0.7914110429447876,0.4164239953407107
XRP,2022-04-22,normal,0.0284514293456171,0.4347826086956515,0.3063482818870122
XRP,2022-04-25,normal,0.0296407466466561,0.342905405405405,0.11445012787723803
XRP,2022-04-26,normal,0.0288347597103357,0.13707165109034133,0.27697634160415485
XRP,2022-04-27,normal,0.0298025134649911,0.5423728813559322,0.08357515960533933
XRP,2022-04-28,normal,0.0292076811360335,0.222222222222218,0.14277423099245476
XRP,2022-04-29,normal,0.0289082687338501,0.18208955223880594,0.08821822402785834
XRP,2022-05-02,normal,0.0296407466466561,0.2931596091205219,0.17422945205479431
XRP,2022-05-03,normal,0.0296407466466561,0.5379746835443066,0.2054794520547942
XRP,2022-05-04,normal,0.0292076811360335,0.8878048780487818,0.16438356164383555
XRP,2022-05-05,normal,0.028588734100545,0.04867256637168107,0.3407534246575342
XRP,2022-05-06,normal,0.0296540362438221,0.30036630036630396,0.13613013698630108
XRP,2022-05-09,normal,0.0298025134649911,0.19465648854961806,0.03933566433566437
XRP,2022-05-10,normal,0.0406463642013672,0.828800000000001,0.05666557484441545
XRP,2022-05-11,normal,0.0474906943909639,0.0661157024793392,0.14400535833891506
XRP,2022-05-12,normal,0.0504398826979473,0.43743315508021396,0.14060411654637806
XRP,2022-05-13,normal,0.0532078963602714,0.8835470085470088,0.12672811059907832
XRP,2022-05-16,normal,0.0423340961098396,0.25423728813559343,0.30237580993520513
XRP,2022-05-17,normal,0.0414994720168954,0.6120218579234984,0.26613643315998764
XRP,2022-05-18,normal,0.0411039342337052,0.1648936170212758,0.3168532338308458
XRP,2022-05-19,normal,0.0417129458225347,0.7729083665338653,0.2164434755527873
XRP,2022-05-20,normal,0.0414994720168954,0.5335820895522403,0.262846465275615
XRP,2022-05-23,normal,0.0408011869436201,0.7551020408163259,0.2668950482715665
XRP,2022-05-24,normal,0.0408011869436201,0.41911764705882226,0.21519775770787916
XRP,2022-05-25,normal,0.0409324268072706,0.11229946524064124,0.2257863593895983
XRP,2022-05-26,normal,0.0410776650590386,0.17647058823529507,0.24937566892615068
XRP,2022-05-27,normal,0.0410776650590386,0.3163841807909602,0.20834886321282145
XRP,2022-05-30,normal,0.0326170376055256,0.7142857142857127,0.26368159203980096
XRP,2022-05-31,normal,0.0326170376055256,0.44642857142857234,0.4365750528541227
XRP,2022-06-01,normal,0.0304827813478331,0.21641791044776273,0.659476117103236
XRP,2022-06-02,normal,0.0318857034724191,0.8256880733944946,0.25055187637969106
XRP,2022-06-03,normal,0.0296540362438221,0.11855670103092925,0.40428380187416346
XRP,2022-06-06,normal,0.0292076811360335,0.6477987421383645,0.2962962962962957
XRP,2022-06-07,normal,0.0288576198425948,0.2552083333333342,0.4044444444444443
XRP,2022-06-08,normal,0.0292076811360335,0.24022346368715192,0.4938837920489299
XRP,2022-06-09,normal,0.0284514293456171,0.5757575757575717,0.38685015290519886
XRP,2022-06-10,normal,0.0288576198425948,0.40437158469945184,0.42275042444821725
XRP,2022-06-13,normal,0.0313256902954948,0.1308593749999996,0.04113924050632927
XRP,2022-06-14,normal,0.0313256902954948,0.5438066465256792,0.07969924812030077
XRP,2022-06-15,normal,0.0304296940310984,0.39669421487603296,0.197724039829303
XRP,2022-06-16,normal,0.035028040820079,0.06086956521739108,0.3556187766714083
XRP,2022-06-17,normal,0.0347896440129449,0.5555555555555546,0.13940256045519173
XRP,2022-06-20,normal,0.0355064027939464,0.8271604938271623,0.26666666666666683
XRP,2022-06-21,normal,0.0347896440129449,0.616438356164384,0.2546628407460544
XRP,2022-06-22,normal,0.035028040820079,0.3208955223880583,0.32386799693016133
XRP,2022-06-23,normal,0.0346200980392156,0.7701149425287365,0.26937835763622386
XRP,2022-06-24,normal,0.0354406130268199,0.7269439421338156,0.37298541826554094
XRP,2022-06-27,normal,0.0326170376055256,0.5052631578947392,0.552570990023024
XRP,2022-06-28,normal,0.0326170376055256,0.4031413612565436,0.5337078651685394
XRP,2022-06-29,normal,0.033877943296492,0.12299465240641548,0.40369181380417346
XRP,2022-06-30,normal,0.035028040820079,0.1386861313868603,0.34028892455858745
XRP,2022-07-01,normal,0.0332853717026378,0.1368821292775663,0.4423645320197045
XRP,2022-07-04,normal,0.0280696902654867,0.768518518518519,0.3433433433433434
XRP,2022-07-05,normal,0.0280696902654867,0.04861111111111339,0.41541541541541527
XRP,2022-07-06,normal,0.0278854334058038,0.3783783783783733,0.3803803803803802
XRP,2022-07-07,normal,0.0270960533141785,0.2738095238095213,0.45245245245245214
XRP,2022-07-08,normal,0.0274419236516777,0.08999999999999858,0.5505505505505506
XRP,2022-07-11,normal,0.0278854334058038,0.6165413533834585,0.2441717791411046
XRP,2022-07-12,normal,0.0278854334058038,0.37735849056603815,0.11779141104294473
XRP,2022-07-13,normal,0.0286001003512293,0.712328767123289,0.07361963190184054
XRP,2022-07-14,normal,0.0273649117933045,0.08527131782945643,0.2549941245593419
XRP,2022-07-15,normal,0.0289586665544237,0.3738738738738753,0.4350205198358413
XRP,2022-07-18,normal,0.0294231513743709,0.7978723404255326,0.6952861952861953
XRP,2022-07-19,normal,0.033498397902709,0.4444444444444444,0.9295154185022031
XRP,2022-07-20,normal,0.033931806951079,0.41843971631205784,0.9491298527443109
XRP,2022-07-21,normal,0.0329301599687865,0.14285714285714332,0.7716436637390214
XRP,2022-07-22,normal,0.0339240864551274,0.9607843137254892,0.8143036386449187
XRP,2022-07-25,normal,0.0308020477815699,0.1948051948051949,0.7101631116687577
XRP,2022-07-26,normal,0.0272642638648756,0.19565217391304335,0.42910915934755345
XRP,2022-07-27,normal,0.0266666666666666,0.41935483870967416,0.4416562107904644
XRP,2022-07-28,normal,0.0304256986158265,0.5242718446601942,0.7202007528230867
XRP,2022-07-29,normal,0.035672385980349,0.10869565217391287,0.9021329987452952
XRP,2022-08-01,normal,0.0305986696230598,0.35416666666666563,0.7154772937905467
XRP,2022-08-02,normal,0.0305986696230598,0.16487455197132603,0.7145505097312327
XRP,2022-08-03,normal,0.0292226767971946,0.782945736434107,0.6059365404298876
XRP,2022-08-04,normal,0.0266555103992349,0.28947368421052383,0.5230224321133413
XRP,2022-08-05,normal,0.0278854334058038,0.900000000000001,0.54073199527745
XRP,2022-08-08,normal,0.0274419236516777,0.8671875000000014,0.5548996458087365
XRP,2022-08-09,normal,0.0289586665544237,0.06060606060606239,0.6316410861865407
XRP,2022-08-10,normal,0.0284514293456171,0.5663716814159319,0.4958677685950418
XRP,2022-08-11,normal,0.0292226767971946,0.2631578947368425,0.6635182998819366
XRP,2022-08-12,normal,0.0289586665544237,0.12389380530973586,0.6493506493506493
XRP,2022-08-15,normal,0.0274785970726317,0.11855670103092639,0.5962219598583234
XRP,2022-08-16,normal,0.0278854334058038,0.8849557522123876,0.562264150943396
XRP,2022-08-17,normal,0.0263655710569873,0.19459459459459458,0.46065573770491824
XRP,2022-08-18,normal,0.0253106725146199,0.7234042553191504,0.4108527131782947
XRP,2022-08-19,normal,0.0270960533141785,0.1611570247933879,0.23449612403100784
XRP,2022-08-22,normal,0.0273649117933045,0.26708074534161647,0.21978021978021917
XRP,2022-08-23,normal,0.0272642638648756,0.6535433070866127,0.21335504885993412
XRP,2022-08-24,normal,0.0259067357512953,0.5274725274725306,0.26547231270358296
XRP,2022-08-25,normal,0.0259067357512953,0.702702702702704,0.23941368078175898
XRP,2022-08-26,normal,0.026065624041705,0.30196078431372525,0.2964169381107493
XRP,2022-08-29,normal,0.0284514293456171,0.27672955974842817,0.01549295774647951
XRP,2022-08-30,normal,0.0266097240473061,0.3289473684210531,0.2048846675712348
XRP,2022-08-31,normal,0.0278816199376945,0.5569620253164602,0.10990502035278152
XRP,2022-09-01,normal,0.0278816199376945,0.5000000000000031,0.12347354138398912
XRP,2022-09-02,normal,0.0266437473141384,0.19230769230769176,0.1967435549525104
XRP,2022-09-05,normal,0.0272642638648756,0.19266055045871536,0.17774762550881956
XRP,2022-09-06,normal,0.0266437473141384,0.4488188976377943,0.1940298507462684
XRP,2022-09-07,normal,0.0275739944346065,0.8604651162790682,0.08774583963691335
XRP,2022-09-08,normal,0.0243739565943239,0.4019607843137253,0.4206081081081079
XRP,2022-09-09,normal,0.0240218232156671,0.7076023391812863,0.4662162162162166
XRP,2022-09-12,normal,0.0278854334058038,0.6764705882352967,0.7297297297297303
XRP,2022-09-13,normal,0.0299003322259136,0.6195652173913034,0.8074324324324329
XRP,2022-09-14,normal,0.0272642638648756,0.5866666666666681,0.34797297297297325
XRP,2022-09-15,normal,0.0245723172628305,0.24137931034482973,0.49831081081081147
XRP,2022-09-16,normal,0.0266666666666666,0.8958333333333333,0.2808764940239043
XRP,2022-09-19,normal,0.0332853717026378,0.2727272727272731,0.5296167247386756
XRP,2022-09-20,normal,0.0365222131370944,0.5599999999999989,0.8455284552845524
XRP,2022-09-21,EXPANSION,0.0442650334075724,0.5081967213114763,0.9090909090909087
XRP,2022-09-22,EXPANSION,0.0455884236137789,0.9227799227799227,0.6688524590163935
XRP,2022-09-23,EXPANSION,0.0497929606625258,0.14765906362544984,0.9265957446808512
XRP,2022-09-26,EXPANSION,0.0502656275154119,0.13288288288288327,0.7275303643724695
XRP,2022-09-27,EXPANSION,0.0454643048845948,0.209205020920502,0.6327935222672063
XRP,2022-09-28,EXPANSION,0.0504398826979473,0.321637426900585,0.5227464195450714
XRP,2022-09-29,EXPANSION,0.0454643048845948,0.2922374429223755,0.5362257792754844
XRP,2022-09-30,EXPANSION,0.0461352657004829,0.23728813559322035,0.6996630160067396
XRP,2022-10-03,normal,0.044707216327853,0.3973799126637548,0.5345408593091827
XRP,2022-10-04,normal,0.044707216327853,0.8416666666666677,0.5918281381634372
XRP,2022-10-05,normal,0.0442650334075724,0.2745901639344258,0.6651221566975567
XRP,2022-10-06,EXPANSION,0.0453827373258652,0.5675675675675693,0.7038753159224936
XRP,2022-10-07,normal,0.0332853717026378,0.6000000000000008,0.7003197807217906
XRP,2022-10-10,normal,0.0368638239339753,0.23297491039426407,0.8594909862142096
XRP,2022-10-11,normal,0.033498397902709,0.26799007444168677,0.636312849162011
XRP,2022-10-12,normal,0.0304256986158265,0.8205128205128212,0.5600482800241398
XRP,2022-10-13,normal,0.0305986696230598,0.3413654618473898,0.5014064697608998
XRP,2022-10-14,normal,0.0330788804071246,0.7083333333333326,0.47125567322239037
XRP,2022-10-17,normal,0.0278854334058038,0.7633136094674557,0.45234493192133135
XRP,2022-10-18,normal,0.0265377494342728,0.21666666666666728,0.48108925869894076
XRP,2022-10-19,normal,0.0244672454617205,0.13836477987421283,0.32026143790849665
XRP,2022-10-20,normal,0.0246142073715086,0.9345238095238101,0.11806797853309514
XRP,2022-10-21,normal,0.0245723172628305,0.2023121387283241,0.19036334913112166
XRP,2022-10-24,normal,0.0248697916666666,0.2857142857142865,0.3665086887835701
XRP,2022-10-25,normal,0.0246142073715086,0.2986111111111097,0.24091627172195906
XRP,2022-10-26,normal,0.0248697916666666,0.6829268292682924,0.30094786729857825
XRP,2022-10-27,normal,0.0253106725146199,0.3170731707317068,0.3672985781990519
XRP,2022-10-28,normal,0.0243739565943239,0.3428571428571471,0.3088467614533966
XRP,2022-10-31,normal,0.0245723172628305,0.6241610738255043,0.3973362930077693
XRP,2022-11-01,normal,0.0245307167235495,0.5413533834586463,0.4628190899001114
XRP,2022-11-02,normal,0.0243739565943239,0.21333333333333557,0.45726970033296377
XRP,2022-11-03,normal,0.0245723172628305,0.5675675675675701,0.30299667036625977
XRP,2022-11-04,normal,0.0269342487457091,0.6538461538461535,0.4792899408284022
XRP,2022-11-07,normal,0.0263655710569873,0.6101694915254227,0.5536529680365294
XRP,2022-11-08,normal,0.0270906949352178,0.3963553530751715,0.4840182648401825
XRP,2022-11-09,normal,0.0398954307797226,0.4156305506216695,0.4034383954154726
XRP,2022-11-10,EXPANSION,0.0516048433596003,0.7900355871886127,0.08814432989690724
XRP,2022-11-11,normal,0.0408011869436201,0.7100840336134445,0.4030927835051546
XRP,2022-11-14,normal,0.0433306709265175,0.9110512129380062,0.1278350515463917
XRP,2022-11-15,normal,0.0417129458225347,0.7321428571428567,0.3175257731958762
XRP,2022-11-16,normal,0.0411039342337052,0.1764705882352935,0.3752577319587628
XRP,2022-11-17,normal,0.0408011869436201,0.47802197802198043,0.3051546391752576
XRP,2022-11-18,normal,0.0403806584362139,0.4563106796116498,0.3396907216494846
XRP,2022-11-21,normal,0.0408011869436201,0.30303030303030354,0.23092783505154643
XRP,2022-11-22,normal,0.0403806584362139,0.7118644067796612,0.24999999999999992
XRP,2022-11-23,normal,0.0358695652173912,0.4893617021276587,0.30773195876288645
XRP,2022-11-24,normal,0.0313256902954948,0.5533980582524293,0.33762886597938147
XRP,2022-11-25,normal,0.0330788804071246,0.61764705882353,0.44226804123711333
XRP,2022-11-28,normal,0.0278854334058038,0.1935483870967742,0.5314777998674619
XRP,2022-11-29,normal,0.0292912994911256,0.8833333333333365,0.7040618955512571
XRP,2022-11-30,normal,0.0292226767971946,0.15200000000000088,0.7835365853658538
XRP,2022-12-01,normal,0.0300175487207905,0.3382352941176465,0.8821138211382114
XRP,2022-12-02,normal,0.0270960533141785,0.45985401459854064,0.7713414634146339
XRP,2022-12-05,normal,0.0245723172628305,0.6086956521739137,0.594301221166893
XRP,2022-12-06,normal,0.0249520153550863,0.48999999999999827,0.591587516960651
XRP,2022-12-07,normal,0.0241589816859333,0.3489583333333326,0.6200814111261876
XRP,2022-12-08,normal,0.0243739565943239,0.41860465116278994,0.5128900949796473
XRP,2022-12-09,normal,0.0258728962572217,0.23529411764705643,0.6567164179104479
XRP,2022-12-12,normal,0.0234979179060083,0.319672131147541,0.4346549192364173
XRP,2022-12-13,normal,0.0246142073715086,0.741071428571432,0.3750000000000001
XRP,2022-12-14,normal,0.0234979179060083,0.3882352941176431,0.5030800821355238
XRP,2022-12-15,normal,0.0240218232156671,0.40999999999999887,0.299794661190965
XRP,2022-12-16,normal,0.0270906949352178,0.3347826086956512,0.16628701594533077
XRP,2022-12-19,normal,0.0266437473141384,0.344155844155843,0.08714918759231925
XRP,2022-12-20,normal,0.026065624041705,0.7142857142857122,0.08657465495608485
XRP,2022-12-21,normal,0.0252179327521793,0.31677018633540327,0.20957309184993528
XRP,2022-12-22,normal,0.0254347261873863,0.718749999999997,0.19694656488549567
XRP,2022-12-23,normal,0.0234163914740319,0.9,0.2633996937212864
XRP,2022-12-26,normal,0.0246142073715086,0.9577464788732366,0.2107692307692306
XRP,2022-12-27,normal,0.0241589816859333,0.6000000000000023,0.5199999999999999
XRP,2022-12-28,normal,0.0240218232156671,0.23076923076922876,0.5461538461538458
XRP,2022-12-29,normal,0.0234163914740319,0.17307692307692177,0.36615384615384594
XRP,2022-12-30,normal,0.0245723172628305,0.46428571428571325,0.15538461538461534
XRP,2023-01-02,normal,0.0272642638648756,0.8997912317327772,0.10307692307692283
XRP,2023-01-03,normal,0.0219649747699614,0.3689320388349494,0.5041841004184101
XRP,2023-01-04,normal,0.0228814686710123,0.5576923076923068,0.5028835063437143
XRP,2023-01-05,normal,0.0243739565943239,0.452991452991451,0.590738423028786
XRP,2023-01-06,normal,0.0234979179060083,0.3749999999999993,0.51983584131327
XRP,2023-01-09,normal,0.0243739565943239,0.8780487804878045,0.6183310533515735
XRP,2023-01-10,normal,0.0250563063063062,0.4021739130434768,0.6703146374829
XRP,2023-01-11,normal,0.0258728962572217,0.7980295566502466,0.6935704514363888
XRP,2023-01-12,normal,0.0269342487457091,0.13768115942028697,0.9273885350318474
XRP,2023-01-13,normal,0.0274965164886205,0.20618556701030974,0.9121951219512198
XRP,2023-01-16,normal,0.0269342487457091,0.2543554006968651,0.7759412304866853
XRP,2023-01-17,normal,0.0269342487457091,0.7165354330708665,0.7851239669421489
XRP,2023-01-18,normal,0.0269342487457091,0.7804878048780455,0.7970615243342515
XRP,2023-01-19,normal,0.0274965164886205,0.9855072463768092,0.7180899908172634
XRP,2023-01-20,normal,0.0292912994911256,0.813953488372094,0.852157943067034
XRP,2023-01-23,normal,0.0308020477815699,0.8328358208955228,0.8105263157894732
XRP,2023-01-24,normal,0.0305986696230598,0.3750000000000011,0.9057899901864573
XRP,2023-01-25,normal,0.0281858354233847,0.8071428571428579,0.7526987242394504
XRP,2023-01-26,normal,0.0289586665544237,0.4563106796116527,0.8429833169774287
XRP,2023-01-27,normal,0.0271819919303461,0.6280991735537187,0.7561475409836067
XRP,2023-01-30,normal,0.0281858354233847,0.18215613382899662,0.7817371937639197
XRP,2023-01-31,normal,0.0244672454617205,0.9375000000000029,0.5357561547479487
XRP,2023-02-01,normal,0.0250527426160337,0.5638297872340442,0.6224066390041494
XRP,2023-02-02,normal,0.0263655710569873,0.7432432432432421,0.7051851851851856
XRP,2023-02-03,normal,0.0250563063063062,0.6923076923076917,0.6562962962962964
XRP,2023-02-06,normal,0.0234979179060083,0.37234042553191443,0.4874074074074071
XRP,2023-02-07,normal,0.0226146614153219,0.843373493975907,0.39259259259259294
XRP,2023-02-08,normal,0.0228814686710123,0.28169014084506866,0.48239436619718357
XRP,2023-02-09,normal,0.0243739565943239,0.6453900709219855,0.24628450106157124
XRP,2023-02-10,normal,0.0249520153550863,0.5517241379310359,0.15397350993377532
XRP,2023-02-13,normal,0.02636476426799,0.26315789473684226,0.05201342281879177
XRP,2023-02-14,normal,0.0254347261873863,0.6046511627906959,0.14375987361769355
XRP,2023-02-15,normal,0.0228814686710123,0.8818897637795273,0.3393442622950819
XRP,2023-02-16,normal,0.0244672454617205,0.36904761904762384,0.6540983606557376
XRP,2023-02-17,normal,0.0234163914740319,0.8080808080808117,0.3754098360655734
XRP,2023-02-20,normal,0.0240218232156671,0.8920454545454538,0.4239864864864859
XRP,2023-02-21,normal,0.0250563063063062,0.21804511278195535,0.6283783783783778
XRP,2023-02-22,normal,0.0240218232156671,0.7843137254901935,0.5185810810810814
XRP,2023-02-23,normal,0.0243739565943239,0.3232323232323224,0.5760135135135132
XRP,2023-02-24,normal,0.0228814686710123,0.5957446808510714,0.45608108108108075
XRP,2023-02-27,normal,0.0270906949352178,0.3733333333333289,0.3479166666666666
XRP,2023-02-28,normal,0.0241589816859333,0.9146341463414659,0.3604166666666664
XRP,2023-03-01,normal,0.0241589816859333,0.6721311475409876,0.3124999999999992
XRP,2023-03-02,normal,0.0224009190120619,0.16455696202531903,0.46652719665271986
XRP,2023-03-03,normal,0.0240218232156671,0.5673469387755107,0.33472803347280283
XRP,2023-03-06,normal,0.0227342549923195,0.41666666666666796,0.23411978221415655
XRP,2023-03-07,normal,0.0222810702218975,0.8902439024390227,0.2831215970961889
XRP,2023-03-08,normal,0.0234979179060083,0.9186602870813406,0.4754990925589838
XRP,2023-03-09,normal,0.0224382946896036,0.8965517241379328,0.6352087114337576
XRP,2023-03-10,normal,0.0259067357512953,0.41988950276243364,0.30308529945553536
XRP,2023-03-13,normal,0.0234163914740319,0.23188405797101314,0.4365942028985507
XRP,2023-03-14,normal,0.0294231513743709,0.30000000000000165,0.4605504587155966
XRP,2023-03-15,normal,0.0243739565943239,0.3813559322033909,0.4605504587155966
XRP,2023-03-16,normal,0.026065624041705,0.6562499999999973,0.21284403669724772
XRP,2023-03-17,normal,0.0257571835361118,0.9805194805194791,0.3192660550458721
XRP,2023-03-20,normal,0.0274419236516777,0.3374999999999984,0.7045871559633027
XRP,2023-03-21,normal,0.0272642638648756,0.8878504672897192,0.47889908256880764
XRP,2023-03-22,EXPANSION,0.0498125013626353,0.04398826979472149,0.8399725274725276
XRP,2023-03-23,EXPANSION,0.0421836228287841,0.8452655889145487,0.5082417582417583
XRP,2023-03-24,EXPANSION,0.044707216327853,0.22072072072072144,0.662774725274725
XRP,2023-03-27,EXPANSION,0.0458680818802122,0.9435483870967745,0.690934065934066
XRP,2023-03-28,EXPANSION,0.0473409801876955,0.9129129129129125,0.9045329670329669
XRP,2023-03-29,EXPANSION,0.0497929606625258,0.8000000000000006,0.8950187466523832
XRP,2023-03-30,EXPANSION,0.0462778265379397,0.7650273224043707,0.8212031973075306
XRP,2023-03-31,EXPANSION,0.0461352657004829,0.25806451612903025,0.7766091712242326
XRP,2023-04-03,EXPANSION,0.0438709677419355,0.5479452054794518,0.7074235807860264
XRP,2023-04-04,EXPANSION,0.0415090086463682,0.7565789473684221,0.6109170305676858
XRP,2023-04-05,normal,0.0330788804071246,0.5789473684210527,0.6398601398601401
XRP,2023-04-06,normal,0.0272300469483567,0.44943820224719183,0.6434977578475335
XRP,2023-04-07,normal,0.0266555103992349,0.3783783783783795,0.6192681797128302
XRP,2023-04-10,normal,0.0263655710569873,0.5714285714285771,0.6248821866163995
XRP,2023-04-11,normal,0.0250527426160337,0.49382716049382785,0.6215609208309937
XRP,2023-04-12,normal,0.0245307167235495,0.12290502793296577,0.606113033448674
XRP,2023-04-13,normal,0.0227817745803357,0.5853658536585401,0.5313048566413109
XRP,2023-04-14,normal,0.0235532815808046,0.592696629213484,0.5543945912722801
XRP,2023-04-17,normal,0.0228813559322034,0.2896551724137981,0.4586148648648652
XRP,2023-04-18,normal,0.0220920947564545,0.9482758620689619,0.2875000000000004
XRP,2023-04-19,normal,0.0255102040816325,0.3935389133627023,0.6192771084337352
XRP,2023-04-20,normal,0.0234979179060083,0.24489795918367593,0.21612903225806465
XRP,2023-04-21,normal,0.0252179327521793,0.1891891891891904,0.12515337423312872
XRP,2023-04-24,normal,0.0249520153550863,0.3164983164983152,0.22975517890772115
XRP,2023-04-25,normal,0.0241589816859333,0.4692307692307684,0.19585687382297545
XRP,2023-04-26,normal,0.0271819919303461,0.7934782608695635,0.2749529190207152
XRP,2023-04-27,normal,0.0245723172628305,0.32026143790849815,0.2544014084507041
XRP,2023-04-28,normal,0.0241589816859333,0.4086538461538468,0.2975352112676057
XRP,2023-05-01,normal,0.0227342549923195,0.375,0.3309859154929575
XRP,2023-05-02,normal,0.0238044633368757,0.2941176470588226,0.2816901408450702
XRP,2023-05-03,normal,0.0241589816859333,0.0555555555555547,0.2781690140845072
XRP,2023-05-04,normal,0.0227342549923195,0.22535211267606117,0.26672535211267606
XRP,2023-05-05,normal,0.0226146614153219,0.3970588235294072,0.26271186440677946
XRP,2023-05-08,normal,0.0254347261873863,0.39999999999999963,0.15160075329566855
XRP,2023-05-09,normal,0.0254347261873863,0.45161290322580566,0.14352941176470618
XRP,2023-05-10,normal,0.0246142073715086,0.2568807339449559,0.2116461366181413
XRP,2023-05-11,normal,0.0252179327521793,0.35576923076923017,0.2639791937581279
XRP,2023-05-12,normal,0.0266437473141384,0.4078014184397166,0.13914174252275735
XRP,2023-05-15,normal,0.0245723172628305,0.4555555555555543,0.1989596879063723
XRP,2023-05-16,normal,0.0234163914740319,0.21111111111111233,0.22496749024707455
XRP,2023-05-17,normal,0.0224867724867725,0.44444444444444403,0.4226267880364112
XRP,2023-05-18,normal,0.0241589816859333,0.7433333333333336,0.4993498049414829
XRP,2023-05-19,normal,0.0250563063063062,0.5181818181818212,0.6449934980494151
XRP,2023-05-22,normal,0.0253106725146199,0.6853932584269663,0.7251908396946571
XRP,2023-05-23,normal,0.0249027237354085,0.20253164556961856,0.7908396946564887
XRP,2023-05-24,normal,0.0253106725146199,0.2677165354330722,0.8412213740458021
XRP,2023-05-25,normal,0.0244808743169398,0.7739130434782618,0.6564885496183211
XRP,2023-05-26,normal,0.0244808743169398,0.8823529411764689,0.668702290076336
XRP,2023-05-29,normal,0.0250563063063062,0.35555555555555307,0.9425901201602133
XRP,2023-05-30,normal,0.0263655710569873,0.8097826086956492,0.9904761904761902
XRP,2023-05-31,normal,0.0281858354233847,0.38148148148148026,0.9253604749787954
XRP,2023-06-01,normal,0.0261461318051576,0.1694915254237285,0.8882042253521123
XRP,2023-06-02,normal,0.0249408729305525,0.6951219512195135,0.7962466487935653
XRP,2023-06-05,normal,0.0263655710569873,0.4107142857142858,0.9143518518518519
XRP,2023-06-06,normal,0.0274932614555255,0.5423728813559369,0.6529680365296802
XRP,2023-06-07,normal,0.0292912994911256,0.7378640776699043,0.8365384615384615
XRP,2023-06-08,normal,0.0261461318051576,0.4700000000000033,0.7237728585178052
XRP,2023-06-09,normal,0.0253091190108191,0.9239130434782691,0.7747834456207885
XRP,2023-06-12,normal,0.0253091190108191,0.6866666666666695,0.7478344562078924
XRP,2023-06-13,normal,0.0365005793742757,0.911062906724512,0.789220404234841
XRP,2023-06-14,normal,0.0315491731940817,0.444444444444444,0.6202118989405054
XRP,2023-06-15,normal,0.0245723172628305,0.5179487179487173,0.24426807760141106
XRP,2023-06-16,normal,0.0278854334058038,0.2509225092250932,0.18225190839694672
XRP,2023-06-19,normal,0.0234979179060083,0.6176470588235292,0.2818181818181821
XRP,2023-06-20,normal,0.0245307167235495,0.28648648648648556,0.3436363636363637
XRP,2023-06-21,normal,0.0241589816859333,0.39436619718309995,0.3372727272727275
XRP,2023-06-22,normal,0.0274419236516777,0.25277161862527747,0.4009090909090912
XRP,2023-06-23,normal,0.0238044633368757,0.17857142857142805,0.3454545454545458
XRP,2023-06-26,normal,0.0235341854331507,0.34306569343065585,0.31363636363636394
XRP,2023-06-27,normal,0.0238044633368757,0.7943925233644876,0.2109090909090909
XRP,2023-06-28,normal,0.0235341854331507,0.3356643356643367,0.2545454545454548
XRP,2023-06-29,normal,0.0238044633368757,0.7226890756302505,0.13218884120171695
XRP,2023-06-30,normal,0.0228814686710123,0.8055555555555541,0.21802575107296168
XRP,2023-07-03,normal,0.0241589816859333,0.8023255813953512,0.3021459227467812
XRP,2023-07-04,normal,0.0234979179060083,0.42696629213483345,0.5096277278562259
XRP,2023-07-05,normal,0.0241589816859333,0.36529680365296785,0.4865211810012841
XRP,2023-07-06,normal,0.0224009190120619,0.16666666666666838,0.36456996148908893
XRP,2023-07-07,normal,0.0226146614153219,0.6541353383458647,0.16559691912708624
XRP,2023-07-10,normal,0.0226503514709712,0.7948717948717935,0.24005134788190044
XRP,2023-07-11,normal,0.0216427640156453,0.281250000000003,0.36842105263157887
XRP,2023-07-12,normal,0.0216427640156453,0.3199999999999978,0.33376123234916577
XRP,2023-07-13,normal,0.0216427640156453,0.8297872340425497,0.40943396226415096
XRP,2023-07-14,EXPANSION,0.0673776752900483,0.7367906066536202,0.7489257213014121
XRP,2023-07-17,EXPANSION,0.0508775205377147,0.37889688249400505,0.6087579291999182
XRP,2023-07-18,EXPANSION,0.0542208355000866,0.5446428571428572,0.5895232248823411
XRP,2023-07-19,EXPANSION,0.0532309322033898,0.5800000000000014,0.67206063088898
XRP,2023-07-20,EXPANSION,0.0532309322033898,0.1467505241090149,0.75809094633347
XRP,2023-07-21,EXPANSION,0.0473409801876955,0.33980582524271863,0.7007284079084288
XRP,2023-07-24,EXPANSION,0.0455884236137789,0.19774919614148043,0.5845993756503641
XRP,2023-07-25,EXPANSION,0.044707216327853,0.3343195266272188,0.5090530697190426
XRP,2023-07-26,normal,0.0424768997379672,0.21610169491525336,0.5232049947970864
XRP,2023-07-27,normal,0.0400547757617254,0.58156028368795,0.5381893860561914
XRP,2023-07-28,normal,0.0296834056445723,0.44047619047619385,0.5290037831021438
XRP,2023-07-31,normal,0.0253091190108191,0.4160000000000001,0.50676246830093
XRP,2023-08-01,normal,0.0253091190108191,0.5333333333333317,0.49196956889264587
XRP,2023-08-02,normal,0.0246559633027522,0.25,0.5067235859124867
XRP,2023-08-03,normal,0.0238044633368757,0.32664756446991267,0.08812466415905469
XRP,2023-08-04,normal,0.024963503649635,0.17021276595745166,0.04341317365269481
XRP,2023-08-07,normal,0.0226146614153219,0.5665236051502145,0.05489553461696013
XRP,2023-08-08,normal,0.0252179327521793,0.6899224806201553,0.104263565891473
XRP,2023-08-09,normal,0.0245307167235495,0.6888888888888892,0.17882632831086454
XRP,2023-08-10,normal,0.0254347261873863,0.2009132420091303,0.23069306930693062
XRP,2023-08-11,normal,0.0243739565943239,0.3692307692307709,0.19868995633187764
XRP,2023-08-14,normal,0.0226146614153219,0.4403669724770601,0.2077641984184043
XRP,2023-08-15,normal,0.0219326818675352,0.03539823008849175,0.27030913012221397
XRP,2023-08-16,normal,0.0226146614153219,0.23873873873873747,0.19512195121951273
XRP,2023-08-17,normal,0.0226146614153219,0.35256410256410053,0.1031746031746033
XRP,2023-08-18,normal,0.0280225988700565,0.6408977556109736,0.26756066411238816
XRP,2023-08-21,normal,0.0248697916666666,0.3346456692913414,0.4054621848739495
XRP,2023-08-22,normal,0.0248697916666666,0.22935779816513463,0.35691768826619963
XRP,2023-08-23,normal,0.0254347261873863,0.5633802816901418,0.3714609286523218
XRP,2023-08-24,normal,0.0248697916666666,0.1956521739130343,0.4385964912280704
XRP,2023-08-25,normal,0.0248697916666666,0.48120300751879486,0.39449917898193787
XRP,2023-08-28,normal,0.0270906949352178,0.45714285714285396,0.41461412151067306
XRP,2023-08-29,normal,0.0254347261873863,0.24369747899159735,0.41297208538587854
XRP,2023-08-30,normal,0.0258441803433315,0.1266666666666674,0.5281658404686795
XRP,2023-08-31,normal,0.0245723172628305,0.4925373134328366,0.4837677183356196
XRP,2023-09-01,normal,0.0254347261873863,0.46666666666666523,0.409448818897638
XRP,2023-09-04,normal,0.0248271527341295,0.055555555555558,0.38689915174363826
XRP,2023-09-05,normal,0.0227342549923195,0.3108108108108082,0.44290123456790154
XRP,2023-09-06,normal,0.0243417784401391,0.21212121212120397,0.4819976771196287
XRP,2023-09-07,normal,0.026065624041705,0.2,0.2709163346613541
XRP,2023-09-08,normal,0.0264449291166849,0.3111111111111123,0.2590529247910863
XRP,2023-09-11,normal,0.0271270036991368,0.249999999999999,0.1661392405063293
XRP,2023-09-12,normal,0.0264449291166849,0.6319444444444471,0.1699779249448121
XRP,2023-09-13,normal,0.0264449291166849,0.5287356321839064,0.2362030905077261
XRP,2023-09-14,normal,0.0243417784401391,0.5303030303030312,0.2671081677704195
XRP,2023-09-15,normal,0.0230996068152031,0.2636815920398015,0.33333333333333354
XRP,2023-09-18,normal,0.0224867724867725,0.9870967741935498,0.3697571743929359
XRP,2023-09-19,normal,0.0215703192407247,0.6,0.5405405405405406
XRP,2023-09-20,normal,0.0249408729305525,0.4867724867724912,0.7879656160458448
XRP,2023-09-21,normal,0.0244808743169398,0.19911504424778573,0.9367469879518074
XRP,2023-09-22,normal,0.022189349112426,0.58490566037736,0.7243975903614459
XRP,2023-09-25,normal,0.0236514522821576,0.2710843373493944,0.6490963855421686
XRP,2023-09-26,normal,0.022189349112426,0.3368421052631575,0.7018072289156635
XRP,2023-09-27,normal,0.0220920947564545,0.9320388349514529,0.6460843373493979
XRP,2023-09-28,normal,0.0214007782101167,0.8024691358024771,0.6069277108433739
XRP,2023-09-29,normal,0.0263655710569873,0.8529411764705888,0.765060240963856
XRP,2023-10-02,normal,0.0226578411405295,0.370786516853933,0.6813602015113353
XRP,2023-10-03,normal,0.0216427640156453,0.38554216867469765,0.518806744487678
XRP,2023-10-04,normal,0.0248954391555468,0.6169665809768636,0.8503597122302163
XRP,2023-10-05,normal,0.0216570812365205,0.14598540145985367,0.7333333333333327
XRP,2023-10-06,normal,0.0216427640156453,0.2352941176470573,0.576190476190477
XRP,2023-10-09,normal,0.0222810702218975,0.3251533742331286,0.4501718213058412
XRP,2023-10-10,normal,0.0220332431387708,0.15555555555555775,0.24555735056542882
XRP,2023-10-11,normal,0.0222810702218975,0.3101604278074852,0.14539579967689834
XRP,2023-10-12,normal,0.0216311020169541,0.39735099337748375,0.14164305949008513
XRP,2023-10-13,normal,0.0219649747699614,0.1230769230769265,0.13202614379084962
XRP,2023-10-16,normal,0.0204630012401819,0.718749999999997,0.18954248366013085
XRP,2023-10-17,normal,0.0226503514709712,0.4380165289256175,0.32549019607843177
XRP,2023-10-18,normal,0.0216311020169541,0.6666666666666666,0.23921568627451026
XRP,2023-10-19,normal,0.0206185567010309,0.41732283464567177,0.19477124183006564
XRP,2023-10-20,normal,0.0240218232156671,0.45487364620938736,0.6240000000000003
XRP,2023-10-23,normal,0.0227243045579208,0.7675675675675687,0.6626666666666656
XRP,2023-10-24,normal,0.0305945737925726,0.7638888888888898,0.9244114002478315
XRP,2023-10-25,normal,0.0263655710569873,0.49999999999999756,0.7554969217238343
XRP,2023-10-26,normal,0.0250527426160337,0.35265700483092105,0.7238346525945473
XRP,2023-10-27,normal,0.0250527426160337,0.28985507246376996,0.7071240105540898
XRP,2023-10-30,normal,0.0259268861809696,0.7457627118644041,0.7317502198768693
XRP,2023-10-31,normal,0.033931806951079,0.7064846416382253,0.9243623570800348
XRP,2023-11-01,normal,0.0276953511374877,0.7869415807560136,0.8537735849056608
XRP,2023-11-02,normal,0.0292912994911256,0.6666666666666666,0.9113573407202221
XRP,2023-11-03,normal,0.0300558775552701,0.658682634730542,0.8606831882116548
XRP,2023-11-06,normal,0.0361688762521901,0.9059701492537316,0.9876410531972054
XRP,2023-11-07,normal,0.0364878373875375,0.5167597765363133,0.9311154598825829
XRP,2023-11-08,normal,0.0292912994911256,0.6716981132075495,0.814481409001957
XRP,2023-11-09,normal,0.0299003322259136,0.5056947608200462,0.7968749999999997
XRP,2023-11-10,normal,0.0390117035110533,0.4674329501915702,0.7024830699774264
XRP,2023-11-13,normal,0.0304256986158265,0.35648148148147896,0.6443221610805402
XRP,2023-11-14,normal,0.0286057211442286,0.19543973941368056,0.6331034482758622
XRP,2023-11-15,normal,0.0355094466936572,0.8012820512820454,0.4464367816091957
XRP,2023-11-16,normal,0.0358695652173912,0.1616766467065885,0.5314942528735633
XRP,2023-11-17,normal,0.0314101136110492,0.3484848484848506,0.3408114558472554
XRP,2023-11-20,normal,0.030996758508914,0.47727272727272996,0.3368926855312335
XRP,2023-11-21,normal,0.0278854334058038,0.6475409836065594,0.18845700824499367
XRP,2023-11-22,normal,0.0287725742271195,0.8755980861244045,0.03549295774647872
XRP,2023-11-23,normal,0.0274419236516777,0.3837209302325612,0.21633802816901404
XRP,2023-11-24,normal,0.0265377494342728,0.20930232558139686,0.27267605633802816
XRP,2023-11-27,normal,0.0272642638648756,0.20588235294117582,0.24338028169014095
XRP,2023-11-28,normal,0.0238044633368757,0.8956521739130449,0.17690140845070415
XRP,2023-11-29,normal,0.0226503514709712,0.25,0.2152112676056339
XRP,2023-11-30,normal,0.0228814686710123,0.5811965811965815,0.20619718309859136
XRP,2023-12-01,normal,0.0208101828467521,0.500000000000005,0.19042253521126729
XRP,2023-12-04,normal,0.0243739565943239,0.6639741518578349,0.5045045045045046
XRP,2023-12-05,normal,0.0244808743169398,0.16450216450216554,0.6459627329192551
XRP,2023-12-06,normal,0.0225878416062465,0.4630225080385856,0.6024844720496891
XRP,2023-12-07,normal,0.0250563063063062,0.4382352941176474,0.9453781512605041
XRP,2023-12-08,normal,0.0246842709529277,0.777777777777776,0.8632478632478634
XRP,2023-12-11,normal,0.0263655710569873,0.3720930232558143,0.6996078431372548
XRP,2023-12-12,normal,0.0210557532621589,0.60377358490566,0.3368678629690051
XRP,2023-12-13,normal,0.0226503514709712,0.45993031358885067,0.3152542372881357
XRP,2023-12-14,normal,0.0235341854331507,0.7445255474452581,0.38559322033898297
XRP,2023-12-15,normal,0.0235341854331507,0.04736842105263216,0.4203389830508482
XRP,2023-12-18,normal,0.0240151106314085,0.27222222222222286,0.2398305084745762
XRP,2023-12-19,normal,0.0210557532621589,0.06666666666666948,0.2839607201309335
XRP,2023-12-20,normal,0.0230204081632653,0.8592592592592591,0.22013093289689067
XRP,2023-12-21,normal,0.0220949263502455,0.7596153846153889,0.3216039279869068
XRP,2023-12-22,normal,0.0223251198941623,0.058823529411765135,0.3788870703764322
XRP,2023-12-25,normal,0.0223251198941623,0.8226600985221655,0.28068739770867435
XRP,2023-12-26,normal,0.0226503514709712,0.489164086687306,0.5597381342062195
XRP,2023-12-27,normal,0.0219649747699614,0.7978723404255357,0.36088379705401014
XRP,2023-12-28,normal,0.0234979179060083,0.08208955223880542,0.4599018003273326
XRP,2023-12-29,normal,0.0226724553786782,0.6582278481012667,0.4648117839607208
XRP,2024-01-01,normal,0.0224009190120619,0.8692307692307752,0.4689826302729535
XRP,2024-01-02,normal,0.0228814686710123,0.2132352941176489,0.6401985111662528
XRP,2024-01-03,normal,0.033498397902709,0.4469153515064565,0.5806451612903233
XRP,2024-01-04,normal,0.0238044633368757,0.6405228758169891,0.5195707070707074
XRP,2024-01-05,normal,0.0241589816859333,0.5014084507042237,0.547979797979798
XRP,2024-01-08,normal,0.0249057840406357,0.5857519788918215,0.3251262626262626
XRP,2024-01-09,normal,0.0241324921135646,0.18909090909090867,0.48989898989898994
XRP,2024-01-10,normal,0.0241324921135646,0.19491525423728587,0.42234848484848464
XRP,2024-01-11,normal,0.0289586665544237,0.9792899408284046,0.6363636363636365
XRP,2024-01-12,normal,0.0274419236516777,0.6064516129032251,0.6433080808080808
XRP,2024-01-15,normal,0.0274419236516777,0.2709677419354886,0.48169191919191945
XRP,2024-01-16,normal,0.0259268861809696,0.688311688311681,0.4779040404040404
XRP,2024-01-17,normal,0.0259268861809696,0.3243243243243186,0.4779040404040404
XRP,2024-01-18,normal,0.0234979179060083,0.11504424778760801,0.48754448398576533
XRP,2024-01-19,normal,0.0226503514709712,0.67032967032967,0.3701067615658367
XRP,2024-01-22,normal,0.0248697916666666,0.19665271966526954,0.33024911032028476
XRP,2024-01-23,normal,0.0266097240473061,0.1498371335504899,0.19727403156384488
XRP,2024-01-24,normal,0.0252179327521793,0.5952380952380983,0.17292644757433492
XRP,2024-01-25,normal,0.0227342549923195,0.11904761904761527,0.17136150234741804
XRP,2024-01-26,normal,0.0227342549923195,0.7945205479452061,0.13771517996870153
XRP,2024-01-29,normal,0.0227342549923195,0.45238095238095744,0.21830985915492981
XRP,2024-01-30,normal,0.0226724553786782,0.09345794392523335,0.3051643192488265
XRP,2024-01-31,normal,0.0227342549923195,0.44615384615384784,0.11345852895148721
XRP,2024-02-01,normal,0.0252179327521793,0.3239436619718307,0.1522842639593905
XRP,2024-02-02,normal,0.0234260614934112,0.18367346938775694,0.18999073215940712
XRP,2024-02-05,normal,0.0230204081632653,0.897196261682234,0.18961864406779633
XRP,2024-02-06,normal,0.0220949263502455,0.27619047619047576,0.23736263736263738
XRP,2024-02-07,normal,0.0206185567010309,0.4352941176470562,0.23536439665471934
XRP,2024-02-08,normal,0.0226503514709712,0.26506024096385383,0.40772532188841226
XRP,2024-02-09,normal,0.0216427640156453,0.7969924812030128,0.42060085836909916
XRP,2024-02-12,normal,0.0241324921135646,0.3263888888888922,0.745886654478976
XRP,2024-02-13,normal,0.0246842709529277,0.22666666666666943,0.8446069469835455
XRP,2024-02-14,normal,0.0224009190120619,0.7380952380952328,0.7202925045703844
XRP,2024-02-15,normal,0.0244808743169398,0.5909090909090909,0.9292035398230087
XRP,2024-02-16,normal,0.0263655710569873,0.7183098591549344,0.8395196506550224
XRP,2024-02-19,normal,0.0249027237354085,0.3333333333333333,0.765458422174841
XRP,2024-02-20,normal,0.0261461318051576,0.7819148936170163,0.8240938166311303
XRP,2024-02-21,normal,0.0270960533141785,0.2894736842105268,0.8103254769921445
XRP,2024-02-22,normal,0.0241324921135646,0.4705882352941209,0.6350364963503657
XRP,2024-02-23,normal,0.0228814686710123,0.3333333333333333,0.5364963503649642
XRP,2024-02-26,normal,0.0226503514709712,0.22435897435897176,0.5481481481481484
XRP,2024-02-27,normal,0.0246842709529277,0.534883720930232,0.6428571428571429
XRP,2024-02-28,normal,0.0261461318051576,0.517857142857141,0.8685714285714279
XRP,2024-02-29,normal,0.0358695652173912,0.6893203883495166,0.6637649619151247
XRP,2024-03-01,normal,0.0276953511374877,0.5514705882352964,0.6491071428571428
XRP,2024-03-04,normal,0.0364878373875375,0.7509803921568621,0.831006612784717
XRP,2024-03-05,normal,0.0365222131370944,0.6170212765957438,0.8743994509265616
XRP,2024-03-06,normal,0.0400547757617254,0.5246913580246909,0.46094839609483923
XRP,2024-03-07,normal,0.0345707360632733,0.5809128630705378,0.6066945606694559
XRP,2024-03-08,normal,0.0304256986158265,0.6392405063291123,0.7105997210599722
XRP,2024-03-11,normal,0.0377198917456021,0.8450106157112534,0.5781032078103208
XRP,2024-03-12,EXPANSION,0.0502769492969748,0.36166924265842326,0.9040657834627683
XRP,2024-03-13,normal,0.0430489122049067,0.32692307692307765,0.7441754225673821
XRP,2024-03-14,normal,0.0415090086463682,0.36931818181818205,0.7492005481955233
XRP,2024-03-15,normal,0.044707216327853,0.3266583229036298,0.6514869888475837
XRP,2024-03-18,normal,0.035216872264226,0.3625954198473307,0.4163551401869158
XRP,2024-03-19,normal,0.0430489122049067,0.1981519507186858,0.5387850467289719
XRP,2024-03-20,normal,0.0321079996351364,0.8501529051987795,0.22346640701071102
XRP,2024-03-21,normal,0.0345707360632733,0.7582417582417573,0.351022395326193
XRP,2024-03-22,normal,0.0364043115720967,0.06369426751592366,0.49561830574488797
XRP,2024-03-25,normal,0.0345707360632733,0.05504587155963705,0.4571567672833494
XRP,2024-03-26,normal,0.0313814866760168,0.4189189189189168,0.41216600341102855
XRP,2024-03-27,normal,0.0304256986158265,0.45258620689654977,0.3615690733371234
XRP,2024-03-28,normal,0.0288576198425948,0.8450704225352081,0.2484366117111994
XRP,2024-03-29,normal,0.0272642638648756,0.8884120171673799,0.3200682205798745
XRP,2024-04-01,normal,0.0274419236516777,0.2638036809815961,0.3700787401574801
XRP,2024-04-02,normal,0.0272642638648756,0.21932114882506432,0.3073065902578793
XRP,2024-04-03,normal,0.0238044633368757,0.6100386100386089,0.12392550143266468
XRP,2024-04-04,normal,0.0230204081632653,0.7514792899408234,0.07208029197080314
XRP,2024-04-05,normal,0.0248697916666666,0.022624434389142793,0.29350893697083746
XRP,2024-04-08,normal,0.0234979179060083,0.8151260504201701,0.31908548707753487
XRP,2024-04-09,normal,0.0253106725146199,0.9274193548387089,0.5208747514910536
XRP,2024-04-10,normal,0.0274419236516777,0.4892703862660932,0.5149105367793235
XRP,2024-04-11,normal,0.0245307167235495,0.11510791366906079,0.5457256461232598
XRP,2024-04-12,normal,0.0245307167235495,0.18085106382977983,0.4602385685884692
XRP,2024-04-15,normal,0.033877943296492,0.7603833865814681,0.3608027327070878
XRP,2024-04-16,normal,0.035028040820079,0.5917602996254695,0.3480370533745037
XRP,2024-04-17,normal,0.0313256902954948,0.01435406698564437,0.3427437141596824
XRP,2024-04-18,normal,0.0330788804071246,0.7101449275362324,0.3365681517423908
XRP,2024-04-19,normal,0.0353269290362564,0.9385026737967923,0.37316094516272824
XRP,2024-04-22,normal,0.0313256902954948,0.6089385474860337,0.47168970129291105
XRP,2024-04-23,normal,0.0330788804071246,0.11557788944723445,0.6116807846633975
XRP,2024-04-24,normal,0.0304256986158265,0.3303571428571465,0.560410164957646
XRP,2024-04-25,normal,0.0316274634456453,0.19999999999999865,0.48461881408827445
XRP,2024-04-26,normal,0.0313256902954948,0.30000000000000177,0.47525635309852865
XRP,2024-04-29,normal,0.0270906949352178,0.35820895522388146,0.40793580026749876
XRP,2024-04-30,normal,0.0243417784401391,0.07755102040816145,0.4753208292201383
XRP,2024-05-01,normal,0.0271833429728166,0.6060606060606037,0.4037512339585393
XRP,2024-05-02,normal,0.0258202290817317,0.8120300751879653,0.5007610350076102
XRP,2024-05-03,normal,0.0244808743169398,0.155737704918034,0.6496398166339228
XRP,2024-05-06,normal,0.0252895752895752,0.34536082474227053,0.6009523809523805
XRP,2024-05-07,normal,0.0258728962572217,0.21854304635761385,0.7019047619047619
XRP,2024-05-08,normal,0.0241589816859333,0.15172413793104003,0.5523809523809519
XRP,2024-05-09,normal,0.0234509056244041,0.3103448275862095,0.4819047619047618
XRP,2024-05-10,normal,0.0234979179060083,0.38709677419354993,0.4576634512325833
XRP,2024-05-13,normal,0.0248697916666666,0.8196721311475429,0.22909880564603696
XRP,2024-05-14,normal,0.0216311020169541,0.7661290322580648,0.29424538545059664
XRP,2024-05-15,normal,0.0220949263502455,0.5942028985507254,0.23887079261672053
XRP,2024-05-16,normal,0.0234979179060083,0.4666666666666706,0.44082519001085796
XRP,2024-05-17,normal,0.0222810702218975,0.7319587628865942,0.4071661237785019
XRP,2024-05-20,normal,0.0215703192407247,0.5084745762711855,0.34093376764386574
XRP,2024-05-21,normal,0.0224009190120619,0.7278911564625836,0.6460369163952219
XRP,2024-05-22,normal,0.0234509056244041,0.42424242424243275,0.6021505376344088
XRP,2024-05-23,normal,0.0228814686710123,0.7857142857142848,0.480286738351255
XRP,2024-05-24,normal,0.0228814686710123,0.6065573770491808,0.505376344086022
XRP,2024-05-27,normal,0.0221554637626737,0.4356435643564427,0.5914893617021273
XRP,2024-05-28,normal,0.0221554637626737,0.6064516129032251,0.6723404255319151
XRP,2024-05-29,normal,0.0220920947564545,0.6386554621848771,0.597163120567375
XRP,2024-05-30,normal,0.0216427640156453,0.4935897435897407,0.5276595744680855
XRP,2024-05-31,normal,0.0210557532621589,0.7333333333333314,0.45390070921985737
XRP,2024-06-03,normal,0.0219649747699614,0.6228070175438611,0.27814569536423783
XRP,2024-06-04,normal,0.0199395770392749,0.6000000000000119,0.3841059602649011
XRP,2024-06-05,normal,0.0199395770392749,0.5581395348837278,0.42279411764705715
XRP,2024-06-06,normal,0.0196467991169978,0.7796610169491586,0.4246323529411766
XRP,2024-06-07,normal,0.0205191978859008,0.9146341463414591,0.3455882352941163
XRP,2024-06-10,normal,0.0202296336796063,0.4625000000000004,0.44967074317968
XRP,2024-06-11,normal,0.0206185567010309,0.2670454545454566,0.47040816326530654
XRP,2024-06-12,normal,0.0246142073715086,0.678899082568806,0.30000000000000043
XRP,2024-06-13,normal,0.0216014897579144,0.19148936170212502,0.44444444444444453
XRP,2024-06-14,QUIET,0.0200649159043964,0.5522388059701477,0.28431372549019623
XRP,2024-06-17,normal,0.0240151106314085,0.73658536585366,0.45218417945690675
XRP,2024-06-18,normal,0.0271819919303461,0.6481927710843385,0.6525423728813566
XRP,2024-06-19,normal,0.0232902033271718,0.518518518518519,0.49144254278728633
XRP,2024-06-20,normal,0.0234979179060083,0.880733944954131,0.5195599022004895
XRP,2024-06-21,normal,0.0240151106314085,0.8347826086956512,0.4645476772616142
XRP,2024-06-24,normal,0.022189349112426,0.6777777777777786,0.35330073349633306
XRP,2024-06-25,normal,0.0206185567010309,0.6133333333333318,0.2836185819070905
XRP,2024-06-26,QUIET,0.0184215629241806,0.5599999999999971,0.3221216041397157
XRP,2024-06-27,normal,0.0219649747699614,0.7580645161290314,0.24611398963730577
XRP,2024-06-28,normal,0.0203417412530512,0.8714285714285778,0.24836601307189538
XRP,2024-07-01,normal,0.0203417412530512,0.46666666666666773,0.2614379084967324
XRP,2024-07-02,normal,0.0203417412530512,0.8148148148148148,0.27614379084967283
XRP,2024-07-03,normal,0.0229136010090393,0.5,0.4117647058823531
XRP,2024-07-04,normal,0.0227342549923195,0.3198380566801627,0.1160130718954248
XRP,2024-07-05,normal,0.0283136278780335,0.5346687211093991,0.017777777777777677
XRP,2024-07-08,normal,0.0296540362438221,0.9556135770234992,0.29222309505106037
XRP,2024-07-09,normal,0.0252240983948301,0.5624999999999973,0.41083333333333344
XRP,2024-07-10,normal,0.0234260614934112,0.7889908256880767,0.4441666666666668
XRP,2024-07-11,normal,0.0245723172628305,0.8095238095238104,0.4973591549295778
XRP,2024-07-12,normal,0.0276165347405451,0.8029850746268656,0.621973929236499
XRP,2024-07-15,normal,0.0363557671499676,0.8142857142857137,0.7519042437431988
XRP,2024-07-16,normal,0.0365029292474087,0.3929471032745583,0.8427638737758432
XRP,2024-07-17,EXPANSION,0.0449318568994889,0.8027888446215137,0.9283694627709709
XRP,2024-07-18,EXPANSION,0.0473409801876955,0.17066290550070504,0.9538160469667318
XRP,2024-07-19,normal,0.0400547757617254,0.40425531914893637,0.7334637964774949
XRP,2024-07-22,EXPANSION,0.044707216327853,0.870748299319727,0.8457925636007828
XRP,2024-07-23,EXPANSION,0.0406401726308219,0.15918367346938858,0.8833659491193736
XRP,2024-07-24,EXPANSION,0.0406401726308219,0.8956310679611631,0.8422700587084149
XRP,2024-07-25,EXPANSION,0.0412079270210756,0.594982078853048,0.9221135029354206
XRP,2024-07-26,normal,0.0390117035110533,0.5681818181818203,0.8371696504688831
XRP,2024-07-29,normal,0.0281858354233847,0.6978417266186989,0.8263757115749523
XRP,2024-07-30,normal,0.0364070223282766,0.8004694835680735,0.826402321083172
XRP,2024-07-31,normal,0.0364070223282766,0.7323529411764701,0.949404761904762
XRP,2024-08-01,normal,0.0361688762521901,0.35233160621761545,0.8337225595516116
XRP,2024-08-02,normal,0.0289586665544237,0.3934426229508209,0.6636019469983778
XRP,2024-08-05,normal,0.0392677886034838,0.17053481331987913,0.06344827586206962
XRP,2024-08-06,normal,0.0355064027939464,0.5080385852090006,0.25143361270401415
XRP,2024-08-07,normal,0.0326170376055256,0.71794871794872,0.3277459197176885
XRP,2024-08-08,normal,0.0430489122049067,0.6427320490367764,0.7423908248786942
XRP,2024-08-09,normal,0.0422176198821092,0.09468822170900675,0.814733127481253
XRP,2024-08-12,normal,0.0373325733827301,0.9008746355685111,0.5333039258932509
XRP,2024-08-13,normal,0.0370081199250467,0.7650602409638554,0.6021173356859287
XRP,2024-08-14,normal,0.0365029292474087,0.692307692307696,0.6400529333921481
XRP,2024-08-15,normal,0.0345707360632733,0.6101694915254207,0.6034406704896339
XRP,2024-08-16,normal,0.0345707360632733,0.6494252873563238,0.5681517423908249
XRP,2024-08-19,normal,0.0345707360632733,0.8419243986254318,0.5787384208204679
XRP,2024-08-20,normal,0.0358695652173912,0.680412371134021,0.7348919276576976
XRP,2024-08-21,normal,0.0318890814558058,0.4141414141414172,0.7650118203309694
XRP,2024-08-22,normal,0.0263655710569873,0.8253968253968262,0.7943262411347518
XRP,2024-08-23,normal,0.0249027237354085,0.1603773584905597,0.7834515366430262
XRP,2024-08-26,normal,0.0249027237354085,0.3257575757575738,0.7212588310854207
XRP,2024-08-27,normal,0.0244808743169398,0.3025210084033648,0.6296296296296299
XRP,2024-08-28,normal,0.0226724553786782,0.9029126213592233,0.2201646090534978
XRP,2024-08-29,normal,0.0226724553786782,0.7807017543859689,0.28088578088578103
XRP,2024-08-30,normal,0.0206185567010309,0.7386363636363554,0.19463869463869393
XRP,2024-09-02,normal,0.0223437128595198,0.7891156462585046,0.04337899543379024
XRP,2024-09-03,normal,0.0219649747699614,0.69333333333334,0.27739726027397243
XRP,2024-09-04,normal,0.0224867724867725,0.5327380952380949,0.15753424657534285
XRP,2024-09-05,normal,0.0226724553786782,0.1338582677165377,0.2571138211382112
XRP,2024-09-06,normal,0.0230996068152031,0.41333333333333183,0.11991869918699215
XRP,2024-09-09,normal,0.0226146614153219,0.65909090909091,0.20950155763239822
XRP,2024-09-10,normal,0.0206185567010309,0.6125000000000014,0.287383177570093
XRP,2024-09-11,normal,0.0206185567010309,0.2966101694915296,0.2975077881619931
XRP,2024-09-12,normal,0.0420910851081741,0.4482758620689651,0.2507788161993771
XRP,2024-09-13,normal,0.0234260614934112,0.39999999999999875,0.46728971962616794
XRP,2024-09-16,normal,0.0249027237354085,0.5759162303664925,0.6960081883316276
XRP,2024-09-17,normal,0.0259268861809696,0.47863247863248104,0.8695652173913048
XRP,2024-09-18,normal,0.025314150427973,0.18857142857142728,0.8416149068322982
XRP,2024-09-19,normal,0.025314150427973,0.6216216216216233,0.8550724637681169
XRP,2024-09-20,normal,0.0249027237354085,0.4937500000000007,0.8716356107660458
XRP,2024-09-23,normal,0.0244808743169398,0.4890109890109902,0.7667876588021773
XRP,2024-09-24,normal,0.0236514522821576,0.6947368421052602,0.7450090744101632
XRP,2024-09-25,normal,0.0244808743169398,0.509433962264155,0.8030852994555349
XRP,2024-09-26,normal,0.0224382946896036,0.9132947976878644,0.7304900181488198
XRP,2024-09-27,normal,0.0236514522821576,0.43925233644859407,0.7604726100966703
XRP,2024-09-30,normal,0.0249027237354085,0.15878378378378466,0.832863187588152
XRP,2024-10-01,normal,0.0215703192407247,0.7834645669291357,0.6227080394922427
XRP,2024-10-02,normal,0.0232902033271718,0.24100719424460532,0.48136882129277564
XRP,2024-10-03,normal,0.0259067357512953,0.2542372881355921,0.08393632416787299
XRP,2024-10-04,normal,0.0258078507915853,0.7549999999999994,0.09424414927261242
XRP,2024-10-07,normal,0.0208101828467521,0.5069444444444436,0.1695129664769129
XRP,2024-10-08,normal,0.0216311020169541,0.45138888888888645,0.13788741302972757
XRP,2024-10-09,normal,0.0204630012401819,0.6491228070175391,0.15306767868437696
XRP,2024-10-10,normal,0.0234163914740319,0.9861111111111126,0.11195445920303565
XRP,2024-10-11,normal,0.0204241948153967,0.5971223021582706,0.14990512333965808
XRP,2024-10-14,normal,0.0192066805845511,0.7681159420289795,0.16002530044275767
XRP,2024-10-15,normal,0.0226503514709712,0.08920187793427296,0.26249209361163806
XRP,2024-10-16,normal,0.0204241948153967,0.7951807228915748,0.22074636306135312
XRP,2024-10-17,normal,0.0230996068152031,0.3285714285714291,0.2618595825426944
XRP,2024-10-18,normal,0.0220949263502455,0.48888888888889015,0.2359266287160025
XRP,2024-10-21,normal,0.0219649747699614,0.5748502994011963,0.3249607535321822
XRP,2024-10-22,normal,0.0216427640156453,0.18421052631578763,0.380619380619381
XRP,2024-10-23,normal,0.0206185567010309,0.29285714285714437,0.4531772575250841
XRP,2024-10-24,normal,0.0219649747699614,0.4509803921568681,0.27915194346289823
XRP,2024-10-25,normal,0.01985559566787,0.4736842105263145,0.36976320582877964
XRP,2024-10-28,normal,0.0203417412530512,0.8282828282828363,0.38213399503722145
XRP,2024-10-29,normal,0.0203417412530512,0.7373737373737443,0.4156327543424314
XRP,2024-10-30,normal,0.0216014897579144,0.035714285714294684,0.5260545905707195
XRP,2024-10-31,normal,0.020123839009288,0.3578947368420985,0.45781637717121637
XRP,2024-11-01,normal,0.0216311020169541,0.7488584474885871,0.2915632754342427
XRP,2024-11-04,normal,0.0216311020169541,0.7323943661971832,0.21091811414392078
XRP,2024-11-05,normal,0.0200649159043964,0.33908045977011647,0.21712158808932952
XRP,2024-11-06,normal,0.0220949263502455,0.6600660066006608,0.3473945409429283
XRP,2024-11-07,normal,0.0292226767971946,0.29656862745097995,0.7459893048128339
XRP,2024-11-08,normal,0.0259268861809696,0.4642857142857103,0.7524324324324322
XRP,2024-11-11,normal,0.0263655710569873,0.4475524475524455,0.7716654107008291
XRP,2024-11-12,normal,0.0370258425268247,0.44857982370225236,0.9163265306122451
XRP,2024-11-13,EXPANSION,0.0497929606625258,0.3306852035749751,0.8589440504334119
XRP,2024-11-14,EXPANSION,0.0438709677419355,0.7664399092970523,0.7778625954198473
XRP,2024-11-15,EXPANSION,0.0502769492969748,0.9362244897959179,0.792744656917885
XRP,2024-11-18,EXPANSION,0.0496683384565603,0.5733333333333327,0.723043310628454
XRP,2024-11-19,normal,0.0473883555007487,0.41114457831325446,0.7993831127104484
XRP,2024-11-20,normal,0.044707216327853,0.6750524109014682,0.7821616758771366
XRP,2024-11-21,normal,0.044707216327853,0.6886674968866762,0.7870453669194192
XRP,2024-11-22,EXPANSION,0.0674572317262831,0.9265873015873016,0.9706978537463052
XRP,2024-11-25,EXPANSION,0.0666321422406353,0.6093326098752041,0.825458735927666
XRP,2024-11-26,EXPANSION,0.0560342155829666,0.24957264957264866,0.8066308243727598
XRP,2024-11-27,normal,0.0473883555007487,0.641294838145232,0.7879703378192806
XRP,2024-11-28,normal,0.0462778265379397,0.5053571428571423,0.8526683200146966
XRP,2024-11-29,normal,0.0486318473117153,0.8525714285714283,0.9190905743740797
XRP,2024-12-02,EXPANSION,0.0620903759917213,0.5799773114010216,0.9678872918092629
XRP,2024-12-03,EXPANSION,0.0800855975617663,0.5270676691729321,0.9337902611656139
XRP,2024-12-04,normal,0.0564276622825624,0.3949999999999993,0.8208352043107321
XRP,2024-12-05,EXPANSION,0.0660655134339343,0.6392622694592055,0.7420048625397421
XRP,2024-12-06,EXPANSION,0.0617133867276886,0.2535832414553487,0.6728364674608646
XRP,2024-12-09,EXPANSION,0.0598461163218695,0.1850125493008249,0.8338908070781185
XRP,2024-12-10,normal,0.0539859601884795,0.37840100460443793,0.6240828657747088
XRP,2024-12-11,normal,0.0547448334036271,0.8192026951151036,0.7061360410525166
XRP,2024-12-12,normal,0.0502656275154119,0.6868460388639755,0.6901094934424257
XRP,2024-12-13,normal,0.0462778265379397,0.7862728062554304,0.650180793037936
XRP,2024-12-16,normal,0.0455884236137789,0.1660701503221197,0.7156651700596592
XRP,2024-12-17,normal,0.0598372845770273,0.9506944444444452,0.7269398766700927
XRP,2024-12-18,normal,0.0466601498859564,0.5864297253634909,0.7689864864864865
XRP,2024-12-19,normal,0.049307218611016,0.8008523827973651,0.5678620391081607
XRP,2024-12-20,normal,0.0547448334036271,0.4940491263611036,0.41503011259492006
XRP,2024-12-23,normal,0.0466146056809404,0.8158396946564898,0.3003369005152598
XRP,2024-12-24,normal,0.0455884236137789,0.5009487666034176,0.43678299722255753
XRP,2024-12-25,normal,0.0325291515882588,0.2893258426966297,0.5117739403453688
XRP,2024-12-26,normal,0.0304256986158265,0.10142238713667283,0.4797729742784687
XRP,2024-12-27,normal,0.0297673513092572,0.6893732970027258,0.3090206496799903
XRP,2024-12-30,normal,0.0318857034724191,0.28260869565217456,0.2345127400072454
XRP,2024-12-31,normal,0.0297673513092572,0.7734806629834234,0.1283854166666667
XRP,2025-01-01,normal,0.0294631165429943,0.9419999999999975,0.16080729166666688
XRP,2025-01-02,normal,0.0313814866760168,0.6736613603473214,0.48528645833333367
XRP,2025-01-03,normal,0.0276953511374877,0.09652509652510005,0.5759114583333335
XRP,2025-01-06,normal,0.0257065032345929,0.269956458635701,0.5720052083333333
XRP,2025-01-07,normal,0.0265377494342728,0.27333333333333515,0.7276898734177216
XRP,2025-01-08,normal,0.0281381634372368,0.4618608549874299,0.5667699034432501
XRP,2025-01-09,normal,0.0379261482037176,0.12085944494180911,0.7524139187465843
XRP,2025-01-10,normal,0.0292226767971946,0.749636098981078,0.5389408099688479
XRP,2025-01-13,normal,0.0365222131370944,0.1934924078091104,0.8372245971719826
XRP,2025-01-14,normal,0.0365222131370944,0.44789356984479006,0.8678066425517922
XRP,2025-01-15,normal,0.0461118915792082,0.47742200328407197,0.9535906897530512
XRP,2025-01-16,normal,0.0473883555007487,0.9783529411764709,0.9525983729038684
XRP,2025-01-17,normal,0.044707216327853,0.3905013192612148,0.8897194930941192
XRP,2025-01-20,normal,0.0530573073759255,0.8029697315819525,0.6819230214790255
XRP,2025-01-21,normal,0.0466601498859564,0.6522702104097444,0.7765562210933356
XRP,2025-01-22,normal,0.0455884236137789,0.7158243579121796,0.8114842903575298
XRP,2025-01-23,normal,0.0401267159450898,0.028657616892911193,0.8169014084507042
XRP,2025-01-24,normal,0.0404940271309981,0.9291019581363946,0.7661471789315778
XRP,2025-01-27,normal,0.0429570429570429,0.5218617771509164,0.6852237686473873
XRP,2025-01-28,normal,0.035672385980349,0.8590146750524112,0.7126427202266857
XRP,2025-01-29,normal,0.0305986696230598,0.28462377317339194,0.7057258133745385
XRP,2025-01-30,normal,0.0265377494342728,0.5101123595505607,0.7124403987863024
XRP,2025-01-31,normal,0.0265377494342728,0.38340336134453634,0.7466282206306393
XRP,2025-02-03,normal,0.0530573073759255,0.7207704576125631,0.12738107906778753
XRP,2025-02-04,normal,0.047326141840716,0.5355104629042482,0.570323531217386
XRP,2025-02-05,normal,0.0327589077589077,0.6040404040404018,0.4643010620664253
XRP,2025-02-06,normal,0.0396959459459458,0.33518005540166046,0.381569069069069
XRP,2025-02-07,normal,0.0460144414554721,0.8861740166865323,0.3465340340340342
XRP,2025-02-10,normal,0.0433306709265175,0.693610469591996,0.41055273063461656
XRP,2025-02-11,normal,0.038584914306663,0.6356846473029055,0.4309581985075614
XRP,2025-02-12,normal,0.035028040820079,0.6149162861491618,0.4449372790907201
XRP,2025-02-13,normal,0.0345707360632733,0.23988005997001527,0.4867281169866241
XRP,2025-02-14,normal,0.0339240864551274,0.677020825979527,0.546676831381246
XRP,2025-02-17,normal,0.0323710395391463,0.4283501161889993,0.6633862360523944
XRP,2025-02-18,normal,0.0305986696230598,0.5268482490272387,0.6425215065423263
XRP,2025-02-19,normal,0.0323710395391463,0.6028309741881737,0.5723270440251574
XRP,2025-02-20,normal,0.0327589077589077,0.21166032953104844,0.7096608427543679
XRP,2025-02-21,normal,0.0321814824584542,0.43189368770763764,0.7042102028272894
XRP,2025-02-24,normal,0.0294631165429943,0.26477272727272816,0.5451675144711453
XRP,2025-02-25,normal,0.0354406130268199,0.7673992673992679,0.07425249169435248
XRP,2025-02-26,normal,0.0347896440129449,0.08892481810832763,0.33488793885218315
XRP,2025-02-27,normal,0.0328579418344518,0.7215967246673515,0.1742453685710585
XRP,2025-02-28,normal,0.0355064027939464,0.3223300970873778,0.17463401995077116
XRP,2025-03-03,normal,0.0484025559105431,0.31673081276884746,0.9433206106870228
XRP,2025-03-04,normal,0.0424768997379672,0.6569933396764993,0.41631679389312987
XRP,2025-03-05,normal,0.0403806584362139,0.5899172310007532,0.48024809160305326
XRP,2025-03-06,normal,0.038467627038151,0.6180159635119722,0.5236641221374045
XRP,2025-03-07,normal,0.0377198917456021,0.5520161290322586,0.6193702290076334
XRP,2025-03-10,normal,0.0417077986179665,0.7271682940838601,0.17910305343511448
XRP,2025-03-11,normal,0.0454036322905833,0.9674981103552535,0.06736641221374023
XRP,2025-03-12,normal,0.0417077986179665,0.6889534883720942,0.24667879890809832
XRP,2025-03-13,normal,0.0390117035110533,0.9361702127659587,0.3090081892629662
XRP,2025-03-14,normal,0.0403806584362139,0.8425275827482464,0.3209281164695177
XRP,2025-03-17,QUIET,0.0346200980392156,0.6410550458715566,0.35832575068243866
XRP,2025-03-18,QUIET,0.0338345864661654,0.174766355140186,0.3987261146496816
XRP,2025-03-19,QUIET,0.0306859205776174,0.862637362637361,0.3504094631483166
XRP,2025-03-20,normal,0.0373325733827301,0.4389705882352927,0.5886260236578708
XRP,2025-03-21,normal,0.0376072690560322,0.17782426778242635,0.4878070973612376
XRP,2025-03-24,QUIET,0.0304256986158265,0.7685305591677519,0.7228253585310277
XRP,2025-03-25,QUIET,0.0300175487207905,0.6313131313131315,0.7373006299423668
XRP,2025-03-26,QUIET,0.0257065032345929,0.5054466230936837,0.736094357324755
XRP,2025-03-27,QUIET,0.0271819919303461,0.2451612903225812,0.6226964112512126
XRP,2025-03-28,QUIET,0.0271819919303461,0.20061538461538428,0.6391304347826091
XRP,2025-03-31,QUIET,0.0289082687338501,0.41999999999999776,0.3433333333333332
XRP,2025-04-01,QUIET,0.0280788685867657,0.5114899925871011,0.11674320028258578
XRP,2025-04-02,QUIET,0.0281381634372368,0.5415704387990768,0.20293182620981992
XRP,2025-04-03,normal,0.0339961513790891,0.4122516556291388,0.06535731968971756
XRP,2025-04-04,QUIET,0.0292076811360335,0.3670886075949347,0.16634920634920639
XRP,2025-04-07,normal,0.0423943729365041,0.4163925438596495,0.08151202749140883
XRP,2025-04-08,normal,0.0420918367346937,0.9119086460032632,0.29213598197829216
XRP,2025-04-09,normal,0.0420915599913213,0.48543689320388417,0.19244528619528622
XRP,2025-04-10,normal,0.0460144414554721,0.2586359610274575,0.4932659932659935
XRP,2025-04-11,normal,0.0420915599913213,0.7167630057803491,0.3955106621773289
XRP,2025-04-14,normal,0.0374180025618134,0.7587238285144573,0.5845265588914551
XRP,2025-04-15,normal,0.035672385980349,0.5080058224163035,0.59364896073903
XRP,2025-04-16,normal,0.0358695652173912,0.6501210653753019,0.6062322946175638
XRP,2025-04-17,normal,0.0327589077589077,0.8350730688935318,0.6439238251815318
XRP,2025-04-18,QUIET,0.0301421800947865,0.9735449735449764,0.715817694369973
XRP,2025-04-21,QUIET,0.0292935933961575,0.7162329615861216,0.7337959312411291
XRP,2025-04-22,QUIET,0.0289586665544237,0.8031674208144762,0.7445197918309416
XRP,2025-04-23,normal,0.0332853717026378,0.6166044776119397,0.9427001569858716
XRP,2025-04-24,normal,0.0327453862485709,0.3421284080914678,0.8798720186154738
XRP,2025-04-25,QUIET,0.0289169295478443,0.7592592592592603,0.8602385107620706
XRP,2025-04-28,QUIET,0.0262717536813923,0.6950207468879682,0.9154005524861872
XRP,2025-04-29,QUIET,0.0262717536813923,0.5360000000000003,0.8937928883343733
XRP,2025-04-30,QUIET,0.0269342487457091,0.562613430127045,0.7163603358293624
XRP,2025-05-01,QUIET,0.0228813559322034,0.8480801335559255,0.5855595667870033
XRP,2025-05-02,QUIET,0.0210557532621589,0.555288461538461,0.581039755351682
XRP,2025-05-05,QUIET,0.0222810702218975,0.1598240469208197,0.3679389312977106
XRP,2025-05-06,QUIET,0.022722491058279,0.1424501424501452,0.29038167938931275
XRP,2025-05-07,QUIET,0.021938775510204,0.45864661654134986,0.3584207279457116
XRP,2025-05-08,QUIET,0.0222810702218975,0.8952569169960501,0.27051202961135085
XRP,2025-05-09,QUIET,0.0250563063063062,0.7694388100067611,0.8895743368291176
XRP,2025-05-12,normal,0.0394072626608044,0.7308845577211374,0.7208749405611032
XRP,2025-05-13,normal,0.0321814824584542,0.7727583846680365,0.8076923076923073
XRP,2025-05-14,normal,0.0329301599687865,0.6630630630630608,0.8752598752598751
XRP,2025-05-15,normal,0.0313474734872114,0.2411290322580619,0.8187803187803188
XRP,2025-05-16,QUIET,0.0250527426160337,0.8347547974413613,0.5334372834372836
XRP,2025-05-19,QUIET,0.0269342487457091,0.26279216677195166,0.6068953568953567
XRP,2025-05-20,QUIET,0.0241324921135646,0.15994623655913753,0.5242550242550242
XRP,2025-05-21,QUIET,0.0232902033271718,0.33962264150943094,0.48302148302148296
XRP,2025-05-22,QUIET,0.0227243045579208,0.7075588599752207,0.5500693000693
XRP,2025-05-23,QUIET,0.0225878416062465,0.0906958561376077,0.6122661122661118
XRP,2025-05-26,QUIET,0.0228814686710123,0.5704225352112677,0.4573804573804571
XRP,2025-05-27,QUIET,0.021938775510204,0.9116117850953189,0.37459165154264945
XRP,2025-05-28,QUIET,0.0219326818675352,0.6102564102564091,0.3707426018983812
XRP,2025-05-29,QUIET,0.0227342549923195,0.8239202657807283,0.11134453781512574
XRP,2025-05-30,normal,0.024963503649635,0.4990019960079834,0.04131652661064438
XRP,2025-06-02,QUIET,0.022722491058279,0.13984674329501645,0.17441454037049922
XRP,2025-06-03,QUIET,0.021938775510204,0.8162729658792621,0.20464872422229946
XRP,2025-06-04,normal,0.0226146614153219,0.6649214659685905,0.3354314720812185
XRP,2025-06-05,QUIET,0.0204735315759857,0.6564417177914076,0.3033707865168532
XRP,2025-06-06,QUIET,0.0215664018161179,0.9230769230769199,0.08198669201520901
XRP,2025-06-09,normal,0.0219649747699614,0.8775894538606406,0.4940589353612163
XRP,2025-06-10,QUIET,0.0216570812365205,0.5813559322033925,0.6226235741444863
XRP,2025-06-11,normal,0.0232902033271718,0.7076023391812836,0.5900665399239539
XRP,2025-06-12,normal,0.0226503514709712,0.036290322580641264,0.5021387832699618
XRP,2025-06-13,normal,0.0226724553786782,0.6145922746781096,0.4346959122632113
XRP,2025-06-16,QUIET,0.0206185567010309,0.957403651115619,0.3604336043360444
XRP,2025-06-17,normal,0.025314150427973,0.04719283970708095,0.64167862266858
XRP,2025-06-18,QUIET,0.0202343984774117,0.3301886792452848,0.35832137733142
XRP,2025-06-19,normal,0.0226503514709712,0.07945205479451745,0.3995695839311341
XRP,2025-06-20,normal,0.0206185567010309,0.8918918918918916,0.37912482065997183
XRP,2025-06-23,normal,0.0276177230280151,0.628787878787879,0.2534916201117315
XRP,2025-06-24,normal,0.0259268861809696,0.7812244897959209,0.5821694599627558
XRP,2025-06-25,normal,0.0234509056244041,0.7293447293447268,0.6552607076350093
XRP,2025-06-26,normal,0.0247965171304183,0.01639344262295423,0.646182495344507
XRP,2025-06-27,normal,0.0226724553786782,0.2815964523281622,0.4587988826815641
XRP,2025-06-30,normal,0.0247965171304183,0.17588932806324298,0.6932029795158292
XRP,2025-07-01,normal,0.025314150427973,0.10714285714285537,0.7632681564245816
XRP,2025-07-02,normal,0.0232902033271718,0.4173728813559274,0.6151154653603919
XRP,2025-07-03,normal,0.0263655710569873,0.8213058419243978,0.7588056916258452
XRP,2025-07-04,normal,0.0250527426160337,0.47744945567651703,0.8131560531840442
XRP,2025-07-07,normal,0.0250563063063062,0.6502347417840412,0.8658070678127984
XRP,2025-07-08,normal,0.0243415982956348,0.8568702290076367,0.8138751683879658
XRP,2025-07-09,normal,0.0249027237354085,0.9240924092409251,0.9036820835204312
XRP,2025-07-10,normal,0.0262717536813923,0.8646288209606978,0.9519692603266092
XRP,2025-07-11,normal,0.0370072405470634,0.7849462365591396,0.9686125852918875
XRP,2025-07-14,normal,0.0424361493123773,0.8076100897819567,0.8470095825531446
XRP,2025-07-15,normal,0.0364878373875375,0.6322701688555362,0.9206529600165306
XRP,2025-07-16,normal,0.0353035571008292,0.8563151796060252,0.8801529083583014
XRP,2025-07-17,normal,0.0406401726308219,0.8833922261484106,0.9399748281537417
XRP,2025-07-18,EXPANSION,0.044707216327853,0.34396617986164574,0.9519033830072743
XRP,2025-07-21,normal,0.0407800250345872,0.7289666854884248,0.8634020618556704
XRP,2025-07-22,normal,0.0406401726308219,0.6396866840731061,0.9260490789386182
XRP,2025-07-23,EXPANSION,0.045314775853698,0.16168148746968497,0.9246944766846452
XRP,2025-07-24,normal,0.0436801625308373,0.7558552164655785,0.6744043148767668
XRP,2025-07-25,normal,0.0390117035110533,0.6156230626162419,0.6468169670389915
XRP,2025-07-28,normal,0.0371601634032962,0.30420711974110237,0.7013170938960489
XRP,2025-07-29,normal,0.0370081199250467,0.5505617977528077,0.6059272300469484
XRP,2025-07-30,normal,0.0365914786967419,0.07706766917293231,0.5797570211423163
XRP,2025-07-31,normal,0.035216872264226,0.7602495543672023,0.5089658774373261
XRP,2025-08-01,normal,0.0265377494342728,0.499682539682539,0.3602926438163963
XRP,2025-08-04,normal,0.0272642638648756,0.6697952218430037,0.23587434330438495
XRP,2025-08-05,normal,0.0276953511374877,0.6005385996409324,0.36839283799721245
XRP,2025-08-06,normal,0.0248078266946191,0.6040268456375828,0.25120617561916997
XRP,2025-08-07,normal,0.0248078266946191,0.9282836422240118,0.28176262463814733
XRP,2025-08-08,normal,0.0289586665544237,0.6678674351585008,0.6421052631578946
XRP,2025-08-11,normal,0.0309556763325795,0.2963400236127497,0.5395556600446688
XRP,2025-08-12,normal,0.0258605314785089,0.6353591160221029,0.48731642189586133
XRP,2025-08-13,normal,0.0306552130705743,0.847107438016532,0.8244461420932008
XRP,2025-08-14,EXPANSION,0.0419389978213508,0.12318840579710384,0.8348357524828114
XRP,2025-08-15,normal,0.0316274634456453,0.6752312435765672,0.5365928189457604
XRP,2025-08-18,normal,0.0286057211442286,0.13872832369942206,0.5495798319327729
XRP,2025-08-19,normal,0.0265377494342728,0.3553511705685626,0.5097020626432389
XRP,2025-08-20,normal,0.0258078507915853,0.6177370030581047,0.20290297937356708
XRP,2025-08-21,normal,0.030996758508914,0.18397291196387988,0.3410236822001527
XRP,2025-08-22,normal,0.0230204081632653,0.01831501831501899,0.18930481283422454
XRP,2025-08-25,normal,0.0377198917456021,0.17585692995529068,0.40540090015002483
XRP,2025-08-26,normal,0.0280788685867657,0.6457680250783691,0.1263543923987333
XRP,2025-08-27,normal,0.026623285754268,0.33723196881091866,0.3828971495249213
XRP,2025-08-28,normal,0.0234163914740319,0.8637083993660863,0.31038506417736283
XRP,2025-08-29,normal,0.0245723172628305,0.24026451138868626,0.3234259584945479
XRP,2025-09-01,normal,0.026065624041705,0.4963662790697662,0.025897088693297012
XRP,2025-09-02,normal,0.0274384514189063,0.7041522491349503,0.0939268777726791
XRP,2025-09-03,normal,0.0223251198941623,0.845588235294119,0.25164448523787714
XRP,2025-09-04,normal,0.0208101828467521,0.5582822085889578,0.3201744820065434
XRP,2025-09-05,normal,0.0234163914740319,0.8636959370904356,0.2117775354416578
XRP,2025-09-08,normal,0.0241324921135646,0.8114343029087245,0.41695702671312396
XRP,2025-09-09,normal,0.0224009190120619,0.6867704280155649,0.632288037166086
XRP,2025-09-10,normal,0.0241324921135646,0.6867704280155664,0.5804878048780489
XRP,2025-09-11,normal,0.0232902033271718,0.536502546689298,0.6641114982578399
XRP,2025-09-12,normal,0.0244808743169398,0.4309484193011634,0.7951219512195122
XRP,2025-09-15,normal,0.0221554637626737,0.40633245382585914,0.6766332172844561
XRP,2025-09-16,normal,0.020812685827552,0.7576112412178017,0.6131476551300434
XRP,2025-09-17,normal,0.0196467991169978,0.10727272727272726,0.696498054474708
XRP,2025-09-18,normal,0.0236514522821576,0.9933649289099512,0.7917263977063279
XRP,2025-09-19,normal,0.0208182038247397,0.11281337047354051,0.7700184312922388
XRP,2025-09-22,normal,0.0254729350065556,0.4021002710027096,0.506858710562414
XRP,2025-09-23,normal,0.0203417412530512,0.696009389671361,0.31763260290804823
XRP,2025-09-24,normal,0.020123839009288,0.960375391032325,0.2604955969690767
XRP,2025-09-25,normal,0.021938775510204,0.05242463958060291,0.46733565431087465
XRP,2025-09-26,normal,0.0259067357512953,0.36488169364881706,0.09420438255171051
XRP,2025-09-29,normal,0.0216892596454639,0.24132730015082968,0.34794183903338133
XRP,2025-09-30,normal,0.0204261232051875,0.1725543478260883,0.3739504403030929
XRP,2025-10-01,normal,0.022722491058279,0.9412617839013795,0.3057546590210939
XRP,2025-10-02,normal,0.0241324921135646,0.6415094339622627,0.514028261314766
XRP,2025-10-03,normal,0.0249027237354085,0.6247689463955653,0.699160352242474
XRP,2025-10-06,normal,0.0232902033271718,0.7448789571694595,0.6155585707824517
XRP,2025-10-07,normal,0.0224382946896036,0.2765217391304308,0.6576209859791956
XRP,2025-10-08,normal,0.0224009190120619,0.9053254437869839,0.34938941655359573
XRP,2025-10-09,normal,0.0228814686710123,0.3501303214595985,0.45289584886900375
XRP,2025-10-10,normal,0.020123839009288,0.6972704714640184,0.26000497141436724
XRP,2025-10-13,normal,0.0331525015069319,0.4542750929368021,0.6902736385803305
XRP,2025-10-14,normal,0.0360198584556882,0.18788452437293082,0.7319967488485505
XRP,2025-10-15,normal,0.0332853717026378,0.2185714285714272,0.6767813600650229
XRP,2025-10-16,normal,0.0334014996591682,0.9528846153846142,0.6267136277431589
XRP,2025-10-17,normal,0.0390117035110533,0.44306812767984793,0.5817935518829584
XRP,2025-10-20,normal,0.0358695652173912,0.8204309656823628,0.6158222703874289
XRP,2025-10-21,normal,0.0332853717026378,0.2984644913627628,0.6721755621782715
XRP,2025-10-22,normal,0.0359523328620481,0.28383128295254656,0.6328366296396641
XRP,2025-10-23,normal,0.0332853717026378,0.6728110599078334,0.6033143167617495
XRP,2025-10-24,normal,0.0334014996591682,0.9001218026796592,0.6275243493094149
XRP,2025-10-27,normal,0.0258728962572217,0.29512893982808014,0.7967256282557675
XRP,2025-10-28,normal,0.0271819919303461,0.5499999999999982,0.8259203831188268
XRP,2025-10-29,normal,0.0259268861809696,0.8549931600547228,0.8298068643129537
XRP,2025-10-30,normal,0.0289169295478443,0.4703459637561794,0.8186872196601173
XRP,2025-10-31,normal,0.0258202290817317,0.9827027027027045,0.4911312573906185
XRP,2025-11-03,normal,0.0276165347405451,0.13621262458471878,0.6633819471817107
XRP,2025-11-04,normal,0.0288576198425948,0.2582781456953637,0.23551438707134417
XRP,2025-11-05,normal,0.033877943296492,0.9264613450659945,0.2199683042789221
XRP,2025-11-06,normal,0.0310855464447435,0.02302158273381045,0.4385103011093503
XRP,2025-11-07,normal,0.0335545023696683,0.1753774680603935,0.23217115689381954
XRP,2025-11-10,normal,0.0406463642013672,0.809607756721022,0.47496038034865323
XRP,2025-11-11,normal,0.0358695652173912,0.13461538461538528,0.7282091917591125
XRP,2025-11-12,normal,0.0330788804071246,0.9471153846153799,0.5150554675118864
XRP,2025-11-13,normal,0.0377198917456021,0.718256475047376,0.5093502377179084
XRP,2025-11-14,normal,0.0358695652173912,0.49666666666666515,0.4057052297939776
XRP,2025-11-17,normal,0.0355064027939464,0.8015012510425349,0.2385085181613631
XRP,2025-11-18,normal,0.0347896440129449,0.8386763185108581,0.16267782426778232
XRP,2025-11-19,normal,0.0353269290362564,0.16310679611650813,0.2854707330933891
XRP,2025-11-20,normal,0.0337358635230976,0.6037735849056622,0.15348670021567204
XRP,2025-11-21,normal,0.0433306709265175,0.3926818384649714,0.04220939818631503
XRP,2025-11-24,normal,0.0398714134919873,0.49225268176400694,0.30030267140413236
XRP,2025-11-25,normal,0.0377198917456021,0.41907151819322364,0.5352020002631923
XRP,2025-11-26,normal,0.0338425381903643,0.07832167832168223,0.5020397420713251
XRP,2025-11-27,normal,0.0359523328620481,0.030894308943089584,0.5295433609685486
XRP,2025-11-28,normal,0.0345707360632733,0.35697115384615385,0.49874983550467167
XRP,2025-12-01,normal,0.0374180025618134,0.13479623824451334,0.4460018689093578
XRP,2025-12-02,normal,0.0331525015069319,0.926078028747432,0.29596031183557764
XRP,2025-12-03,normal,0.0374180025618134,0.47036082474227126,0.47101346562721463
XRP,2025-12-04,normal,0.0345707360632733,0.09986859395532284,0.7234492029959668
XRP,2025-12-05,normal,0.0288576198425948,0.2376910016977895,0.5651191454396057
XRP,2025-12-08,normal,0.0306859205776174,0.7152777777777805,0.4792874007297705
XRP,2025-12-09,normal,0.0263132896361737,0.9546485260771023,0.5398154110324105
XRP,2025-12-10,normal,0.0294231513743709,0.09706959706959087,0.6123631680618157
XRP,2025-12-11,normal,0.0245723172628305,0.22755417956656515,0.4741360807040135
XRP,2025-12-12,normal,0.0229136010090393,0.9444444444444436,0.3645047762694817
XRP,2025-12-15,normal,0.0268282988871223,0.5,0.0796899224806197
XRP,2025-12-16,normal,0.030265685599333,0.9574712643678156,0.0704954399802809
XRP,2025-12-17,normal,0.026065624041705,0.339449541284403,0.18360113421550076
XRP,2025-12-18,normal,0.0314242960141478,0.8949919224555745,0.035764375876578054
XRP,2025-12-19,normal,0.0298025134649911,0.9332191780821935,0.017962656582368355
XRP,2025-12-22,normal,0.0243417784401391,0.7142857142857122,0.33757535164099134
XRP,2025-12-23,normal,0.0252240983948301,0.7142857142857152,0.297387809778969
XRP,2025-12-24,normal,0.0208101828467521,0.8164705882352934,0.23066516347237892
XRP,2025-12-25,normal,0.0201648899858215,0.42086330935251887,0.2253624969279924
XRP,2025-12-26,normal,0.0229136010090393,0.8109028960817736,0.1511427869255348
XRP,2025-12-29,normal,0.0216311020169541,0.18560000000000088,0.2317522732858197
XRP,2025-12-30,normal,0.020123839009288,0.7117437722419853,0.23461878127759825
XRP,2025-12-31,normal,0.0203417412530512,0.576086956521749,0.3725078698845751
XRP,2026-01-01,normal,0.0201089033244172,0.8811881188118796,0.2569469505593653
XRP,2026-01-02,normal,0.0203417412530512,0.7487562189054727,0.3926380368098158
XRP,2026-01-05,normal,0.0258498125888587,0.5236938031591725,0.91554537646722
XRP,2026-01-06,normal,0.0346702923181508,0.5724206349206358,0.9637366310160427
XRP,2026-01-07,normal,0.0364070223282766,0.17312072892938593,0.8251044729917969
XRP,2026-01-08,normal,0.0265377494342728,0.07095158597662564,0.6107413713047521
XRP,2026-01-09,normal,0.0294231513743709,0.3239625167336011,0.5139692511158874
XRP,2026-01-12,normal,0.0276165347405451,0.2086230876216928,0.43346007604562753
XRP,2026-01-13,normal,0.0271639975674032,0.5128939828080247,0.39957017688874175
XRP,2026-01-14,normal,0.0276953511374877,0.16955445544554515,0.5838981649859486
XRP,2026-01-15,normal,0.0299699838374508,0.5569230769230775,0.5407505372788896
XRP,2026-01-16,normal,0.0258459275110337,0.17647058823529954,0.44073400562076387
XRP,2026-01-19,normal,0.0295557570262918,0.5924192793635934,0.2960819970243017
XRP,2026-01-20,normal,0.0243739565943239,0.21018276762402094,0.2871549016366342
XRP,2026-01-21,normal,0.0216521958424902,0.36808510638297953,0.10810353578074755
XRP,2026-01-22,normal,0.0227342549923195,0.0868055555555539,0.17642932304454587
XRP,2026-01-23,QUIET,0.0226146614153219,0.3346774193548356,0.1343388284812347
XRP,2026-01-26,normal,0.02636476426799,0.9642857142857153,0.04042237254578448
XRP,2026-01-27,QUIET,0.0215664018161179,0.08864265927978088,0.18256772673733795
XRP,2026-01-28,QUIET,0.0228096676737159,0.6583850931676982,0.2745149449396959
XRP,2026-01-29,QUIET,0.0219649747699614,0.14180478821362869,0.2622606871230004
XRP,2026-01-30,normal,0.0263948158685,0.4980468750000002,0.07142857142857158
XRP,2026-02-02,normal,0.0295557570262918,0.9246190858059337,0.1276102088167054
XRP,2026-02-03,normal,0.0257571835361118,0.5177664974619298,0.1696635730858468
XRP,2026-02-04,normal,0.0303800186073141,0.5499999999999968,0.11910708710583828
XRP,2026-02-05,normal,0.0355064027939464,0.12554112554112504,0.029063872930044116
XRP,2026-02-06,EXPANSION,0.0555379646634159,0.9763750461424882,0.08189791820775641
XRP,2026-02-09,normal,0.0435633871757219,0.39424141749723207,0.35893327229025995
XRP,2026-02-10,normal,0.0417129458225347,0.07337526205450845,0.3661133371493991
XRP,2026-02-11,normal,0.0411950104319261,0.26687116564417246,0.3323145644763136
XRP,2026-02-12,normal,0.0420704325218625,0.6810699588477396,0.29761904761904756
XRP,2026-02-13,normal,0.0413229174271738,0.661224489795919,0.29717664092664087
XRP,2026-02-16,normal,0.0403806584362139,0.8597560975609744,0.43379769836462756
XRP,2026-02-17,normal,0.0394857667584941,0.158620689655175,0.4486977589339794
XRP,2026-02-18,normal,0.0397075859864978,0.17183098591549345,0.4485054006531022
XRP,2026-02-19,normal,0.0403806584362139,0.08181818181817974,0.43785026584279346
XRP,2026-02-20,normal,0.0347896440129449,0.17406143344710193,0.4542745098039217
XRP,2026-02-23,normal,0.0313256902954948,0.874340021119324,0.4980151569830386
XRP,2026-02-24,normal,0.0272209240355838,0.26520681265207047,0.42331288343558265
XRP,2026-02-25,normal,0.0289082687338501,0.9475357710651815,0.41681703356189115
XRP,2026-02-26,normal,0.0304872389791182,0.4704724409448809,0.5714543486106098
XRP,2026-02-27,normal,0.0314242960141478,0.0898876404494368,0.25153203342618397
XRP,2026-03-02,normal,0.0283136278780335,0.23130841121495402,0.20528151469855513
XRP,2026-03-03,normal,0.0326024785510009,0.270727580372251,0.29895366218236147
XRP,2026-03-04,normal,0.0310829115277679,0.6049689440993783,0.22595914299950176
XRP,2026-03-05,normal,0.035028040820079,0.7363636363636391,0.4008470353761835
XRP,2026-03-06,normal,0.0284514293456171,0.1523178807946999,0.33308420528151456
XRP,2026-03-09,normal,0.0288065843621397,0.6528735632183923,0.3111111111111113
XRP,2026-03-10,normal,0.0263132896361737,0.5160744500846025,0.41506910387873375
XRP,2026-03-11,normal,0.0263132896361737,0.06862745098038468,0.5203579418344522
XRP,2026-03-12,normal,0.0241589816859333,0.6964856230031917,0.5131991051454139
XRP,2026-03-13,normal,0.0272209240355838,0.7231467473524957,0.5127516778523491
XRP,2026-03-16,normal,0.0250563063063062,0.707390648567118,0.7995525727069354
XRP,2026-03-17,normal,0.0299003322259136,0.06978967495219963,0.967399007795889
XRP,2026-03-18,normal,0.0303143016551982,0.09739130434782677,0.7364985163204748
XRP,2026-03-19,normal,0.0263655710569873,0.25161290322580093,0.5777448071216614
XRP,2026-03-20,QUIET,0.0228814686710123,0.26890756302521046,0.526706231454006
XRP,2026-03-23,normal,0.0260724852071005,0.5980746089049335,0.2208976157082748
XRP,2026-03-24,QUIET,0.0222810702218975,0.5691823899371061,0.38744740532959276
XRP,2026-03-25,QUIET,0.0226724553786782,0.7110389610389635,0.33029453015427723
XRP,2026-03-26,normal,0.0228814686710123,0.05904059040590162,0.32503506311360464
XRP,2026-03-27,QUIET,0.0221279604100389,0.18965517241379137,0.13709677419354813
XRP,2026-03-30,normal,0.0246142073715086,0.7622377622377632,0.10397946084724004
XRP,2026-03-31,QUIET,0.0216311020169541,0.2522522522522495,0.09242618741976877
XRP,2026-04-01,QUIET,0.0216311020169541,0.6371191135734104,0.14666238767650794
XRP,2026-04-02,normal,0.0230996068152031,0.022413793103449615,0.16816431322207967
XRP,2026-04-03,QUIET,0.0200649159043964,0.75,0.12178702570379456
XRP,2026-04-06,normal,0.0230996068152031,0.8710743801652925,0.14498933901919
XRP,2026-04-07,QUIET,0.0199395770392749,0.0900621118012461,0.16178149980966866
XRP,2026-04-08,normal,0.0216427640156453,0.6973244147157194,0.49261083743842393
XRP,2026-04-09,normal,0.0221279604100389,0.15053763440860926,0.341320553780618
XRP,2026-04-10,normal,0.0224009190120619,0.19252873563218217,0.3473852721451449
XRP,2026-04-13,normal,0.021938775510204,0.34254143646408736,0.2889447236180907
XRP,2026-04-14,normal,0.0197195154069001,0.5650887573964495,0.6086683417085426
XRP,2026-04-15,normal,0.01985559566787,0.8060606060606,0.6023222060957901
XRP,2026-04-16,normal,0.0231910946196659,0.6353887399463802,0.8737490377213244
XRP,2026-04-17,normal,0.0249027237354085,0.6811989100817423,0.9286094832179017
XRP,2026-04-20,normal,0.0221721430648444,0.5899280575539547,0.49935149156939096
XRP,2026-04-21,normal,0.0210401891252955,0.6622950819672135,0.6294855166450494
XRP,2026-04-22,normal,0.0216014897579144,0.856492027334852,0.6688283614353654
XRP,2026-04-23,normal,0.0209514419521814,0.22865853658536817,0.6515348032857761
XRP,2026-04-24,normal,0.0208182038247397,0.6605504587155936,0.6913099870298318
XRP,2026-04-27,normal,0.0203355363497712,0.032352941176467,0.6313342631334268
XRP,2026-04-28,normal,0.0206185567010309,0.0921052631578946,0.426848453067646
XRP,2026-04-29,normal,0.021938775510204,0.5925925925925934,0.3209229155742009
XRP,2026-04-30,normal,0.0199395770392749,0.41406249999999667,0.26114315679077105
XRP,2026-05-01,normal,0.01985559566787,0.828220858895697,0.2548505506030412
XRP,2026-05-04,normal,0.021938775510204,0.29473684210525963,0.25700365408038867
XRP,2026-05-05,normal,0.01985559566787,0.8944723618090459,0.2801461632155898
XRP,2026-05-06,normal,0.0194200674029831,0.8740000000000007,0.4068209500609014
XRP,2026-05-07,normal,0.01985559566787,0.2573839662447249,0.4817295980511571
XRP,2026-05-08,normal,0.020123839009288,0.9183673469387703,0.3010989010989008
XRP,2026-05-11,normal,0.0226328544227108,0.4724409448818899,0.7857142857142859
XRP,2026-05-12,normal,0.0245011537939459,0.12254901960784613,0.811576354679803
XRP,2026-05-13,normal,0.0232902033271718,0.41944444444444107,0.561576354679803
XRP,2026-05-14,normal,0.0232902033271718,0.7024793388429804,0.5018472906403939
XRP,2026-05-15,normal,0.0253113156469951,0.2810707456978954,0.6840039254170754
XRP,2026-05-18,normal,0.0223251198941623,0.3655705996131549,0.2737978410206077
XRP,2026-05-19,normal,0.0203556888793657,0.12671232876712502,0.2168792934249254
XRP,2026-05-20,normal,0.0204630012401819,0.6425992779783394,0.043256997455470465
XRP,2026-05-21,normal,0.0201089033244172,0.12499999999999566,0.096582466567608
XRP,2026-05-22,normal,0.0202828929810514,0.3009259259259227,0.12976721149083692
XRP,2026-05-25,normal,0.0183901115465782,0.734006734006732,0.1982236576503832
XRP,2026-05-26,normal,0.0180911943880377,0.7075098814229294,0.19539765845781185
XRP,2026-05-27,normal,0.0191154422788607,0.49693251533742366,0.11021396851029422
XRP,2026-05-28,normal,0.0223251198941623,0.3766478342749538,0.023011707710940806
XRP,2026-05-29,normal,0.0183901115465782,0.3164556962025271,0.1699184107839661
XRP,2026-06-01,normal,0.0182291666666665,0.11187214611872419,0.23164242639233737
XRP,2026-06-02,normal,0.0184515740322337,0.08616780045351066,0.10464703795672173
XRP,2026-06-03,normal,0.026065624041705,0.7942664418212485,0.04763246899661757
XRP,2026-06-04,normal,0.0303800186073141,0.1892230576441092,0.04594767070835984
XRP,2026-06-05,normal,0.0266437473141384,0.33960047003525196,0.09401137504182007
XRP,2026-06-08,normal,0.0276177230280151,0.6766055045871548,0.3035097813578825
XRP,2026-06-09,normal,0.0268282988871223,0.31510416666666674,0.3516810473073485
XRP,2026-06-10,normal,0.030265685599333,0.11666666666666957,0.26004165426956233
XRP,2026-06-11,normal,0.0288576198425948,0.9058171745152397,0.14382091383011325
XRP,2026-06-12,normal,0.0287725742271195,0.5655737704918052,0.28426862925482976
XRP,2026-06-15,normal,0.0327789828874427,0.9872701555869855,0.4303797468354426
XRP,2026-06-16,normal,0.0331525015069319,0.5772946859903375,0.5952531645569618
XRP,2026-06-17,normal,0.0330788804071246,0.11250000000000417,0.5291139240506328
XRP,2026-06-18,normal,0.0322108345534407,0.0974025974026013,0.43259493670886084
XRP,2026-06-19,normal,0.030265685599333,0.19749216300940328,0.3050632911392406
XRP,2026-06-22,normal,0.0268282988871223,0.8501742160278754,0.30230675839741006
XRP,2026-06-23,normal,0.0276493598862019,0.36934673366833953,0.3262119967132288
XRP,2026-06-24,normal,0.0248078266946191,0.4272151898734219,0.24732949876746105
XRP,2026-06-25,normal,0.0278816199376945,0.18721461187214553,0.11079660331581109
XRP,2026-06-26,normal,0.0287725742271195,0.30892448512585563,0.11126910771418448
XRP,2026-06-29,normal,0.0275739944346065,0.7379310344827638,0.1382342595849451
XRP,2026-06-30,normal,0.0278816199376945,0.06315789473684251,0.1751670770313044
XRP,2026-07-01,normal,0.0234163914740319,0.5123456790123443,0.10868800562785765
XRP,2026-07-02,normal,0.0274678111587982,0.9489051094890515,0.15406260991909898
XRP,2026-07-03,normal,0.0229136010090393,0.9147058823529441,0.2775237425255011
XRP,2026-07-06,normal,0.0270906949352178,0.028248587570618457,0.59967585089141
XRP,2026-07-07,normal,0.0263037720339756,0.14697406340057317,0.6198083067092652
XRP,2026-07-08,normal,0.0243415982956348,0.2549450549450556,0.5614418350628078
XRP,2026-07-09,normal,0.0235807860262007,0.5418719211822615,0.46601941747572806
XRP,2026-07-10,normal,0.0240650067715387,0.8013698630136985,0.4797258709308963
XRP,2026-07-13,normal,0.0229568411386593,0.280898876404494,0.4374643061107943
XRP,2026-07-14,normal,0.0230204081632653,0.9548387096774239,0.3329525985151334
XRP,2026-07-15,normal,0.0250563063063062,0.6241610738255128,0.5853797829811532
XRP,2026-07-16,normal,0.0246842709529277,0.45408163265306645,0.5945174186179324
XRP,2026-07-17,normal,0.0229136010090393,0.27272727272727576,0.40110905730129376
XRP,2026-07-20,normal,0.0219649747699614,0.9047619047619069,0.4670363524337655
XRP,2026-07-21,normal,0.0241324921135646,0.9271523178807953,0.5569932224276039
XRP,2026-07-22,normal,0.0221721430648444,0.521052631578951,0.7076149425287359
XRP,2026-07-23,normal,0.0224382946896036,0.1794871794871875,0.6773700305810392
