coin,date,lean_dir,lean_strength,lean_basis
BTC,2020-08-12,na,na,na
BTC,2020-08-13,na,na,na
BTC,2020-08-14,na,na,na
BTC,2020-08-17,na,na,na
BTC,2020-08-18,na,na,na
BTC,2020-08-19,na,na,na
BTC,2020-08-20,na,na,na
BTC,2020-08-21,na,na,na
BTC,2020-08-24,na,na,na
BTC,2020-08-25,na,na,na
BTC,2020-08-26,na,na,na
BTC,2020-08-27,na,na,na
BTC,2020-08-28,na,na,na
BTC,2020-08-31,na,na,na
BTC,2020-09-01,na,na,na
BTC,2020-09-02,na,na,na
BTC,2020-09-03,na,na,na
BTC,2020-09-04,na,na,na
BTC,2020-09-07,na,na,na
BTC,2020-09-08,na,na,na
BTC,2020-09-09,na,na,na
BTC,2020-09-10,na,na,na
BTC,2020-09-11,na,na,na
BTC,2020-09-14,na,na,na
BTC,2020-09-15,na,na,na
BTC,2020-09-16,na,na,na
BTC,2020-09-17,na,na,na
BTC,2020-09-18,na,na,na
BTC,2020-09-21,na,na,na
BTC,2020-09-22,na,na,na
BTC,2020-09-23,na,na,na
BTC,2020-09-24,na,na,na
BTC,2020-09-25,na,na,na
BTC,2020-09-28,na,na,na
BTC,2020-09-29,na,na,na
BTC,2020-09-30,na,na,na
BTC,2020-10-01,na,na,na
BTC,2020-10-02,na,na,na
BTC,2020-10-05,na,na,na
BTC,2020-10-06,na,na,na
BTC,2020-10-07,na,na,na
BTC,2020-10-08,na,na,na
BTC,2020-10-09,na,na,na
BTC,2020-10-12,na,na,na
BTC,2020-10-13,na,na,na
BTC,2020-10-14,na,na,na
BTC,2020-10-15,na,na,na
BTC,2020-10-16,na,na,na
BTC,2020-10-19,na,na,na
BTC,2020-10-20,na,na,na
BTC,2020-10-21,na,na,na
BTC,2020-10-22,na,na,na
BTC,2020-10-23,na,na,na
BTC,2020-10-26,na,na,na
BTC,2020-10-27,na,na,na
BTC,2020-10-28,na,na,na
BTC,2020-10-29,na,na,na
BTC,2020-10-30,na,na,na
BTC,2020-11-02,na,na,na
BTC,2020-11-03,na,na,na
BTC,2020-11-04,na,na,na
BTC,2020-11-05,na,na,na
BTC,2020-11-06,na,na,na
BTC,2020-11-09,na,na,na
BTC,2020-11-10,na,na,na
BTC,2020-11-11,na,na,na
BTC,2020-11-12,na,na,na
BTC,2020-11-13,na,na,na
BTC,2020-11-16,na,na,na
BTC,2020-11-17,na,na,na
BTC,2020-11-18,na,na,na
BTC,2020-11-19,na,na,na
BTC,2020-11-20,na,na,na
BTC,2020-11-23,na,na,na
BTC,2020-11-24,na,na,na
BTC,2020-11-25,na,na,na
BTC,2020-11-26,na,na,na
BTC,2020-11-27,na,na,na
BTC,2020-11-30,na,na,na
BTC,2020-12-01,na,na,na
BTC,2020-12-02,na,na,na
BTC,2020-12-03,na,na,na
BTC,2020-12-04,na,na,na
BTC,2020-12-07,na,na,na
BTC,2020-12-08,na,na,na
BTC,2020-12-09,na,na,na
BTC,2020-12-10,na,na,na
BTC,2020-12-11,na,na,na
BTC,2020-12-14,na,na,na
BTC,2020-12-15,na,na,na
BTC,2020-12-16,na,na,na
BTC,2020-12-17,na,na,na
BTC,2020-12-18,na,na,na
BTC,2020-12-21,na,na,na
BTC,2020-12-22,na,na,na
BTC,2020-12-23,na,na,na
BTC,2020-12-24,na,na,na
BTC,2020-12-25,na,na,na
BTC,2020-12-28,na,na,na
BTC,2020-12-29,na,na,na
BTC,2020-12-30,na,na,na
BTC,2020-12-31,na,na,na
BTC,2021-01-01,na,na,na
BTC,2021-01-04,na,na,na
BTC,2021-01-05,na,na,na
BTC,2021-01-06,na,na,na
BTC,2021-01-07,na,na,na
BTC,2021-01-08,na,na,na
BTC,2021-01-11,na,na,na
BTC,2021-01-12,na,na,na
BTC,2021-01-13,na,na,na
BTC,2021-01-14,na,na,na
BTC,2021-01-15,na,na,na
BTC,2021-01-18,na,na,na
BTC,2021-01-19,na,na,na
BTC,2021-01-20,na,na,na
BTC,2021-01-21,na,na,na
BTC,2021-01-22,na,na,na
BTC,2021-01-25,na,na,na
BTC,2021-01-26,na,na,na
BTC,2021-01-27,na,na,na
BTC,2021-01-28,na,na,na
BTC,2021-01-29,na,na,na
BTC,2021-02-01,na,na,na
BTC,2021-02-02,na,na,na
BTC,2021-02-03,na,na,na
BTC,2021-02-04,na,na,na
BTC,2021-02-05,na,na,na
BTC,2021-02-08,na,na,na
BTC,2021-02-09,na,na,na
BTC,2021-02-10,na,na,na
BTC,2021-02-11,na,na,na
BTC,2021-02-12,na,na,na
BTC,2021-02-15,na,na,na
BTC,2021-02-16,na,na,na
BTC,2021-02-17,na,na,na
BTC,2021-02-18,na,na,na
BTC,2021-02-19,na,na,na
BTC,2021-02-22,na,na,na
BTC,2021-02-23,na,na,na
BTC,2021-02-24,na,na,na
BTC,2021-02-25,na,na,na
BTC,2021-02-26,na,na,na
BTC,2021-03-01,na,na,na
BTC,2021-03-02,na,na,na
BTC,2021-03-03,na,na,na
BTC,2021-03-04,na,na,na
BTC,2021-03-05,na,na,na
BTC,2021-03-08,na,na,na
BTC,2021-03-09,na,na,na
BTC,2021-03-10,na,na,na
BTC,2021-03-11,na,na,na
BTC,2021-03-12,na,na,na
BTC,2021-03-15,na,na,na
BTC,2021-03-16,na,na,na
BTC,2021-03-17,na,na,na
BTC,2021-03-18,na,na,na
BTC,2021-03-19,na,na,na
BTC,2021-03-22,na,na,na
BTC,2021-03-23,na,na,na
BTC,2021-03-24,na,na,na
BTC,2021-03-25,na,na,na
BTC,2021-03-26,na,na,na
BTC,2021-03-29,na,na,na
BTC,2021-03-30,na,na,na
BTC,2021-03-31,na,na,na
BTC,2021-04-01,na,na,na
BTC,2021-04-02,na,na,na
BTC,2021-04-05,na,na,na
BTC,2021-04-06,na,na,na
BTC,2021-04-07,na,na,na
BTC,2021-04-08,na,na,na
BTC,2021-04-09,na,na,na
BTC,2021-04-12,na,na,na
BTC,2021-04-13,na,na,na
BTC,2021-04-14,na,na,na
BTC,2021-04-15,na,na,na
BTC,2021-04-16,na,na,na
BTC,2021-04-19,na,na,na
BTC,2021-04-20,na,na,na
BTC,2021-04-21,na,na,na
BTC,2021-04-22,na,na,na
BTC,2021-04-23,na,na,na
BTC,2021-04-26,na,na,na
BTC,2021-04-27,na,na,na
BTC,2021-04-28,na,na,na
BTC,2021-04-29,na,na,na
BTC,2021-04-30,na,na,na
BTC,2021-05-03,na,na,na
BTC,2021-05-04,na,na,na
BTC,2021-05-05,na,na,na
BTC,2021-05-06,na,na,na
BTC,2021-05-07,na,na,na
BTC,2021-05-10,na,na,na
BTC,2021-05-11,na,na,na
BTC,2021-05-12,na,na,na
BTC,2021-05-13,na,na,na
BTC,2021-05-14,na,na,na
BTC,2021-05-17,na,na,na
BTC,2021-05-18,na,na,na
BTC,2021-05-19,na,na,na
BTC,2021-05-20,na,na,na
BTC,2021-05-21,na,na,na
BTC,2021-05-24,na,na,na
BTC,2021-05-25,na,na,na
BTC,2021-05-26,na,na,na
BTC,2021-05-27,na,na,na
BTC,2021-05-28,na,na,na
BTC,2021-05-31,na,na,na
BTC,2021-06-01,na,na,na
BTC,2021-06-02,na,na,na
BTC,2021-06-03,na,na,na
BTC,2021-06-04,na,na,na
BTC,2021-06-07,na,na,na
BTC,2021-06-08,na,na,na
BTC,2021-06-09,na,na,na
BTC,2021-06-10,na,na,na
BTC,2021-06-11,na,na,na
BTC,2021-06-14,na,na,na
BTC,2021-06-15,na,na,na
BTC,2021-06-16,na,na,na
BTC,2021-06-17,na,na,na
BTC,2021-06-18,na,na,na
BTC,2021-06-21,na,na,na
BTC,2021-06-22,na,na,na
BTC,2021-06-23,na,na,na
BTC,2021-06-24,na,na,na
BTC,2021-06-25,na,na,na
BTC,2021-06-28,na,na,na
BTC,2021-06-29,na,na,na
BTC,2021-06-30,na,na,na
BTC,2021-07-01,na,na,na
BTC,2021-07-02,na,na,na
BTC,2021-07-05,na,na,na
BTC,2021-07-06,na,na,na
BTC,2021-07-07,na,na,na
BTC,2021-07-08,na,na,na
BTC,2021-07-09,na,na,na
BTC,2021-07-12,na,na,na
BTC,2021-07-13,na,na,na
BTC,2021-07-14,na,na,na
BTC,2021-07-15,na,na,na
BTC,2021-07-16,na,na,na
BTC,2021-07-19,na,na,na
BTC,2021-07-20,na,na,na
BTC,2021-07-21,na,na,na
BTC,2021-07-22,na,na,na
BTC,2021-07-23,na,na,na
BTC,2021-07-26,na,na,na
BTC,2021-07-27,na,na,na
BTC,2021-07-28,na,na,na
BTC,2021-07-29,na,na,na
BTC,2021-07-30,na,na,na
BTC,2021-08-02,na,na,na
BTC,2021-08-03,na,na,na
BTC,2021-08-04,na,na,na
BTC,2021-08-05,na,na,na
BTC,2021-08-06,na,na,na
BTC,2021-08-09,na,na,na
BTC,2021-08-10,na,na,na
BTC,2021-08-11,na,na,na
BTC,2021-08-12,na,na,na
BTC,2021-08-13,na,na,na
BTC,2021-08-16,na,na,na
BTC,2021-08-17,na,na,na
BTC,2021-08-18,na,na,na
BTC,2021-08-19,na,na,na
BTC,2021-08-20,na,na,na
BTC,2021-08-23,na,na,na
BTC,2021-08-24,na,na,na
BTC,2021-08-25,na,na,na
BTC,2021-08-26,na,na,na
BTC,2021-08-27,na,na,na
BTC,2021-08-30,na,na,na
BTC,2021-08-31,na,na,na
BTC,2021-09-01,na,na,na
BTC,2021-09-02,na,na,na
BTC,2021-09-03,na,na,na
BTC,2021-09-06,na,na,na
BTC,2021-09-07,na,na,na
BTC,2021-09-08,na,na,na
BTC,2021-09-09,na,na,na
BTC,2021-09-10,na,na,na
BTC,2021-09-13,na,na,na
BTC,2021-09-14,na,na,na
BTC,2021-09-15,na,na,na
BTC,2021-09-16,na,na,na
BTC,2021-09-17,na,na,na
BTC,2021-09-20,na,na,na
BTC,2021-09-21,na,na,na
BTC,2021-09-22,na,na,na
BTC,2021-09-23,na,na,na
BTC,2021-09-24,na,na,na
BTC,2021-09-27,na,na,na
BTC,2021-09-28,na,na,na
BTC,2021-09-29,na,na,na
BTC,2021-09-30,na,na,na
BTC,2021-10-01,na,na,na
BTC,2021-10-04,na,na,na
BTC,2021-10-05,na,na,na
BTC,2021-10-06,na,na,na
BTC,2021-10-07,na,na,na
BTC,2021-10-08,na,na,na
BTC,2021-10-11,na,na,na
BTC,2021-10-12,na,na,na
BTC,2021-10-13,na,na,na
BTC,2021-10-14,na,na,na
BTC,2021-10-15,na,na,na
BTC,2021-10-18,na,na,na
BTC,2021-10-19,na,na,na
BTC,2021-10-20,na,na,na
BTC,2021-10-21,na,na,na
BTC,2021-10-22,na,na,na
BTC,2021-10-25,na,na,na
BTC,2021-10-26,na,na,na
BTC,2021-10-27,na,na,na
BTC,2021-10-28,na,na,na
BTC,2021-10-29,na,na,na
BTC,2021-11-01,na,na,na
BTC,2021-11-02,na,na,na
BTC,2021-11-03,na,na,na
BTC,2021-11-04,na,na,na
BTC,2021-11-05,na,na,na
BTC,2021-11-08,na,na,na
BTC,2021-11-09,na,na,na
BTC,2021-11-10,na,na,na
BTC,2021-11-11,na,na,na
BTC,2021-11-12,na,na,na
BTC,2021-11-15,na,na,na
BTC,2021-11-16,na,na,na
BTC,2021-11-17,na,na,na
BTC,2021-11-18,na,na,na
BTC,2021-11-19,na,na,na
BTC,2021-11-22,na,na,na
BTC,2021-11-23,na,na,na
BTC,2021-11-24,na,na,na
BTC,2021-11-25,na,na,na
BTC,2021-11-26,na,na,na
BTC,2021-11-29,na,na,na
BTC,2021-11-30,na,na,na
BTC,2021-12-01,na,na,na
BTC,2021-12-02,na,na,na
BTC,2021-12-03,na,na,na
BTC,2021-12-06,na,na,na
BTC,2021-12-07,na,na,na
BTC,2021-12-08,na,na,na
BTC,2021-12-09,na,na,na
BTC,2021-12-10,na,na,na
BTC,2021-12-13,na,na,na
BTC,2021-12-14,na,na,na
BTC,2021-12-15,na,na,na
BTC,2021-12-16,na,na,na
BTC,2021-12-17,na,na,na
BTC,2021-12-20,na,na,na
BTC,2021-12-21,na,na,na
BTC,2021-12-22,na,na,na
BTC,2021-12-23,na,na,na
BTC,2021-12-24,na,na,na
BTC,2021-12-27,na,na,na
BTC,2021-12-28,na,na,na
BTC,2021-12-29,na,na,na
BTC,2021-12-30,na,na,na
BTC,2021-12-31,na,na,na
BTC,2022-01-03,na,na,na
BTC,2022-01-04,na,na,na
BTC,2022-01-05,na,na,na
BTC,2022-01-06,na,na,na
BTC,2022-01-07,na,na,na
BTC,2022-01-10,na,na,na
BTC,2022-01-11,down,slight_lean,A6b
BTC,2022-01-12,down,slight_lean,A6b
BTC,2022-01-13,down,slight_lean,A6b
BTC,2022-01-14,up,slight_lean,A6b
BTC,2022-01-17,down,slight_lean,A6b
BTC,2022-01-18,down,slight_lean,A6b
BTC,2022-01-19,up,slight_lean,A6b
BTC,2022-01-20,up,slight_lean,A6b
BTC,2022-01-21,up,slight_lean,A6b
BTC,2022-01-24,up,slight_lean,A6b
BTC,2022-01-25,down,slight_lean,A6b
BTC,2022-01-26,up,slight_lean,A6b
BTC,2022-01-27,down,slight_lean,A6b
BTC,2022-01-28,up,slight_lean,A6b
BTC,2022-01-31,down,slight_lean,A6b
BTC,2022-02-01,down,slight_lean,A6b
BTC,2022-02-02,down,slight_lean,A6b
BTC,2022-02-03,down,slight_lean,A6b
BTC,2022-02-04,up,slight_lean,A6b
BTC,2022-02-07,down,slight_lean,A6b
BTC,2022-02-08,up,slight_lean,A6b
BTC,2022-02-09,down,slight_lean,A6b
BTC,2022-02-10,down,slight_lean,A6b
BTC,2022-02-11,up,slight_lean,A6b
BTC,2022-02-14,up,slight_lean,A6b
BTC,2022-02-15,down,slight_lean,A6b
BTC,2022-02-16,down,slight_lean,A6b
BTC,2022-02-17,up,slight_lean,A6b
BTC,2022-02-18,up,slight_lean,A6b
BTC,2022-02-21,up,slight_lean,A6b
BTC,2022-02-22,up,slight_lean,A6b
BTC,2022-02-23,up,slight_lean,A6b
BTC,2022-02-24,up,slight_lean,A6b
BTC,2022-02-25,down,slight_lean,A6b
BTC,2022-02-28,down,slight_lean,A6b
BTC,2022-03-01,down,slight_lean,A6b
BTC,2022-03-02,up,slight_lean,A6b
BTC,2022-03-03,down,slight_lean,A6b
BTC,2022-03-04,up,slight_lean,A6b
BTC,2022-03-07,up,slight_lean,A6b
BTC,2022-03-08,up,slight_lean,A6b
BTC,2022-03-09,up,slight_lean,A6b
BTC,2022-03-10,down,slight_lean,A6b
BTC,2022-03-11,up,slight_lean,A6b
BTC,2022-03-14,up,slight_lean,A6b
BTC,2022-03-15,up,slight_lean,A6b
BTC,2022-03-16,down,slight_lean,A6b
BTC,2022-03-17,down,slight_lean,A6b
BTC,2022-03-18,down,slight_lean,A6b
BTC,2022-03-21,down,slight_lean,A6b
BTC,2022-03-22,up,slight_lean,A6b
BTC,2022-03-23,down,slight_lean,A6b
BTC,2022-03-24,up,slight_lean,A6b
BTC,2022-03-25,down,slight_lean,A6b
BTC,2022-03-28,up,slight_lean,A6b
BTC,2022-03-29,down,slight_lean,A6b
BTC,2022-03-30,down,slight_lean,A6b
BTC,2022-03-31,up,slight_lean,A6b
BTC,2022-04-01,up,slight_lean,A6b
BTC,2022-04-04,down,slight_lean,A6b
BTC,2022-04-05,down,slight_lean,A6b
BTC,2022-04-06,up,slight_lean,A6b
BTC,2022-04-07,up,slight_lean,A6b
BTC,2022-04-08,down,slight_lean,A6b
BTC,2022-04-11,up,slight_lean,A6b
BTC,2022-04-12,up,slight_lean,A6b
BTC,2022-04-13,up,slight_lean,A6b
BTC,2022-04-14,down,slight_lean,A6b
BTC,2022-04-15,up,slight_lean,A6b
BTC,2022-04-18,up,slight_lean,A6b
BTC,2022-04-19,down,slight_lean,A6b
BTC,2022-04-20,down,slight_lean,A6b
BTC,2022-04-21,up,slight_lean,A6b
BTC,2022-04-22,up,slight_lean,A6b
BTC,2022-04-25,up,slight_lean,A6b
BTC,2022-04-26,down,slight_lean,A6b
BTC,2022-04-27,up,slight_lean,A6b
BTC,2022-04-28,up,slight_lean,A6b
BTC,2022-04-29,down,slight_lean,A6b
BTC,2022-05-02,up,slight_lean,A6b
BTC,2022-05-03,down,slight_lean,A6b
BTC,2022-05-04,down,slight_lean,A6b
BTC,2022-05-05,down,slight_lean,A6b
BTC,2022-05-06,up,slight_lean,A6b
BTC,2022-05-09,up,slight_lean,A6b
BTC,2022-05-10,up,slight_lean,A6b
BTC,2022-05-11,down,slight_lean,A6b
BTC,2022-05-12,up,slight_lean,A6b
BTC,2022-05-13,up,slight_lean,A6b
BTC,2022-05-16,down,slight_lean,A6b
BTC,2022-05-17,up,slight_lean,A6b
BTC,2022-05-18,down,slight_lean,A6b
BTC,2022-05-19,up,slight_lean,A6b
BTC,2022-05-20,up,slight_lean,A6b
BTC,2022-05-23,up,slight_lean,A6b
BTC,2022-05-24,down,slight_lean,A6b
BTC,2022-05-25,up,slight_lean,A6b
BTC,2022-05-26,down,slight_lean,A6b
BTC,2022-05-27,down,slight_lean,A6b
BTC,2022-05-30,down,slight_lean,A6b
BTC,2022-05-31,down,slight_lean,A6b
BTC,2022-06-01,up,slight_lean,A6b
BTC,2022-06-02,up,slight_lean,A6b
BTC,2022-06-03,down,slight_lean,A6b
BTC,2022-06-06,up,slight_lean,A6b
BTC,2022-06-07,down,slight_lean,A6b
BTC,2022-06-08,down,slight_lean,A6b
BTC,2022-06-09,up,slight_lean,A6b
BTC,2022-06-10,up,slight_lean,A6b
BTC,2022-06-13,up,slight_lean,A6b
BTC,2022-06-14,up,slight_lean,A6b
BTC,2022-06-15,down,slight_lean,A6b
BTC,2022-06-16,down,slight_lean,A6b
BTC,2022-06-17,up,slight_lean,A6b
BTC,2022-06-20,down,slight_lean,A6b
BTC,2022-06-21,down,slight_lean,A6b
BTC,2022-06-22,down,slight_lean,A6b
BTC,2022-06-23,up,slight_lean,A6b
BTC,2022-06-24,down,slight_lean,A6b
BTC,2022-06-27,down,slight_lean,A6b
BTC,2022-06-28,up,slight_lean,A6b
BTC,2022-06-29,up,slight_lean,A6b
BTC,2022-06-30,down,slight_lean,A6b
BTC,2022-07-01,up,slight_lean,A6b
BTC,2022-07-04,down,slight_lean,A6b
BTC,2022-07-05,down,slight_lean,A6b
BTC,2022-07-06,down,slight_lean,A6b
BTC,2022-07-07,down,slight_lean,A6b
BTC,2022-07-08,down,slight_lean,A6b
BTC,2022-07-11,down,slight_lean,A6b
BTC,2022-07-12,up,slight_lean,A6b
BTC,2022-07-13,up,slight_lean,A6b
BTC,2022-07-14,up,slight_lean,A6b
BTC,2022-07-15,down,slight_lean,A6b
BTC,2022-07-18,down,slight_lean,A6b
BTC,2022-07-19,up,slight_lean,A6b
BTC,2022-07-20,down,slight_lean,A6b
BTC,2022-07-21,down,slight_lean,A6b
BTC,2022-07-22,down,slight_lean,A6b
BTC,2022-07-25,up,slight_lean,A6b
BTC,2022-07-26,up,slight_lean,A6b
BTC,2022-07-27,up,slight_lean,A6b
BTC,2022-07-28,down,slight_lean,A6b
BTC,2022-07-29,down,slight_lean,A6b
BTC,2022-08-01,down,slight_lean,A6b
BTC,2022-08-02,up,slight_lean,A6b
BTC,2022-08-03,up,slight_lean,A6b
BTC,2022-08-04,down,slight_lean,A6b
BTC,2022-08-05,down,slight_lean,A6b
BTC,2022-08-08,up,slight_lean,A6b
BTC,2022-08-09,up,slight_lean,A6b
BTC,2022-08-10,up,slight_lean,A6b
BTC,2022-08-11,down,slight_lean,A6b
BTC,2022-08-12,up,slight_lean,A6b
BTC,2022-08-15,down,slight_lean,A6b
BTC,2022-08-16,down,slight_lean,A6b
BTC,2022-08-17,up,slight_lean,A6b
BTC,2022-08-18,up,slight_lean,A6b
BTC,2022-08-19,down,slight_lean,A6b
BTC,2022-08-22,up,slight_lean,A6b
BTC,2022-08-23,up,slight_lean,A6b
BTC,2022-08-24,up,slight_lean,A6b
BTC,2022-08-25,down,slight_lean,A6b
BTC,2022-08-26,down,slight_lean,A6b
BTC,2022-08-29,up,slight_lean,A6b
BTC,2022-08-30,up,slight_lean,A6b
BTC,2022-08-31,up,slight_lean,A6b
BTC,2022-09-01,up,slight_lean,A6b
BTC,2022-09-02,down,slight_lean,A6b
BTC,2022-09-05,up,slight_lean,A6b
BTC,2022-09-06,up,slight_lean,A6b
BTC,2022-09-07,up,slight_lean,A6b
BTC,2022-09-08,down,slight_lean,A6b
BTC,2022-09-09,down,slight_lean,A6b
BTC,2022-09-12,down,slight_lean,A6b
BTC,2022-09-13,down,slight_lean,A6b
BTC,2022-09-14,up,slight_lean,A6b
BTC,2022-09-15,down,slight_lean,A6b
BTC,2022-09-16,up,slight_lean,A6b
BTC,2022-09-19,up,slight_lean,A6b
BTC,2022-09-20,down,slight_lean,A6b
BTC,2022-09-21,up,slight_lean,A6b
BTC,2022-09-22,up,slight_lean,A6b
BTC,2022-09-23,up,slight_lean,A6b
BTC,2022-09-26,up,slight_lean,A6b
BTC,2022-09-27,up,slight_lean,A6b
BTC,2022-09-28,down,slight_lean,A6b
BTC,2022-09-29,down,slight_lean,A6b
BTC,2022-09-30,up,slight_lean,A6b
BTC,2022-10-03,up,slight_lean,A6b
BTC,2022-10-04,down,slight_lean,A6b
BTC,2022-10-05,down,slight_lean,A6b
BTC,2022-10-06,up,slight_lean,A6b
BTC,2022-10-07,up,slight_lean,A6b
BTC,2022-10-10,up,slight_lean,A6b
BTC,2022-10-11,up,slight_lean,A6b
BTC,2022-10-12,up,slight_lean,A6b
BTC,2022-10-13,up,slight_lean,A6b
BTC,2022-10-14,down,slight_lean,A6b
BTC,2022-10-17,up,slight_lean,A6b
BTC,2022-10-18,down,slight_lean,A6b
BTC,2022-10-19,down,slight_lean,A6b
BTC,2022-10-20,up,slight_lean,A6b
BTC,2022-10-21,up,slight_lean,A6b
BTC,2022-10-24,down,slight_lean,A6b
BTC,2022-10-25,down,slight_lean,A6b
BTC,2022-10-26,down,slight_lean,A6b
BTC,2022-10-27,up,slight_lean,A6b
BTC,2022-10-28,up,slight_lean,A6b
BTC,2022-10-31,down,slight_lean,A6b
BTC,2022-11-01,up,slight_lean,A6b
BTC,2022-11-02,up,slight_lean,A6b
BTC,2022-11-03,up,slight_lean,A6b
BTC,2022-11-04,up,slight_lean,A6b
BTC,2022-11-07,down,slight_lean,A6b
BTC,2022-11-08,down,slight_lean,A6b
BTC,2022-11-09,down,slight_lean,A6b
BTC,2022-11-10,up,slight_lean,A6b
BTC,2022-11-11,down,slight_lean,A6b
BTC,2022-11-14,down,slight_lean,A6b
BTC,2022-11-15,up,slight_lean,A6b
BTC,2022-11-16,down,slight_lean,A6b
BTC,2022-11-17,up,slight_lean,A6b
BTC,2022-11-18,up,slight_lean,A6b
BTC,2022-11-21,down,slight_lean,A6b
BTC,2022-11-22,up,slight_lean,A6b
BTC,2022-11-23,down,slight_lean,A6b
BTC,2022-11-24,down,slight_lean,A6b
BTC,2022-11-25,down,slight_lean,A6b
BTC,2022-11-28,up,slight_lean,A6b
BTC,2022-11-29,up,slight_lean,A6b
BTC,2022-11-30,up,slight_lean,A6b
BTC,2022-12-01,down,slight_lean,A6b
BTC,2022-12-02,down,slight_lean,A6b
BTC,2022-12-05,up,slight_lean,A6b
BTC,2022-12-06,up,slight_lean,A6b
BTC,2022-12-07,up,slight_lean,A6b
BTC,2022-12-08,up,slight_lean,A6b
BTC,2022-12-09,down,slight_lean,A6b
BTC,2022-12-12,up,slight_lean,A6b
BTC,2022-12-13,down,slight_lean,A6b
BTC,2022-12-14,down,slight_lean,A6b
BTC,2022-12-15,up,slight_lean,A6b
BTC,2022-12-16,up,slight_lean,A6b
BTC,2022-12-19,up,slight_lean,A6b
BTC,2022-12-20,up,slight_lean,A6b
BTC,2022-12-21,up,slight_lean,A6b
BTC,2022-12-22,down,slight_lean,A6b
BTC,2022-12-23,up,slight_lean,A6b
BTC,2022-12-26,down,slight_lean,A6b
BTC,2022-12-27,down,slight_lean,A6b
BTC,2022-12-28,up,slight_lean,A6b
BTC,2022-12-29,up,slight_lean,A6b
BTC,2022-12-30,down,slight_lean,A6b
BTC,2023-01-02,up,slight_lean,A6b
BTC,2023-01-03,up,slight_lean,A6b
BTC,2023-01-04,up,slight_lean,A6b
BTC,2023-01-05,down,slight_lean,A6b
BTC,2023-01-06,up,slight_lean,A6b
BTC,2023-01-09,down,slight_lean,A6b
BTC,2023-01-10,down,slight_lean,A6b
BTC,2023-01-11,down,slight_lean,A6b
BTC,2023-01-12,down,slight_lean,A6b
BTC,2023-01-13,down,slight_lean,A6b
BTC,2023-01-16,down,slight_lean,A6b
BTC,2023-01-17,down,slight_lean,A6b
BTC,2023-01-18,down,slight_lean,A6b
BTC,2023-01-19,up,slight_lean,A6b
BTC,2023-01-20,up,slight_lean,A6b
BTC,2023-01-23,down,slight_lean,A6b
BTC,2023-01-24,down,slight_lean,A6b
BTC,2023-01-25,up,slight_lean,A6b
BTC,2023-01-26,up,slight_lean,A6b
BTC,2023-01-27,down,slight_lean,A6b
BTC,2023-01-30,down,slight_lean,A6b
BTC,2023-01-31,up,slight_lean,A6b
BTC,2023-02-01,down,slight_lean,A6b
BTC,2023-02-02,down,slight_lean,A6b
BTC,2023-02-03,down,slight_lean,A6b
BTC,2023-02-06,up,slight_lean,A6b
BTC,2023-02-07,up,slight_lean,A6b
BTC,2023-02-08,down,slight_lean,A6b
BTC,2023-02-09,up,slight_lean,A6b
BTC,2023-02-10,up,slight_lean,A6b
BTC,2023-02-13,up,slight_lean,A6b
BTC,2023-02-14,down,slight_lean,A6b
BTC,2023-02-15,down,slight_lean,A6b
BTC,2023-02-16,down,slight_lean,A6b
BTC,2023-02-17,up,slight_lean,A6b
BTC,2023-02-20,up,slight_lean,A6b
BTC,2023-02-21,up,slight_lean,A6b
BTC,2023-02-22,up,slight_lean,A6b
BTC,2023-02-23,down,slight_lean,A6b
BTC,2023-02-24,down,slight_lean,A6b
BTC,2023-02-27,up,slight_lean,A6b
BTC,2023-02-28,down,slight_lean,A6b
BTC,2023-03-01,up,slight_lean,A6b
BTC,2023-03-02,up,slight_lean,A6b
BTC,2023-03-03,down,slight_lean,A6b
BTC,2023-03-06,down,slight_lean,A6b
BTC,2023-03-07,down,slight_lean,A6b
BTC,2023-03-08,up,slight_lean,A6b
BTC,2023-03-09,down,slight_lean,A6b
BTC,2023-03-10,up,slight_lean,A6b
BTC,2023-03-13,up,slight_lean,A6b
BTC,2023-03-14,down,slight_lean,A6b
BTC,2023-03-15,down,slight_lean,A6b
BTC,2023-03-16,down,slight_lean,A6b
BTC,2023-03-17,down,slight_lean,A6b
BTC,2023-03-20,up,slight_lean,A6b
BTC,2023-03-21,down,slight_lean,A6b
BTC,2023-03-22,down,slight_lean,A6b
BTC,2023-03-23,up,slight_lean,A6b
BTC,2023-03-24,down,slight_lean,A6b
BTC,2023-03-27,down,slight_lean,A6b
BTC,2023-03-28,up,slight_lean,A6b
BTC,2023-03-29,up,slight_lean,A6b
BTC,2023-03-30,down,slight_lean,A6b
BTC,2023-03-31,down,slight_lean,A6b
BTC,2023-04-03,down,slight_lean,A6b
BTC,2023-04-04,up,slight_lean,A6b
BTC,2023-04-05,up,slight_lean,A6b
BTC,2023-04-06,up,slight_lean,A6b
BTC,2023-04-07,down,slight_lean,A6b
BTC,2023-04-10,down,slight_lean,A6b
BTC,2023-04-11,up,slight_lean,A6b
BTC,2023-04-12,up,slight_lean,A6b
BTC,2023-04-13,up,slight_lean,A6b
BTC,2023-04-14,down,slight_lean,A6b
BTC,2023-04-17,up,slight_lean,A6b
BTC,2023-04-18,down,slight_lean,A6b
BTC,2023-04-19,down,slight_lean,A6b
BTC,2023-04-20,up,slight_lean,A6b
BTC,2023-04-21,up,slight_lean,A6b
BTC,2023-04-24,down,slight_lean,A6b
BTC,2023-04-25,up,slight_lean,A6b
BTC,2023-04-26,up,slight_lean,A6b
BTC,2023-04-27,down,slight_lean,A6b
BTC,2023-04-28,down,slight_lean,A6b
BTC,2023-05-01,down,slight_lean,A6b
BTC,2023-05-02,up,slight_lean,A6b
BTC,2023-05-03,up,slight_lean,A6b
BTC,2023-05-04,up,slight_lean,A6b
BTC,2023-05-05,up,slight_lean,A6b
BTC,2023-05-08,down,slight_lean,A6b
BTC,2023-05-09,down,slight_lean,A6b
BTC,2023-05-10,up,slight_lean,A6b
BTC,2023-05-11,down,slight_lean,A6b
BTC,2023-05-12,down,slight_lean,A6b
BTC,2023-05-15,up,slight_lean,A6b
BTC,2023-05-16,down,slight_lean,A6b
BTC,2023-05-17,down,slight_lean,A6b
BTC,2023-05-18,down,slight_lean,A6b
BTC,2023-05-19,down,slight_lean,A6b
BTC,2023-05-22,up,slight_lean,A6b
BTC,2023-05-23,down,slight_lean,A6b
BTC,2023-05-24,up,slight_lean,A6b
BTC,2023-05-25,up,slight_lean,A6b
BTC,2023-05-26,down,slight_lean,A6b
BTC,2023-05-29,down,slight_lean,A6b
BTC,2023-05-30,down,slight_lean,A6b
BTC,2023-05-31,down,slight_lean,A6b
BTC,2023-06-01,up,slight_lean,A6b
BTC,2023-06-02,down,slight_lean,A6b
BTC,2023-06-05,down,slight_lean,A6b
BTC,2023-06-06,down,slight_lean,A6b
BTC,2023-06-07,down,slight_lean,A6b
BTC,2023-06-08,up,slight_lean,A6b
BTC,2023-06-09,down,slight_lean,A6b
BTC,2023-06-12,down,slight_lean,A6b
BTC,2023-06-13,down,slight_lean,A6b
BTC,2023-06-14,down,slight_lean,A6b
BTC,2023-06-15,down,slight_lean,A6b
BTC,2023-06-16,down,slight_lean,A6b
BTC,2023-06-19,up,slight_lean,A6b
BTC,2023-06-20,up,slight_lean,A6b
BTC,2023-06-21,up,slight_lean,A6b
BTC,2023-06-22,up,slight_lean,A6b
BTC,2023-06-23,down,slight_lean,A6b
BTC,2023-06-26,up,slight_lean,A6b
BTC,2023-06-27,up,slight_lean,A6b
BTC,2023-06-28,down,slight_lean,A6b
BTC,2023-06-29,down,slight_lean,A6b
BTC,2023-06-30,up,slight_lean,A6b
BTC,2023-07-03,down,slight_lean,A6b
BTC,2023-07-04,down,slight_lean,A6b
BTC,2023-07-05,down,slight_lean,A6b
BTC,2023-07-06,up,slight_lean,A6b
BTC,2023-07-07,up,slight_lean,A6b
BTC,2023-07-10,up,slight_lean,A6b
BTC,2023-07-11,down,slight_lean,A6b
BTC,2023-07-12,down,slight_lean,A6b
BTC,2023-07-13,down,slight_lean,A6b
BTC,2023-07-14,down,slight_lean,A6b
BTC,2023-07-17,up,slight_lean,A6b
BTC,2023-07-18,down,slight_lean,A6b
BTC,2023-07-19,down,slight_lean,A6b
BTC,2023-07-20,up,slight_lean,A6b
BTC,2023-07-21,up,slight_lean,A6b
BTC,2023-07-24,up,slight_lean,A6b
BTC,2023-07-25,down,slight_lean,A6b
BTC,2023-07-26,down,slight_lean,A6b
BTC,2023-07-27,up,slight_lean,A6b
BTC,2023-07-28,up,slight_lean,A6b
BTC,2023-07-31,down,slight_lean,A6b
BTC,2023-08-01,down,slight_lean,A6b
BTC,2023-08-02,up,slight_lean,A6b
BTC,2023-08-03,up,slight_lean,A6b
BTC,2023-08-04,up,slight_lean,A6b
BTC,2023-08-07,up,slight_lean,A6b
BTC,2023-08-08,down,slight_lean,A6b
BTC,2023-08-09,up,slight_lean,A6b
BTC,2023-08-10,up,slight_lean,A6b
BTC,2023-08-11,down,slight_lean,A6b
BTC,2023-08-14,up,slight_lean,A6b
BTC,2023-08-15,down,slight_lean,A6b
BTC,2023-08-16,up,slight_lean,A6b
BTC,2023-08-17,up,slight_lean,A6b
BTC,2023-08-18,up,slight_lean,A6b
BTC,2023-08-21,up,slight_lean,A6b
BTC,2023-08-22,down,slight_lean,A6b
BTC,2023-08-23,up,slight_lean,A6b
BTC,2023-08-24,down,slight_lean,A6b
BTC,2023-08-25,up,slight_lean,A6b
BTC,2023-08-28,down,slight_lean,A6b
BTC,2023-08-29,down,slight_lean,A6b
BTC,2023-08-30,down,slight_lean,A6b
BTC,2023-08-31,down,slight_lean,A6b
BTC,2023-09-01,down,slight_lean,A6b
BTC,2023-09-04,up,slight_lean,A6b
BTC,2023-09-05,up,slight_lean,A6b
BTC,2023-09-06,down,slight_lean,A6b
BTC,2023-09-07,up,slight_lean,A6b
BTC,2023-09-08,up,slight_lean,A6b
BTC,2023-09-11,down,slight_lean,A6b
BTC,2023-09-12,down,slight_lean,A6b
BTC,2023-09-13,up,slight_lean,A6b
BTC,2023-09-14,down,slight_lean,A6b
BTC,2023-09-15,down,slight_lean,A6b
BTC,2023-09-18,up,slight_lean,A6b
BTC,2023-09-19,down,slight_lean,A6b
BTC,2023-09-20,up,slight_lean,A6b
BTC,2023-09-21,up,slight_lean,A6b
BTC,2023-09-22,up,slight_lean,A6b
BTC,2023-09-25,down,slight_lean,A6b
BTC,2023-09-26,down,slight_lean,A6b
BTC,2023-09-27,up,slight_lean,A6b
BTC,2023-09-28,down,slight_lean,A6b
BTC,2023-09-29,down,slight_lean,A6b
BTC,2023-10-02,down,slight_lean,A6b
BTC,2023-10-03,down,slight_lean,A6b
BTC,2023-10-04,up,slight_lean,A6b
BTC,2023-10-05,down,slight_lean,A6b
BTC,2023-10-06,up,slight_lean,A6b
BTC,2023-10-09,down,slight_lean,A6b
BTC,2023-10-10,down,slight_lean,A6b
BTC,2023-10-11,down,slight_lean,A6b
BTC,2023-10-12,down,slight_lean,A6b
BTC,2023-10-13,up,slight_lean,A6b
BTC,2023-10-16,up,slight_lean,A6b
BTC,2023-10-17,down,slight_lean,A6b
BTC,2023-10-18,up,slight_lean,A6b
BTC,2023-10-19,up,slight_lean,A6b
BTC,2023-10-20,up,slight_lean,A6b
BTC,2023-10-23,up,slight_lean,A6b
BTC,2023-10-24,down,slight_lean,A6b
BTC,2023-10-25,down,slight_lean,A6b
BTC,2023-10-26,up,slight_lean,A6b
BTC,2023-10-27,up,slight_lean,A6b
BTC,2023-10-30,down,slight_lean,A6b
BTC,2023-10-31,down,slight_lean,A6b
BTC,2023-11-01,down,slight_lean,A6b
BTC,2023-11-02,down,slight_lean,A6b
BTC,2023-11-03,down,slight_lean,A6b
BTC,2023-11-06,down,slight_lean,A6b
BTC,2023-11-07,down,slight_lean,A6b
BTC,2023-11-08,down,slight_lean,A6b
BTC,2023-11-09,down,slight_lean,A6b
BTC,2023-11-10,up,slight_lean,A6b
BTC,2023-11-13,down,slight_lean,A6b
BTC,2023-11-14,up,slight_lean,A6b
BTC,2023-11-15,down,slight_lean,A6b
BTC,2023-11-16,down,slight_lean,A6b
BTC,2023-11-17,down,slight_lean,A6b
BTC,2023-11-20,down,slight_lean,A6b
BTC,2023-11-21,down,slight_lean,A6b
BTC,2023-11-22,up,slight_lean,A6b
BTC,2023-11-23,down,slight_lean,A6b
BTC,2023-11-24,down,slight_lean,A6b
BTC,2023-11-27,up,slight_lean,A6b
BTC,2023-11-28,up,slight_lean,A6b
BTC,2023-11-29,down,slight_lean,A6b
BTC,2023-11-30,up,slight_lean,A6b
BTC,2023-12-01,up,slight_lean,A6b
BTC,2023-12-04,down,slight_lean,A6b
BTC,2023-12-05,up,slight_lean,A6b
BTC,2023-12-06,down,slight_lean,A6b
BTC,2023-12-07,up,slight_lean,A6b
BTC,2023-12-08,down,slight_lean,A6b
BTC,2023-12-11,down,slight_lean,A6b
BTC,2023-12-12,down,slight_lean,A6b
BTC,2023-12-13,down,slight_lean,A6b
BTC,2023-12-14,down,slight_lean,A6b
BTC,2023-12-15,up,slight_lean,A6b
BTC,2023-12-18,down,slight_lean,A6b
BTC,2023-12-19,down,slight_lean,A6b
BTC,2023-12-20,down,slight_lean,A6b
BTC,2023-12-21,up,slight_lean,A6b
BTC,2023-12-22,down,slight_lean,A6b
BTC,2023-12-25,down,slight_lean,A6b
BTC,2023-12-26,down,slight_lean,A6b
BTC,2023-12-27,down,slight_lean,A6b
BTC,2023-12-28,down,slight_lean,A6b
BTC,2023-12-29,up,slight_lean,A6b
BTC,2024-01-01,up,slight_lean,A6b
BTC,2024-01-02,up,slight_lean,A6b
BTC,2024-01-03,up,slight_lean,A6b
BTC,2024-01-04,up,slight_lean,A6b
BTC,2024-01-05,up,slight_lean,A6b
BTC,2024-01-08,down,slight_lean,A6b
BTC,2024-01-09,down,slight_lean,A6b
BTC,2024-01-10,down,slight_lean,A6b
BTC,2024-01-11,down,slight_lean,A6b
BTC,2024-01-12,down,slight_lean,A6b
BTC,2024-01-15,down,slight_lean,A6b
BTC,2024-01-16,down,slight_lean,A6b
BTC,2024-01-17,up,slight_lean,A6b
BTC,2024-01-18,up,slight_lean,A6b
BTC,2024-01-19,down,slight_lean,A6b
BTC,2024-01-22,down,slight_lean,A6b
BTC,2024-01-23,down,slight_lean,A6b
BTC,2024-01-24,down,slight_lean,A6b
BTC,2024-01-25,down,slight_lean,A6b
BTC,2024-01-26,down,slight_lean,A6b
BTC,2024-01-29,up,slight_lean,A6b
BTC,2024-01-30,down,slight_lean,A6b
BTC,2024-01-31,up,slight_lean,A6b
BTC,2024-02-01,up,slight_lean,A6b
BTC,2024-02-02,down,slight_lean,A6b
BTC,2024-02-05,down,slight_lean,A6b
BTC,2024-02-06,up,slight_lean,A6b
BTC,2024-02-07,up,slight_lean,A6b
BTC,2024-02-08,down,slight_lean,A6b
BTC,2024-02-09,down,slight_lean,A6b
BTC,2024-02-12,down,slight_lean,A6b
BTC,2024-02-13,up,slight_lean,A6b
BTC,2024-02-14,up,slight_lean,A6b
BTC,2024-02-15,down,slight_lean,A6b
BTC,2024-02-16,down,slight_lean,A6b
BTC,2024-02-19,up,slight_lean,A6b
BTC,2024-02-20,up,slight_lean,A6b
BTC,2024-02-21,up,slight_lean,A6b
BTC,2024-02-22,up,slight_lean,A6b
BTC,2024-02-23,down,slight_lean,A6b
BTC,2024-02-26,up,slight_lean,A6b
BTC,2024-02-27,up,slight_lean,A6b
BTC,2024-02-28,down,slight_lean,A6b
BTC,2024-02-29,up,slight_lean,A6b
BTC,2024-03-01,down,slight_lean,A6b
BTC,2024-03-04,down,slight_lean,A6b
BTC,2024-03-05,up,slight_lean,A6b
BTC,2024-03-06,up,slight_lean,A6b
BTC,2024-03-07,down,slight_lean,A6b
BTC,2024-03-08,down,slight_lean,A6b
BTC,2024-03-11,up,slight_lean,A6b
BTC,2024-03-12,up,slight_lean,A6b
BTC,2024-03-13,down,slight_lean,A6b
BTC,2024-03-14,up,slight_lean,A6b
BTC,2024-03-15,up,slight_lean,A6b
BTC,2024-03-18,up,slight_lean,A6b
BTC,2024-03-19,down,slight_lean,A6b
BTC,2024-03-20,down,slight_lean,A6b
BTC,2024-03-21,down,slight_lean,A6b
BTC,2024-03-22,down,slight_lean,A6b
BTC,2024-03-25,down,slight_lean,A6b
BTC,2024-03-26,up,slight_lean,A6b
BTC,2024-03-27,up,slight_lean,A6b
BTC,2024-03-28,down,slight_lean,A6b
BTC,2024-03-29,up,slight_lean,A6b
BTC,2024-04-01,up,slight_lean,A6b
BTC,2024-04-02,down,slight_lean,A6b
BTC,2024-04-03,up,slight_lean,A6b
BTC,2024-04-04,down,slight_lean,A6b
BTC,2024-04-05,up,slight_lean,A6b
BTC,2024-04-08,down,slight_lean,A6b
BTC,2024-04-09,up,slight_lean,A6b
BTC,2024-04-10,down,slight_lean,A6b
BTC,2024-04-11,up,slight_lean,A6b
BTC,2024-04-12,down,slight_lean,A6b
BTC,2024-04-15,up,slight_lean,A6b
BTC,2024-04-16,up,slight_lean,A6b
BTC,2024-04-17,down,slight_lean,A6b
BTC,2024-04-18,up,slight_lean,A6b
BTC,2024-04-19,up,slight_lean,A6b
BTC,2024-04-22,up,slight_lean,A6b
BTC,2024-04-23,down,slight_lean,A6b
BTC,2024-04-24,down,slight_lean,A6b
BTC,2024-04-25,down,slight_lean,A6b
BTC,2024-04-26,up,slight_lean,A6b
BTC,2024-04-29,down,slight_lean,A6b
BTC,2024-04-30,down,slight_lean,A6b
BTC,2024-05-01,up,slight_lean,A6b
BTC,2024-05-02,up,slight_lean,A6b
BTC,2024-05-03,down,slight_lean,A6b
BTC,2024-05-06,down,slight_lean,A6b
BTC,2024-05-07,down,slight_lean,A6b
BTC,2024-05-08,up,slight_lean,A6b
BTC,2024-05-09,up,slight_lean,A6b
BTC,2024-05-10,down,slight_lean,A6b
BTC,2024-05-13,down,slight_lean,A6b
BTC,2024-05-14,down,slight_lean,A6b
BTC,2024-05-15,down,slight_lean,A6b
BTC,2024-05-16,down,slight_lean,A6b
BTC,2024-05-17,up,slight_lean,A6b
BTC,2024-05-20,up,slight_lean,A6b
BTC,2024-05-21,down,slight_lean,A6b
BTC,2024-05-22,down,slight_lean,A6b
BTC,2024-05-23,up,slight_lean,A6b
BTC,2024-05-24,up,slight_lean,A6b
BTC,2024-05-27,down,slight_lean,A6b
BTC,2024-05-28,down,slight_lean,A6b
BTC,2024-05-29,down,slight_lean,A6b
BTC,2024-05-30,up,slight_lean,A6b
BTC,2024-05-31,up,slight_lean,A6b
BTC,2024-06-03,up,slight_lean,A6b
BTC,2024-06-04,down,slight_lean,A6b
BTC,2024-06-05,down,slight_lean,A6b
BTC,2024-06-06,down,slight_lean,A6b
BTC,2024-06-07,up,slight_lean,A6b
BTC,2024-06-10,up,slight_lean,A6b
BTC,2024-06-11,down,slight_lean,A6b
BTC,2024-06-12,down,slight_lean,A6b
BTC,2024-06-13,down,slight_lean,A6b
BTC,2024-06-14,down,slight_lean,A6b
BTC,2024-06-17,down,slight_lean,A6b
BTC,2024-06-18,down,slight_lean,A6b
BTC,2024-06-19,down,slight_lean,A6b
BTC,2024-06-20,down,slight_lean,A6b
BTC,2024-06-21,up,slight_lean,A6b
BTC,2024-06-24,up,slight_lean,A6b
BTC,2024-06-25,up,slight_lean,A6b
BTC,2024-06-26,down,slight_lean,A6b
BTC,2024-06-27,down,slight_lean,A6b
BTC,2024-06-28,down,slight_lean,A6b
BTC,2024-07-01,up,slight_lean,A6b
BTC,2024-07-02,down,slight_lean,A6b
BTC,2024-07-03,down,slight_lean,A6b
BTC,2024-07-04,down,slight_lean,A6b
BTC,2024-07-05,down,slight_lean,A6b
BTC,2024-07-08,down,slight_lean,A6b
BTC,2024-07-09,down,slight_lean,A6b
BTC,2024-07-10,down,slight_lean,A6b
BTC,2024-07-11,down,slight_lean,A6b
BTC,2024-07-12,up,slight_lean,A6b
BTC,2024-07-15,down,slight_lean,A6b
BTC,2024-07-16,down,slight_lean,A6b
BTC,2024-07-17,down,slight_lean,A6b
BTC,2024-07-18,up,slight_lean,A6b
BTC,2024-07-19,up,slight_lean,A6b
BTC,2024-07-22,up,slight_lean,A6b
BTC,2024-07-23,down,slight_lean,A6b
BTC,2024-07-24,up,slight_lean,A6b
BTC,2024-07-25,up,slight_lean,A6b
BTC,2024-07-26,up,slight_lean,A6b
BTC,2024-07-29,down,slight_lean,A6b
BTC,2024-07-30,down,slight_lean,A6b
BTC,2024-07-31,up,slight_lean,A6b
BTC,2024-08-01,down,slight_lean,A6b
BTC,2024-08-02,up,slight_lean,A6b
BTC,2024-08-05,up,slight_lean,A6b
BTC,2024-08-06,up,slight_lean,A6b
BTC,2024-08-07,down,slight_lean,A6b
BTC,2024-08-08,up,slight_lean,A6b
BTC,2024-08-09,down,slight_lean,A6b
BTC,2024-08-12,down,slight_lean,A6b
BTC,2024-08-13,down,slight_lean,A6b
BTC,2024-08-14,down,slight_lean,A6b
BTC,2024-08-15,down,slight_lean,A6b
BTC,2024-08-16,down,slight_lean,A6b
BTC,2024-08-19,down,slight_lean,A6b
BTC,2024-08-20,down,slight_lean,A6b
BTC,2024-08-21,up,slight_lean,A6b
BTC,2024-08-22,down,slight_lean,A6b
BTC,2024-08-23,up,slight_lean,A6b
BTC,2024-08-26,down,slight_lean,A6b
BTC,2024-08-27,up,slight_lean,A6b
BTC,2024-08-28,down,slight_lean,A6b
BTC,2024-08-29,up,slight_lean,A6b
BTC,2024-08-30,up,slight_lean,A6b
BTC,2024-09-02,down,slight_lean,A6b
BTC,2024-09-03,down,slight_lean,A6b
BTC,2024-09-04,up,slight_lean,A6b
BTC,2024-09-05,up,slight_lean,A6b
BTC,2024-09-06,down,slight_lean,A6b
BTC,2024-09-09,up,slight_lean,A6b
BTC,2024-09-10,down,slight_lean,A6b
BTC,2024-09-11,down,slight_lean,A6b
BTC,2024-09-12,down,slight_lean,A6b
BTC,2024-09-13,down,slight_lean,A6b
BTC,2024-09-16,down,slight_lean,A6b
BTC,2024-09-17,up,slight_lean,A6b
BTC,2024-09-18,down,slight_lean,A6b
BTC,2024-09-19,up,slight_lean,A6b
BTC,2024-09-20,down,slight_lean,A6b
BTC,2024-09-23,up,slight_lean,A6b
BTC,2024-09-24,down,slight_lean,A6b
BTC,2024-09-25,down,slight_lean,A6b
BTC,2024-09-26,down,slight_lean,A6b
BTC,2024-09-27,down,slight_lean,A6b
BTC,2024-09-30,up,slight_lean,A6b
BTC,2024-10-01,down,slight_lean,A6b
BTC,2024-10-02,up,slight_lean,A6b
BTC,2024-10-03,down,slight_lean,A6b
BTC,2024-10-04,up,slight_lean,A6b
BTC,2024-10-07,down,slight_lean,A6b
BTC,2024-10-08,up,slight_lean,A6b
BTC,2024-10-09,down,slight_lean,A6b
BTC,2024-10-10,down,slight_lean,A6b
BTC,2024-10-11,up,slight_lean,A6b
BTC,2024-10-14,down,slight_lean,A6b
BTC,2024-10-15,down,slight_lean,A6b
BTC,2024-10-16,up,slight_lean,A6b
BTC,2024-10-17,down,slight_lean,A6b
BTC,2024-10-18,down,slight_lean,A6b
BTC,2024-10-21,down,slight_lean,A6b
BTC,2024-10-22,down,slight_lean,A6b
BTC,2024-10-23,down,slight_lean,A6b
BTC,2024-10-24,up,slight_lean,A6b
BTC,2024-10-25,down,slight_lean,A6b
BTC,2024-10-28,down,slight_lean,A6b
BTC,2024-10-29,up,slight_lean,A6b
BTC,2024-10-30,down,slight_lean,A6b
BTC,2024-10-31,up,slight_lean,A6b
BTC,2024-11-01,up,slight_lean,A6b
BTC,2024-11-04,down,slight_lean,A6b
BTC,2024-11-05,up,slight_lean,A6b
BTC,2024-11-06,down,slight_lean,A6b
BTC,2024-11-07,down,slight_lean,A6b
BTC,2024-11-08,down,slight_lean,A6b
BTC,2024-11-11,down,slight_lean,A6b
BTC,2024-11-12,up,slight_lean,A6b
BTC,2024-11-13,up,slight_lean,A6b
BTC,2024-11-14,up,slight_lean,A6b
BTC,2024-11-15,up,slight_lean,A6b
BTC,2024-11-18,up,slight_lean,A6b
BTC,2024-11-19,down,slight_lean,A6b
BTC,2024-11-20,down,slight_lean,A6b
BTC,2024-11-21,up,slight_lean,A6b
BTC,2024-11-22,down,slight_lean,A6b
BTC,2024-11-25,down,slight_lean,A6b
BTC,2024-11-26,down,slight_lean,A6b
BTC,2024-11-27,down,slight_lean,A6b
BTC,2024-11-28,up,slight_lean,A6b
BTC,2024-11-29,up,slight_lean,A6b
BTC,2024-12-02,down,slight_lean,A6b
BTC,2024-12-03,down,slight_lean,A6b
BTC,2024-12-04,down,slight_lean,A6b
BTC,2024-12-05,down,slight_lean,A6b
BTC,2024-12-06,up,slight_lean,A6b
BTC,2024-12-09,down,slight_lean,A6b
BTC,2024-12-10,up,slight_lean,A6b
BTC,2024-12-11,up,slight_lean,A6b
BTC,2024-12-12,down,slight_lean,A6b
BTC,2024-12-13,up,slight_lean,A6b
BTC,2024-12-16,down,slight_lean,A6b
BTC,2024-12-17,down,slight_lean,A6b
BTC,2024-12-18,up,slight_lean,A6b
BTC,2024-12-19,up,slight_lean,A6b
BTC,2024-12-20,up,slight_lean,A6b
BTC,2024-12-23,down,slight_lean,A6b
BTC,2024-12-24,down,slight_lean,A6b
BTC,2024-12-25,down,slight_lean,A6b
BTC,2024-12-26,down,slight_lean,A6b
BTC,2024-12-27,up,slight_lean,A6b
BTC,2024-12-30,up,slight_lean,A6b
BTC,2024-12-31,up,slight_lean,A6b
BTC,2025-01-01,up,slight_lean,A6b
BTC,2025-01-02,up,slight_lean,A6b
BTC,2025-01-03,up,slight_lean,A6b
BTC,2025-01-06,down,slight_lean,A6b
BTC,2025-01-07,down,slight_lean,A6b
BTC,2025-01-08,up,slight_lean,A6b
BTC,2025-01-09,down,slight_lean,A6b
BTC,2025-01-10,down,slight_lean,A6b
BTC,2025-01-13,up,slight_lean,A6b
BTC,2025-01-14,up,slight_lean,A6b
BTC,2025-01-15,up,slight_lean,A6b
BTC,2025-01-16,down,slight_lean,A6b
BTC,2025-01-17,up,slight_lean,A6b
BTC,2025-01-20,down,slight_lean,A6b
BTC,2025-01-21,down,slight_lean,A6b
BTC,2025-01-22,down,slight_lean,A6b
BTC,2025-01-23,down,slight_lean,A6b
BTC,2025-01-24,down,slight_lean,A6b
BTC,2025-01-27,up,slight_lean,A6b
BTC,2025-01-28,up,slight_lean,A6b
BTC,2025-01-29,down,slight_lean,A6b
BTC,2025-01-30,up,slight_lean,A6b
BTC,2025-01-31,down,slight_lean,A6b
BTC,2025-02-03,up,slight_lean,A6b
BTC,2025-02-04,up,slight_lean,A6b
BTC,2025-02-05,down,slight_lean,A6b
BTC,2025-02-06,down,slight_lean,A6b
BTC,2025-02-07,down,slight_lean,A6b
BTC,2025-02-10,up,slight_lean,A6b
BTC,2025-02-11,down,slight_lean,A6b
BTC,2025-02-12,up,slight_lean,A6b
BTC,2025-02-13,down,slight_lean,A6b
BTC,2025-02-14,down,slight_lean,A6b
BTC,2025-02-17,down,slight_lean,A6b
BTC,2025-02-18,down,slight_lean,A6b
BTC,2025-02-19,down,slight_lean,A6b
BTC,2025-02-20,down,slight_lean,A6b
BTC,2025-02-21,up,slight_lean,A6b
BTC,2025-02-24,up,slight_lean,A6b
BTC,2025-02-25,up,slight_lean,A6b
BTC,2025-02-26,up,slight_lean,A6b
BTC,2025-02-27,down,slight_lean,A6b
BTC,2025-02-28,up,slight_lean,A6b
BTC,2025-03-03,down,slight_lean,A6b
BTC,2025-03-04,up,slight_lean,A6b
BTC,2025-03-05,up,slight_lean,A6b
BTC,2025-03-06,down,slight_lean,A6b
BTC,2025-03-07,up,slight_lean,A6b
BTC,2025-03-10,down,slight_lean,A6b
BTC,2025-03-11,up,slight_lean,A6b
BTC,2025-03-12,up,slight_lean,A6b
BTC,2025-03-13,down,slight_lean,A6b
BTC,2025-03-14,up,slight_lean,A6b
BTC,2025-03-17,down,slight_lean,A6b
BTC,2025-03-18,down,slight_lean,A6b
BTC,2025-03-19,up,slight_lean,A6b
BTC,2025-03-20,down,slight_lean,A6b
BTC,2025-03-21,up,slight_lean,A6b
BTC,2025-03-24,down,slight_lean,A6b
BTC,2025-03-25,down,slight_lean,A6b
BTC,2025-03-26,down,slight_lean,A6b
BTC,2025-03-27,up,slight_lean,A6b
BTC,2025-03-28,up,slight_lean,A6b
BTC,2025-03-31,up,slight_lean,A6b
BTC,2025-04-01,up,slight_lean,A6b
BTC,2025-04-02,down,slight_lean,A6b
BTC,2025-04-03,down,slight_lean,A6b
BTC,2025-04-04,up,slight_lean,A6b
BTC,2025-04-07,up,slight_lean,A6b
BTC,2025-04-08,down,slight_lean,A6b
BTC,2025-04-09,up,slight_lean,A6b
BTC,2025-04-10,down,slight_lean,A6b
BTC,2025-04-11,up,slight_lean,A6b
BTC,2025-04-14,down,slight_lean,A6b
BTC,2025-04-15,down,slight_lean,A6b
BTC,2025-04-16,down,slight_lean,A6b
BTC,2025-04-17,up,slight_lean,A6b
BTC,2025-04-18,down,slight_lean,A6b
BTC,2025-04-21,down,slight_lean,A6b
BTC,2025-04-22,up,slight_lean,A6b
BTC,2025-04-23,down,slight_lean,A6b
BTC,2025-04-24,down,slight_lean,A6b
BTC,2025-04-25,down,slight_lean,A6b
BTC,2025-04-28,down,slight_lean,A6b
BTC,2025-04-29,up,slight_lean,A6b
BTC,2025-04-30,down,slight_lean,A6b
BTC,2025-05-01,down,slight_lean,A6b
BTC,2025-05-02,down,slight_lean,A6b
BTC,2025-05-05,down,slight_lean,A6b
BTC,2025-05-06,up,slight_lean,A6b
BTC,2025-05-07,up,slight_lean,A6b
BTC,2025-05-08,down,slight_lean,A6b
BTC,2025-05-09,down,slight_lean,A6b
BTC,2025-05-12,up,slight_lean,A6b
BTC,2025-05-13,down,slight_lean,A6b
BTC,2025-05-14,down,slight_lean,A6b
BTC,2025-05-15,down,slight_lean,A6b
BTC,2025-05-16,down,slight_lean,A6b
BTC,2025-05-19,down,slight_lean,A6b
BTC,2025-05-20,down,slight_lean,A6b
BTC,2025-05-21,up,slight_lean,A6b
BTC,2025-05-22,up,slight_lean,A6b
BTC,2025-05-23,down,slight_lean,A6b
BTC,2025-05-26,up,slight_lean,A6b
BTC,2025-05-27,up,slight_lean,A6b
BTC,2025-05-28,down,slight_lean,A6b
BTC,2025-05-29,up,slight_lean,A6b
BTC,2025-05-30,down,slight_lean,A6b
BTC,2025-06-02,up,slight_lean,A6b
BTC,2025-06-03,down,slight_lean,A6b
BTC,2025-06-04,down,slight_lean,A6b
BTC,2025-06-05,down,slight_lean,A6b
BTC,2025-06-06,up,slight_lean,A6b
BTC,2025-06-09,down,slight_lean,A6b
BTC,2025-06-10,down,slight_lean,A6b
BTC,2025-06-11,down,slight_lean,A6b
BTC,2025-06-12,up,slight_lean,A6b
BTC,2025-06-13,down,slight_lean,A6b
BTC,2025-06-16,up,slight_lean,A6b
BTC,2025-06-17,down,slight_lean,A6b
BTC,2025-06-18,up,slight_lean,A6b
BTC,2025-06-19,down,slight_lean,A6b
BTC,2025-06-20,down,slight_lean,A6b
BTC,2025-06-23,up,slight_lean,A6b
BTC,2025-06-24,down,slight_lean,A6b
BTC,2025-06-25,down,slight_lean,A6b
BTC,2025-06-26,down,slight_lean,A6b
BTC,2025-06-27,down,slight_lean,A6b
BTC,2025-06-30,down,slight_lean,A6b
BTC,2025-07-01,down,slight_lean,A6b
BTC,2025-07-02,up,slight_lean,A6b
BTC,2025-07-03,down,slight_lean,A6b
BTC,2025-07-04,down,slight_lean,A6b
BTC,2025-07-07,down,slight_lean,A6b
BTC,2025-07-08,up,slight_lean,A6b
BTC,2025-07-09,down,slight_lean,A6b
BTC,2025-07-10,down,slight_lean,A6b
BTC,2025-07-11,up,slight_lean,A6b
BTC,2025-07-14,up,slight_lean,A6b
BTC,2025-07-15,down,slight_lean,A6b
BTC,2025-07-16,down,slight_lean,A6b
BTC,2025-07-17,down,slight_lean,A6b
BTC,2025-07-18,down,slight_lean,A6b
BTC,2025-07-21,up,slight_lean,A6b
BTC,2025-07-22,down,slight_lean,A6b
BTC,2025-07-23,up,slight_lean,A6b
BTC,2025-07-24,down,slight_lean,A6b
BTC,2025-07-25,down,slight_lean,A6b
BTC,2025-07-28,down,slight_lean,A6b
BTC,2025-07-29,down,slight_lean,A6b
BTC,2025-07-30,up,slight_lean,A6b
BTC,2025-07-31,down,slight_lean,A6b
BTC,2025-08-01,up,slight_lean,A6b
BTC,2025-08-04,up,slight_lean,A6b
BTC,2025-08-05,down,slight_lean,A6b
BTC,2025-08-06,up,slight_lean,A6b
BTC,2025-08-07,down,slight_lean,A6b
BTC,2025-08-08,down,slight_lean,A6b
BTC,2025-08-11,down,slight_lean,A6b
BTC,2025-08-12,up,slight_lean,A6b
BTC,2025-08-13,down,slight_lean,A6b
BTC,2025-08-14,down,slight_lean,A6b
BTC,2025-08-15,up,slight_lean,A6b
BTC,2025-08-18,up,slight_lean,A6b
BTC,2025-08-19,down,slight_lean,A6b
BTC,2025-08-20,up,slight_lean,A6b
BTC,2025-08-21,up,slight_lean,A6b
BTC,2025-08-22,up,slight_lean,A6b
BTC,2025-08-25,down,slight_lean,A6b
BTC,2025-08-26,up,slight_lean,A6b
BTC,2025-08-27,down,slight_lean,A6b
BTC,2025-08-28,down,slight_lean,A6b
BTC,2025-08-29,down,slight_lean,A6b
BTC,2025-09-01,up,slight_lean,A6b
BTC,2025-09-02,up,slight_lean,A6b
BTC,2025-09-03,up,slight_lean,A6b
BTC,2025-09-04,down,slight_lean,A6b
BTC,2025-09-05,down,slight_lean,A6b
BTC,2025-09-08,down,slight_lean,A6b
BTC,2025-09-09,down,slight_lean,A6b
BTC,2025-09-10,down,slight_lean,A6b
BTC,2025-09-11,down,slight_lean,A6b
BTC,2025-09-12,down,slight_lean,A6b
BTC,2025-09-15,down,slight_lean,A6b
BTC,2025-09-16,down,slight_lean,A6b
BTC,2025-09-17,up,slight_lean,A6b
BTC,2025-09-18,up,slight_lean,A6b
BTC,2025-09-19,down,slight_lean,A6b
BTC,2025-09-22,down,slight_lean,A6b
BTC,2025-09-23,down,slight_lean,A6b
BTC,2025-09-24,up,slight_lean,A6b
BTC,2025-09-25,up,slight_lean,A6b
BTC,2025-09-26,up,slight_lean,A6b
BTC,2025-09-29,down,slight_lean,A6b
BTC,2025-09-30,down,slight_lean,A6b
BTC,2025-10-01,down,slight_lean,A6b
BTC,2025-10-02,down,slight_lean,A6b
BTC,2025-10-03,down,slight_lean,A6b
BTC,2025-10-06,up,slight_lean,A6b
BTC,2025-10-07,down,slight_lean,A6b
BTC,2025-10-08,up,slight_lean,A6b
BTC,2025-10-09,down,slight_lean,A6b
BTC,2025-10-10,up,slight_lean,A6b
BTC,2025-10-13,up,slight_lean,A6b
BTC,2025-10-14,down,slight_lean,A6b
BTC,2025-10-15,up,slight_lean,A6b
BTC,2025-10-16,down,slight_lean,A6b
BTC,2025-10-17,up,slight_lean,A6b
BTC,2025-10-20,down,slight_lean,A6b
BTC,2025-10-21,down,slight_lean,A6b
BTC,2025-10-22,up,slight_lean,A6b
BTC,2025-10-23,up,slight_lean,A6b
BTC,2025-10-24,down,slight_lean,A6b
BTC,2025-10-27,down,slight_lean,A6b
BTC,2025-10-28,down,slight_lean,A6b
BTC,2025-10-29,down,slight_lean,A6b
BTC,2025-10-30,down,slight_lean,A6b
BTC,2025-10-31,up,slight_lean,A6b
BTC,2025-11-03,down,slight_lean,A6b
BTC,2025-11-04,down,slight_lean,A6b
BTC,2025-11-05,up,slight_lean,A6b
BTC,2025-11-06,down,slight_lean,A6b
BTC,2025-11-07,up,slight_lean,A6b
BTC,2025-11-10,up,slight_lean,A6b
BTC,2025-11-11,down,slight_lean,A6b
BTC,2025-11-12,up,slight_lean,A6b
BTC,2025-11-13,up,slight_lean,A6b
BTC,2025-11-14,up,slight_lean,A6b
BTC,2025-11-17,down,slight_lean,A6b
BTC,2025-11-18,up,slight_lean,A6b
BTC,2025-11-19,up,slight_lean,A6b
BTC,2025-11-20,down,slight_lean,A6b
BTC,2025-11-21,up,slight_lean,A6b
BTC,2025-11-24,down,slight_lean,A6b
BTC,2025-11-25,down,slight_lean,A6b
BTC,2025-11-26,down,slight_lean,A6b
BTC,2025-11-27,down,slight_lean,A6b
BTC,2025-11-28,down,slight_lean,A6b
BTC,2025-12-01,down,slight_lean,A6b
BTC,2025-12-02,up,slight_lean,A6b
BTC,2025-12-03,down,slight_lean,A6b
BTC,2025-12-04,down,slight_lean,A6b
BTC,2025-12-05,up,slight_lean,A6b
BTC,2025-12-08,down,slight_lean,A6b
BTC,2025-12-09,up,slight_lean,A6b
BTC,2025-12-10,down,slight_lean,A6b
BTC,2025-12-11,down,slight_lean,A6b
BTC,2025-12-12,up,slight_lean,A6b
BTC,2025-12-15,up,slight_lean,A6b
BTC,2025-12-16,up,slight_lean,A6b
BTC,2025-12-17,down,slight_lean,A6b
BTC,2025-12-18,up,slight_lean,A6b
BTC,2025-12-19,down,slight_lean,A6b
BTC,2025-12-22,down,slight_lean,A6b
BTC,2025-12-23,down,slight_lean,A6b
BTC,2025-12-24,down,slight_lean,A6b
BTC,2025-12-25,down,slight_lean,A6b
BTC,2025-12-26,down,slight_lean,A6b
BTC,2025-12-29,up,slight_lean,A6b
BTC,2025-12-30,up,slight_lean,A6b
BTC,2025-12-31,up,slight_lean,A6b
BTC,2026-01-01,up,slight_lean,A6b
BTC,2026-01-02,up,slight_lean,A6b
BTC,2026-01-05,up,slight_lean,A6b
BTC,2026-01-06,down,slight_lean,A6b
BTC,2026-01-07,down,slight_lean,A6b
BTC,2026-01-08,down,slight_lean,A6b
BTC,2026-01-09,up,slight_lean,A6b
BTC,2026-01-12,down,slight_lean,A6b
BTC,2026-01-13,down,slight_lean,A6b
BTC,2026-01-14,up,slight_lean,A6b
BTC,2026-01-15,up,slight_lean,A6b
BTC,2026-01-16,down,slight_lean,A6b
BTC,2026-01-19,up,slight_lean,A6b
BTC,2026-01-20,up,slight_lean,A6b
BTC,2026-01-21,up,slight_lean,A6b
BTC,2026-01-22,down,slight_lean,A6b
BTC,2026-01-23,down,slight_lean,A6b
BTC,2026-01-26,down,slight_lean,A6b
BTC,2026-01-27,down,slight_lean,A6b
BTC,2026-01-28,down,slight_lean,A6b
BTC,2026-01-29,down,slight_lean,A6b
BTC,2026-01-30,up,slight_lean,A6b
BTC,2026-02-02,up,slight_lean,A6b
BTC,2026-02-03,down,slight_lean,A6b
BTC,2026-02-04,up,slight_lean,A6b
BTC,2026-02-05,up,slight_lean,A6b
BTC,2026-02-06,up,slight_lean,A6b
BTC,2026-02-09,down,slight_lean,A6b
BTC,2026-02-10,down,slight_lean,A6b
BTC,2026-02-11,up,slight_lean,A6b
BTC,2026-02-12,down,slight_lean,A6b
BTC,2026-02-13,up,slight_lean,A6b
BTC,2026-02-16,down,slight_lean,A6b
BTC,2026-02-17,down,slight_lean,A6b
BTC,2026-02-18,up,slight_lean,A6b
BTC,2026-02-19,down,slight_lean,A6b
BTC,2026-02-20,up,slight_lean,A6b
BTC,2026-02-23,down,slight_lean,A6b
BTC,2026-02-24,up,slight_lean,A6b
BTC,2026-02-25,down,slight_lean,A6b
BTC,2026-02-26,down,slight_lean,A6b
BTC,2026-02-27,up,slight_lean,A6b
BTC,2026-03-02,up,slight_lean,A6b
BTC,2026-03-03,down,slight_lean,A6b
BTC,2026-03-04,up,slight_lean,A6b
BTC,2026-03-05,down,slight_lean,A6b
BTC,2026-03-06,up,slight_lean,A6b
BTC,2026-03-09,up,slight_lean,A6b
BTC,2026-03-10,down,slight_lean,A6b
BTC,2026-03-11,up,slight_lean,A6b
BTC,2026-03-12,down,slight_lean,A6b
BTC,2026-03-13,up,slight_lean,A6b
BTC,2026-03-16,up,slight_lean,A6b
BTC,2026-03-17,down,slight_lean,A6b
BTC,2026-03-18,down,slight_lean,A6b
BTC,2026-03-19,up,slight_lean,A6b
BTC,2026-03-20,up,slight_lean,A6b
BTC,2026-03-23,up,slight_lean,A6b
BTC,2026-03-24,down,slight_lean,A6b
BTC,2026-03-25,up,slight_lean,A6b
BTC,2026-03-26,down,slight_lean,A6b
BTC,2026-03-27,up,slight_lean,A6b
BTC,2026-03-30,up,slight_lean,A6b
BTC,2026-03-31,up,slight_lean,A6b
BTC,2026-04-01,down,slight_lean,A6b
BTC,2026-04-02,down,slight_lean,A6b
BTC,2026-04-03,down,slight_lean,A6b
BTC,2026-04-06,down,slight_lean,A6b
BTC,2026-04-07,down,slight_lean,A6b
BTC,2026-04-08,down,slight_lean,A6b
BTC,2026-04-09,down,slight_lean,A6b
BTC,2026-04-10,down,slight_lean,A6b
BTC,2026-04-13,down,slight_lean,A6b
BTC,2026-04-14,down,slight_lean,A6b
BTC,2026-04-15,down,slight_lean,A6b
BTC,2026-04-16,down,slight_lean,A6b
BTC,2026-04-17,down,slight_lean,A6b
BTC,2026-04-20,down,slight_lean,A6b
BTC,2026-04-21,up,slight_lean,A6b
BTC,2026-04-22,up,slight_lean,A6b
BTC,2026-04-23,down,slight_lean,A6b
BTC,2026-04-24,up,slight_lean,A6b
BTC,2026-04-27,down,slight_lean,A6b
BTC,2026-04-28,down,slight_lean,A6b
BTC,2026-04-29,up,slight_lean,A6b
BTC,2026-04-30,down,slight_lean,A6b
BTC,2026-05-01,down,slight_lean,A6b
BTC,2026-05-04,down,slight_lean,A6b
BTC,2026-05-05,up,slight_lean,A6b
BTC,2026-05-06,down,slight_lean,A6b
BTC,2026-05-07,down,slight_lean,A6b
BTC,2026-05-08,up,slight_lean,A6b
BTC,2026-05-11,down,slight_lean,A6b
BTC,2026-05-12,down,slight_lean,A6b
BTC,2026-05-13,up,slight_lean,A6b
BTC,2026-05-14,down,slight_lean,A6b
BTC,2026-05-15,down,slight_lean,A6b
BTC,2026-05-18,up,slight_lean,A6b
BTC,2026-05-19,up,slight_lean,A6b
BTC,2026-05-20,up,slight_lean,A6b
BTC,2026-05-21,down,slight_lean,A6b
BTC,2026-05-22,down,slight_lean,A6b
BTC,2026-05-25,down,slight_lean,A6b
BTC,2026-05-26,down,slight_lean,A6b
BTC,2026-05-27,down,slight_lean,A6b
BTC,2026-05-28,up,slight_lean,A6b
BTC,2026-05-29,down,slight_lean,A6b
BTC,2026-06-01,down,slight_lean,A6b
BTC,2026-06-02,down,slight_lean,A6b
BTC,2026-06-03,down,slight_lean,A6b
BTC,2026-06-04,up,slight_lean,A6b
BTC,2026-06-05,up,slight_lean,A6b
BTC,2026-06-08,up,slight_lean,A6b
BTC,2026-06-09,down,slight_lean,A6b
BTC,2026-06-10,up,slight_lean,A6b
BTC,2026-06-11,up,slight_lean,A6b
BTC,2026-06-12,down,slight_lean,A6b
BTC,2026-06-15,down,slight_lean,A6b
BTC,2026-06-16,down,slight_lean,A6b
BTC,2026-06-17,up,slight_lean,A6b
BTC,2026-06-18,up,slight_lean,A6b
BTC,2026-06-19,down,slight_lean,A6b
BTC,2026-06-22,down,slight_lean,A6b
BTC,2026-06-23,up,slight_lean,A6b
BTC,2026-06-24,up,slight_lean,A6b
BTC,2026-06-25,up,slight_lean,A6b
BTC,2026-06-26,down,slight_lean,A6b
BTC,2026-06-29,up,slight_lean,A6b
BTC,2026-06-30,down,slight_lean,A6b
BTC,2026-07-01,down,slight_lean,A6b
BTC,2026-07-02,up,slight_lean,A6b
BTC,2026-07-03,up,slight_lean,A6b
BTC,2026-07-06,up,slight_lean,A6b
BTC,2026-07-07,down,slight_lean,A6b
BTC,2026-07-08,up,slight_lean,A6b
BTC,2026-07-09,down,slight_lean,A6b
BTC,2026-07-10,down,slight_lean,A6b
BTC,2026-07-13,down,slight_lean,A6b
BTC,2026-07-14,up,slight_lean,A6b
BTC,2026-07-15,down,slight_lean,A6b
BTC,2026-07-16,up,slight_lean,A6b
BTC,2026-07-17,up,slight_lean,A6b
BTC,2026-07-20,up,slight_lean,A6b
BTC,2026-07-21,down,slight_lean,A6b
BTC,2026-07-22,down,slight_lean,A6b
BTC,2026-07-23,up,slight_lean,A6b
ETH,2020-08-12,na,na,na
ETH,2020-08-13,na,na,na
ETH,2020-08-14,na,na,na
ETH,2020-08-17,na,na,na
ETH,2020-08-18,na,na,na
ETH,2020-08-19,na,na,na
ETH,2020-08-20,na,na,na
ETH,2020-08-21,na,na,na
ETH,2020-08-24,na,na,na
ETH,2020-08-25,na,na,na
ETH,2020-08-26,na,na,na
ETH,2020-08-27,na,na,na
ETH,2020-08-28,na,na,na
ETH,2020-08-31,na,na,na
ETH,2020-09-01,na,na,na
ETH,2020-09-02,na,na,na
ETH,2020-09-03,na,na,na
ETH,2020-09-04,na,na,na
ETH,2020-09-07,na,na,na
ETH,2020-09-08,na,na,na
ETH,2020-09-09,na,na,na
ETH,2020-09-10,na,na,na
ETH,2020-09-11,na,na,na
ETH,2020-09-14,na,na,na
ETH,2020-09-15,na,na,na
ETH,2020-09-16,na,na,na
ETH,2020-09-17,na,na,na
ETH,2020-09-18,na,na,na
ETH,2020-09-21,na,na,na
ETH,2020-09-22,na,na,na
ETH,2020-09-23,na,na,na
ETH,2020-09-24,na,na,na
ETH,2020-09-25,na,na,na
ETH,2020-09-28,na,na,na
ETH,2020-09-29,na,na,na
ETH,2020-09-30,na,na,na
ETH,2020-10-01,na,na,na
ETH,2020-10-02,na,na,na
ETH,2020-10-05,na,na,na
ETH,2020-10-06,na,na,na
ETH,2020-10-07,na,na,na
ETH,2020-10-08,na,na,na
ETH,2020-10-09,na,na,na
ETH,2020-10-12,na,na,na
ETH,2020-10-13,na,na,na
ETH,2020-10-14,na,na,na
ETH,2020-10-15,na,na,na
ETH,2020-10-16,na,na,na
ETH,2020-10-19,na,na,na
ETH,2020-10-20,na,na,na
ETH,2020-10-21,na,na,na
ETH,2020-10-22,na,na,na
ETH,2020-10-23,na,na,na
ETH,2020-10-26,na,na,na
ETH,2020-10-27,na,na,na
ETH,2020-10-28,na,na,na
ETH,2020-10-29,na,na,na
ETH,2020-10-30,na,na,na
ETH,2020-11-02,na,na,na
ETH,2020-11-03,na,na,na
ETH,2020-11-04,na,na,na
ETH,2020-11-05,na,na,na
ETH,2020-11-06,na,na,na
ETH,2020-11-09,na,na,na
ETH,2020-11-10,na,na,na
ETH,2020-11-11,na,na,na
ETH,2020-11-12,na,na,na
ETH,2020-11-13,na,na,na
ETH,2020-11-16,na,na,na
ETH,2020-11-17,na,na,na
ETH,2020-11-18,na,na,na
ETH,2020-11-19,na,na,na
ETH,2020-11-20,na,na,na
ETH,2020-11-23,na,na,na
ETH,2020-11-24,na,na,na
ETH,2020-11-25,na,na,na
ETH,2020-11-26,na,na,na
ETH,2020-11-27,na,na,na
ETH,2020-11-30,na,na,na
ETH,2020-12-01,na,na,na
ETH,2020-12-02,na,na,na
ETH,2020-12-03,na,na,na
ETH,2020-12-04,na,na,na
ETH,2020-12-07,na,na,na
ETH,2020-12-08,na,na,na
ETH,2020-12-09,na,na,na
ETH,2020-12-10,na,na,na
ETH,2020-12-11,na,na,na
ETH,2020-12-14,na,na,na
ETH,2020-12-15,na,na,na
ETH,2020-12-16,na,na,na
ETH,2020-12-17,na,na,na
ETH,2020-12-18,na,na,na
ETH,2020-12-21,na,na,na
ETH,2020-12-22,na,na,na
ETH,2020-12-23,na,na,na
ETH,2020-12-24,na,na,na
ETH,2020-12-25,na,na,na
ETH,2020-12-28,na,na,na
ETH,2020-12-29,na,na,na
ETH,2020-12-30,na,na,na
ETH,2020-12-31,na,na,na
ETH,2021-01-01,na,na,na
ETH,2021-01-04,na,na,na
ETH,2021-01-05,na,na,na
ETH,2021-01-06,na,na,na
ETH,2021-01-07,na,na,na
ETH,2021-01-08,na,na,na
ETH,2021-01-11,na,na,na
ETH,2021-01-12,na,na,na
ETH,2021-01-13,na,na,na
ETH,2021-01-14,na,na,na
ETH,2021-01-15,na,na,na
ETH,2021-01-18,na,na,na
ETH,2021-01-19,na,na,na
ETH,2021-01-20,na,na,na
ETH,2021-01-21,na,na,na
ETH,2021-01-22,na,na,na
ETH,2021-01-25,na,na,na
ETH,2021-01-26,na,na,na
ETH,2021-01-27,na,na,na
ETH,2021-01-28,na,na,na
ETH,2021-01-29,na,na,na
ETH,2021-02-01,na,na,na
ETH,2021-02-02,na,na,na
ETH,2021-02-03,na,na,na
ETH,2021-02-04,na,na,na
ETH,2021-02-05,na,na,na
ETH,2021-02-08,na,na,na
ETH,2021-02-09,na,na,na
ETH,2021-02-10,na,na,na
ETH,2021-02-11,na,na,na
ETH,2021-02-12,na,na,na
ETH,2021-02-15,na,na,na
ETH,2021-02-16,na,na,na
ETH,2021-02-17,na,na,na
ETH,2021-02-18,na,na,na
ETH,2021-02-19,na,na,na
ETH,2021-02-22,na,na,na
ETH,2021-02-23,na,na,na
ETH,2021-02-24,na,na,na
ETH,2021-02-25,na,na,na
ETH,2021-02-26,na,na,na
ETH,2021-03-01,na,na,na
ETH,2021-03-02,na,na,na
ETH,2021-03-03,na,na,na
ETH,2021-03-04,na,na,na
ETH,2021-03-05,na,na,na
ETH,2021-03-08,na,na,na
ETH,2021-03-09,na,na,na
ETH,2021-03-10,na,na,na
ETH,2021-03-11,na,na,na
ETH,2021-03-12,na,na,na
ETH,2021-03-15,na,na,na
ETH,2021-03-16,na,na,na
ETH,2021-03-17,na,na,na
ETH,2021-03-18,na,na,na
ETH,2021-03-19,na,na,na
ETH,2021-03-22,na,na,na
ETH,2021-03-23,na,na,na
ETH,2021-03-24,na,na,na
ETH,2021-03-25,na,na,na
ETH,2021-03-26,na,na,na
ETH,2021-03-29,na,na,na
ETH,2021-03-30,na,na,na
ETH,2021-03-31,na,na,na
ETH,2021-04-01,na,na,na
ETH,2021-04-02,na,na,na
ETH,2021-04-05,na,na,na
ETH,2021-04-06,na,na,na
ETH,2021-04-07,na,na,na
ETH,2021-04-08,na,na,na
ETH,2021-04-09,na,na,na
ETH,2021-04-12,na,na,na
ETH,2021-04-13,na,na,na
ETH,2021-04-14,na,na,na
ETH,2021-04-15,na,na,na
ETH,2021-04-16,na,na,na
ETH,2021-04-19,na,na,na
ETH,2021-04-20,na,na,na
ETH,2021-04-21,na,na,na
ETH,2021-04-22,na,na,na
ETH,2021-04-23,na,na,na
ETH,2021-04-26,na,na,na
ETH,2021-04-27,na,na,na
ETH,2021-04-28,na,na,na
ETH,2021-04-29,na,na,na
ETH,2021-04-30,na,na,na
ETH,2021-05-03,na,na,na
ETH,2021-05-04,na,na,na
ETH,2021-05-05,na,na,na
ETH,2021-05-06,na,na,na
ETH,2021-05-07,na,na,na
ETH,2021-05-10,na,na,na
ETH,2021-05-11,na,na,na
ETH,2021-05-12,na,na,na
ETH,2021-05-13,na,na,na
ETH,2021-05-14,na,na,na
ETH,2021-05-17,na,na,na
ETH,2021-05-18,na,na,na
ETH,2021-05-19,na,na,na
ETH,2021-05-20,na,na,na
ETH,2021-05-21,na,na,na
ETH,2021-05-24,na,na,na
ETH,2021-05-25,na,na,na
ETH,2021-05-26,na,na,na
ETH,2021-05-27,na,na,na
ETH,2021-05-28,na,na,na
ETH,2021-05-31,na,na,na
ETH,2021-06-01,na,na,na
ETH,2021-06-02,na,na,na
ETH,2021-06-03,na,na,na
ETH,2021-06-04,na,na,na
ETH,2021-06-07,na,na,na
ETH,2021-06-08,na,na,na
ETH,2021-06-09,na,na,na
ETH,2021-06-10,na,na,na
ETH,2021-06-11,na,na,na
ETH,2021-06-14,na,na,na
ETH,2021-06-15,na,na,na
ETH,2021-06-16,na,na,na
ETH,2021-06-17,na,na,na
ETH,2021-06-18,na,na,na
ETH,2021-06-21,na,na,na
ETH,2021-06-22,na,na,na
ETH,2021-06-23,na,na,na
ETH,2021-06-24,na,na,na
ETH,2021-06-25,na,na,na
ETH,2021-06-28,na,na,na
ETH,2021-06-29,na,na,na
ETH,2021-06-30,na,na,na
ETH,2021-07-01,na,na,na
ETH,2021-07-02,na,na,na
ETH,2021-07-05,na,na,na
ETH,2021-07-06,na,na,na
ETH,2021-07-07,na,na,na
ETH,2021-07-08,na,na,na
ETH,2021-07-09,na,na,na
ETH,2021-07-12,na,na,na
ETH,2021-07-13,na,na,na
ETH,2021-07-14,na,na,na
ETH,2021-07-15,na,na,na
ETH,2021-07-16,na,na,na
ETH,2021-07-19,na,na,na
ETH,2021-07-20,na,na,na
ETH,2021-07-21,na,na,na
ETH,2021-07-22,na,na,na
ETH,2021-07-23,na,na,na
ETH,2021-07-26,na,na,na
ETH,2021-07-27,na,na,na
ETH,2021-07-28,na,na,na
ETH,2021-07-29,na,na,na
ETH,2021-07-30,na,na,na
ETH,2021-08-02,na,na,na
ETH,2021-08-03,na,na,na
ETH,2021-08-04,na,na,na
ETH,2021-08-05,na,na,na
ETH,2021-08-06,na,na,na
ETH,2021-08-09,na,na,na
ETH,2021-08-10,na,na,na
ETH,2021-08-11,na,na,na
ETH,2021-08-12,na,na,na
ETH,2021-08-13,na,na,na
ETH,2021-08-16,na,na,na
ETH,2021-08-17,na,na,na
ETH,2021-08-18,na,na,na
ETH,2021-08-19,na,na,na
ETH,2021-08-20,na,na,na
ETH,2021-08-23,na,na,na
ETH,2021-08-24,na,na,na
ETH,2021-08-25,na,na,na
ETH,2021-08-26,na,na,na
ETH,2021-08-27,na,na,na
ETH,2021-08-30,na,na,na
ETH,2021-08-31,na,na,na
ETH,2021-09-01,na,na,na
ETH,2021-09-02,na,na,na
ETH,2021-09-03,na,na,na
ETH,2021-09-06,na,na,na
ETH,2021-09-07,na,na,na
ETH,2021-09-08,na,na,na
ETH,2021-09-09,na,na,na
ETH,2021-09-10,na,na,na
ETH,2021-09-13,na,na,na
ETH,2021-09-14,na,na,na
ETH,2021-09-15,na,na,na
ETH,2021-09-16,na,na,na
ETH,2021-09-17,na,na,na
ETH,2021-09-20,na,na,na
ETH,2021-09-21,na,na,na
ETH,2021-09-22,na,na,na
ETH,2021-09-23,na,na,na
ETH,2021-09-24,na,na,na
ETH,2021-09-27,na,na,na
ETH,2021-09-28,na,na,na
ETH,2021-09-29,na,na,na
ETH,2021-09-30,na,na,na
ETH,2021-10-01,na,na,na
ETH,2021-10-04,na,na,na
ETH,2021-10-05,na,na,na
ETH,2021-10-06,na,na,na
ETH,2021-10-07,na,na,na
ETH,2021-10-08,na,na,na
ETH,2021-10-11,na,na,na
ETH,2021-10-12,na,na,na
ETH,2021-10-13,na,na,na
ETH,2021-10-14,na,na,na
ETH,2021-10-15,na,na,na
ETH,2021-10-18,na,na,na
ETH,2021-10-19,na,na,na
ETH,2021-10-20,na,na,na
ETH,2021-10-21,na,na,na
ETH,2021-10-22,na,na,na
ETH,2021-10-25,na,na,na
ETH,2021-10-26,na,na,na
ETH,2021-10-27,na,na,na
ETH,2021-10-28,na,na,na
ETH,2021-10-29,na,na,na
ETH,2021-11-01,na,na,na
ETH,2021-11-02,na,na,na
ETH,2021-11-03,na,na,na
ETH,2021-11-04,na,na,na
ETH,2021-11-05,na,na,na
ETH,2021-11-08,na,na,na
ETH,2021-11-09,na,na,na
ETH,2021-11-10,na,na,na
ETH,2021-11-11,na,na,na
ETH,2021-11-12,na,na,na
ETH,2021-11-15,na,na,na
ETH,2021-11-16,na,na,na
ETH,2021-11-17,na,na,na
ETH,2021-11-18,na,na,na
ETH,2021-11-19,na,na,na
ETH,2021-11-22,na,na,na
ETH,2021-11-23,na,na,na
ETH,2021-11-24,na,na,na
ETH,2021-11-25,na,na,na
ETH,2021-11-26,na,na,na
ETH,2021-11-29,na,na,na
ETH,2021-11-30,na,na,na
ETH,2021-12-01,na,na,na
ETH,2021-12-02,na,na,na
ETH,2021-12-03,na,na,na
ETH,2021-12-06,na,na,na
ETH,2021-12-07,na,na,na
ETH,2021-12-08,na,na,na
ETH,2021-12-09,na,na,na
ETH,2021-12-10,na,na,na
ETH,2021-12-13,na,na,na
ETH,2021-12-14,na,na,na
ETH,2021-12-15,na,na,na
ETH,2021-12-16,na,na,na
ETH,2021-12-17,na,na,na
ETH,2021-12-20,na,na,na
ETH,2021-12-21,na,na,na
ETH,2021-12-22,na,na,na
ETH,2021-12-23,na,na,na
ETH,2021-12-24,na,na,na
ETH,2021-12-27,na,na,na
ETH,2021-12-28,na,na,na
ETH,2021-12-29,na,na,na
ETH,2021-12-30,na,na,na
ETH,2021-12-31,na,na,na
ETH,2022-01-03,na,na,na
ETH,2022-01-04,na,na,na
ETH,2022-01-05,na,na,na
ETH,2022-01-06,na,na,na
ETH,2022-01-07,na,na,na
ETH,2022-01-10,na,na,na
ETH,2022-01-11,down,slight_lean,A6b
ETH,2022-01-12,down,slight_lean,A6b
ETH,2022-01-13,down,slight_lean,A6b
ETH,2022-01-14,up,slight_lean,A6b
ETH,2022-01-17,down,slight_lean,A6b
ETH,2022-01-18,down,slight_lean,A6b
ETH,2022-01-19,up,slight_lean,A6b
ETH,2022-01-20,up,slight_lean,A6b
ETH,2022-01-21,up,slight_lean,A6b
ETH,2022-01-24,up,slight_lean,A6b
ETH,2022-01-25,down,slight_lean,A6b
ETH,2022-01-26,up,slight_lean,A6b
ETH,2022-01-27,down,slight_lean,A6b
ETH,2022-01-28,up,slight_lean,A6b
ETH,2022-01-31,down,slight_lean,A6b
ETH,2022-02-01,up,slight_lean,OB-state(open-DON55)
ETH,2022-02-02,up,slight_lean,OB-state(open-DON55)
ETH,2022-02-03,down,slight_lean,A6b
ETH,2022-02-04,up,slight_lean,OB-state(open-DON55)
ETH,2022-02-07,up,slight_lean,OB-state(open-DON55)
ETH,2022-02-08,up,slight_lean,OB-state(open-DON55)
ETH,2022-02-09,up,slight_lean,OB-state(open-DON55)
ETH,2022-02-10,up,slight_lean,OB-state(open-DON55)
ETH,2022-02-11,up,slight_lean,OB-state(open-DON55)
ETH,2022-02-14,up,slight_lean,A6b
ETH,2022-02-15,down,slight_lean,A6b
ETH,2022-02-16,down,slight_lean,A6b
ETH,2022-02-17,up,slight_lean,A6b
ETH,2022-02-18,up,slight_lean,A6b
ETH,2022-02-21,up,slight_lean,A6b
ETH,2022-02-22,up,slight_lean,A6b
ETH,2022-02-23,up,slight_lean,A6b
ETH,2022-02-24,up,slight_lean,A6b
ETH,2022-02-25,down,slight_lean,A6b
ETH,2022-02-28,down,slight_lean,A6b
ETH,2022-03-01,up,slight_lean,OB-state(open-DON55)
ETH,2022-03-02,up,slight_lean,OB-state(open-DON55)
ETH,2022-03-03,up,slight_lean,OB-state(open-DON55)
ETH,2022-03-04,up,slight_lean,A6b
ETH,2022-03-07,up,slight_lean,A6b
ETH,2022-03-08,up,slight_lean,A6b
ETH,2022-03-09,up,slight_lean,A6b
ETH,2022-03-10,down,slight_lean,A6b
ETH,2022-03-11,up,slight_lean,A6b
ETH,2022-03-14,up,slight_lean,A6b
ETH,2022-03-15,up,slight_lean,A6b
ETH,2022-03-16,down,slight_lean,A6b
ETH,2022-03-17,down,slight_lean,A6b
ETH,2022-03-18,up,slight_lean,OB-state(open-DON55)
ETH,2022-03-21,up,slight_lean,OB-state(open-DON55)
ETH,2022-03-22,up,slight_lean,OB-state(open-DON55)
ETH,2022-03-23,up,slight_lean,OB-state(open-DON55)
ETH,2022-03-24,up,slight_lean,OB-state(open-DON55)
ETH,2022-03-25,up,slight_lean,OB-state(open-DON55)
ETH,2022-03-28,up,slight_lean,OB-state(open-DON55)
ETH,2022-03-29,up,slight_lean,OB-state(open-DON55)
ETH,2022-03-30,up,slight_lean,OB-state(open-DON55)
ETH,2022-03-31,up,slight_lean,OB-state(open-DON55)
ETH,2022-04-01,up,slight_lean,A6b
ETH,2022-04-04,down,slight_lean,A6b
ETH,2022-04-05,down,slight_lean,A6b
ETH,2022-04-06,up,slight_lean,A6b
ETH,2022-04-07,up,slight_lean,A6b
ETH,2022-04-08,down,slight_lean,A6b
ETH,2022-04-11,up,slight_lean,A6b
ETH,2022-04-12,up,slight_lean,A6b
ETH,2022-04-13,up,slight_lean,A6b
ETH,2022-04-14,down,slight_lean,A6b
ETH,2022-04-15,up,slight_lean,A6b
ETH,2022-04-18,up,slight_lean,A6b
ETH,2022-04-19,down,slight_lean,A6b
ETH,2022-04-20,down,slight_lean,A6b
ETH,2022-04-21,up,slight_lean,A6b
ETH,2022-04-22,up,slight_lean,A6b
ETH,2022-04-25,up,slight_lean,A6b
ETH,2022-04-26,down,slight_lean,A6b
ETH,2022-04-27,up,slight_lean,A6b
ETH,2022-04-28,up,slight_lean,A6b
ETH,2022-04-29,down,slight_lean,A6b
ETH,2022-05-02,up,slight_lean,A6b
ETH,2022-05-03,down,slight_lean,A6b
ETH,2022-05-04,down,slight_lean,A6b
ETH,2022-05-05,down,slight_lean,A6b
ETH,2022-05-06,up,slight_lean,A6b
ETH,2022-05-09,up,slight_lean,A6b
ETH,2022-05-10,up,slight_lean,A6b
ETH,2022-05-11,down,slight_lean,A6b
ETH,2022-05-12,up,slight_lean,A6b
ETH,2022-05-13,up,slight_lean,A6b
ETH,2022-05-16,down,slight_lean,A6b
ETH,2022-05-17,up,slight_lean,A6b
ETH,2022-05-18,down,slight_lean,A6b
ETH,2022-05-19,up,slight_lean,A6b
ETH,2022-05-20,up,slight_lean,A6b
ETH,2022-05-23,up,slight_lean,A6b
ETH,2022-05-24,down,slight_lean,A6b
ETH,2022-05-25,up,slight_lean,A6b
ETH,2022-05-26,down,slight_lean,A6b
ETH,2022-05-27,down,slight_lean,A6b
ETH,2022-05-30,down,slight_lean,A6b
ETH,2022-05-31,down,slight_lean,A6b
ETH,2022-06-01,up,slight_lean,A6b
ETH,2022-06-02,up,slight_lean,A6b
ETH,2022-06-03,down,slight_lean,A6b
ETH,2022-06-06,up,slight_lean,A6b
ETH,2022-06-07,down,slight_lean,A6b
ETH,2022-06-08,down,slight_lean,A6b
ETH,2022-06-09,up,slight_lean,A6b
ETH,2022-06-10,up,slight_lean,A6b
ETH,2022-06-13,up,slight_lean,A6b
ETH,2022-06-14,up,slight_lean,A6b
ETH,2022-06-15,down,slight_lean,A6b
ETH,2022-06-16,down,slight_lean,A6b
ETH,2022-06-17,up,slight_lean,A6b
ETH,2022-06-20,down,slight_lean,A6b
ETH,2022-06-21,down,slight_lean,A6b
ETH,2022-06-22,down,slight_lean,A6b
ETH,2022-06-23,up,slight_lean,A6b
ETH,2022-06-24,down,slight_lean,A6b
ETH,2022-06-27,down,slight_lean,A6b
ETH,2022-06-28,up,slight_lean,A6b
ETH,2022-06-29,up,slight_lean,A6b
ETH,2022-06-30,down,slight_lean,A6b
ETH,2022-07-01,up,slight_lean,A6b
ETH,2022-07-04,down,slight_lean,A6b
ETH,2022-07-05,down,slight_lean,A6b
ETH,2022-07-06,down,slight_lean,A6b
ETH,2022-07-07,down,slight_lean,A6b
ETH,2022-07-08,up,slight_lean,OB-state(open-DON55)
ETH,2022-07-11,down,slight_lean,A6b
ETH,2022-07-12,up,slight_lean,A6b
ETH,2022-07-13,up,slight_lean,A6b
ETH,2022-07-14,up,slight_lean,A6b
ETH,2022-07-15,down,slight_lean,A6b
ETH,2022-07-18,up,slight_lean,OB-state(open-DON55)
ETH,2022-07-19,up,slight_lean,OB-state(open-DON55)
ETH,2022-07-20,up,slight_lean,OB-state(open-DON55)
ETH,2022-07-21,up,slight_lean,OB-state(open-DON55)
ETH,2022-07-22,up,slight_lean,OB-state(open-DON55)
ETH,2022-07-25,up,slight_lean,A6b
ETH,2022-07-26,up,slight_lean,A6b
ETH,2022-07-27,up,slight_lean,A6b
ETH,2022-07-28,down,slight_lean,A6b
ETH,2022-07-29,up,slight_lean,OB-state(open-DON55)
ETH,2022-08-01,up,slight_lean,OB-state(open-DON55)
ETH,2022-08-02,up,slight_lean,A6b
ETH,2022-08-03,up,slight_lean,A6b
ETH,2022-08-04,down,slight_lean,A6b
ETH,2022-08-05,down,slight_lean,A6b
ETH,2022-08-08,up,slight_lean,OB-state(open-DON55)
ETH,2022-08-09,up,slight_lean,A6b
ETH,2022-08-10,up,slight_lean,A6b
ETH,2022-08-11,up,slight_lean,OB-state(open-DON55)
ETH,2022-08-12,up,slight_lean,OB-state(open-DON55)
ETH,2022-08-15,up,slight_lean,OB-state(open-DON55)
ETH,2022-08-16,up,slight_lean,OB-state(open-DON55)
ETH,2022-08-17,up,slight_lean,OB-state(open-DON55)
ETH,2022-08-18,up,slight_lean,A6b
ETH,2022-08-19,down,slight_lean,A6b
ETH,2022-08-22,up,slight_lean,A6b
ETH,2022-08-23,up,slight_lean,A6b
ETH,2022-08-24,up,slight_lean,A6b
ETH,2022-08-25,down,slight_lean,A6b
ETH,2022-08-26,down,slight_lean,A6b
ETH,2022-08-29,up,slight_lean,A6b
ETH,2022-08-30,up,slight_lean,A6b
ETH,2022-08-31,up,slight_lean,A6b
ETH,2022-09-01,up,slight_lean,A6b
ETH,2022-09-02,down,slight_lean,A6b
ETH,2022-09-05,up,slight_lean,A6b
ETH,2022-09-06,up,slight_lean,A6b
ETH,2022-09-07,up,slight_lean,A6b
ETH,2022-09-08,down,slight_lean,A6b
ETH,2022-09-09,up,slight_lean,OB-state(open-DON55)
ETH,2022-09-12,up,slight_lean,OB-state(open-DON55)
ETH,2022-09-13,up,slight_lean,OB-state(open-DON55)
ETH,2022-09-14,up,slight_lean,A6b
ETH,2022-09-15,down,slight_lean,A6b
ETH,2022-09-16,up,slight_lean,A6b
ETH,2022-09-19,up,slight_lean,A6b
ETH,2022-09-20,down,slight_lean,A6b
ETH,2022-09-21,up,slight_lean,A6b
ETH,2022-09-22,up,slight_lean,A6b
ETH,2022-09-23,up,slight_lean,A6b
ETH,2022-09-26,up,slight_lean,A6b
ETH,2022-09-27,up,slight_lean,A6b
ETH,2022-09-28,down,slight_lean,A6b
ETH,2022-09-29,down,slight_lean,A6b
ETH,2022-09-30,up,slight_lean,A6b
ETH,2022-10-03,up,slight_lean,A6b
ETH,2022-10-04,down,slight_lean,A6b
ETH,2022-10-05,down,slight_lean,A6b
ETH,2022-10-06,up,slight_lean,A6b
ETH,2022-10-07,up,slight_lean,A6b
ETH,2022-10-10,up,slight_lean,A6b
ETH,2022-10-11,up,slight_lean,A6b
ETH,2022-10-12,up,slight_lean,A6b
ETH,2022-10-13,up,slight_lean,A6b
ETH,2022-10-14,down,slight_lean,A6b
ETH,2022-10-17,up,slight_lean,A6b
ETH,2022-10-18,down,slight_lean,A6b
ETH,2022-10-19,down,slight_lean,A6b
ETH,2022-10-20,up,slight_lean,A6b
ETH,2022-10-21,up,slight_lean,A6b
ETH,2022-10-24,down,slight_lean,A6b
ETH,2022-10-25,down,slight_lean,A6b
ETH,2022-10-26,up,slight_lean,OB-state(open-DON55)
ETH,2022-10-27,up,slight_lean,OB-state(open-DON55)
ETH,2022-10-28,up,slight_lean,OB-state(open-DON55)
ETH,2022-10-31,up,slight_lean,OB-state(open-DON55)
ETH,2022-11-01,up,slight_lean,OB-state(open-DON55)
ETH,2022-11-02,up,slight_lean,OB-state(open-DON55)
ETH,2022-11-03,up,slight_lean,A6b
ETH,2022-11-04,up,slight_lean,A6b
ETH,2022-11-07,down,slight_lean,A6b
ETH,2022-11-08,down,slight_lean,A6b
ETH,2022-11-09,down,slight_lean,A6b
ETH,2022-11-10,up,slight_lean,A6b
ETH,2022-11-11,down,slight_lean,A6b
ETH,2022-11-14,down,slight_lean,A6b
ETH,2022-11-15,up,slight_lean,A6b
ETH,2022-11-16,down,slight_lean,A6b
ETH,2022-11-17,up,slight_lean,A6b
ETH,2022-11-18,up,slight_lean,A6b
ETH,2022-11-21,down,slight_lean,A6b
ETH,2022-11-22,up,slight_lean,A6b
ETH,2022-11-23,down,slight_lean,A6b
ETH,2022-11-24,down,slight_lean,A6b
ETH,2022-11-25,down,slight_lean,A6b
ETH,2022-11-28,up,slight_lean,A6b
ETH,2022-11-29,up,slight_lean,A6b
ETH,2022-11-30,up,slight_lean,OB-state(open-DON55)
ETH,2022-12-01,up,slight_lean,OB-state(open-DON55)
ETH,2022-12-02,up,slight_lean,OB-state(open-DON55)
ETH,2022-12-05,up,slight_lean,OB-state(open-DON55)
ETH,2022-12-06,up,slight_lean,OB-state(open-DON55)
ETH,2022-12-07,up,slight_lean,OB-state(open-DON55)
ETH,2022-12-08,up,slight_lean,A6b
ETH,2022-12-09,down,slight_lean,A6b
ETH,2022-12-12,up,slight_lean,A6b
ETH,2022-12-13,down,slight_lean,A6b
ETH,2022-12-14,up,slight_lean,OB-state(open-DON55)
ETH,2022-12-15,up,slight_lean,A6b
ETH,2022-12-16,up,slight_lean,A6b
ETH,2022-12-19,up,slight_lean,A6b
ETH,2022-12-20,up,slight_lean,A6b
ETH,2022-12-21,up,slight_lean,A6b
ETH,2022-12-22,down,slight_lean,A6b
ETH,2022-12-23,up,slight_lean,A6b
ETH,2022-12-26,down,slight_lean,A6b
ETH,2022-12-27,down,slight_lean,A6b
ETH,2022-12-28,up,slight_lean,A6b
ETH,2022-12-29,up,slight_lean,A6b
ETH,2022-12-30,down,slight_lean,A6b
ETH,2023-01-02,up,slight_lean,A6b
ETH,2023-01-03,up,slight_lean,A6b
ETH,2023-01-04,up,slight_lean,OB-state(open-DON55)
ETH,2023-01-05,up,slight_lean,OB-state(open-DON55)
ETH,2023-01-06,up,slight_lean,OB-state(open-DON55)
ETH,2023-01-09,up,slight_lean,OB-state(open-DON55)
ETH,2023-01-10,up,slight_lean,OB-state(open-DON55)
ETH,2023-01-11,up,slight_lean,OB-state(open-DON55)
ETH,2023-01-12,up,slight_lean,OB-state(open-DON55)
ETH,2023-01-13,up,slight_lean,OB-state(open-DON55)
ETH,2023-01-16,up,slight_lean,OB-state(open-DON55)
ETH,2023-01-17,up,slight_lean,OB-state(open-DON55)
ETH,2023-01-18,up,slight_lean,OB-state(open-DON55)
ETH,2023-01-19,up,slight_lean,OB-state(open-DON55)
ETH,2023-01-20,up,slight_lean,OB-state(open-DON55)
ETH,2023-01-23,up,slight_lean,OB-state(open-DON55)
ETH,2023-01-24,down,slight_lean,A6b
ETH,2023-01-25,up,slight_lean,A6b
ETH,2023-01-26,up,slight_lean,A6b
ETH,2023-01-27,down,slight_lean,A6b
ETH,2023-01-30,down,slight_lean,A6b
ETH,2023-01-31,up,slight_lean,A6b
ETH,2023-02-01,down,slight_lean,A6b
ETH,2023-02-02,up,slight_lean,OB-state(open-DON55)
ETH,2023-02-03,up,slight_lean,OB-state(open-DON55)
ETH,2023-02-06,up,slight_lean,A6b
ETH,2023-02-07,up,slight_lean,A6b
ETH,2023-02-08,down,slight_lean,A6b
ETH,2023-02-09,up,slight_lean,A6b
ETH,2023-02-10,up,slight_lean,A6b
ETH,2023-02-13,up,slight_lean,A6b
ETH,2023-02-14,down,slight_lean,A6b
ETH,2023-02-15,down,slight_lean,A6b
ETH,2023-02-16,down,slight_lean,A6b
ETH,2023-02-17,up,slight_lean,A6b
ETH,2023-02-20,up,slight_lean,A6b
ETH,2023-02-21,up,slight_lean,A6b
ETH,2023-02-22,up,slight_lean,A6b
ETH,2023-02-23,down,slight_lean,A6b
ETH,2023-02-24,down,slight_lean,A6b
ETH,2023-02-27,up,slight_lean,A6b
ETH,2023-02-28,down,slight_lean,A6b
ETH,2023-03-01,up,slight_lean,A6b
ETH,2023-03-02,up,slight_lean,A6b
ETH,2023-03-03,down,slight_lean,A6b
ETH,2023-03-06,down,slight_lean,A6b
ETH,2023-03-07,down,slight_lean,A6b
ETH,2023-03-08,up,slight_lean,A6b
ETH,2023-03-09,down,slight_lean,A6b
ETH,2023-03-10,up,slight_lean,A6b
ETH,2023-03-13,up,slight_lean,A6b
ETH,2023-03-14,up,slight_lean,OB-state(open-DON55)
ETH,2023-03-15,down,slight_lean,A6b
ETH,2023-03-16,down,slight_lean,A6b
ETH,2023-03-17,down,slight_lean,A6b
ETH,2023-03-20,up,slight_lean,OB-state(open-DON55)
ETH,2023-03-21,up,slight_lean,OB-state(open-DON55)
ETH,2023-03-22,up,slight_lean,OB-state(open-DON55)
ETH,2023-03-23,up,slight_lean,OB-state(open-DON55)
ETH,2023-03-24,up,slight_lean,OB-state(open-DON55)
ETH,2023-03-27,down,slight_lean,A6b
ETH,2023-03-28,up,slight_lean,A6b
ETH,2023-03-29,up,slight_lean,A6b
ETH,2023-03-30,down,slight_lean,A6b
ETH,2023-03-31,down,slight_lean,A6b
ETH,2023-04-03,down,slight_lean,A6b
ETH,2023-04-04,up,slight_lean,OB-state(open-DON55)
ETH,2023-04-05,up,slight_lean,OB-state(open-DON55)
ETH,2023-04-06,up,slight_lean,A6b
ETH,2023-04-07,down,slight_lean,A6b
ETH,2023-04-10,down,slight_lean,A6b
ETH,2023-04-11,up,slight_lean,A6b
ETH,2023-04-12,up,slight_lean,A6b
ETH,2023-04-13,up,slight_lean,OB-state(open-DON55)
ETH,2023-04-14,up,slight_lean,OB-state(open-DON55)
ETH,2023-04-17,up,slight_lean,OB-state(open-DON55)
ETH,2023-04-18,up,slight_lean,OB-state(open-DON55)
ETH,2023-04-19,down,slight_lean,A6b
ETH,2023-04-20,up,slight_lean,A6b
ETH,2023-04-21,up,slight_lean,A6b
ETH,2023-04-24,down,slight_lean,A6b
ETH,2023-04-25,up,slight_lean,A6b
ETH,2023-04-26,up,slight_lean,A6b
ETH,2023-04-27,down,slight_lean,A6b
ETH,2023-04-28,down,slight_lean,A6b
ETH,2023-05-01,down,slight_lean,A6b
ETH,2023-05-02,up,slight_lean,A6b
ETH,2023-05-03,up,slight_lean,A6b
ETH,2023-05-04,up,slight_lean,A6b
ETH,2023-05-05,up,slight_lean,A6b
ETH,2023-05-08,down,slight_lean,A6b
ETH,2023-05-09,down,slight_lean,A6b
ETH,2023-05-10,up,slight_lean,A6b
ETH,2023-05-11,down,slight_lean,A6b
ETH,2023-05-12,down,slight_lean,A6b
ETH,2023-05-15,up,slight_lean,A6b
ETH,2023-05-16,down,slight_lean,A6b
ETH,2023-05-17,down,slight_lean,A6b
ETH,2023-05-18,down,slight_lean,A6b
ETH,2023-05-19,down,slight_lean,A6b
ETH,2023-05-22,up,slight_lean,A6b
ETH,2023-05-23,up,slight_lean,OB-state(open-DON55)
ETH,2023-05-24,up,slight_lean,A6b
ETH,2023-05-25,up,slight_lean,A6b
ETH,2023-05-26,down,slight_lean,A6b
ETH,2023-05-29,up,slight_lean,OB-state(open-DON55)
ETH,2023-05-30,up,slight_lean,OB-state(open-DON55)
ETH,2023-05-31,down,slight_lean,A6b
ETH,2023-06-01,up,slight_lean,A6b
ETH,2023-06-02,down,slight_lean,A6b
ETH,2023-06-05,down,slight_lean,A6b
ETH,2023-06-06,down,slight_lean,A6b
ETH,2023-06-07,down,slight_lean,A6b
ETH,2023-06-08,up,slight_lean,A6b
ETH,2023-06-09,down,slight_lean,A6b
ETH,2023-06-12,down,slight_lean,A6b
ETH,2023-06-13,down,slight_lean,A6b
ETH,2023-06-14,down,slight_lean,A6b
ETH,2023-06-15,down,slight_lean,A6b
ETH,2023-06-16,down,slight_lean,A6b
ETH,2023-06-19,up,slight_lean,A6b
ETH,2023-06-20,up,slight_lean,A6b
ETH,2023-06-21,up,slight_lean,OB-state(open-DON55)
ETH,2023-06-22,up,slight_lean,OB-state(open-DON55)
ETH,2023-06-23,up,slight_lean,OB-state(open-DON55)
ETH,2023-06-26,up,slight_lean,OB-state(open-DON55)
ETH,2023-06-27,up,slight_lean,OB-state(open-DON55)
ETH,2023-06-28,up,slight_lean,OB-state(open-DON55)
ETH,2023-06-29,down,slight_lean,A6b
ETH,2023-06-30,up,slight_lean,A6b
ETH,2023-07-03,up,slight_lean,OB-state(open-DON55)
ETH,2023-07-04,up,slight_lean,OB-state(open-DON55)
ETH,2023-07-05,down,slight_lean,A6b
ETH,2023-07-06,up,slight_lean,A6b
ETH,2023-07-07,up,slight_lean,A6b
ETH,2023-07-10,up,slight_lean,A6b
ETH,2023-07-11,down,slight_lean,A6b
ETH,2023-07-12,down,slight_lean,A6b
ETH,2023-07-13,down,slight_lean,A6b
ETH,2023-07-14,up,slight_lean,OB-state(open-DON55)
ETH,2023-07-17,up,slight_lean,A6b
ETH,2023-07-18,down,slight_lean,A6b
ETH,2023-07-19,down,slight_lean,A6b
ETH,2023-07-20,up,slight_lean,A6b
ETH,2023-07-21,up,slight_lean,A6b
ETH,2023-07-24,up,slight_lean,A6b
ETH,2023-07-25,down,slight_lean,A6b
ETH,2023-07-26,down,slight_lean,A6b
ETH,2023-07-27,up,slight_lean,A6b
ETH,2023-07-28,up,slight_lean,A6b
ETH,2023-07-31,down,slight_lean,A6b
ETH,2023-08-01,down,slight_lean,A6b
ETH,2023-08-02,up,slight_lean,A6b
ETH,2023-08-03,up,slight_lean,A6b
ETH,2023-08-04,up,slight_lean,A6b
ETH,2023-08-07,up,slight_lean,A6b
ETH,2023-08-08,down,slight_lean,A6b
ETH,2023-08-09,up,slight_lean,A6b
ETH,2023-08-10,up,slight_lean,A6b
ETH,2023-08-11,down,slight_lean,A6b
ETH,2023-08-14,up,slight_lean,A6b
ETH,2023-08-15,down,slight_lean,A6b
ETH,2023-08-16,up,slight_lean,A6b
ETH,2023-08-17,up,slight_lean,A6b
ETH,2023-08-18,up,slight_lean,A6b
ETH,2023-08-21,up,slight_lean,A6b
ETH,2023-08-22,down,slight_lean,A6b
ETH,2023-08-23,up,slight_lean,A6b
ETH,2023-08-24,down,slight_lean,A6b
ETH,2023-08-25,up,slight_lean,A6b
ETH,2023-08-28,down,slight_lean,A6b
ETH,2023-08-29,down,slight_lean,A6b
ETH,2023-08-30,up,slight_lean,OB-state(open-DON55)
ETH,2023-08-31,up,slight_lean,OB-state(open-DON55)
ETH,2023-09-01,down,slight_lean,A6b
ETH,2023-09-04,up,slight_lean,A6b
ETH,2023-09-05,up,slight_lean,A6b
ETH,2023-09-06,down,slight_lean,A6b
ETH,2023-09-07,up,slight_lean,A6b
ETH,2023-09-08,up,slight_lean,A6b
ETH,2023-09-11,down,slight_lean,A6b
ETH,2023-09-12,down,slight_lean,A6b
ETH,2023-09-13,up,slight_lean,A6b
ETH,2023-09-14,down,slight_lean,A6b
ETH,2023-09-15,down,slight_lean,A6b
ETH,2023-09-18,up,slight_lean,OB-state(open-DON55)
ETH,2023-09-19,down,slight_lean,A6b
ETH,2023-09-20,up,slight_lean,A6b
ETH,2023-09-21,up,slight_lean,A6b
ETH,2023-09-22,up,slight_lean,A6b
ETH,2023-09-25,down,slight_lean,A6b
ETH,2023-09-26,down,slight_lean,A6b
ETH,2023-09-27,up,slight_lean,A6b
ETH,2023-09-28,down,slight_lean,A6b
ETH,2023-09-29,up,slight_lean,OB-state(open-DON55)
ETH,2023-10-02,up,slight_lean,OB-state(open-DON55)
ETH,2023-10-03,down,slight_lean,A6b
ETH,2023-10-04,up,slight_lean,A6b
ETH,2023-10-05,down,slight_lean,A6b
ETH,2023-10-06,up,slight_lean,A6b
ETH,2023-10-09,down,slight_lean,A6b
ETH,2023-10-10,down,slight_lean,A6b
ETH,2023-10-11,down,slight_lean,A6b
ETH,2023-10-12,down,slight_lean,A6b
ETH,2023-10-13,up,slight_lean,A6b
ETH,2023-10-16,up,slight_lean,A6b
ETH,2023-10-17,down,slight_lean,A6b
ETH,2023-10-18,up,slight_lean,A6b
ETH,2023-10-19,up,slight_lean,A6b
ETH,2023-10-20,up,slight_lean,A6b
ETH,2023-10-23,up,slight_lean,A6b
ETH,2023-10-24,up,slight_lean,OB-state(open-DON55)
ETH,2023-10-25,up,slight_lean,OB-state(open-DON55)
ETH,2023-10-26,up,slight_lean,OB-state(open-DON55)
ETH,2023-10-27,up,slight_lean,OB-state(open-DON55)
ETH,2023-10-30,up,slight_lean,OB-state(open-DON55)
ETH,2023-10-31,up,slight_lean,OB-state(open-DON55)
ETH,2023-11-01,down,slight_lean,A6b
ETH,2023-11-02,down,slight_lean,A6b
ETH,2023-11-03,down,slight_lean,A6b
ETH,2023-11-06,up,slight_lean,OB-state(open-DON55)
ETH,2023-11-07,up,slight_lean,OB-state(open-DON55)
ETH,2023-11-08,up,slight_lean,OB-state(open-DON55)
ETH,2023-11-09,up,slight_lean,OB-state(open-DON55)
ETH,2023-11-10,up,slight_lean,OB-state(open-DON55)
ETH,2023-11-13,down,slight_lean,A6b
ETH,2023-11-14,up,slight_lean,A6b
ETH,2023-11-15,down,slight_lean,A6b
ETH,2023-11-16,down,slight_lean,A6b
ETH,2023-11-17,down,slight_lean,A6b
ETH,2023-11-20,down,slight_lean,A6b
ETH,2023-11-21,down,slight_lean,A6b
ETH,2023-11-22,up,slight_lean,A6b
ETH,2023-11-23,down,slight_lean,A6b
ETH,2023-11-24,up,slight_lean,OB-state(open-DON55)
ETH,2023-11-27,up,slight_lean,A6b
ETH,2023-11-28,up,slight_lean,A6b
ETH,2023-11-29,down,slight_lean,A6b
ETH,2023-11-30,up,slight_lean,A6b
ETH,2023-12-01,up,slight_lean,A6b
ETH,2023-12-04,up,slight_lean,OB-state(open-DON55)
ETH,2023-12-05,up,slight_lean,OB-state(open-DON55)
ETH,2023-12-06,up,slight_lean,OB-state(open-DON55)
ETH,2023-12-07,up,slight_lean,OB-state(open-DON55)
ETH,2023-12-08,up,slight_lean,OB-state(open-DON55)
ETH,2023-12-11,down,slight_lean,A6b
ETH,2023-12-12,down,slight_lean,A6b
ETH,2023-12-13,down,slight_lean,A6b
ETH,2023-12-14,down,slight_lean,A6b
ETH,2023-12-15,up,slight_lean,A6b
ETH,2023-12-18,down,slight_lean,A6b
ETH,2023-12-19,down,slight_lean,A6b
ETH,2023-12-20,down,slight_lean,A6b
ETH,2023-12-21,up,slight_lean,A6b
ETH,2023-12-22,down,slight_lean,A6b
ETH,2023-12-25,down,slight_lean,A6b
ETH,2023-12-26,down,slight_lean,A6b
ETH,2023-12-27,down,slight_lean,A6b
ETH,2023-12-28,up,slight_lean,OB-state(open-DON55)
ETH,2023-12-29,up,slight_lean,OB-state(open-DON55)
ETH,2024-01-01,up,slight_lean,A6b
ETH,2024-01-02,up,slight_lean,A6b
ETH,2024-01-03,up,slight_lean,A6b
ETH,2024-01-04,up,slight_lean,A6b
ETH,2024-01-05,up,slight_lean,A6b
ETH,2024-01-08,down,slight_lean,A6b
ETH,2024-01-09,down,slight_lean,A6b
ETH,2024-01-10,down,slight_lean,A6b
ETH,2024-01-11,up,slight_lean,OB-state(open-DON55)
ETH,2024-01-12,up,slight_lean,OB-state(open-DON55)
ETH,2024-01-15,up,slight_lean,OB-state(open-DON55)
ETH,2024-01-16,up,slight_lean,OB-state(open-DON55)
ETH,2024-01-17,up,slight_lean,OB-state(open-DON55)
ETH,2024-01-18,up,slight_lean,OB-state(open-DON55)
ETH,2024-01-19,down,slight_lean,A6b
ETH,2024-01-22,down,slight_lean,A6b
ETH,2024-01-23,down,slight_lean,A6b
ETH,2024-01-24,down,slight_lean,A6b
ETH,2024-01-25,down,slight_lean,A6b
ETH,2024-01-26,down,slight_lean,A6b
ETH,2024-01-29,up,slight_lean,A6b
ETH,2024-01-30,down,slight_lean,A6b
ETH,2024-01-31,up,slight_lean,A6b
ETH,2024-02-01,up,slight_lean,A6b
ETH,2024-02-02,down,slight_lean,A6b
ETH,2024-02-05,down,slight_lean,A6b
ETH,2024-02-06,up,slight_lean,A6b
ETH,2024-02-07,up,slight_lean,A6b
ETH,2024-02-08,up,slight_lean,OB-state(open-DON55)
ETH,2024-02-09,up,slight_lean,OB-state(open-DON55)
ETH,2024-02-12,up,slight_lean,OB-state(open-DON55)
ETH,2024-02-13,up,slight_lean,OB-state(open-DON55)
ETH,2024-02-14,up,slight_lean,OB-state(open-DON55)
ETH,2024-02-15,up,slight_lean,OB-state(open-DON55)
ETH,2024-02-16,down,slight_lean,A6b
ETH,2024-02-19,up,slight_lean,OB-state(open-DON55)
ETH,2024-02-20,up,slight_lean,A6b
ETH,2024-02-21,up,slight_lean,A6b
ETH,2024-02-22,up,slight_lean,A6b
ETH,2024-02-23,down,slight_lean,A6b
ETH,2024-02-26,up,slight_lean,OB-state(open-DON55)
ETH,2024-02-27,up,slight_lean,OB-state(open-DON55)
ETH,2024-02-28,up,slight_lean,OB-state(open-DON55)
ETH,2024-02-29,up,slight_lean,OB-state(open-DON55)
ETH,2024-03-01,up,slight_lean,OB-state(open-DON55)
ETH,2024-03-04,up,slight_lean,OB-state(open-DON55)
ETH,2024-03-05,up,slight_lean,OB-state(open-DON55)
ETH,2024-03-06,up,slight_lean,OB-state(open-DON55)
ETH,2024-03-07,up,slight_lean,OB-state(open-DON55)
ETH,2024-03-08,up,slight_lean,OB-state(open-DON55)
ETH,2024-03-11,up,slight_lean,OB-state(open-DON55)
ETH,2024-03-12,up,slight_lean,OB-state(open-DON55)
ETH,2024-03-13,up,slight_lean,OB-state(open-DON55)
ETH,2024-03-14,up,slight_lean,A6b
ETH,2024-03-15,up,slight_lean,A6b
ETH,2024-03-18,up,slight_lean,A6b
ETH,2024-03-19,down,slight_lean,A6b
ETH,2024-03-20,down,slight_lean,A6b
ETH,2024-03-21,down,slight_lean,A6b
ETH,2024-03-22,down,slight_lean,A6b
ETH,2024-03-25,down,slight_lean,A6b
ETH,2024-03-26,up,slight_lean,A6b
ETH,2024-03-27,up,slight_lean,A6b
ETH,2024-03-28,down,slight_lean,A6b
ETH,2024-03-29,up,slight_lean,A6b
ETH,2024-04-01,up,slight_lean,A6b
ETH,2024-04-02,down,slight_lean,A6b
ETH,2024-04-03,up,slight_lean,A6b
ETH,2024-04-04,down,slight_lean,A6b
ETH,2024-04-05,up,slight_lean,A6b
ETH,2024-04-08,down,slight_lean,A6b
ETH,2024-04-09,up,slight_lean,A6b
ETH,2024-04-10,down,slight_lean,A6b
ETH,2024-04-11,up,slight_lean,A6b
ETH,2024-04-12,down,slight_lean,A6b
ETH,2024-04-15,up,slight_lean,A6b
ETH,2024-04-16,up,slight_lean,A6b
ETH,2024-04-17,down,slight_lean,A6b
ETH,2024-04-18,up,slight_lean,A6b
ETH,2024-04-19,up,slight_lean,A6b
ETH,2024-04-22,up,slight_lean,A6b
ETH,2024-04-23,down,slight_lean,A6b
ETH,2024-04-24,up,slight_lean,OB-state(open-DON55)
ETH,2024-04-25,down,slight_lean,A6b
ETH,2024-04-26,up,slight_lean,A6b
ETH,2024-04-29,down,slight_lean,A6b
ETH,2024-04-30,down,slight_lean,A6b
ETH,2024-05-01,up,slight_lean,A6b
ETH,2024-05-02,up,slight_lean,A6b
ETH,2024-05-03,down,slight_lean,A6b
ETH,2024-05-06,down,slight_lean,A6b
ETH,2024-05-07,down,slight_lean,A6b
ETH,2024-05-08,up,slight_lean,A6b
ETH,2024-05-09,up,slight_lean,A6b
ETH,2024-05-10,down,slight_lean,A6b
ETH,2024-05-13,down,slight_lean,A6b
ETH,2024-05-14,down,slight_lean,A6b
ETH,2024-05-15,down,slight_lean,A6b
ETH,2024-05-16,down,slight_lean,A6b
ETH,2024-05-17,up,slight_lean,A6b
ETH,2024-05-20,up,slight_lean,OB-state(open-DON55)
ETH,2024-05-21,up,slight_lean,OB-state(open-DON55)
ETH,2024-05-22,up,slight_lean,OB-state(open-DON55)
ETH,2024-05-23,up,slight_lean,OB-state(open-DON55)
ETH,2024-05-24,up,slight_lean,OB-state(open-DON55)
ETH,2024-05-27,down,slight_lean,A6b
ETH,2024-05-28,down,slight_lean,A6b
ETH,2024-05-29,down,slight_lean,A6b
ETH,2024-05-30,up,slight_lean,A6b
ETH,2024-05-31,up,slight_lean,A6b
ETH,2024-06-03,up,slight_lean,A6b
ETH,2024-06-04,down,slight_lean,A6b
ETH,2024-06-05,down,slight_lean,A6b
ETH,2024-06-06,down,slight_lean,A6b
ETH,2024-06-07,up,slight_lean,A6b
ETH,2024-06-10,up,slight_lean,A6b
ETH,2024-06-11,down,slight_lean,A6b
ETH,2024-06-12,down,slight_lean,A6b
ETH,2024-06-13,down,slight_lean,A6b
ETH,2024-06-14,down,slight_lean,A6b
ETH,2024-06-17,down,slight_lean,A6b
ETH,2024-06-18,down,slight_lean,A6b
ETH,2024-06-19,down,slight_lean,A6b
ETH,2024-06-20,down,slight_lean,A6b
ETH,2024-06-21,up,slight_lean,A6b
ETH,2024-06-24,up,slight_lean,A6b
ETH,2024-06-25,up,slight_lean,A6b
ETH,2024-06-26,down,slight_lean,A6b
ETH,2024-06-27,down,slight_lean,A6b
ETH,2024-06-28,down,slight_lean,A6b
ETH,2024-07-01,up,slight_lean,A6b
ETH,2024-07-02,down,slight_lean,A6b
ETH,2024-07-03,down,slight_lean,A6b
ETH,2024-07-04,down,slight_lean,A6b
ETH,2024-07-05,down,slight_lean,A6b
ETH,2024-07-08,down,slight_lean,A6b
ETH,2024-07-09,down,slight_lean,A6b
ETH,2024-07-10,down,slight_lean,A6b
ETH,2024-07-11,down,slight_lean,A6b
ETH,2024-07-12,up,slight_lean,A6b
ETH,2024-07-15,up,slight_lean,OB-state(open-DON55)
ETH,2024-07-16,up,slight_lean,OB-state(open-DON55)
ETH,2024-07-17,up,slight_lean,OB-state(open-DON55)
ETH,2024-07-18,up,slight_lean,OB-state(open-DON55)
ETH,2024-07-19,up,slight_lean,OB-state(open-DON55)
ETH,2024-07-22,up,slight_lean,OB-state(open-DON55)
ETH,2024-07-23,down,slight_lean,A6b
ETH,2024-07-24,up,slight_lean,A6b
ETH,2024-07-25,up,slight_lean,A6b
ETH,2024-07-26,up,slight_lean,A6b
ETH,2024-07-29,down,slight_lean,A6b
ETH,2024-07-30,down,slight_lean,A6b
ETH,2024-07-31,up,slight_lean,A6b
ETH,2024-08-01,down,slight_lean,A6b
ETH,2024-08-02,up,slight_lean,A6b
ETH,2024-08-05,up,slight_lean,A6b
ETH,2024-08-06,up,slight_lean,A6b
ETH,2024-08-07,down,slight_lean,A6b
ETH,2024-08-08,up,slight_lean,A6b
ETH,2024-08-09,down,slight_lean,A6b
ETH,2024-08-12,down,slight_lean,A6b
ETH,2024-08-13,down,slight_lean,A6b
ETH,2024-08-14,up,slight_lean,OB-state(open-DON55)
ETH,2024-08-15,down,slight_lean,A6b
ETH,2024-08-16,down,slight_lean,A6b
ETH,2024-08-19,down,slight_lean,A6b
ETH,2024-08-20,down,slight_lean,A6b
ETH,2024-08-21,up,slight_lean,A6b
ETH,2024-08-22,down,slight_lean,A6b
ETH,2024-08-23,up,slight_lean,A6b
ETH,2024-08-26,up,slight_lean,OB-state(open-DON55)
ETH,2024-08-27,up,slight_lean,A6b
ETH,2024-08-28,down,slight_lean,A6b
ETH,2024-08-29,up,slight_lean,A6b
ETH,2024-08-30,up,slight_lean,A6b
ETH,2024-09-02,down,slight_lean,A6b
ETH,2024-09-03,down,slight_lean,A6b
ETH,2024-09-04,up,slight_lean,A6b
ETH,2024-09-05,up,slight_lean,A6b
ETH,2024-09-06,down,slight_lean,A6b
ETH,2024-09-09,up,slight_lean,A6b
ETH,2024-09-10,down,slight_lean,A6b
ETH,2024-09-11,down,slight_lean,A6b
ETH,2024-09-12,down,slight_lean,A6b
ETH,2024-09-13,down,slight_lean,A6b
ETH,2024-09-16,down,slight_lean,A6b
ETH,2024-09-17,up,slight_lean,A6b
ETH,2024-09-18,down,slight_lean,A6b
ETH,2024-09-19,up,slight_lean,A6b
ETH,2024-09-20,up,slight_lean,OB-state(open-DON55)
ETH,2024-09-23,up,slight_lean,OB-state(open-DON55)
ETH,2024-09-24,up,slight_lean,OB-state(open-DON55)
ETH,2024-09-25,up,slight_lean,OB-state(open-DON55)
ETH,2024-09-26,up,slight_lean,OB-state(open-DON55)
ETH,2024-09-27,up,slight_lean,OB-state(open-DON55)
ETH,2024-09-30,up,slight_lean,A6b
ETH,2024-10-01,down,slight_lean,A6b
ETH,2024-10-02,up,slight_lean,A6b
ETH,2024-10-03,down,slight_lean,A6b
ETH,2024-10-04,up,slight_lean,A6b
ETH,2024-10-07,down,slight_lean,A6b
ETH,2024-10-08,up,slight_lean,A6b
ETH,2024-10-09,down,slight_lean,A6b
ETH,2024-10-10,down,slight_lean,A6b
ETH,2024-10-11,up,slight_lean,A6b
ETH,2024-10-14,up,slight_lean,OB-state(open-DON55)
ETH,2024-10-15,up,slight_lean,OB-state(open-DON55)
ETH,2024-10-16,up,slight_lean,OB-state(open-DON55)
ETH,2024-10-17,up,slight_lean,OB-state(open-DON55)
ETH,2024-10-18,up,slight_lean,OB-state(open-DON55)
ETH,2024-10-21,up,slight_lean,OB-state(open-DON55)
ETH,2024-10-22,down,slight_lean,A6b
ETH,2024-10-23,down,slight_lean,A6b
ETH,2024-10-24,up,slight_lean,A6b
ETH,2024-10-25,down,slight_lean,A6b
ETH,2024-10-28,down,slight_lean,A6b
ETH,2024-10-29,up,slight_lean,A6b
ETH,2024-10-30,down,slight_lean,A6b
ETH,2024-10-31,up,slight_lean,A6b
ETH,2024-11-01,up,slight_lean,A6b
ETH,2024-11-04,down,slight_lean,A6b
ETH,2024-11-05,up,slight_lean,A6b
ETH,2024-11-06,down,slight_lean,A6b
ETH,2024-11-07,up,slight_lean,OB-state(open-DON55)
ETH,2024-11-08,up,slight_lean,OB-state(open-DON55)
ETH,2024-11-11,up,slight_lean,OB-state(open-DON55)
ETH,2024-11-12,up,slight_lean,OB-state(open-DON55)
ETH,2024-11-13,up,slight_lean,OB-state(open-DON55)
ETH,2024-11-14,up,slight_lean,OB-state(open-DON55)
ETH,2024-11-15,up,slight_lean,A6b
ETH,2024-11-18,up,slight_lean,A6b
ETH,2024-11-19,down,slight_lean,A6b
ETH,2024-11-20,down,slight_lean,A6b
ETH,2024-11-21,up,slight_lean,A6b
ETH,2024-11-22,down,slight_lean,A6b
ETH,2024-11-25,down,slight_lean,A6b
ETH,2024-11-26,down,slight_lean,A6b
ETH,2024-11-27,down,slight_lean,A6b
ETH,2024-11-28,up,slight_lean,OB-state(open-DON55)
ETH,2024-11-29,up,slight_lean,OB-state(open-DON55)
ETH,2024-12-02,up,slight_lean,OB-state(open-DON55)
ETH,2024-12-03,up,slight_lean,OB-state(open-DON55)
ETH,2024-12-04,down,slight_lean,A6b
ETH,2024-12-05,up,slight_lean,OB-state(open-DON55)
ETH,2024-12-06,up,slight_lean,OB-state(open-DON55)
ETH,2024-12-09,up,slight_lean,OB-state(open-DON55)
ETH,2024-12-10,up,slight_lean,A6b
ETH,2024-12-11,up,slight_lean,A6b
ETH,2024-12-12,down,slight_lean,A6b
ETH,2024-12-13,up,slight_lean,A6b
ETH,2024-12-16,down,slight_lean,A6b
ETH,2024-12-17,up,slight_lean,OB-state(open-DON55)
ETH,2024-12-18,up,slight_lean,A6b
ETH,2024-12-19,up,slight_lean,A6b
ETH,2024-12-20,up,slight_lean,A6b
ETH,2024-12-23,down,slight_lean,A6b
ETH,2024-12-24,down,slight_lean,A6b
ETH,2024-12-25,down,slight_lean,A6b
ETH,2024-12-26,down,slight_lean,A6b
ETH,2024-12-27,up,slight_lean,A6b
ETH,2024-12-30,up,slight_lean,A6b
ETH,2024-12-31,up,slight_lean,A6b
ETH,2025-01-01,up,slight_lean,A6b
ETH,2025-01-02,up,slight_lean,A6b
ETH,2025-01-03,up,slight_lean,A6b
ETH,2025-01-06,up,slight_lean,OB-state(open-DON55)
ETH,2025-01-07,up,slight_lean,OB-state(open-DON55)
ETH,2025-01-08,up,slight_lean,A6b
ETH,2025-01-09,down,slight_lean,A6b
ETH,2025-01-10,down,slight_lean,A6b
ETH,2025-01-13,up,slight_lean,A6b
ETH,2025-01-14,up,slight_lean,A6b
ETH,2025-01-15,up,slight_lean,A6b
ETH,2025-01-16,down,slight_lean,A6b
ETH,2025-01-17,up,slight_lean,A6b
ETH,2025-01-20,down,slight_lean,A6b
ETH,2025-01-21,down,slight_lean,A6b
ETH,2025-01-22,down,slight_lean,A6b
ETH,2025-01-23,down,slight_lean,A6b
ETH,2025-01-24,down,slight_lean,A6b
ETH,2025-01-27,up,slight_lean,A6b
ETH,2025-01-28,up,slight_lean,A6b
ETH,2025-01-29,down,slight_lean,A6b
ETH,2025-01-30,up,slight_lean,A6b
ETH,2025-01-31,down,slight_lean,A6b
ETH,2025-02-03,up,slight_lean,A6b
ETH,2025-02-04,up,slight_lean,A6b
ETH,2025-02-05,down,slight_lean,A6b
ETH,2025-02-06,down,slight_lean,A6b
ETH,2025-02-07,down,slight_lean,A6b
ETH,2025-02-10,up,slight_lean,A6b
ETH,2025-02-11,down,slight_lean,A6b
ETH,2025-02-12,up,slight_lean,A6b
ETH,2025-02-13,down,slight_lean,A6b
ETH,2025-02-14,down,slight_lean,A6b
ETH,2025-02-17,down,slight_lean,A6b
ETH,2025-02-18,down,slight_lean,A6b
ETH,2025-02-19,down,slight_lean,A6b
ETH,2025-02-20,down,slight_lean,A6b
ETH,2025-02-21,up,slight_lean,A6b
ETH,2025-02-24,up,slight_lean,A6b
ETH,2025-02-25,up,slight_lean,A6b
ETH,2025-02-26,up,slight_lean,A6b
ETH,2025-02-27,down,slight_lean,A6b
ETH,2025-02-28,up,slight_lean,A6b
ETH,2025-03-03,down,slight_lean,A6b
ETH,2025-03-04,up,slight_lean,A6b
ETH,2025-03-05,up,slight_lean,A6b
ETH,2025-03-06,down,slight_lean,A6b
ETH,2025-03-07,up,slight_lean,A6b
ETH,2025-03-10,down,slight_lean,A6b
ETH,2025-03-11,up,slight_lean,A6b
ETH,2025-03-12,up,slight_lean,A6b
ETH,2025-03-13,down,slight_lean,A6b
ETH,2025-03-14,up,slight_lean,A6b
ETH,2025-03-17,down,slight_lean,A6b
ETH,2025-03-18,down,slight_lean,A6b
ETH,2025-03-19,up,slight_lean,A6b
ETH,2025-03-20,down,slight_lean,A6b
ETH,2025-03-21,up,slight_lean,A6b
ETH,2025-03-24,up,slight_lean,OB-state(open-DON55)
ETH,2025-03-25,down,slight_lean,A6b
ETH,2025-03-26,down,slight_lean,A6b
ETH,2025-03-27,up,slight_lean,A6b
ETH,2025-03-28,up,slight_lean,A6b
ETH,2025-03-31,up,slight_lean,A6b
ETH,2025-04-01,up,slight_lean,A6b
ETH,2025-04-02,down,slight_lean,A6b
ETH,2025-04-03,down,slight_lean,A6b
ETH,2025-04-04,up,slight_lean,A6b
ETH,2025-04-07,up,slight_lean,A6b
ETH,2025-04-08,down,slight_lean,A6b
ETH,2025-04-09,up,slight_lean,A6b
ETH,2025-04-10,down,slight_lean,A6b
ETH,2025-04-11,up,slight_lean,A6b
ETH,2025-04-14,down,slight_lean,A6b
ETH,2025-04-15,down,slight_lean,A6b
ETH,2025-04-16,down,slight_lean,A6b
ETH,2025-04-17,up,slight_lean,A6b
ETH,2025-04-18,down,slight_lean,A6b
ETH,2025-04-21,down,slight_lean,A6b
ETH,2025-04-22,up,slight_lean,A6b
ETH,2025-04-23,up,slight_lean,OB-state(open-DON55)
ETH,2025-04-24,up,slight_lean,OB-state(open-DON55)
ETH,2025-04-25,up,slight_lean,OB-state(open-DON55)
ETH,2025-04-28,up,slight_lean,OB-state(open-DON55)
ETH,2025-04-29,up,slight_lean,OB-state(open-DON55)
ETH,2025-04-30,up,slight_lean,OB-state(open-DON55)
ETH,2025-05-01,down,slight_lean,A6b
ETH,2025-05-02,down,slight_lean,A6b
ETH,2025-05-05,down,slight_lean,A6b
ETH,2025-05-06,up,slight_lean,A6b
ETH,2025-05-07,up,slight_lean,A6b
ETH,2025-05-08,up,slight_lean,OB-state(open-DON55)
ETH,2025-05-09,up,slight_lean,OB-state(open-DON55)
ETH,2025-05-12,up,slight_lean,OB-state(open-DON55)
ETH,2025-05-13,up,slight_lean,OB-state(open-DON55)
ETH,2025-05-14,up,slight_lean,OB-state(open-DON55)
ETH,2025-05-15,up,slight_lean,OB-state(open-DON55)
ETH,2025-05-16,down,slight_lean,A6b
ETH,2025-05-19,down,slight_lean,A6b
ETH,2025-05-20,down,slight_lean,A6b
ETH,2025-05-21,up,slight_lean,A6b
ETH,2025-05-22,up,slight_lean,A6b
ETH,2025-05-23,down,slight_lean,A6b
ETH,2025-05-26,up,slight_lean,A6b
ETH,2025-05-27,up,slight_lean,A6b
ETH,2025-05-28,down,slight_lean,A6b
ETH,2025-05-29,up,slight_lean,OB-state(open-DON55)
ETH,2025-05-30,down,slight_lean,A6b
ETH,2025-06-02,up,slight_lean,A6b
ETH,2025-06-03,down,slight_lean,A6b
ETH,2025-06-04,down,slight_lean,A6b
ETH,2025-06-05,down,slight_lean,A6b
ETH,2025-06-06,up,slight_lean,A6b
ETH,2025-06-09,down,slight_lean,A6b
ETH,2025-06-10,up,slight_lean,OB-state(open-DON55)
ETH,2025-06-11,up,slight_lean,OB-state(open-DON55)
ETH,2025-06-12,up,slight_lean,OB-state(open-DON55)
ETH,2025-06-13,down,slight_lean,A6b
ETH,2025-06-16,up,slight_lean,A6b
ETH,2025-06-17,down,slight_lean,A6b
ETH,2025-06-18,up,slight_lean,A6b
ETH,2025-06-19,down,slight_lean,A6b
ETH,2025-06-20,down,slight_lean,A6b
ETH,2025-06-23,up,slight_lean,A6b
ETH,2025-06-24,down,slight_lean,A6b
ETH,2025-06-25,down,slight_lean,A6b
ETH,2025-06-26,down,slight_lean,A6b
ETH,2025-06-27,down,slight_lean,A6b
ETH,2025-06-30,down,slight_lean,A6b
ETH,2025-07-01,down,slight_lean,A6b
ETH,2025-07-02,up,slight_lean,A6b
ETH,2025-07-03,up,slight_lean,OB-state(open-DON55)
ETH,2025-07-04,up,slight_lean,OB-state(open-DON55)
ETH,2025-07-07,down,slight_lean,A6b
ETH,2025-07-08,up,slight_lean,A6b
ETH,2025-07-09,down,slight_lean,A6b
ETH,2025-07-10,up,slight_lean,OB-state(open-DON55)
ETH,2025-07-11,up,slight_lean,OB-state(open-DON55)
ETH,2025-07-14,up,slight_lean,OB-state(open-DON55)
ETH,2025-07-15,up,slight_lean,OB-state(open-DON55)
ETH,2025-07-16,up,slight_lean,OB-state(open-DON55)
ETH,2025-07-17,up,slight_lean,OB-state(open-DON55)
ETH,2025-07-18,up,slight_lean,OB-state(open-DON55)
ETH,2025-07-21,up,slight_lean,OB-state(open-DON55)
ETH,2025-07-22,up,slight_lean,OB-state(open-DON55)
ETH,2025-07-23,up,slight_lean,OB-state(open-DON55)
ETH,2025-07-24,down,slight_lean,A6b
ETH,2025-07-25,down,slight_lean,A6b
ETH,2025-07-28,up,slight_lean,OB-state(open-DON55)
ETH,2025-07-29,down,slight_lean,A6b
ETH,2025-07-30,up,slight_lean,A6b
ETH,2025-07-31,down,slight_lean,A6b
ETH,2025-08-01,up,slight_lean,A6b
ETH,2025-08-04,up,slight_lean,A6b
ETH,2025-08-05,down,slight_lean,A6b
ETH,2025-08-06,up,slight_lean,A6b
ETH,2025-08-07,down,slight_lean,A6b
ETH,2025-08-08,up,slight_lean,OB-state(open-DON55)
ETH,2025-08-11,up,slight_lean,OB-state(open-DON55)
ETH,2025-08-12,up,slight_lean,OB-state(open-DON55)
ETH,2025-08-13,up,slight_lean,OB-state(open-DON55)
ETH,2025-08-14,up,slight_lean,OB-state(open-DON55)
ETH,2025-08-15,up,slight_lean,OB-state(open-DON55)
ETH,2025-08-18,up,slight_lean,A6b
ETH,2025-08-19,down,slight_lean,A6b
ETH,2025-08-20,up,slight_lean,A6b
ETH,2025-08-21,up,slight_lean,A6b
ETH,2025-08-22,up,slight_lean,A6b
ETH,2025-08-25,down,slight_lean,A6b
ETH,2025-08-26,up,slight_lean,A6b
ETH,2025-08-27,down,slight_lean,A6b
ETH,2025-08-28,down,slight_lean,A6b
ETH,2025-08-29,down,slight_lean,A6b
ETH,2025-09-01,up,slight_lean,A6b
ETH,2025-09-02,up,slight_lean,A6b
ETH,2025-09-03,up,slight_lean,A6b
ETH,2025-09-04,down,slight_lean,A6b
ETH,2025-09-05,down,slight_lean,A6b
ETH,2025-09-08,down,slight_lean,A6b
ETH,2025-09-09,down,slight_lean,A6b
ETH,2025-09-10,down,slight_lean,A6b
ETH,2025-09-11,down,slight_lean,A6b
ETH,2025-09-12,up,slight_lean,OB-state(open-DON55)
ETH,2025-09-15,down,slight_lean,A6b
ETH,2025-09-16,down,slight_lean,A6b
ETH,2025-09-17,up,slight_lean,A6b
ETH,2025-09-18,up,slight_lean,A6b
ETH,2025-09-19,down,slight_lean,A6b
ETH,2025-09-22,down,slight_lean,A6b
ETH,2025-09-23,down,slight_lean,A6b
ETH,2025-09-24,up,slight_lean,A6b
ETH,2025-09-25,up,slight_lean,A6b
ETH,2025-09-26,up,slight_lean,A6b
ETH,2025-09-29,down,slight_lean,A6b
ETH,2025-09-30,down,slight_lean,A6b
ETH,2025-10-01,down,slight_lean,A6b
ETH,2025-10-02,up,slight_lean,OB-state(open-DON55)
ETH,2025-10-03,up,slight_lean,OB-state(open-DON55)
ETH,2025-10-06,up,slight_lean,OB-state(open-DON55)
ETH,2025-10-07,up,slight_lean,OB-state(open-DON55)
ETH,2025-10-08,up,slight_lean,OB-state(open-DON55)
ETH,2025-10-09,down,slight_lean,A6b
ETH,2025-10-10,up,slight_lean,A6b
ETH,2025-10-13,up,slight_lean,A6b
ETH,2025-10-14,down,slight_lean,A6b
ETH,2025-10-15,up,slight_lean,A6b
ETH,2025-10-16,down,slight_lean,A6b
ETH,2025-10-17,up,slight_lean,A6b
ETH,2025-10-20,down,slight_lean,A6b
ETH,2025-10-21,down,slight_lean,A6b
ETH,2025-10-22,up,slight_lean,A6b
ETH,2025-10-23,up,slight_lean,A6b
ETH,2025-10-24,down,slight_lean,A6b
ETH,2025-10-27,up,slight_lean,OB-state(open-DON55)
ETH,2025-10-28,up,slight_lean,OB-state(open-DON55)
ETH,2025-10-29,down,slight_lean,A6b
ETH,2025-10-30,down,slight_lean,A6b
ETH,2025-10-31,up,slight_lean,A6b
ETH,2025-11-03,down,slight_lean,A6b
ETH,2025-11-04,down,slight_lean,A6b
ETH,2025-11-05,up,slight_lean,A6b
ETH,2025-11-06,down,slight_lean,A6b
ETH,2025-11-07,up,slight_lean,A6b
ETH,2025-11-10,up,slight_lean,A6b
ETH,2025-11-11,down,slight_lean,A6b
ETH,2025-11-12,up,slight_lean,A6b
ETH,2025-11-13,up,slight_lean,A6b
ETH,2025-11-14,up,slight_lean,A6b
ETH,2025-11-17,down,slight_lean,A6b
ETH,2025-11-18,up,slight_lean,A6b
ETH,2025-11-19,up,slight_lean,A6b
ETH,2025-11-20,down,slight_lean,A6b
ETH,2025-11-21,up,slight_lean,A6b
ETH,2025-11-24,down,slight_lean,A6b
ETH,2025-11-25,down,slight_lean,A6b
ETH,2025-11-26,down,slight_lean,A6b
ETH,2025-11-27,down,slight_lean,A6b
ETH,2025-11-28,down,slight_lean,A6b
ETH,2025-12-01,down,slight_lean,A6b
ETH,2025-12-02,up,slight_lean,A6b
ETH,2025-12-03,down,slight_lean,A6b
ETH,2025-12-04,up,slight_lean,OB-state(open-DON55)
ETH,2025-12-05,up,slight_lean,OB-state(open-DON55)
ETH,2025-12-08,down,slight_lean,A6b
ETH,2025-12-09,up,slight_lean,A6b
ETH,2025-12-10,up,slight_lean,OB-state(open-DON55)
ETH,2025-12-11,down,slight_lean,A6b
ETH,2025-12-12,up,slight_lean,A6b
ETH,2025-12-15,up,slight_lean,A6b
ETH,2025-12-16,up,slight_lean,A6b
ETH,2025-12-17,down,slight_lean,A6b
ETH,2025-12-18,up,slight_lean,A6b
ETH,2025-12-19,down,slight_lean,A6b
ETH,2025-12-22,down,slight_lean,A6b
ETH,2025-12-23,down,slight_lean,A6b
ETH,2025-12-24,down,slight_lean,A6b
ETH,2025-12-25,down,slight_lean,A6b
ETH,2025-12-26,down,slight_lean,A6b
ETH,2025-12-29,up,slight_lean,A6b
ETH,2025-12-30,up,slight_lean,A6b
ETH,2025-12-31,up,slight_lean,A6b
ETH,2026-01-01,up,slight_lean,A6b
ETH,2026-01-02,up,slight_lean,A6b
ETH,2026-01-05,up,slight_lean,OB-state(open-DON55)
ETH,2026-01-06,up,slight_lean,OB-state(open-DON55)
ETH,2026-01-07,up,slight_lean,OB-state(open-DON55)
ETH,2026-01-08,up,slight_lean,OB-state(open-DON55)
ETH,2026-01-09,up,slight_lean,A6b
ETH,2026-01-12,down,slight_lean,A6b
ETH,2026-01-13,down,slight_lean,A6b
ETH,2026-01-14,up,slight_lean,OB-state(open-DON55)
ETH,2026-01-15,up,slight_lean,OB-state(open-DON55)
ETH,2026-01-16,up,slight_lean,OB-state(open-DON55)
ETH,2026-01-19,up,slight_lean,A6b
ETH,2026-01-20,up,slight_lean,A6b
ETH,2026-01-21,up,slight_lean,A6b
ETH,2026-01-22,down,slight_lean,A6b
ETH,2026-01-23,down,slight_lean,A6b
ETH,2026-01-26,down,slight_lean,A6b
ETH,2026-01-27,down,slight_lean,A6b
ETH,2026-01-28,down,slight_lean,A6b
ETH,2026-01-29,down,slight_lean,A6b
ETH,2026-01-30,up,slight_lean,A6b
ETH,2026-02-02,up,slight_lean,A6b
ETH,2026-02-03,down,slight_lean,A6b
ETH,2026-02-04,up,slight_lean,A6b
ETH,2026-02-05,up,slight_lean,A6b
ETH,2026-02-06,up,slight_lean,A6b
ETH,2026-02-09,down,slight_lean,A6b
ETH,2026-02-10,down,slight_lean,A6b
ETH,2026-02-11,up,slight_lean,A6b
ETH,2026-02-12,down,slight_lean,A6b
ETH,2026-02-13,up,slight_lean,A6b
ETH,2026-02-16,down,slight_lean,A6b
ETH,2026-02-17,down,slight_lean,A6b
ETH,2026-02-18,up,slight_lean,A6b
ETH,2026-02-19,down,slight_lean,A6b
ETH,2026-02-20,up,slight_lean,A6b
ETH,2026-02-23,down,slight_lean,A6b
ETH,2026-02-24,up,slight_lean,A6b
ETH,2026-02-25,down,slight_lean,A6b
ETH,2026-02-26,up,slight_lean,OB-state(open-DON55)
ETH,2026-02-27,up,slight_lean,A6b
ETH,2026-03-02,up,slight_lean,A6b
ETH,2026-03-03,down,slight_lean,A6b
ETH,2026-03-04,up,slight_lean,A6b
ETH,2026-03-05,up,slight_lean,OB-state(open-DON55)
ETH,2026-03-06,up,slight_lean,OB-state(open-DON55)
ETH,2026-03-09,up,slight_lean,A6b
ETH,2026-03-10,down,slight_lean,A6b
ETH,2026-03-11,up,slight_lean,A6b
ETH,2026-03-12,down,slight_lean,A6b
ETH,2026-03-13,up,slight_lean,A6b
ETH,2026-03-16,up,slight_lean,OB-state(open-DON55)
ETH,2026-03-17,up,slight_lean,OB-state(open-DON55)
ETH,2026-03-18,up,slight_lean,OB-state(open-DON55)
ETH,2026-03-19,up,slight_lean,A6b
ETH,2026-03-20,up,slight_lean,A6b
ETH,2026-03-23,up,slight_lean,A6b
ETH,2026-03-24,down,slight_lean,A6b
ETH,2026-03-25,up,slight_lean,A6b
ETH,2026-03-26,down,slight_lean,A6b
ETH,2026-03-27,up,slight_lean,A6b
ETH,2026-03-30,up,slight_lean,A6b
ETH,2026-03-31,up,slight_lean,A6b
ETH,2026-04-01,down,slight_lean,A6b
ETH,2026-04-02,down,slight_lean,A6b
ETH,2026-04-03,down,slight_lean,A6b
ETH,2026-04-06,down,slight_lean,A6b
ETH,2026-04-07,down,slight_lean,A6b
ETH,2026-04-08,up,slight_lean,OB-state(open-DON55)
ETH,2026-04-09,up,slight_lean,OB-state(open-DON55)
ETH,2026-04-10,up,slight_lean,OB-state(open-DON55)
ETH,2026-04-13,up,slight_lean,OB-state(open-DON55)
ETH,2026-04-14,up,slight_lean,OB-state(open-DON55)
ETH,2026-04-15,up,slight_lean,OB-state(open-DON55)
ETH,2026-04-16,down,slight_lean,A6b
ETH,2026-04-17,down,slight_lean,A6b
ETH,2026-04-20,down,slight_lean,A6b
ETH,2026-04-21,up,slight_lean,A6b
ETH,2026-04-22,up,slight_lean,A6b
ETH,2026-04-23,down,slight_lean,A6b
ETH,2026-04-24,up,slight_lean,A6b
ETH,2026-04-27,down,slight_lean,A6b
ETH,2026-04-28,down,slight_lean,A6b
ETH,2026-04-29,up,slight_lean,A6b
ETH,2026-04-30,down,slight_lean,A6b
ETH,2026-05-01,down,slight_lean,A6b
ETH,2026-05-04,down,slight_lean,A6b
ETH,2026-05-05,up,slight_lean,A6b
ETH,2026-05-06,up,slight_lean,OB-state(open-DON55)
ETH,2026-05-07,down,slight_lean,A6b
ETH,2026-05-08,up,slight_lean,A6b
ETH,2026-05-11,down,slight_lean,A6b
ETH,2026-05-12,down,slight_lean,A6b
ETH,2026-05-13,up,slight_lean,A6b
ETH,2026-05-14,down,slight_lean,A6b
ETH,2026-05-15,down,slight_lean,A6b
ETH,2026-05-18,up,slight_lean,A6b
ETH,2026-05-19,up,slight_lean,A6b
ETH,2026-05-20,up,slight_lean,A6b
ETH,2026-05-21,down,slight_lean,A6b
ETH,2026-05-22,down,slight_lean,A6b
ETH,2026-05-25,down,slight_lean,A6b
ETH,2026-05-26,down,slight_lean,A6b
ETH,2026-05-27,down,slight_lean,A6b
ETH,2026-05-28,up,slight_lean,A6b
ETH,2026-05-29,down,slight_lean,A6b
ETH,2026-06-01,down,slight_lean,A6b
ETH,2026-06-02,down,slight_lean,A6b
ETH,2026-06-03,down,slight_lean,A6b
ETH,2026-06-04,up,slight_lean,A6b
ETH,2026-06-05,up,slight_lean,A6b
ETH,2026-06-08,up,slight_lean,A6b
ETH,2026-06-09,down,slight_lean,A6b
ETH,2026-06-10,up,slight_lean,A6b
ETH,2026-06-11,up,slight_lean,A6b
ETH,2026-06-12,down,slight_lean,A6b
ETH,2026-06-15,up,slight_lean,OB-state(open-DON55)
ETH,2026-06-16,up,slight_lean,OB-state(open-DON55)
ETH,2026-06-17,up,slight_lean,OB-state(open-DON55)
ETH,2026-06-18,up,slight_lean,A6b
ETH,2026-06-19,down,slight_lean,A6b
ETH,2026-06-22,down,slight_lean,A6b
ETH,2026-06-23,up,slight_lean,A6b
ETH,2026-06-24,up,slight_lean,A6b
ETH,2026-06-25,up,slight_lean,A6b
ETH,2026-06-26,down,slight_lean,A6b
ETH,2026-06-29,up,slight_lean,A6b
ETH,2026-06-30,down,slight_lean,A6b
ETH,2026-07-01,down,slight_lean,A6b
ETH,2026-07-02,up,slight_lean,A6b
ETH,2026-07-03,up,slight_lean,OB-state(open-DON55)
ETH,2026-07-06,up,slight_lean,OB-state(open-DON55)
ETH,2026-07-07,up,slight_lean,OB-state(open-DON55)
ETH,2026-07-08,up,slight_lean,OB-state(open-DON55)
ETH,2026-07-09,up,slight_lean,OB-state(open-DON55)
ETH,2026-07-10,up,slight_lean,OB-state(open-DON55)
ETH,2026-07-13,down,slight_lean,A6b
ETH,2026-07-14,up,slight_lean,A6b
ETH,2026-07-15,up,slight_lean,OB-state(open-DON55)
ETH,2026-07-16,up,slight_lean,OB-state(open-DON55)
ETH,2026-07-17,up,slight_lean,A6b
ETH,2026-07-20,up,slight_lean,A6b
ETH,2026-07-21,down,slight_lean,A6b
ETH,2026-07-22,down,slight_lean,A6b
ETH,2026-07-23,up,slight_lean,A6b
SOL,2020-08-12,na,na,na
SOL,2020-08-13,na,na,na
SOL,2020-08-14,na,na,na
SOL,2020-08-17,na,na,na
SOL,2020-08-18,na,na,na
SOL,2020-08-19,na,na,na
SOL,2020-08-20,na,na,na
SOL,2020-08-21,na,na,na
SOL,2020-08-24,na,na,na
SOL,2020-08-25,na,na,na
SOL,2020-08-26,na,na,na
SOL,2020-08-27,na,na,na
SOL,2020-08-28,na,na,na
SOL,2020-08-31,na,na,na
SOL,2020-09-01,na,na,na
SOL,2020-09-02,na,na,na
SOL,2020-09-03,na,na,na
SOL,2020-09-04,na,na,na
SOL,2020-09-07,na,na,na
SOL,2020-09-08,na,na,na
SOL,2020-09-09,na,na,na
SOL,2020-09-10,na,na,na
SOL,2020-09-11,na,na,na
SOL,2020-09-14,na,na,na
SOL,2020-09-15,na,na,na
SOL,2020-09-16,na,na,na
SOL,2020-09-17,na,na,na
SOL,2020-09-18,na,na,na
SOL,2020-09-21,na,na,na
SOL,2020-09-22,na,na,na
SOL,2020-09-23,na,na,na
SOL,2020-09-24,na,na,na
SOL,2020-09-25,na,na,na
SOL,2020-09-28,na,na,na
SOL,2020-09-29,na,na,na
SOL,2020-09-30,na,na,na
SOL,2020-10-01,na,na,na
SOL,2020-10-02,na,na,na
SOL,2020-10-05,na,na,na
SOL,2020-10-06,na,na,na
SOL,2020-10-07,na,na,na
SOL,2020-10-08,na,na,na
SOL,2020-10-09,na,na,na
SOL,2020-10-12,na,na,na
SOL,2020-10-13,na,na,na
SOL,2020-10-14,na,na,na
SOL,2020-10-15,na,na,na
SOL,2020-10-16,na,na,na
SOL,2020-10-19,na,na,na
SOL,2020-10-20,na,na,na
SOL,2020-10-21,na,na,na
SOL,2020-10-22,na,na,na
SOL,2020-10-23,na,na,na
SOL,2020-10-26,na,na,na
SOL,2020-10-27,na,na,na
SOL,2020-10-28,na,na,na
SOL,2020-10-29,na,na,na
SOL,2020-10-30,na,na,na
SOL,2020-11-02,na,na,na
SOL,2020-11-03,na,na,na
SOL,2020-11-04,na,na,na
SOL,2020-11-05,na,na,na
SOL,2020-11-06,na,na,na
SOL,2020-11-09,na,na,na
SOL,2020-11-10,na,na,na
SOL,2020-11-11,na,na,na
SOL,2020-11-12,na,na,na
SOL,2020-11-13,na,na,na
SOL,2020-11-16,na,na,na
SOL,2020-11-17,na,na,na
SOL,2020-11-18,na,na,na
SOL,2020-11-19,na,na,na
SOL,2020-11-20,na,na,na
SOL,2020-11-23,na,na,na
SOL,2020-11-24,na,na,na
SOL,2020-11-25,na,na,na
SOL,2020-11-26,na,na,na
SOL,2020-11-27,na,na,na
SOL,2020-11-30,na,na,na
SOL,2020-12-01,na,na,na
SOL,2020-12-02,na,na,na
SOL,2020-12-03,na,na,na
SOL,2020-12-04,na,na,na
SOL,2020-12-07,na,na,na
SOL,2020-12-08,na,na,na
SOL,2020-12-09,na,na,na
SOL,2020-12-10,na,na,na
SOL,2020-12-11,na,na,na
SOL,2020-12-14,na,na,na
SOL,2020-12-15,na,na,na
SOL,2020-12-16,na,na,na
SOL,2020-12-17,na,na,na
SOL,2020-12-18,na,na,na
SOL,2020-12-21,na,na,na
SOL,2020-12-22,na,na,na
SOL,2020-12-23,na,na,na
SOL,2020-12-24,na,na,na
SOL,2020-12-25,na,na,na
SOL,2020-12-28,na,na,na
SOL,2020-12-29,na,na,na
SOL,2020-12-30,na,na,na
SOL,2020-12-31,na,na,na
SOL,2021-01-01,na,na,na
SOL,2021-01-04,na,na,na
SOL,2021-01-05,na,na,na
SOL,2021-01-06,na,na,na
SOL,2021-01-07,na,na,na
SOL,2021-01-08,na,na,na
SOL,2021-01-11,na,na,na
SOL,2021-01-12,na,na,na
SOL,2021-01-13,na,na,na
SOL,2021-01-14,na,na,na
SOL,2021-01-15,na,na,na
SOL,2021-01-18,na,na,na
SOL,2021-01-19,na,na,na
SOL,2021-01-20,na,na,na
SOL,2021-01-21,na,na,na
SOL,2021-01-22,na,na,na
SOL,2021-01-25,na,na,na
SOL,2021-01-26,na,na,na
SOL,2021-01-27,na,na,na
SOL,2021-01-28,na,na,na
SOL,2021-01-29,na,na,na
SOL,2021-02-01,na,na,na
SOL,2021-02-02,na,na,na
SOL,2021-02-03,na,na,na
SOL,2021-02-04,na,na,na
SOL,2021-02-05,na,na,na
SOL,2021-02-08,na,na,na
SOL,2021-02-09,na,na,na
SOL,2021-02-10,na,na,na
SOL,2021-02-11,na,na,na
SOL,2021-02-12,na,na,na
SOL,2021-02-15,na,na,na
SOL,2021-02-16,na,na,na
SOL,2021-02-17,na,na,na
SOL,2021-02-18,na,na,na
SOL,2021-02-19,na,na,na
SOL,2021-02-22,na,na,na
SOL,2021-02-23,na,na,na
SOL,2021-02-24,na,na,na
SOL,2021-02-25,na,na,na
SOL,2021-02-26,na,na,na
SOL,2021-03-01,na,na,na
SOL,2021-03-02,na,na,na
SOL,2021-03-03,na,na,na
SOL,2021-03-04,na,na,na
SOL,2021-03-05,na,na,na
SOL,2021-03-08,na,na,na
SOL,2021-03-09,na,na,na
SOL,2021-03-10,na,na,na
SOL,2021-03-11,na,na,na
SOL,2021-03-12,na,na,na
SOL,2021-03-15,na,na,na
SOL,2021-03-16,na,na,na
SOL,2021-03-17,na,na,na
SOL,2021-03-18,na,na,na
SOL,2021-03-19,na,na,na
SOL,2021-03-22,na,na,na
SOL,2021-03-23,na,na,na
SOL,2021-03-24,na,na,na
SOL,2021-03-25,na,na,na
SOL,2021-03-26,na,na,na
SOL,2021-03-29,na,na,na
SOL,2021-03-30,na,na,na
SOL,2021-03-31,na,na,na
SOL,2021-04-01,na,na,na
SOL,2021-04-02,na,na,na
SOL,2021-04-05,na,na,na
SOL,2021-04-06,na,na,na
SOL,2021-04-07,na,na,na
SOL,2021-04-08,na,na,na
SOL,2021-04-09,na,na,na
SOL,2021-04-12,na,na,na
SOL,2021-04-13,na,na,na
SOL,2021-04-14,na,na,na
SOL,2021-04-15,na,na,na
SOL,2021-04-16,na,na,na
SOL,2021-04-19,na,na,na
SOL,2021-04-20,na,na,na
SOL,2021-04-21,na,na,na
SOL,2021-04-22,na,na,na
SOL,2021-04-23,na,na,na
SOL,2021-04-26,na,na,na
SOL,2021-04-27,na,na,na
SOL,2021-04-28,na,na,na
SOL,2021-04-29,na,na,na
SOL,2021-04-30,na,na,na
SOL,2021-05-03,na,na,na
SOL,2021-05-04,na,na,na
SOL,2021-05-05,na,na,na
SOL,2021-05-06,na,na,na
SOL,2021-05-07,na,na,na
SOL,2021-05-10,na,na,na
SOL,2021-05-11,na,na,na
SOL,2021-05-12,na,na,na
SOL,2021-05-13,na,na,na
SOL,2021-05-14,na,na,na
SOL,2021-05-17,na,na,na
SOL,2021-05-18,na,na,na
SOL,2021-05-19,na,na,na
SOL,2021-05-20,na,na,na
SOL,2021-05-21,na,na,na
SOL,2021-05-24,na,na,na
SOL,2021-05-25,na,na,na
SOL,2021-05-26,na,na,na
SOL,2021-05-27,na,na,na
SOL,2021-05-28,na,na,na
SOL,2021-05-31,na,na,na
SOL,2021-06-01,na,na,na
SOL,2021-06-02,na,na,na
SOL,2021-06-03,na,na,na
SOL,2021-06-04,na,na,na
SOL,2021-06-07,na,na,na
SOL,2021-06-08,na,na,na
SOL,2021-06-09,na,na,na
SOL,2021-06-10,na,na,na
SOL,2021-06-11,na,na,na
SOL,2021-06-14,na,na,na
SOL,2021-06-15,na,na,na
SOL,2021-06-16,na,na,na
SOL,2021-06-17,na,na,na
SOL,2021-06-18,na,na,na
SOL,2021-06-21,na,na,na
SOL,2021-06-22,na,na,na
SOL,2021-06-23,na,na,na
SOL,2021-06-24,na,na,na
SOL,2021-06-25,na,na,na
SOL,2021-06-28,na,na,na
SOL,2021-06-29,na,na,na
SOL,2021-06-30,na,na,na
SOL,2021-07-01,na,na,na
SOL,2021-07-02,na,na,na
SOL,2021-07-05,na,na,na
SOL,2021-07-06,na,na,na
SOL,2021-07-07,na,na,na
SOL,2021-07-08,na,na,na
SOL,2021-07-09,na,na,na
SOL,2021-07-12,na,na,na
SOL,2021-07-13,na,na,na
SOL,2021-07-14,na,na,na
SOL,2021-07-15,na,na,na
SOL,2021-07-16,na,na,na
SOL,2021-07-19,na,na,na
SOL,2021-07-20,na,na,na
SOL,2021-07-21,na,na,na
SOL,2021-07-22,na,na,na
SOL,2021-07-23,na,na,na
SOL,2021-07-26,na,na,na
SOL,2021-07-27,na,na,na
SOL,2021-07-28,na,na,na
SOL,2021-07-29,na,na,na
SOL,2021-07-30,na,na,na
SOL,2021-08-02,na,na,na
SOL,2021-08-03,na,na,na
SOL,2021-08-04,na,na,na
SOL,2021-08-05,na,na,na
SOL,2021-08-06,na,na,na
SOL,2021-08-09,na,na,na
SOL,2021-08-10,na,na,na
SOL,2021-08-11,na,na,na
SOL,2021-08-12,na,na,na
SOL,2021-08-13,na,na,na
SOL,2021-08-16,na,na,na
SOL,2021-08-17,na,na,na
SOL,2021-08-18,na,na,na
SOL,2021-08-19,na,na,na
SOL,2021-08-20,na,na,na
SOL,2021-08-23,na,na,na
SOL,2021-08-24,na,na,na
SOL,2021-08-25,na,na,na
SOL,2021-08-26,na,na,na
SOL,2021-08-27,na,na,na
SOL,2021-08-30,na,na,na
SOL,2021-08-31,na,na,na
SOL,2021-09-01,na,na,na
SOL,2021-09-02,na,na,na
SOL,2021-09-03,na,na,na
SOL,2021-09-06,na,na,na
SOL,2021-09-07,na,na,na
SOL,2021-09-08,na,na,na
SOL,2021-09-09,na,na,na
SOL,2021-09-10,na,na,na
SOL,2021-09-13,na,na,na
SOL,2021-09-14,na,na,na
SOL,2021-09-15,na,na,na
SOL,2021-09-16,na,na,na
SOL,2021-09-17,na,na,na
SOL,2021-09-20,na,na,na
SOL,2021-09-21,na,na,na
SOL,2021-09-22,na,na,na
SOL,2021-09-23,na,na,na
SOL,2021-09-24,na,na,na
SOL,2021-09-27,na,na,na
SOL,2021-09-28,na,na,na
SOL,2021-09-29,na,na,na
SOL,2021-09-30,na,na,na
SOL,2021-10-01,na,na,na
SOL,2021-10-04,na,na,na
SOL,2021-10-05,na,na,na
SOL,2021-10-06,na,na,na
SOL,2021-10-07,na,na,na
SOL,2021-10-08,na,na,na
SOL,2021-10-11,na,na,na
SOL,2021-10-12,na,na,na
SOL,2021-10-13,na,na,na
SOL,2021-10-14,na,na,na
SOL,2021-10-15,na,na,na
SOL,2021-10-18,na,na,na
SOL,2021-10-19,na,na,na
SOL,2021-10-20,na,na,na
SOL,2021-10-21,na,na,na
SOL,2021-10-22,na,na,na
SOL,2021-10-25,na,na,na
SOL,2021-10-26,na,na,na
SOL,2021-10-27,na,na,na
SOL,2021-10-28,na,na,na
SOL,2021-10-29,na,na,na
SOL,2021-11-01,na,na,na
SOL,2021-11-02,na,na,na
SOL,2021-11-03,na,na,na
SOL,2021-11-04,na,na,na
SOL,2021-11-05,na,na,na
SOL,2021-11-08,na,na,na
SOL,2021-11-09,na,na,na
SOL,2021-11-10,na,na,na
SOL,2021-11-11,na,na,na
SOL,2021-11-12,na,na,na
SOL,2021-11-15,na,na,na
SOL,2021-11-16,na,na,na
SOL,2021-11-17,na,na,na
SOL,2021-11-18,na,na,na
SOL,2021-11-19,na,na,na
SOL,2021-11-22,na,na,na
SOL,2021-11-23,na,na,na
SOL,2021-11-24,na,na,na
SOL,2021-11-25,na,na,na
SOL,2021-11-26,na,na,na
SOL,2021-11-29,na,na,na
SOL,2021-11-30,na,na,na
SOL,2021-12-01,na,na,na
SOL,2021-12-02,na,na,na
SOL,2021-12-03,na,na,na
SOL,2021-12-06,na,na,na
SOL,2021-12-07,na,na,na
SOL,2021-12-08,na,na,na
SOL,2021-12-09,na,na,na
SOL,2021-12-10,na,na,na
SOL,2021-12-13,na,na,na
SOL,2021-12-14,na,na,na
SOL,2021-12-15,na,na,na
SOL,2021-12-16,na,na,na
SOL,2021-12-17,na,na,na
SOL,2021-12-20,na,na,na
SOL,2021-12-21,na,na,na
SOL,2021-12-22,na,na,na
SOL,2021-12-23,na,na,na
SOL,2021-12-24,na,na,na
SOL,2021-12-27,na,na,na
SOL,2021-12-28,na,na,na
SOL,2021-12-29,na,na,na
SOL,2021-12-30,na,na,na
SOL,2021-12-31,na,na,na
SOL,2022-01-03,na,na,na
SOL,2022-01-04,na,na,na
SOL,2022-01-05,na,na,na
SOL,2022-01-06,na,na,na
SOL,2022-01-07,na,na,na
SOL,2022-01-10,na,na,na
SOL,2022-01-11,na,na,na
SOL,2022-01-12,na,na,na
SOL,2022-01-13,na,na,na
SOL,2022-01-14,na,na,na
SOL,2022-01-17,na,na,na
SOL,2022-01-18,na,na,na
SOL,2022-01-19,up,slight_lean,A6b
SOL,2022-01-20,up,slight_lean,A6b
SOL,2022-01-21,up,slight_lean,A6b
SOL,2022-01-24,up,slight_lean,A6b
SOL,2022-01-25,down,lean,A6b
SOL,2022-01-26,up,slight_lean,A6b
SOL,2022-01-27,down,lean,A6b
SOL,2022-01-28,up,slight_lean,A6b
SOL,2022-01-31,down,lean,A6b
SOL,2022-02-01,down,lean,A6b+E6c
SOL,2022-02-02,down,lean,A6b+E6c
SOL,2022-02-03,down,lean,A6b
SOL,2022-02-04,up,slight_lean,A6b
SOL,2022-02-07,down,lean,A6b
SOL,2022-02-08,up,slight_lean,A6b
SOL,2022-02-09,down,lean,A6b+E6c
SOL,2022-02-10,down,lean,A6b
SOL,2022-02-11,up,slight_lean,A6b
SOL,2022-02-14,none,none,I-1 CONFLICT
SOL,2022-02-15,down,lean,A6b+E6c
SOL,2022-02-16,down,lean,A6b
SOL,2022-02-17,up,slight_lean,A6b
SOL,2022-02-18,up,slight_lean,A6b
SOL,2022-02-21,up,slight_lean,A6b
SOL,2022-02-22,none,none,I-1 CONFLICT
SOL,2022-02-23,none,none,I-1 CONFLICT
SOL,2022-02-24,up,slight_lean,A6b
SOL,2022-02-25,down,lean,A6b+E6c
SOL,2022-02-28,down,lean,A6b+E6c
SOL,2022-03-01,down,lean,A6b
SOL,2022-03-02,none,none,I-1 CONFLICT
SOL,2022-03-03,down,lean,A6b
SOL,2022-03-04,up,slight_lean,A6b
SOL,2022-03-07,up,slight_lean,A6b
SOL,2022-03-08,none,none,I-1 CONFLICT
SOL,2022-03-09,up,slight_lean,A6b
SOL,2022-03-10,down,lean,A6b
SOL,2022-03-11,none,none,I-1 CONFLICT
SOL,2022-03-14,up,slight_lean,A6b
SOL,2022-03-15,up,slight_lean,A6b
SOL,2022-03-16,down,lean,A6b
SOL,2022-03-17,down,lean,A6b
SOL,2022-03-18,down,lean,A6b
SOL,2022-03-21,down,lean,A6b
SOL,2022-03-22,none,none,I-1 CONFLICT
SOL,2022-03-23,down,lean,A6b
SOL,2022-03-24,none,none,I-1 CONFLICT
SOL,2022-03-25,down,lean,A6b+E6c
SOL,2022-03-28,up,slight_lean,A6b
SOL,2022-03-29,down,lean,A6b+E6c
SOL,2022-03-30,down,lean,A6b+E6c
SOL,2022-03-31,none,none,I-1 CONFLICT
SOL,2022-04-01,up,slight_lean,A6b
SOL,2022-04-04,down,lean,A6b
SOL,2022-04-05,down,lean,A6b+E6c
SOL,2022-04-06,up,slight_lean,A6b
SOL,2022-04-07,none,none,I-1 CONFLICT
SOL,2022-04-08,down,lean,A6b
SOL,2022-04-11,up,slight_lean,A6b
SOL,2022-04-12,none,none,I-1 CONFLICT
SOL,2022-04-13,up,slight_lean,A6b
SOL,2022-04-14,down,lean,A6b
SOL,2022-04-15,up,slight_lean,A6b
SOL,2022-04-18,up,slight_lean,A6b
SOL,2022-04-19,down,lean,A6b
SOL,2022-04-20,down,lean,A6b+E6c
SOL,2022-04-21,none,none,I-1 CONFLICT
SOL,2022-04-22,up,slight_lean,A6b
SOL,2022-04-25,up,slight_lean,A6b
SOL,2022-04-26,down,lean,A6b
SOL,2022-04-27,none,none,I-1 CONFLICT
SOL,2022-04-28,up,slight_lean,A6b
SOL,2022-04-29,down,lean,A6b
SOL,2022-05-02,up,slight_lean,A6b
SOL,2022-05-03,down,lean,A6b+E6c
SOL,2022-05-04,down,lean,A6b+E6c
SOL,2022-05-05,down,lean,A6b
SOL,2022-05-06,up,slight_lean,A6b
SOL,2022-05-09,up,slight_lean,A6b
SOL,2022-05-10,none,none,I-1 CONFLICT
SOL,2022-05-11,down,lean,A6b
SOL,2022-05-12,up,slight_lean,A6b
SOL,2022-05-13,none,none,I-1 CONFLICT
SOL,2022-05-16,down,lean,A6b
SOL,2022-05-17,up,slight_lean,A6b
SOL,2022-05-18,down,lean,A6b
SOL,2022-05-19,up,slight_lean,A6b
SOL,2022-05-20,none,none,I-1 CONFLICT
SOL,2022-05-23,none,none,I-1 CONFLICT
SOL,2022-05-24,down,lean,A6b
SOL,2022-05-25,up,slight_lean,A6b
SOL,2022-05-26,down,lean,A6b
SOL,2022-05-27,down,lean,A6b
SOL,2022-05-30,down,lean,A6b
SOL,2022-05-31,down,lean,A6b
SOL,2022-06-01,up,slight_lean,A6b
SOL,2022-06-02,none,none,I-1 CONFLICT
SOL,2022-06-03,down,lean,A6b
SOL,2022-06-06,none,none,I-1 CONFLICT
SOL,2022-06-07,down,lean,A6b
SOL,2022-06-08,down,lean,A6b
SOL,2022-06-09,none,none,I-1 CONFLICT
SOL,2022-06-10,up,slight_lean,A6b
SOL,2022-06-13,up,slight_lean,A6b
SOL,2022-06-14,up,slight_lean,A6b
SOL,2022-06-15,down,lean,A6b
SOL,2022-06-16,down,lean,A6b
SOL,2022-06-17,none,none,I-1 CONFLICT
SOL,2022-06-20,down,lean,A6b+E6c
SOL,2022-06-21,down,lean,A6b
SOL,2022-06-22,down,lean,A6b
SOL,2022-06-23,none,none,I-1 CONFLICT
SOL,2022-06-24,down,lean,A6b+E6c
SOL,2022-06-27,down,lean,A6b
SOL,2022-06-28,none,none,I-1 CONFLICT
SOL,2022-06-29,up,slight_lean,A6b
SOL,2022-06-30,down,lean,A6b
SOL,2022-07-01,up,slight_lean,A6b
SOL,2022-07-04,down,lean,A6b+E6c
SOL,2022-07-05,down,lean,A6b
SOL,2022-07-06,down,lean,A6b
SOL,2022-07-07,down,lean,A6b
SOL,2022-07-08,down,lean,A6b
SOL,2022-07-11,down,lean,A6b
SOL,2022-07-12,up,slight_lean,A6b
SOL,2022-07-13,none,none,I-1 CONFLICT
SOL,2022-07-14,up,slight_lean,A6b
SOL,2022-07-15,down,lean,A6b
SOL,2022-07-18,down,lean,A6b
SOL,2022-07-19,none,none,I-1 CONFLICT
SOL,2022-07-20,down,lean,A6b
SOL,2022-07-21,down,lean,A6b
SOL,2022-07-22,down,lean,A6b+E6c
SOL,2022-07-25,up,slight_lean,A6b
SOL,2022-07-26,up,slight_lean,A6b
SOL,2022-07-27,up,slight_lean,A6b
SOL,2022-07-28,down,lean,A6b+E6c
SOL,2022-07-29,down,lean,A6b
SOL,2022-08-01,down,lean,A6b
SOL,2022-08-02,up,slight_lean,A6b
SOL,2022-08-03,up,slight_lean,A6b
SOL,2022-08-04,down,lean,A6b
SOL,2022-08-05,down,lean,A6b+E6c
SOL,2022-08-08,none,none,I-1 CONFLICT
SOL,2022-08-09,up,slight_lean,A6b
SOL,2022-08-10,up,slight_lean,A6b
SOL,2022-08-11,down,lean,A6b
SOL,2022-08-12,up,slight_lean,A6b
SOL,2022-08-15,down,lean,A6b
SOL,2022-08-16,down,lean,A6b+E6c
SOL,2022-08-17,up,slight_lean,A6b
SOL,2022-08-18,none,none,I-1 CONFLICT
SOL,2022-08-19,down,lean,A6b
SOL,2022-08-22,up,slight_lean,A6b
SOL,2022-08-23,none,none,I-1 CONFLICT
SOL,2022-08-24,up,slight_lean,A6b
SOL,2022-08-25,down,lean,A6b+E6c
SOL,2022-08-26,down,lean,A6b
SOL,2022-08-29,up,slight_lean,A6b
SOL,2022-08-30,up,slight_lean,A6b
SOL,2022-08-31,none,none,I-1 CONFLICT
SOL,2022-09-01,up,slight_lean,A6b
SOL,2022-09-02,down,lean,A6b
SOL,2022-09-05,up,slight_lean,A6b
SOL,2022-09-06,none,none,I-1 CONFLICT
SOL,2022-09-07,none,none,I-1 CONFLICT
SOL,2022-09-08,down,lean,A6b
SOL,2022-09-09,down,lean,A6b+E6c
SOL,2022-09-12,down,lean,A6b+E6c
SOL,2022-09-13,down,lean,A6b+E6c
SOL,2022-09-14,up,slight_lean,A6b
SOL,2022-09-15,down,lean,A6b
SOL,2022-09-16,none,none,I-1 CONFLICT
SOL,2022-09-19,up,slight_lean,A6b
SOL,2022-09-20,down,lean,A6b
SOL,2022-09-21,none,none,I-1 CONFLICT
SOL,2022-09-22,none,none,I-1 CONFLICT
SOL,2022-09-23,up,slight_lean,A6b
SOL,2022-09-26,up,slight_lean,A6b
SOL,2022-09-27,none,none,I-1 CONFLICT
SOL,2022-09-28,down,lean,A6b
SOL,2022-09-29,down,lean,A6b+E6c
SOL,2022-09-30,up,slight_lean,A6b
SOL,2022-10-03,none,none,I-1 CONFLICT
SOL,2022-10-04,down,lean,A6b+E6c
SOL,2022-10-05,down,lean,A6b
SOL,2022-10-06,up,slight_lean,A6b
SOL,2022-10-07,up,slight_lean,A6b
SOL,2022-10-10,up,slight_lean,A6b
SOL,2022-10-11,up,slight_lean,A6b
SOL,2022-10-12,up,slight_lean,A6b
SOL,2022-10-13,up,slight_lean,A6b
SOL,2022-10-14,down,lean,A6b
SOL,2022-10-17,up,slight_lean,A6b
SOL,2022-10-18,down,lean,A6b
SOL,2022-10-19,down,lean,A6b
SOL,2022-10-20,up,slight_lean,A6b
SOL,2022-10-21,up,slight_lean,A6b
SOL,2022-10-24,down,lean,A6b
SOL,2022-10-25,down,lean,A6b
SOL,2022-10-26,down,lean,A6b
SOL,2022-10-27,up,slight_lean,A6b
SOL,2022-10-28,up,slight_lean,A6b
SOL,2022-10-31,down,lean,A6b+E6c
SOL,2022-11-01,up,slight_lean,A6b
SOL,2022-11-02,up,slight_lean,A6b
SOL,2022-11-03,up,slight_lean,A6b
SOL,2022-11-04,none,none,I-1 CONFLICT
SOL,2022-11-07,down,lean,A6b
SOL,2022-11-08,down,lean,A6b
SOL,2022-11-09,down,lean,A6b
SOL,2022-11-10,up,slight_lean,A6b
SOL,2022-11-11,down,lean,A6b+E6c
SOL,2022-11-14,down,lean,A6b+E6c
SOL,2022-11-15,none,none,I-1 CONFLICT
SOL,2022-11-16,down,lean,A6b
SOL,2022-11-17,up,slight_lean,A6b
SOL,2022-11-18,up,slight_lean,A6b
SOL,2022-11-21,down,lean,A6b
SOL,2022-11-22,up,slight_lean,A6b
SOL,2022-11-23,down,lean,A6b
SOL,2022-11-24,down,lean,A6b
SOL,2022-11-25,down,lean,A6b
SOL,2022-11-28,up,slight_lean,A6b
SOL,2022-11-29,up,slight_lean,A6b
SOL,2022-11-30,up,slight_lean,A6b
SOL,2022-12-01,down,lean,A6b
SOL,2022-12-02,down,lean,A6b
SOL,2022-12-05,up,slight_lean,A6b
SOL,2022-12-06,up,slight_lean,A6b
SOL,2022-12-07,up,slight_lean,A6b
SOL,2022-12-08,up,slight_lean,A6b
SOL,2022-12-09,down,lean,A6b
SOL,2022-12-12,up,slight_lean,A6b
SOL,2022-12-13,down,lean,A6b
SOL,2022-12-14,down,lean,A6b+E6c
SOL,2022-12-15,up,slight_lean,A6b
SOL,2022-12-16,up,slight_lean,A6b
SOL,2022-12-19,up,slight_lean,A6b
SOL,2022-12-20,none,none,I-1 CONFLICT
SOL,2022-12-21,up,slight_lean,A6b
SOL,2022-12-22,down,lean,A6b
SOL,2022-12-23,up,slight_lean,A6b
SOL,2022-12-26,down,lean,A6b
SOL,2022-12-27,down,lean,A6b
SOL,2022-12-28,up,slight_lean,A6b
SOL,2022-12-29,up,slight_lean,A6b
SOL,2022-12-30,down,lean,A6b
SOL,2023-01-02,up,slight_lean,A6b
SOL,2023-01-03,none,none,I-1 CONFLICT
SOL,2023-01-04,up,slight_lean,A6b
SOL,2023-01-05,down,lean,A6b
SOL,2023-01-06,up,slight_lean,A6b
SOL,2023-01-09,down,lean,A6b+E6c
SOL,2023-01-10,down,lean,A6b
SOL,2023-01-11,down,lean,A6b
SOL,2023-01-12,down,lean,A6b
SOL,2023-01-13,down,lean,A6b
SOL,2023-01-16,down,lean,A6b
SOL,2023-01-17,down,lean,A6b
SOL,2023-01-18,down,lean,A6b
SOL,2023-01-19,up,slight_lean,A6b
SOL,2023-01-20,up,slight_lean,A6b
SOL,2023-01-23,down,lean,A6b
SOL,2023-01-24,down,lean,A6b
SOL,2023-01-25,none,none,I-1 CONFLICT
SOL,2023-01-26,up,slight_lean,A6b
SOL,2023-01-27,down,lean,A6b
SOL,2023-01-30,down,lean,A6b
SOL,2023-01-31,up,slight_lean,A6b
SOL,2023-02-01,down,lean,A6b
SOL,2023-02-02,down,lean,A6b
SOL,2023-02-03,down,lean,A6b+E6c
SOL,2023-02-06,up,slight_lean,A6b
SOL,2023-02-07,none,none,I-1 CONFLICT
SOL,2023-02-08,down,lean,A6b
SOL,2023-02-09,up,slight_lean,A6b
SOL,2023-02-10,up,slight_lean,A6b
SOL,2023-02-13,up,slight_lean,A6b
SOL,2023-02-14,down,lean,A6b+E6c
SOL,2023-02-15,down,lean,A6b+E6c
SOL,2023-02-16,down,lean,A6b
SOL,2023-02-17,none,none,I-1 CONFLICT
SOL,2023-02-20,up,slight_lean,A6b
SOL,2023-02-21,up,slight_lean,A6b
SOL,2023-02-22,up,slight_lean,A6b
SOL,2023-02-23,down,lean,A6b
SOL,2023-02-24,down,lean,A6b
SOL,2023-02-27,up,slight_lean,A6b
SOL,2023-02-28,down,lean,A6b
SOL,2023-03-01,none,none,I-1 CONFLICT
SOL,2023-03-02,up,slight_lean,A6b
SOL,2023-03-03,down,lean,A6b
SOL,2023-03-06,down,lean,A6b
SOL,2023-03-07,down,lean,A6b
SOL,2023-03-08,up,slight_lean,A6b
SOL,2023-03-09,down,lean,A6b
SOL,2023-03-10,up,slight_lean,A6b
SOL,2023-03-13,up,slight_lean,A6b
SOL,2023-03-14,down,lean,A6b
SOL,2023-03-15,down,lean,A6b
SOL,2023-03-16,down,lean,A6b+E6c
SOL,2023-03-17,down,lean,A6b+E6c
SOL,2023-03-20,none,none,I-1 CONFLICT
SOL,2023-03-21,down,lean,A6b+E6c
SOL,2023-03-22,down,lean,A6b
SOL,2023-03-23,none,none,I-1 CONFLICT
SOL,2023-03-24,down,lean,A6b
SOL,2023-03-27,down,lean,A6b
SOL,2023-03-28,none,none,I-1 CONFLICT
SOL,2023-03-29,up,slight_lean,A6b
SOL,2023-03-30,down,lean,A6b
SOL,2023-03-31,down,lean,A6b
SOL,2023-04-03,down,lean,A6b
SOL,2023-04-04,none,none,I-1 CONFLICT
SOL,2023-04-05,up,slight_lean,A6b
SOL,2023-04-06,up,slight_lean,A6b
SOL,2023-04-07,down,lean,A6b
SOL,2023-04-10,down,lean,A6b
SOL,2023-04-11,none,none,I-1 CONFLICT
SOL,2023-04-12,up,slight_lean,A6b
SOL,2023-04-13,up,slight_lean,A6b
SOL,2023-04-14,down,lean,A6b
SOL,2023-04-17,up,slight_lean,A6b
SOL,2023-04-18,down,lean,A6b+E6c
SOL,2023-04-19,down,lean,A6b
SOL,2023-04-20,up,slight_lean,A6b
SOL,2023-04-21,up,slight_lean,A6b
SOL,2023-04-24,down,lean,A6b
SOL,2023-04-25,up,slight_lean,A6b
SOL,2023-04-26,none,none,I-1 CONFLICT
SOL,2023-04-27,down,lean,A6b
SOL,2023-04-28,down,lean,A6b
SOL,2023-05-01,down,lean,A6b
SOL,2023-05-02,up,slight_lean,A6b
SOL,2023-05-03,up,slight_lean,A6b
SOL,2023-05-04,up,slight_lean,A6b
SOL,2023-05-05,none,none,I-1 CONFLICT
SOL,2023-05-08,down,lean,A6b
SOL,2023-05-09,down,lean,A6b+E6c
SOL,2023-05-10,up,slight_lean,A6b
SOL,2023-05-11,down,lean,A6b
SOL,2023-05-12,down,lean,A6b+E6c
SOL,2023-05-15,up,slight_lean,A6b
SOL,2023-05-16,down,lean,A6b
SOL,2023-05-17,down,lean,A6b
SOL,2023-05-18,down,lean,A6b
SOL,2023-05-19,down,lean,A6b
SOL,2023-05-22,none,none,I-1 CONFLICT
SOL,2023-05-23,down,lean,A6b
SOL,2023-05-24,up,slight_lean,A6b
SOL,2023-05-25,none,none,I-1 CONFLICT
SOL,2023-05-26,down,lean,A6b+E6c
SOL,2023-05-29,down,lean,A6b
SOL,2023-05-30,down,lean,A6b+E6c
SOL,2023-05-31,down,lean,A6b
SOL,2023-06-01,up,slight_lean,A6b
SOL,2023-06-02,down,lean,A6b+E6c
SOL,2023-06-05,down,lean,A6b
SOL,2023-06-06,down,lean,A6b
SOL,2023-06-07,down,lean,A6b
SOL,2023-06-08,none,none,I-1 CONFLICT
SOL,2023-06-09,down,lean,A6b+E6c
SOL,2023-06-12,down,lean,A6b
SOL,2023-06-13,down,lean,A6b+E6c
SOL,2023-06-14,down,lean,A6b+E6c
SOL,2023-06-15,down,lean,A6b
SOL,2023-06-16,down,lean,A6b
SOL,2023-06-19,none,none,I-1 CONFLICT
SOL,2023-06-20,up,slight_lean,A6b
SOL,2023-06-21,up,slight_lean,A6b
SOL,2023-06-22,up,slight_lean,A6b
SOL,2023-06-23,down,lean,A6b
SOL,2023-06-26,up,slight_lean,A6b
SOL,2023-06-27,none,none,I-1 CONFLICT
SOL,2023-06-28,down,lean,A6b
SOL,2023-06-29,down,lean,A6b+E6c
SOL,2023-06-30,none,none,I-1 CONFLICT
SOL,2023-07-03,down,lean,A6b
SOL,2023-07-04,down,lean,A6b
SOL,2023-07-05,down,lean,A6b
SOL,2023-07-06,up,slight_lean,A6b
SOL,2023-07-07,up,slight_lean,A6b
SOL,2023-07-10,up,slight_lean,A6b
SOL,2023-07-11,down,lean,A6b+E6c
SOL,2023-07-12,down,lean,A6b
SOL,2023-07-13,down,lean,A6b+E6c
SOL,2023-07-14,down,lean,A6b
SOL,2023-07-17,up,slight_lean,A6b
SOL,2023-07-18,down,lean,A6b
SOL,2023-07-19,down,lean,A6b+E6c
SOL,2023-07-20,none,none,I-1 CONFLICT
SOL,2023-07-21,up,slight_lean,A6b
SOL,2023-07-24,up,slight_lean,A6b
SOL,2023-07-25,down,lean,A6b
SOL,2023-07-26,down,lean,A6b+E6c
SOL,2023-07-27,none,none,I-1 CONFLICT
SOL,2023-07-28,up,slight_lean,A6b
SOL,2023-07-31,down,lean,A6b
SOL,2023-08-01,down,lean,A6b
SOL,2023-08-02,up,slight_lean,A6b
SOL,2023-08-03,up,slight_lean,A6b
SOL,2023-08-04,up,slight_lean,A6b
SOL,2023-08-07,up,slight_lean,A6b
SOL,2023-08-08,down,lean,A6b+E6c
SOL,2023-08-09,none,none,I-1 CONFLICT
SOL,2023-08-10,up,slight_lean,A6b
SOL,2023-08-11,down,lean,A6b
SOL,2023-08-14,none,none,I-1 CONFLICT
SOL,2023-08-15,down,lean,A6b
SOL,2023-08-16,up,slight_lean,A6b
SOL,2023-08-17,up,slight_lean,A6b
SOL,2023-08-18,none,none,I-1 CONFLICT
SOL,2023-08-21,up,slight_lean,A6b
SOL,2023-08-22,down,lean,A6b
SOL,2023-08-23,up,slight_lean,A6b
SOL,2023-08-24,down,lean,A6b
SOL,2023-08-25,up,slight_lean,A6b
SOL,2023-08-28,down,lean,A6b
SOL,2023-08-29,down,lean,A6b
SOL,2023-08-30,down,lean,A6b
SOL,2023-08-31,down,lean,A6b
SOL,2023-09-01,down,lean,A6b
SOL,2023-09-04,up,slight_lean,A6b
SOL,2023-09-05,none,none,I-1 CONFLICT
SOL,2023-09-06,down,lean,A6b
SOL,2023-09-07,up,slight_lean,A6b
SOL,2023-09-08,up,slight_lean,A6b
SOL,2023-09-11,down,lean,A6b
SOL,2023-09-12,down,lean,A6b
SOL,2023-09-13,up,slight_lean,A6b
SOL,2023-09-14,down,lean,A6b
SOL,2023-09-15,down,lean,A6b
SOL,2023-09-18,none,none,I-1 CONFLICT
SOL,2023-09-19,down,lean,A6b+E6c
SOL,2023-09-20,up,slight_lean,A6b
SOL,2023-09-21,up,slight_lean,A6b
SOL,2023-09-22,none,none,I-1 CONFLICT
SOL,2023-09-25,down,lean,A6b+E6c
SOL,2023-09-26,down,lean,A6b
SOL,2023-09-27,none,none,I-1 CONFLICT
SOL,2023-09-28,down,lean,A6b
SOL,2023-09-29,down,lean,A6b
SOL,2023-10-02,down,lean,A6b
SOL,2023-10-03,down,lean,A6b
SOL,2023-10-04,up,slight_lean,A6b
SOL,2023-10-05,down,lean,A6b
SOL,2023-10-06,up,slight_lean,A6b
SOL,2023-10-09,down,lean,A6b
SOL,2023-10-10,down,lean,A6b
SOL,2023-10-11,down,lean,A6b
SOL,2023-10-12,down,lean,A6b
SOL,2023-10-13,none,none,I-1 CONFLICT
SOL,2023-10-16,none,none,I-1 CONFLICT
SOL,2023-10-17,down,lean,A6b
SOL,2023-10-18,up,slight_lean,A6b
SOL,2023-10-19,none,none,I-1 CONFLICT
SOL,2023-10-20,none,none,I-1 CONFLICT
SOL,2023-10-23,up,slight_lean,A6b
SOL,2023-10-24,down,lean,A6b
SOL,2023-10-25,down,lean,A6b+E6c
SOL,2023-10-26,up,slight_lean,A6b
SOL,2023-10-27,up,slight_lean,A6b
SOL,2023-10-30,down,lean,A6b+E6c
SOL,2023-10-31,down,lean,A6b+E6c
SOL,2023-11-01,down,lean,A6b+E6c
SOL,2023-11-02,down,lean,A6b+E6c
SOL,2023-11-03,down,lean,A6b
SOL,2023-11-06,down,lean,A6b
SOL,2023-11-07,down,lean,A6b
SOL,2023-11-08,down,lean,A6b
SOL,2023-11-09,down,lean,A6b+E6c
SOL,2023-11-10,none,none,I-1 CONFLICT
SOL,2023-11-13,down,lean,A6b
SOL,2023-11-14,up,slight_lean,A6b
SOL,2023-11-15,down,lean,A6b+E6c
SOL,2023-11-16,down,lean,A6b
SOL,2023-11-17,down,lean,A6b
SOL,2023-11-20,down,lean,A6b
SOL,2023-11-21,down,lean,A6b
SOL,2023-11-22,none,none,I-1 CONFLICT
SOL,2023-11-23,down,lean,A6b
SOL,2023-11-24,down,lean,A6b
SOL,2023-11-27,up,slight_lean,A6b
SOL,2023-11-28,none,none,I-1 CONFLICT
SOL,2023-11-29,down,lean,A6b
SOL,2023-11-30,none,none,I-1 CONFLICT
SOL,2023-12-01,up,slight_lean,A6b
SOL,2023-12-04,down,lean,A6b
SOL,2023-12-05,up,slight_lean,A6b
SOL,2023-12-06,down,lean,A6b
SOL,2023-12-07,none,none,I-1 CONFLICT
SOL,2023-12-08,down,lean,A6b+E6c
SOL,2023-12-11,down,lean,A6b
SOL,2023-12-12,down,lean,A6b
SOL,2023-12-13,down,lean,A6b
SOL,2023-12-14,down,lean,A6b+E6c
SOL,2023-12-15,up,slight_lean,A6b
SOL,2023-12-18,down,lean,A6b
SOL,2023-12-19,down,lean,A6b
SOL,2023-12-20,down,lean,A6b+E6c
SOL,2023-12-21,none,none,I-1 CONFLICT
SOL,2023-12-22,down,lean,A6b
SOL,2023-12-25,down,lean,A6b+E6c
SOL,2023-12-26,down,lean,A6b
SOL,2023-12-27,down,lean,A6b
SOL,2023-12-28,down,lean,A6b
SOL,2023-12-29,up,slight_lean,A6b
SOL,2024-01-01,none,none,I-1 CONFLICT
SOL,2024-01-02,up,slight_lean,A6b
SOL,2024-01-03,up,slight_lean,A6b
SOL,2024-01-04,up,slight_lean,A6b
SOL,2024-01-05,up,slight_lean,A6b
SOL,2024-01-08,down,lean,A6b+E6c
SOL,2024-01-09,down,lean,A6b
SOL,2024-01-10,down,lean,A6b
SOL,2024-01-11,down,lean,A6b+E6c
SOL,2024-01-12,down,lean,A6b
SOL,2024-01-15,down,lean,A6b
SOL,2024-01-16,down,lean,A6b
SOL,2024-01-17,none,none,I-1 CONFLICT
SOL,2024-01-18,up,slight_lean,A6b
SOL,2024-01-19,down,lean,A6b
SOL,2024-01-22,down,lean,A6b
SOL,2024-01-23,down,lean,A6b
SOL,2024-01-24,down,lean,A6b
SOL,2024-01-25,down,lean,A6b
SOL,2024-01-26,down,lean,A6b
SOL,2024-01-29,up,slight_lean,A6b
SOL,2024-01-30,down,lean,A6b
SOL,2024-01-31,up,slight_lean,A6b
SOL,2024-02-01,up,slight_lean,A6b
SOL,2024-02-02,down,lean,A6b+E6c
SOL,2024-02-05,down,lean,A6b+E6c
SOL,2024-02-06,up,slight_lean,A6b
SOL,2024-02-07,up,slight_lean,A6b
SOL,2024-02-08,down,lean,A6b
SOL,2024-02-09,down,lean,A6b
SOL,2024-02-12,down,lean,A6b
SOL,2024-02-13,up,slight_lean,A6b
SOL,2024-02-14,none,none,I-1 CONFLICT
SOL,2024-02-15,down,lean,A6b
SOL,2024-02-16,down,lean,A6b
SOL,2024-02-19,up,slight_lean,A6b
SOL,2024-02-20,up,slight_lean,A6b
SOL,2024-02-21,up,slight_lean,A6b
SOL,2024-02-22,up,slight_lean,A6b
SOL,2024-02-23,down,lean,A6b
SOL,2024-02-26,up,slight_lean,A6b
SOL,2024-02-27,up,slight_lean,A6b
SOL,2024-02-28,down,lean,A6b
SOL,2024-02-29,none,none,I-1 CONFLICT
SOL,2024-03-01,down,lean,A6b+E6c
SOL,2024-03-04,down,lean,A6b
SOL,2024-03-05,none,none,I-1 CONFLICT
SOL,2024-03-06,up,slight_lean,A6b
SOL,2024-03-07,down,lean,A6b+E6c
SOL,2024-03-08,down,lean,A6b+E6c
SOL,2024-03-11,none,none,I-1 CONFLICT
SOL,2024-03-12,up,slight_lean,A6b
SOL,2024-03-13,down,lean,A6b+E6c
SOL,2024-03-14,none,none,I-1 CONFLICT
SOL,2024-03-15,up,slight_lean,A6b
SOL,2024-03-18,none,none,I-1 CONFLICT
SOL,2024-03-19,down,lean,A6b
SOL,2024-03-20,down,lean,A6b
SOL,2024-03-21,down,lean,A6b
SOL,2024-03-22,down,lean,A6b
SOL,2024-03-25,down,lean,A6b
SOL,2024-03-26,none,none,I-1 CONFLICT
SOL,2024-03-27,up,slight_lean,A6b
SOL,2024-03-28,down,lean,A6b
SOL,2024-03-29,up,slight_lean,A6b
SOL,2024-04-01,up,slight_lean,A6b
SOL,2024-04-02,down,lean,A6b
SOL,2024-04-03,up,slight_lean,A6b
SOL,2024-04-04,down,lean,A6b+E6c
SOL,2024-04-05,up,slight_lean,A6b
SOL,2024-04-08,down,lean,A6b+E6c
SOL,2024-04-09,up,slight_lean,A6b
SOL,2024-04-10,down,lean,A6b
SOL,2024-04-11,up,slight_lean,A6b
SOL,2024-04-12,down,lean,A6b
SOL,2024-04-15,up,slight_lean,A6b
SOL,2024-04-16,up,slight_lean,A6b
SOL,2024-04-17,down,lean,A6b
SOL,2024-04-18,none,none,I-1 CONFLICT
SOL,2024-04-19,none,none,I-1 CONFLICT
SOL,2024-04-22,up,slight_lean,A6b
SOL,2024-04-23,down,lean,A6b
SOL,2024-04-24,down,lean,A6b+E6c
SOL,2024-04-25,down,lean,A6b
SOL,2024-04-26,up,slight_lean,A6b
SOL,2024-04-29,down,lean,A6b
SOL,2024-04-30,down,lean,A6b
SOL,2024-05-01,up,slight_lean,A6b
SOL,2024-05-02,none,none,I-1 CONFLICT
SOL,2024-05-03,down,lean,A6b
SOL,2024-05-06,down,lean,A6b+E6c
SOL,2024-05-07,down,lean,A6b
SOL,2024-05-08,up,slight_lean,A6b
SOL,2024-05-09,up,slight_lean,A6b
SOL,2024-05-10,down,lean,A6b+E6c
SOL,2024-05-13,down,lean,A6b+E6c
SOL,2024-05-14,down,lean,A6b
SOL,2024-05-15,down,lean,A6b
SOL,2024-05-16,down,lean,A6b+E6c
SOL,2024-05-17,none,none,I-1 CONFLICT
SOL,2024-05-20,none,none,I-1 CONFLICT
SOL,2024-05-21,down,lean,A6b
SOL,2024-05-22,down,lean,A6b
SOL,2024-05-23,up,slight_lean,A6b
SOL,2024-05-24,up,slight_lean,A6b
SOL,2024-05-27,down,lean,A6b+E6c
SOL,2024-05-28,down,lean,A6b
SOL,2024-05-29,down,lean,A6b
SOL,2024-05-30,up,slight_lean,A6b
SOL,2024-05-31,none,none,I-1 CONFLICT
SOL,2024-06-03,up,slight_lean,A6b
SOL,2024-06-04,down,lean,A6b
SOL,2024-06-05,down,lean,A6b
SOL,2024-06-06,down,lean,A6b
SOL,2024-06-07,none,none,I-1 CONFLICT
SOL,2024-06-10,up,slight_lean,A6b
SOL,2024-06-11,down,lean,A6b
SOL,2024-06-12,down,lean,A6b+E6c
SOL,2024-06-13,down,lean,A6b
SOL,2024-06-14,down,lean,A6b
SOL,2024-06-17,down,lean,A6b
SOL,2024-06-18,down,lean,A6b
SOL,2024-06-19,down,lean,A6b
SOL,2024-06-20,down,lean,A6b+E6c
SOL,2024-06-21,up,slight_lean,A6b
SOL,2024-06-24,up,slight_lean,A6b
SOL,2024-06-25,none,none,I-1 CONFLICT
SOL,2024-06-26,down,lean,A6b
SOL,2024-06-27,down,lean,A6b+E6c
SOL,2024-06-28,down,lean,A6b
SOL,2024-07-01,up,slight_lean,A6b
SOL,2024-07-02,down,lean,A6b+E6c
SOL,2024-07-03,down,lean,A6b
SOL,2024-07-04,down,lean,A6b
SOL,2024-07-05,down,lean,A6b
SOL,2024-07-08,down,lean,A6b+E6c
SOL,2024-07-09,down,lean,A6b
SOL,2024-07-10,down,lean,A6b
SOL,2024-07-11,down,lean,A6b+E6c
SOL,2024-07-12,up,slight_lean,A6b
SOL,2024-07-15,down,lean,A6b
SOL,2024-07-16,down,lean,A6b
SOL,2024-07-17,down,lean,A6b
SOL,2024-07-18,none,none,I-1 CONFLICT
SOL,2024-07-19,up,slight_lean,A6b
SOL,2024-07-22,up,slight_lean,A6b
SOL,2024-07-23,down,lean,A6b
SOL,2024-07-24,none,none,I-1 CONFLICT
SOL,2024-07-25,up,slight_lean,A6b
SOL,2024-07-26,none,none,I-1 CONFLICT
SOL,2024-07-29,down,lean,A6b
SOL,2024-07-30,down,lean,A6b
SOL,2024-07-31,up,slight_lean,A6b
SOL,2024-08-01,down,lean,A6b
SOL,2024-08-02,up,slight_lean,A6b
SOL,2024-08-05,up,slight_lean,A6b
SOL,2024-08-06,up,slight_lean,A6b
SOL,2024-08-07,down,lean,A6b
SOL,2024-08-08,none,none,I-1 CONFLICT
SOL,2024-08-09,down,lean,A6b
SOL,2024-08-12,down,lean,A6b+E6c
SOL,2024-08-13,down,lean,A6b
SOL,2024-08-14,down,lean,A6b+E6c
SOL,2024-08-15,down,lean,A6b
SOL,2024-08-16,down,lean,A6b
SOL,2024-08-19,down,lean,A6b
SOL,2024-08-20,down,lean,A6b
SOL,2024-08-21,up,slight_lean,A6b
SOL,2024-08-22,down,lean,A6b+E6c
SOL,2024-08-23,up,slight_lean,A6b
SOL,2024-08-26,down,lean,A6b
SOL,2024-08-27,up,slight_lean,A6b
SOL,2024-08-28,down,lean,A6b
SOL,2024-08-29,none,none,I-1 CONFLICT
SOL,2024-08-30,up,slight_lean,A6b
SOL,2024-09-02,down,lean,A6b
SOL,2024-09-03,down,lean,A6b
SOL,2024-09-04,up,slight_lean,A6b
SOL,2024-09-05,up,slight_lean,A6b
SOL,2024-09-06,down,lean,A6b
SOL,2024-09-09,up,slight_lean,A6b
SOL,2024-09-10,down,lean,A6b+E6c
SOL,2024-09-11,down,lean,A6b
SOL,2024-09-12,down,lean,A6b
SOL,2024-09-13,down,lean,A6b
SOL,2024-09-16,down,lean,A6b+E6c
SOL,2024-09-17,up,slight_lean,A6b
SOL,2024-09-18,down,lean,A6b
SOL,2024-09-19,none,none,I-1 CONFLICT
SOL,2024-09-20,down,lean,A6b+E6c
SOL,2024-09-23,up,slight_lean,A6b
SOL,2024-09-24,down,lean,A6b
SOL,2024-09-25,down,lean,A6b
SOL,2024-09-26,down,lean,A6b+E6c
SOL,2024-09-27,down,lean,A6b
SOL,2024-09-30,up,slight_lean,A6b
SOL,2024-10-01,down,lean,A6b+E6c
SOL,2024-10-02,up,slight_lean,A6b
SOL,2024-10-03,down,lean,A6b
SOL,2024-10-04,none,none,I-1 CONFLICT
SOL,2024-10-07,down,lean,A6b
SOL,2024-10-08,up,slight_lean,A6b
SOL,2024-10-09,down,lean,A6b
SOL,2024-10-10,down,lean,A6b+E6c
SOL,2024-10-11,none,none,I-1 CONFLICT
SOL,2024-10-14,down,lean,A6b+E6c
SOL,2024-10-15,down,lean,A6b
SOL,2024-10-16,up,slight_lean,A6b
SOL,2024-10-17,down,lean,A6b
SOL,2024-10-18,down,lean,A6b
SOL,2024-10-21,down,lean,A6b
SOL,2024-10-22,down,lean,A6b+E6c
SOL,2024-10-23,down,lean,A6b
SOL,2024-10-24,up,slight_lean,A6b
SOL,2024-10-25,down,lean,A6b
SOL,2024-10-28,down,lean,A6b
SOL,2024-10-29,up,slight_lean,A6b
SOL,2024-10-30,down,lean,A6b
SOL,2024-10-31,up,slight_lean,A6b
SOL,2024-11-01,up,slight_lean,A6b
SOL,2024-11-04,down,lean,A6b+E6c
SOL,2024-11-05,none,none,I-1 CONFLICT
SOL,2024-11-06,down,lean,A6b+E6c
SOL,2024-11-07,down,lean,A6b
SOL,2024-11-08,down,lean,A6b+E6c
SOL,2024-11-11,down,lean,A6b+E6c
SOL,2024-11-12,up,slight_lean,A6b
SOL,2024-11-13,up,slight_lean,A6b
SOL,2024-11-14,up,slight_lean,A6b
SOL,2024-11-15,none,none,I-1 CONFLICT
SOL,2024-11-18,up,slight_lean,A6b
SOL,2024-11-19,down,lean,A6b+E6c
SOL,2024-11-20,down,lean,A6b
SOL,2024-11-21,none,none,I-1 CONFLICT
SOL,2024-11-22,down,lean,A6b
SOL,2024-11-25,down,lean,A6b
SOL,2024-11-26,down,lean,A6b
SOL,2024-11-27,down,lean,A6b
SOL,2024-11-28,up,slight_lean,A6b
SOL,2024-11-29,up,slight_lean,A6b
SOL,2024-12-02,down,lean,A6b
SOL,2024-12-03,down,lean,A6b
SOL,2024-12-04,down,lean,A6b
SOL,2024-12-05,down,lean,A6b+E6c
SOL,2024-12-06,up,slight_lean,A6b
SOL,2024-12-09,down,lean,A6b
SOL,2024-12-10,up,slight_lean,A6b
SOL,2024-12-11,none,none,I-1 CONFLICT
SOL,2024-12-12,down,lean,A6b
SOL,2024-12-13,up,slight_lean,A6b
SOL,2024-12-16,down,lean,A6b
SOL,2024-12-17,down,lean,A6b+E6c
SOL,2024-12-18,up,slight_lean,A6b
SOL,2024-12-19,up,slight_lean,A6b
SOL,2024-12-20,up,slight_lean,A6b
SOL,2024-12-23,down,lean,A6b
SOL,2024-12-24,down,lean,A6b
SOL,2024-12-25,down,lean,A6b
SOL,2024-12-26,down,lean,A6b
SOL,2024-12-27,up,slight_lean,A6b
SOL,2024-12-30,none,none,I-1 CONFLICT
SOL,2024-12-31,up,slight_lean,A6b
SOL,2025-01-01,up,slight_lean,A6b
SOL,2025-01-02,none,none,I-1 CONFLICT
SOL,2025-01-03,none,none,I-1 CONFLICT
SOL,2025-01-06,down,lean,A6b+E6c
SOL,2025-01-07,down,lean,A6b
SOL,2025-01-08,up,slight_lean,A6b
SOL,2025-01-09,down,lean,A6b
SOL,2025-01-10,down,lean,A6b+E6c
SOL,2025-01-13,up,slight_lean,A6b
SOL,2025-01-14,up,slight_lean,A6b
SOL,2025-01-15,up,slight_lean,A6b
SOL,2025-01-16,down,lean,A6b+E6c
SOL,2025-01-17,none,none,I-1 CONFLICT
SOL,2025-01-20,down,lean,A6b
SOL,2025-01-21,down,lean,A6b
SOL,2025-01-22,down,lean,A6b+E6c
SOL,2025-01-23,down,lean,A6b
SOL,2025-01-24,down,lean,A6b+E6c
SOL,2025-01-27,up,slight_lean,A6b
SOL,2025-01-28,up,slight_lean,A6b
SOL,2025-01-29,down,lean,A6b
SOL,2025-01-30,none,none,I-1 CONFLICT
SOL,2025-01-31,down,lean,A6b+E6c
SOL,2025-02-03,up,slight_lean,A6b
SOL,2025-02-04,up,slight_lean,A6b
SOL,2025-02-05,down,lean,A6b
SOL,2025-02-06,down,lean,A6b
SOL,2025-02-07,down,lean,A6b+E6c
SOL,2025-02-10,up,slight_lean,A6b
SOL,2025-02-11,down,lean,A6b
SOL,2025-02-12,up,slight_lean,A6b
SOL,2025-02-13,down,lean,A6b
SOL,2025-02-14,down,lean,A6b
SOL,2025-02-17,down,lean,A6b
SOL,2025-02-18,down,lean,A6b
SOL,2025-02-19,down,lean,A6b
SOL,2025-02-20,down,lean,A6b+E6c
SOL,2025-02-21,up,slight_lean,A6b
SOL,2025-02-24,up,slight_lean,A6b
SOL,2025-02-25,up,slight_lean,A6b
SOL,2025-02-26,up,slight_lean,A6b
SOL,2025-02-27,down,lean,A6b
SOL,2025-02-28,none,none,I-1 CONFLICT
SOL,2025-03-03,down,lean,A6b
SOL,2025-03-04,up,slight_lean,A6b
SOL,2025-03-05,up,slight_lean,A6b
SOL,2025-03-06,down,lean,A6b
SOL,2025-03-07,up,slight_lean,A6b
SOL,2025-03-10,down,lean,A6b+E6c
SOL,2025-03-11,none,none,I-1 CONFLICT
SOL,2025-03-12,none,none,I-1 CONFLICT
SOL,2025-03-13,down,lean,A6b+E6c
SOL,2025-03-14,none,none,I-1 CONFLICT
SOL,2025-03-17,down,lean,A6b+E6c
SOL,2025-03-18,down,lean,A6b
SOL,2025-03-19,none,none,I-1 CONFLICT
SOL,2025-03-20,down,lean,A6b
SOL,2025-03-21,up,slight_lean,A6b
SOL,2025-03-24,down,lean,A6b+E6c
SOL,2025-03-25,down,lean,A6b+E6c
SOL,2025-03-26,down,lean,A6b+E6c
SOL,2025-03-27,up,slight_lean,A6b
SOL,2025-03-28,up,slight_lean,A6b
SOL,2025-03-31,up,slight_lean,A6b
SOL,2025-04-01,up,slight_lean,A6b
SOL,2025-04-02,down,lean,A6b
SOL,2025-04-03,down,lean,A6b
SOL,2025-04-04,up,slight_lean,A6b
SOL,2025-04-07,up,slight_lean,A6b
SOL,2025-04-08,down,lean,A6b+E6c
SOL,2025-04-09,up,slight_lean,A6b
SOL,2025-04-10,down,lean,A6b
SOL,2025-04-11,none,none,I-1 CONFLICT
SOL,2025-04-14,down,lean,A6b
SOL,2025-04-15,down,lean,A6b
SOL,2025-04-16,down,lean,A6b
SOL,2025-04-17,up,slight_lean,A6b
SOL,2025-04-18,down,lean,A6b
SOL,2025-04-21,down,lean,A6b
SOL,2025-04-22,none,none,I-1 CONFLICT
SOL,2025-04-23,down,lean,A6b+E6c
SOL,2025-04-24,down,lean,A6b
SOL,2025-04-25,down,lean,A6b+E6c
SOL,2025-04-28,down,lean,A6b+E6c
SOL,2025-04-29,none,none,I-1 CONFLICT
SOL,2025-04-30,down,lean,A6b+E6c
SOL,2025-05-01,down,lean,A6b+E6c
SOL,2025-05-02,down,lean,A6b
SOL,2025-05-05,down,lean,A6b
SOL,2025-05-06,up,slight_lean,A6b
SOL,2025-05-07,up,slight_lean,A6b
SOL,2025-05-08,down,lean,A6b+E6c
SOL,2025-05-09,down,lean,A6b+E6c
SOL,2025-05-12,up,slight_lean,A6b
SOL,2025-05-13,down,lean,A6b+E6c
SOL,2025-05-14,down,lean,A6b
SOL,2025-05-15,down,lean,A6b
SOL,2025-05-16,down,lean,A6b+E6c
SOL,2025-05-19,down,lean,A6b
SOL,2025-05-20,down,lean,A6b
SOL,2025-05-21,up,slight_lean,A6b
SOL,2025-05-22,up,slight_lean,A6b
SOL,2025-05-23,down,lean,A6b
SOL,2025-05-26,none,none,I-1 CONFLICT
SOL,2025-05-27,none,none,I-1 CONFLICT
SOL,2025-05-28,down,lean,A6b
SOL,2025-05-29,up,slight_lean,A6b
SOL,2025-05-30,down,lean,A6b
SOL,2025-06-02,up,slight_lean,A6b
SOL,2025-06-03,down,lean,A6b
SOL,2025-06-04,down,lean,A6b
SOL,2025-06-05,down,lean,A6b
SOL,2025-06-06,none,none,I-1 CONFLICT
SOL,2025-06-09,down,lean,A6b+E6c
SOL,2025-06-10,down,lean,A6b+E6c
SOL,2025-06-11,down,lean,A6b
SOL,2025-06-12,up,slight_lean,A6b
SOL,2025-06-13,down,lean,A6b
SOL,2025-06-16,none,none,I-1 CONFLICT
SOL,2025-06-17,down,lean,A6b
SOL,2025-06-18,up,slight_lean,A6b
SOL,2025-06-19,down,lean,A6b
SOL,2025-06-20,down,lean,A6b+E6c
SOL,2025-06-23,none,none,I-1 CONFLICT
SOL,2025-06-24,down,lean,A6b
SOL,2025-06-25,down,lean,A6b
SOL,2025-06-26,down,lean,A6b
SOL,2025-06-27,down,lean,A6b+E6c
SOL,2025-06-30,down,lean,A6b
SOL,2025-07-01,down,lean,A6b
SOL,2025-07-02,up,slight_lean,A6b
SOL,2025-07-03,down,lean,A6b
SOL,2025-07-04,down,lean,A6b
SOL,2025-07-07,down,lean,A6b+E6c
SOL,2025-07-08,none,none,I-1 CONFLICT
SOL,2025-07-09,down,lean,A6b+E6c
SOL,2025-07-10,down,lean,A6b
SOL,2025-07-11,up,slight_lean,A6b
SOL,2025-07-14,none,none,I-1 CONFLICT
SOL,2025-07-15,down,lean,A6b
SOL,2025-07-16,down,lean,A6b+E6c
SOL,2025-07-17,down,lean,A6b+E6c
SOL,2025-07-18,down,lean,A6b
SOL,2025-07-21,none,none,I-1 CONFLICT
SOL,2025-07-22,down,lean,A6b
SOL,2025-07-23,up,slight_lean,A6b
SOL,2025-07-24,down,lean,A6b
SOL,2025-07-25,down,lean,A6b
SOL,2025-07-28,down,lean,A6b
SOL,2025-07-29,down,lean,A6b
SOL,2025-07-30,up,slight_lean,A6b
SOL,2025-07-31,down,lean,A6b
SOL,2025-08-01,up,slight_lean,A6b
SOL,2025-08-04,up,slight_lean,A6b
SOL,2025-08-05,down,lean,A6b+E6c
SOL,2025-08-06,none,none,I-1 CONFLICT
SOL,2025-08-07,down,lean,A6b+E6c
SOL,2025-08-08,down,lean,A6b+E6c
SOL,2025-08-11,down,lean,A6b
SOL,2025-08-12,up,slight_lean,A6b
SOL,2025-08-13,down,lean,A6b+E6c
SOL,2025-08-14,down,lean,A6b
SOL,2025-08-15,up,slight_lean,A6b
SOL,2025-08-18,up,slight_lean,A6b
SOL,2025-08-19,down,lean,A6b
SOL,2025-08-20,up,slight_lean,A6b
SOL,2025-08-21,up,slight_lean,A6b
SOL,2025-08-22,up,slight_lean,A6b
SOL,2025-08-25,down,lean,A6b
SOL,2025-08-26,up,slight_lean,A6b
SOL,2025-08-27,down,lean,A6b+E6c
SOL,2025-08-28,down,lean,A6b+E6c
SOL,2025-08-29,down,lean,A6b
SOL,2025-09-01,up,slight_lean,A6b
SOL,2025-09-02,none,none,I-1 CONFLICT
SOL,2025-09-03,up,slight_lean,A6b
SOL,2025-09-04,down,lean,A6b
SOL,2025-09-05,down,lean,A6b+E6c
SOL,2025-09-08,down,lean,A6b+E6c
SOL,2025-09-09,down,lean,A6b
SOL,2025-09-10,down,lean,A6b
SOL,2025-09-11,down,lean,A6b+E6c
SOL,2025-09-12,down,lean,A6b+E6c
SOL,2025-09-15,down,lean,A6b
SOL,2025-09-16,down,lean,A6b
SOL,2025-09-17,up,slight_lean,A6b
SOL,2025-09-18,up,slight_lean,A6b
SOL,2025-09-19,down,lean,A6b
SOL,2025-09-22,down,lean,A6b
SOL,2025-09-23,down,lean,A6b+E6c
SOL,2025-09-24,up,slight_lean,A6b
SOL,2025-09-25,up,slight_lean,A6b
SOL,2025-09-26,up,slight_lean,A6b
SOL,2025-09-29,down,lean,A6b
SOL,2025-09-30,down,lean,A6b
SOL,2025-10-01,down,lean,A6b+E6c
SOL,2025-10-02,down,lean,A6b+E6c
SOL,2025-10-03,down,lean,A6b
SOL,2025-10-06,none,none,I-1 CONFLICT
SOL,2025-10-07,down,lean,A6b
SOL,2025-10-08,up,slight_lean,A6b
SOL,2025-10-09,down,lean,A6b
SOL,2025-10-10,up,slight_lean,A6b
SOL,2025-10-13,up,slight_lean,A6b
SOL,2025-10-14,down,lean,A6b
SOL,2025-10-15,up,slight_lean,A6b
SOL,2025-10-16,down,lean,A6b+E6c
SOL,2025-10-17,up,slight_lean,A6b
SOL,2025-10-20,down,lean,A6b+E6c
SOL,2025-10-21,down,lean,A6b
SOL,2025-10-22,up,slight_lean,A6b
SOL,2025-10-23,none,none,I-1 CONFLICT
SOL,2025-10-24,down,lean,A6b
SOL,2025-10-27,down,lean,A6b
SOL,2025-10-28,down,lean,A6b
SOL,2025-10-29,down,lean,A6b+E6c
SOL,2025-10-30,down,lean,A6b
SOL,2025-10-31,none,none,I-1 CONFLICT
SOL,2025-11-03,down,lean,A6b
SOL,2025-11-04,down,lean,A6b
SOL,2025-11-05,none,none,I-1 CONFLICT
SOL,2025-11-06,down,lean,A6b
SOL,2025-11-07,up,slight_lean,A6b
SOL,2025-11-10,up,slight_lean,A6b
SOL,2025-11-11,down,lean,A6b
SOL,2025-11-12,none,none,I-1 CONFLICT
SOL,2025-11-13,none,none,I-1 CONFLICT
SOL,2025-11-14,up,slight_lean,A6b
SOL,2025-11-17,down,lean,A6b+E6c
SOL,2025-11-18,none,none,I-1 CONFLICT
SOL,2025-11-19,up,slight_lean,A6b
SOL,2025-11-20,down,lean,A6b
SOL,2025-11-21,up,slight_lean,A6b
SOL,2025-11-24,down,lean,A6b
SOL,2025-11-25,down,lean,A6b
SOL,2025-11-26,down,lean,A6b
SOL,2025-11-27,down,lean,A6b
SOL,2025-11-28,down,lean,A6b
SOL,2025-12-01,down,lean,A6b
SOL,2025-12-02,none,none,I-1 CONFLICT
SOL,2025-12-03,down,lean,A6b
SOL,2025-12-04,down,lean,A6b
SOL,2025-12-05,up,slight_lean,A6b
SOL,2025-12-08,down,lean,A6b+E6c
SOL,2025-12-09,up,slight_lean,A6b
SOL,2025-12-10,down,lean,A6b
SOL,2025-12-11,down,lean,A6b
SOL,2025-12-12,none,none,I-1 CONFLICT
SOL,2025-12-15,none,none,I-1 CONFLICT
SOL,2025-12-16,none,none,I-1 CONFLICT
SOL,2025-12-17,down,lean,A6b
SOL,2025-12-18,up,slight_lean,A6b
SOL,2025-12-19,down,lean,A6b+E6c
SOL,2025-12-22,down,lean,A6b
SOL,2025-12-23,down,lean,A6b
SOL,2025-12-24,down,lean,A6b
SOL,2025-12-25,down,lean,A6b
SOL,2025-12-26,down,lean,A6b+E6c
SOL,2025-12-29,up,slight_lean,A6b
SOL,2025-12-30,up,slight_lean,A6b
SOL,2025-12-31,up,slight_lean,A6b
SOL,2026-01-01,up,slight_lean,A6b
SOL,2026-01-02,up,slight_lean,A6b
SOL,2026-01-05,up,slight_lean,A6b
SOL,2026-01-06,down,lean,A6b
SOL,2026-01-07,down,lean,A6b
SOL,2026-01-08,down,lean,A6b
SOL,2026-01-09,up,slight_lean,A6b
SOL,2026-01-12,down,lean,A6b
SOL,2026-01-13,down,lean,A6b+E6c
SOL,2026-01-14,up,slight_lean,A6b
SOL,2026-01-15,up,slight_lean,A6b
SOL,2026-01-16,down,lean,A6b+E6c
SOL,2026-01-19,up,slight_lean,A6b
SOL,2026-01-20,up,slight_lean,A6b
SOL,2026-01-21,up,slight_lean,A6b
SOL,2026-01-22,down,lean,A6b
SOL,2026-01-23,down,lean,A6b
SOL,2026-01-26,down,lean,A6b+E6c
SOL,2026-01-27,down,lean,A6b
SOL,2026-01-28,down,lean,A6b
SOL,2026-01-29,down,lean,A6b
SOL,2026-01-30,up,slight_lean,A6b
SOL,2026-02-02,none,none,I-1 CONFLICT
SOL,2026-02-03,down,lean,A6b
SOL,2026-02-04,up,slight_lean,A6b
SOL,2026-02-05,up,slight_lean,A6b
SOL,2026-02-06,none,none,I-1 CONFLICT
SOL,2026-02-09,down,lean,A6b
SOL,2026-02-10,down,lean,A6b
SOL,2026-02-11,up,slight_lean,A6b
SOL,2026-02-12,down,lean,A6b
SOL,2026-02-13,none,none,I-1 CONFLICT
SOL,2026-02-16,down,lean,A6b+E6c
SOL,2026-02-17,down,lean,A6b
SOL,2026-02-18,up,slight_lean,A6b
SOL,2026-02-19,down,lean,A6b
SOL,2026-02-20,up,slight_lean,A6b
SOL,2026-02-23,down,lean,A6b
SOL,2026-02-24,up,slight_lean,A6b
SOL,2026-02-25,down,lean,A6b+E6c
SOL,2026-02-26,down,lean,A6b
SOL,2026-02-27,up,slight_lean,A6b
SOL,2026-03-02,up,slight_lean,A6b
SOL,2026-03-03,down,lean,A6b
SOL,2026-03-04,up,slight_lean,A6b
SOL,2026-03-05,down,lean,A6b
SOL,2026-03-06,up,slight_lean,A6b
SOL,2026-03-09,none,none,I-1 CONFLICT
SOL,2026-03-10,down,lean,A6b
SOL,2026-03-11,up,slight_lean,A6b
SOL,2026-03-12,down,lean,A6b
SOL,2026-03-13,none,none,I-1 CONFLICT
SOL,2026-03-16,none,none,I-1 CONFLICT
SOL,2026-03-17,down,lean,A6b
SOL,2026-03-18,down,lean,A6b
SOL,2026-03-19,up,slight_lean,A6b
SOL,2026-03-20,up,slight_lean,A6b
SOL,2026-03-23,up,slight_lean,A6b
SOL,2026-03-24,down,lean,A6b+E6c
SOL,2026-03-25,none,none,I-1 CONFLICT
SOL,2026-03-26,down,lean,A6b
SOL,2026-03-27,up,slight_lean,A6b
SOL,2026-03-30,none,none,I-1 CONFLICT
SOL,2026-03-31,up,slight_lean,A6b
SOL,2026-04-01,down,lean,A6b
SOL,2026-04-02,down,lean,A6b
SOL,2026-04-03,down,lean,A6b+E6c
SOL,2026-04-06,down,lean,A6b+E6c
SOL,2026-04-07,down,lean,A6b
SOL,2026-04-08,down,lean,A6b
SOL,2026-04-09,down,lean,A6b
SOL,2026-04-10,down,lean,A6b
SOL,2026-04-13,down,lean,A6b
SOL,2026-04-14,down,lean,A6b
SOL,2026-04-15,down,lean,A6b
SOL,2026-04-16,down,lean,A6b
SOL,2026-04-17,down,lean,A6b
SOL,2026-04-20,down,lean,A6b+E6c
SOL,2026-04-21,up,slight_lean,A6b
SOL,2026-04-22,none,none,I-1 CONFLICT
SOL,2026-04-23,down,lean,A6b
SOL,2026-04-24,none,none,I-1 CONFLICT
SOL,2026-04-27,down,lean,A6b
SOL,2026-04-28,down,lean,A6b
SOL,2026-04-29,up,slight_lean,A6b
SOL,2026-04-30,down,lean,A6b
SOL,2026-05-01,down,lean,A6b+E6c
SOL,2026-05-04,down,lean,A6b
SOL,2026-05-05,none,none,I-1 CONFLICT
SOL,2026-05-06,down,lean,A6b+E6c
SOL,2026-05-07,down,lean,A6b
SOL,2026-05-08,up,slight_lean,A6b
SOL,2026-05-11,down,lean,A6b
SOL,2026-05-12,down,lean,A6b
SOL,2026-05-13,up,slight_lean,A6b
SOL,2026-05-14,down,lean,A6b
SOL,2026-05-15,down,lean,A6b
SOL,2026-05-18,up,slight_lean,A6b
SOL,2026-05-19,up,slight_lean,A6b
SOL,2026-05-20,up,slight_lean,A6b
SOL,2026-05-21,down,lean,A6b
SOL,2026-05-22,down,lean,A6b+E6c
SOL,2026-05-25,down,lean,A6b+E6c
SOL,2026-05-26,down,lean,A6b
SOL,2026-05-27,down,lean,A6b
SOL,2026-05-28,up,slight_lean,A6b
SOL,2026-05-29,down,lean,A6b
SOL,2026-06-01,down,lean,A6b
SOL,2026-06-02,down,lean,A6b
SOL,2026-06-03,down,lean,A6b+E6c
SOL,2026-06-04,up,slight_lean,A6b
SOL,2026-06-05,up,slight_lean,A6b
SOL,2026-06-08,up,slight_lean,A6b
SOL,2026-06-09,down,lean,A6b
SOL,2026-06-10,up,slight_lean,A6b
SOL,2026-06-11,none,none,I-1 CONFLICT
SOL,2026-06-12,down,lean,A6b
SOL,2026-06-15,down,lean,A6b+E6c
SOL,2026-06-16,down,lean,A6b
SOL,2026-06-17,up,slight_lean,A6b
SOL,2026-06-18,up,slight_lean,A6b
SOL,2026-06-19,down,lean,A6b
SOL,2026-06-22,down,lean,A6b
SOL,2026-06-23,up,slight_lean,A6b
SOL,2026-06-24,up,slight_lean,A6b
SOL,2026-06-25,up,slight_lean,A6b
SOL,2026-06-26,down,lean,A6b
SOL,2026-06-29,up,slight_lean,A6b
SOL,2026-06-30,down,lean,A6b
SOL,2026-07-01,down,lean,A6b
SOL,2026-07-02,none,none,I-1 CONFLICT
SOL,2026-07-03,none,none,I-1 CONFLICT
SOL,2026-07-06,up,slight_lean,A6b
SOL,2026-07-07,down,lean,A6b
SOL,2026-07-08,up,slight_lean,A6b
SOL,2026-07-09,down,lean,A6b
SOL,2026-07-10,down,lean,A6b+E6c
SOL,2026-07-13,down,lean,A6b
SOL,2026-07-14,none,none,I-1 CONFLICT
SOL,2026-07-15,down,lean,A6b
SOL,2026-07-16,up,slight_lean,A6b
SOL,2026-07-17,up,slight_lean,A6b
SOL,2026-07-20,none,none,I-1 CONFLICT
SOL,2026-07-21,down,lean,A6b
SOL,2026-07-22,down,lean,A6b
SOL,2026-07-23,up,slight_lean,A6b
XRP,2020-08-12,na,na,na
XRP,2020-08-13,na,na,na
XRP,2020-08-14,na,na,na
XRP,2020-08-17,na,na,na
XRP,2020-08-18,na,na,na
XRP,2020-08-19,na,na,na
XRP,2020-08-20,na,na,na
XRP,2020-08-21,na,na,na
XRP,2020-08-24,na,na,na
XRP,2020-08-25,na,na,na
XRP,2020-08-26,na,na,na
XRP,2020-08-27,na,na,na
XRP,2020-08-28,na,na,na
XRP,2020-08-31,na,na,na
XRP,2020-09-01,na,na,na
XRP,2020-09-02,na,na,na
XRP,2020-09-03,na,na,na
XRP,2020-09-04,na,na,na
XRP,2020-09-07,na,na,na
XRP,2020-09-08,na,na,na
XRP,2020-09-09,na,na,na
XRP,2020-09-10,na,na,na
XRP,2020-09-11,na,na,na
XRP,2020-09-14,na,na,na
XRP,2020-09-15,na,na,na
XRP,2020-09-16,na,na,na
XRP,2020-09-17,na,na,na
XRP,2020-09-18,na,na,na
XRP,2020-09-21,na,na,na
XRP,2020-09-22,na,na,na
XRP,2020-09-23,na,na,na
XRP,2020-09-24,na,na,na
XRP,2020-09-25,na,na,na
XRP,2020-09-28,na,na,na
XRP,2020-09-29,na,na,na
XRP,2020-09-30,na,na,na
XRP,2020-10-01,na,na,na
XRP,2020-10-02,na,na,na
XRP,2020-10-05,na,na,na
XRP,2020-10-06,na,na,na
XRP,2020-10-07,na,na,na
XRP,2020-10-08,na,na,na
XRP,2020-10-09,na,na,na
XRP,2020-10-12,na,na,na
XRP,2020-10-13,na,na,na
XRP,2020-10-14,na,na,na
XRP,2020-10-15,na,na,na
XRP,2020-10-16,na,na,na
XRP,2020-10-19,na,na,na
XRP,2020-10-20,na,na,na
XRP,2020-10-21,na,na,na
XRP,2020-10-22,na,na,na
XRP,2020-10-23,na,na,na
XRP,2020-10-26,na,na,na
XRP,2020-10-27,na,na,na
XRP,2020-10-28,na,na,na
XRP,2020-10-29,na,na,na
XRP,2020-10-30,na,na,na
XRP,2020-11-02,na,na,na
XRP,2020-11-03,na,na,na
XRP,2020-11-04,na,na,na
XRP,2020-11-05,na,na,na
XRP,2020-11-06,na,na,na
XRP,2020-11-09,na,na,na
XRP,2020-11-10,na,na,na
XRP,2020-11-11,na,na,na
XRP,2020-11-12,na,na,na
XRP,2020-11-13,na,na,na
XRP,2020-11-16,na,na,na
XRP,2020-11-17,na,na,na
XRP,2020-11-18,na,na,na
XRP,2020-11-19,na,na,na
XRP,2020-11-20,na,na,na
XRP,2020-11-23,na,na,na
XRP,2020-11-24,na,na,na
XRP,2020-11-25,na,na,na
XRP,2020-11-26,na,na,na
XRP,2020-11-27,na,na,na
XRP,2020-11-30,na,na,na
XRP,2020-12-01,na,na,na
XRP,2020-12-02,na,na,na
XRP,2020-12-03,na,na,na
XRP,2020-12-04,na,na,na
XRP,2020-12-07,na,na,na
XRP,2020-12-08,na,na,na
XRP,2020-12-09,na,na,na
XRP,2020-12-10,na,na,na
XRP,2020-12-11,na,na,na
XRP,2020-12-14,na,na,na
XRP,2020-12-15,na,na,na
XRP,2020-12-16,na,na,na
XRP,2020-12-17,na,na,na
XRP,2020-12-18,na,na,na
XRP,2020-12-21,na,na,na
XRP,2020-12-22,na,na,na
XRP,2020-12-23,na,na,na
XRP,2020-12-24,na,na,na
XRP,2020-12-25,na,na,na
XRP,2020-12-28,na,na,na
XRP,2020-12-29,na,na,na
XRP,2020-12-30,na,na,na
XRP,2020-12-31,na,na,na
XRP,2021-01-01,na,na,na
XRP,2021-01-04,na,na,na
XRP,2021-01-05,na,na,na
XRP,2021-01-06,na,na,na
XRP,2021-01-07,na,na,na
XRP,2021-01-08,na,na,na
XRP,2021-01-11,na,na,na
XRP,2021-01-12,na,na,na
XRP,2021-01-13,na,na,na
XRP,2021-01-14,na,na,na
XRP,2021-01-15,na,na,na
XRP,2021-01-18,na,na,na
XRP,2021-01-19,na,na,na
XRP,2021-01-20,na,na,na
XRP,2021-01-21,na,na,na
XRP,2021-01-22,na,na,na
XRP,2021-01-25,na,na,na
XRP,2021-01-26,na,na,na
XRP,2021-01-27,na,na,na
XRP,2021-01-28,na,na,na
XRP,2021-01-29,na,na,na
XRP,2021-02-01,na,na,na
XRP,2021-02-02,na,na,na
XRP,2021-02-03,na,na,na
XRP,2021-02-04,na,na,na
XRP,2021-02-05,na,na,na
XRP,2021-02-08,na,na,na
XRP,2021-02-09,na,na,na
XRP,2021-02-10,na,na,na
XRP,2021-02-11,na,na,na
XRP,2021-02-12,na,na,na
XRP,2021-02-15,na,na,na
XRP,2021-02-16,na,na,na
XRP,2021-02-17,na,na,na
XRP,2021-02-18,na,na,na
XRP,2021-02-19,na,na,na
XRP,2021-02-22,na,na,na
XRP,2021-02-23,na,na,na
XRP,2021-02-24,na,na,na
XRP,2021-02-25,na,na,na
XRP,2021-02-26,na,na,na
XRP,2021-03-01,na,na,na
XRP,2021-03-02,na,na,na
XRP,2021-03-03,na,na,na
XRP,2021-03-04,na,na,na
XRP,2021-03-05,na,na,na
XRP,2021-03-08,na,na,na
XRP,2021-03-09,na,na,na
XRP,2021-03-10,na,na,na
XRP,2021-03-11,na,na,na
XRP,2021-03-12,na,na,na
XRP,2021-03-15,na,na,na
XRP,2021-03-16,na,na,na
XRP,2021-03-17,na,na,na
XRP,2021-03-18,na,na,na
XRP,2021-03-19,na,na,na
XRP,2021-03-22,na,na,na
XRP,2021-03-23,na,na,na
XRP,2021-03-24,na,na,na
XRP,2021-03-25,na,na,na
XRP,2021-03-26,na,na,na
XRP,2021-03-29,na,na,na
XRP,2021-03-30,na,na,na
XRP,2021-03-31,na,na,na
XRP,2021-04-01,na,na,na
XRP,2021-04-02,na,na,na
XRP,2021-04-05,na,na,na
XRP,2021-04-06,na,na,na
XRP,2021-04-07,na,na,na
XRP,2021-04-08,na,na,na
XRP,2021-04-09,na,na,na
XRP,2021-04-12,na,na,na
XRP,2021-04-13,na,na,na
XRP,2021-04-14,na,na,na
XRP,2021-04-15,na,na,na
XRP,2021-04-16,na,na,na
XRP,2021-04-19,na,na,na
XRP,2021-04-20,na,na,na
XRP,2021-04-21,na,na,na
XRP,2021-04-22,na,na,na
XRP,2021-04-23,na,na,na
XRP,2021-04-26,na,na,na
XRP,2021-04-27,na,na,na
XRP,2021-04-28,na,na,na
XRP,2021-04-29,na,na,na
XRP,2021-04-30,na,na,na
XRP,2021-05-03,na,na,na
XRP,2021-05-04,na,na,na
XRP,2021-05-05,na,na,na
XRP,2021-05-06,na,na,na
XRP,2021-05-07,na,na,na
XRP,2021-05-10,na,na,na
XRP,2021-05-11,na,na,na
XRP,2021-05-12,na,na,na
XRP,2021-05-13,na,na,na
XRP,2021-05-14,na,na,na
XRP,2021-05-17,na,na,na
XRP,2021-05-18,na,na,na
XRP,2021-05-19,na,na,na
XRP,2021-05-20,na,na,na
XRP,2021-05-21,na,na,na
XRP,2021-05-24,na,na,na
XRP,2021-05-25,na,na,na
XRP,2021-05-26,na,na,na
XRP,2021-05-27,na,na,na
XRP,2021-05-28,na,na,na
XRP,2021-05-31,na,na,na
XRP,2021-06-01,na,na,na
XRP,2021-06-02,na,na,na
XRP,2021-06-03,na,na,na
XRP,2021-06-04,na,na,na
XRP,2021-06-07,na,na,na
XRP,2021-06-08,na,na,na
XRP,2021-06-09,na,na,na
XRP,2021-06-10,na,na,na
XRP,2021-06-11,na,na,na
XRP,2021-06-14,na,na,na
XRP,2021-06-15,na,na,na
XRP,2021-06-16,na,na,na
XRP,2021-06-17,na,na,na
XRP,2021-06-18,na,na,na
XRP,2021-06-21,na,na,na
XRP,2021-06-22,na,na,na
XRP,2021-06-23,na,na,na
XRP,2021-06-24,na,na,na
XRP,2021-06-25,na,na,na
XRP,2021-06-28,na,na,na
XRP,2021-06-29,na,na,na
XRP,2021-06-30,na,na,na
XRP,2021-07-01,na,na,na
XRP,2021-07-02,na,na,na
XRP,2021-07-05,na,na,na
XRP,2021-07-06,na,na,na
XRP,2021-07-07,na,na,na
XRP,2021-07-08,na,na,na
XRP,2021-07-09,na,na,na
XRP,2021-07-12,na,na,na
XRP,2021-07-13,na,na,na
XRP,2021-07-14,na,na,na
XRP,2021-07-15,na,na,na
XRP,2021-07-16,na,na,na
XRP,2021-07-19,na,na,na
XRP,2021-07-20,na,na,na
XRP,2021-07-21,na,na,na
XRP,2021-07-22,na,na,na
XRP,2021-07-23,na,na,na
XRP,2021-07-26,na,na,na
XRP,2021-07-27,na,na,na
XRP,2021-07-28,na,na,na
XRP,2021-07-29,na,na,na
XRP,2021-07-30,na,na,na
XRP,2021-08-02,na,na,na
XRP,2021-08-03,na,na,na
XRP,2021-08-04,na,na,na
XRP,2021-08-05,na,na,na
XRP,2021-08-06,na,na,na
XRP,2021-08-09,na,na,na
XRP,2021-08-10,na,na,na
XRP,2021-08-11,na,na,na
XRP,2021-08-12,na,na,na
XRP,2021-08-13,na,na,na
XRP,2021-08-16,na,na,na
XRP,2021-08-17,na,na,na
XRP,2021-08-18,na,na,na
XRP,2021-08-19,na,na,na
XRP,2021-08-20,na,na,na
XRP,2021-08-23,na,na,na
XRP,2021-08-24,na,na,na
XRP,2021-08-25,na,na,na
XRP,2021-08-26,na,na,na
XRP,2021-08-27,na,na,na
XRP,2021-08-30,na,na,na
XRP,2021-08-31,na,na,na
XRP,2021-09-01,na,na,na
XRP,2021-09-02,na,na,na
XRP,2021-09-03,na,na,na
XRP,2021-09-06,na,na,na
XRP,2021-09-07,na,na,na
XRP,2021-09-08,na,na,na
XRP,2021-09-09,na,na,na
XRP,2021-09-10,na,na,na
XRP,2021-09-13,na,na,na
XRP,2021-09-14,na,na,na
XRP,2021-09-15,na,na,na
XRP,2021-09-16,na,na,na
XRP,2021-09-17,na,na,na
XRP,2021-09-20,na,na,na
XRP,2021-09-21,na,na,na
XRP,2021-09-22,na,na,na
XRP,2021-09-23,na,na,na
XRP,2021-09-24,na,na,na
XRP,2021-09-27,na,na,na
XRP,2021-09-28,na,na,na
XRP,2021-09-29,na,na,na
XRP,2021-09-30,na,na,na
XRP,2021-10-01,na,na,na
XRP,2021-10-04,na,na,na
XRP,2021-10-05,na,na,na
XRP,2021-10-06,na,na,na
XRP,2021-10-07,na,na,na
XRP,2021-10-08,na,na,na
XRP,2021-10-11,na,na,na
XRP,2021-10-12,na,na,na
XRP,2021-10-13,na,na,na
XRP,2021-10-14,na,na,na
XRP,2021-10-15,na,na,na
XRP,2021-10-18,na,na,na
XRP,2021-10-19,na,na,na
XRP,2021-10-20,na,na,na
XRP,2021-10-21,na,na,na
XRP,2021-10-22,na,na,na
XRP,2021-10-25,na,na,na
XRP,2021-10-26,na,na,na
XRP,2021-10-27,na,na,na
XRP,2021-10-28,na,na,na
XRP,2021-10-29,na,na,na
XRP,2021-11-01,na,na,na
XRP,2021-11-02,na,na,na
XRP,2021-11-03,na,na,na
XRP,2021-11-04,na,na,na
XRP,2021-11-05,na,na,na
XRP,2021-11-08,na,na,na
XRP,2021-11-09,na,na,na
XRP,2021-11-10,na,na,na
XRP,2021-11-11,na,na,na
XRP,2021-11-12,na,na,na
XRP,2021-11-15,na,na,na
XRP,2021-11-16,na,na,na
XRP,2021-11-17,na,na,na
XRP,2021-11-18,na,na,na
XRP,2021-11-19,na,na,na
XRP,2021-11-22,na,na,na
XRP,2021-11-23,na,na,na
XRP,2021-11-24,na,na,na
XRP,2021-11-25,na,na,na
XRP,2021-11-26,na,na,na
XRP,2021-11-29,na,na,na
XRP,2021-11-30,na,na,na
XRP,2021-12-01,na,na,na
XRP,2021-12-02,na,na,na
XRP,2021-12-03,na,na,na
XRP,2021-12-06,na,na,na
XRP,2021-12-07,na,na,na
XRP,2021-12-08,na,na,na
XRP,2021-12-09,na,na,na
XRP,2021-12-10,na,na,na
XRP,2021-12-13,na,na,na
XRP,2021-12-14,na,na,na
XRP,2021-12-15,na,na,na
XRP,2021-12-16,na,na,na
XRP,2021-12-17,na,na,na
XRP,2021-12-20,na,na,na
XRP,2021-12-21,na,na,na
XRP,2021-12-22,na,na,na
XRP,2021-12-23,na,na,na
XRP,2021-12-24,na,na,na
XRP,2021-12-27,na,na,na
XRP,2021-12-28,na,na,na
XRP,2021-12-29,na,na,na
XRP,2021-12-30,na,na,na
XRP,2021-12-31,na,na,na
XRP,2022-01-03,na,na,na
XRP,2022-01-04,na,na,na
XRP,2022-01-05,na,na,na
XRP,2022-01-06,na,na,na
XRP,2022-01-07,na,na,na
XRP,2022-01-10,na,na,na
XRP,2022-01-11,down,slight_lean,A6b
XRP,2022-01-12,down,slight_lean,A6b
XRP,2022-01-13,down,slight_lean,A6b
XRP,2022-01-14,up,slight_lean,A6b
XRP,2022-01-17,down,slight_lean,A6b
XRP,2022-01-18,down,slight_lean,A6b
XRP,2022-01-19,up,slight_lean,A6b
XRP,2022-01-20,up,slight_lean,A6b
XRP,2022-01-21,up,slight_lean,A6b
XRP,2022-01-24,up,slight_lean,A6b
XRP,2022-01-25,down,slight_lean,A6b
XRP,2022-01-26,up,slight_lean,A6b
XRP,2022-01-27,down,slight_lean,A6b
XRP,2022-01-28,up,slight_lean,A6b
XRP,2022-01-31,down,slight_lean,A6b
XRP,2022-02-01,down,slight_lean,A6b
XRP,2022-02-02,down,slight_lean,A6b
XRP,2022-02-03,down,slight_lean,A6b
XRP,2022-02-04,up,slight_lean,A6b
XRP,2022-02-07,down,slight_lean,A6b
XRP,2022-02-08,up,slight_lean,A6b
XRP,2022-02-09,down,slight_lean,A6b
XRP,2022-02-10,down,slight_lean,A6b
XRP,2022-02-11,up,slight_lean,A6b
XRP,2022-02-14,up,slight_lean,A6b
XRP,2022-02-15,down,slight_lean,A6b
XRP,2022-02-16,down,slight_lean,A6b
XRP,2022-02-17,up,slight_lean,A6b
XRP,2022-02-18,up,slight_lean,A6b
XRP,2022-02-21,up,slight_lean,A6b
XRP,2022-02-22,up,slight_lean,A6b
XRP,2022-02-23,up,slight_lean,A6b
XRP,2022-02-24,up,slight_lean,A6b
XRP,2022-02-25,down,slight_lean,A6b
XRP,2022-02-28,down,slight_lean,A6b
XRP,2022-03-01,down,slight_lean,A6b
XRP,2022-03-02,up,slight_lean,A6b
XRP,2022-03-03,down,slight_lean,A6b
XRP,2022-03-04,up,slight_lean,A6b
XRP,2022-03-07,up,slight_lean,A6b
XRP,2022-03-08,up,slight_lean,A6b
XRP,2022-03-09,up,slight_lean,A6b
XRP,2022-03-10,down,slight_lean,A6b
XRP,2022-03-11,up,slight_lean,A6b
XRP,2022-03-14,up,slight_lean,A6b
XRP,2022-03-15,up,slight_lean,A6b
XRP,2022-03-16,down,slight_lean,A6b
XRP,2022-03-17,down,slight_lean,A6b
XRP,2022-03-18,down,slight_lean,A6b
XRP,2022-03-21,down,slight_lean,A6b
XRP,2022-03-22,up,slight_lean,A6b
XRP,2022-03-23,down,slight_lean,A6b
XRP,2022-03-24,up,slight_lean,A6b
XRP,2022-03-25,down,slight_lean,A6b
XRP,2022-03-28,up,slight_lean,A6b
XRP,2022-03-29,down,slight_lean,A6b
XRP,2022-03-30,down,slight_lean,A6b
XRP,2022-03-31,up,slight_lean,A6b
XRP,2022-04-01,up,slight_lean,A6b
XRP,2022-04-04,down,slight_lean,A6b
XRP,2022-04-05,down,slight_lean,A6b
XRP,2022-04-06,up,slight_lean,A6b
XRP,2022-04-07,up,slight_lean,A6b
XRP,2022-04-08,down,slight_lean,A6b
XRP,2022-04-11,up,slight_lean,A6b
XRP,2022-04-12,up,slight_lean,A6b
XRP,2022-04-13,up,slight_lean,A6b
XRP,2022-04-14,down,slight_lean,A6b
XRP,2022-04-15,up,slight_lean,A6b
XRP,2022-04-18,up,slight_lean,A6b
XRP,2022-04-19,down,slight_lean,A6b
XRP,2022-04-20,down,slight_lean,A6b
XRP,2022-04-21,up,slight_lean,A6b
XRP,2022-04-22,up,slight_lean,A6b
XRP,2022-04-25,up,slight_lean,A6b
XRP,2022-04-26,down,slight_lean,A6b
XRP,2022-04-27,up,slight_lean,A6b
XRP,2022-04-28,up,slight_lean,A6b
XRP,2022-04-29,down,slight_lean,A6b
XRP,2022-05-02,up,slight_lean,A6b
XRP,2022-05-03,down,slight_lean,A6b
XRP,2022-05-04,down,slight_lean,A6b
XRP,2022-05-05,down,slight_lean,A6b
XRP,2022-05-06,up,slight_lean,A6b
XRP,2022-05-09,up,slight_lean,A6b
XRP,2022-05-10,up,slight_lean,A6b
XRP,2022-05-11,down,slight_lean,A6b
XRP,2022-05-12,up,slight_lean,A6b
XRP,2022-05-13,up,slight_lean,A6b
XRP,2022-05-16,down,slight_lean,A6b
XRP,2022-05-17,up,slight_lean,A6b
XRP,2022-05-18,down,slight_lean,A6b
XRP,2022-05-19,up,slight_lean,A6b
XRP,2022-05-20,up,slight_lean,A6b
XRP,2022-05-23,up,slight_lean,A6b
XRP,2022-05-24,down,slight_lean,A6b
XRP,2022-05-25,up,slight_lean,A6b
XRP,2022-05-26,down,slight_lean,A6b
XRP,2022-05-27,down,slight_lean,A6b
XRP,2022-05-30,down,slight_lean,A6b
XRP,2022-05-31,down,slight_lean,A6b
XRP,2022-06-01,up,slight_lean,A6b
XRP,2022-06-02,up,slight_lean,A6b
XRP,2022-06-03,down,slight_lean,A6b
XRP,2022-06-06,up,slight_lean,A6b
XRP,2022-06-07,down,slight_lean,A6b
XRP,2022-06-08,down,slight_lean,A6b
XRP,2022-06-09,up,slight_lean,A6b
XRP,2022-06-10,up,slight_lean,A6b
XRP,2022-06-13,up,slight_lean,A6b
XRP,2022-06-14,up,slight_lean,A6b
XRP,2022-06-15,down,slight_lean,A6b
XRP,2022-06-16,down,slight_lean,A6b
XRP,2022-06-17,up,slight_lean,A6b
XRP,2022-06-20,down,slight_lean,A6b
XRP,2022-06-21,down,slight_lean,A6b
XRP,2022-06-22,down,slight_lean,A6b
XRP,2022-06-23,up,slight_lean,A6b
XRP,2022-06-24,down,slight_lean,A6b
XRP,2022-06-27,down,slight_lean,A6b
XRP,2022-06-28,up,slight_lean,A6b
XRP,2022-06-29,up,slight_lean,A6b
XRP,2022-06-30,down,slight_lean,A6b
XRP,2022-07-01,up,slight_lean,A6b
XRP,2022-07-04,down,slight_lean,A6b
XRP,2022-07-05,down,slight_lean,A6b
XRP,2022-07-06,down,slight_lean,A6b
XRP,2022-07-07,down,slight_lean,A6b
XRP,2022-07-08,down,slight_lean,A6b
XRP,2022-07-11,down,slight_lean,A6b
XRP,2022-07-12,up,slight_lean,A6b
XRP,2022-07-13,up,slight_lean,A6b
XRP,2022-07-14,up,slight_lean,A6b
XRP,2022-07-15,down,slight_lean,A6b
XRP,2022-07-18,down,slight_lean,A6b
XRP,2022-07-19,up,slight_lean,A6b
XRP,2022-07-20,down,slight_lean,A6b
XRP,2022-07-21,down,slight_lean,A6b
XRP,2022-07-22,down,slight_lean,A6b
XRP,2022-07-25,up,slight_lean,A6b
XRP,2022-07-26,up,slight_lean,A6b
XRP,2022-07-27,up,slight_lean,A6b
XRP,2022-07-28,down,slight_lean,A6b
XRP,2022-07-29,down,slight_lean,A6b
XRP,2022-08-01,down,slight_lean,A6b
XRP,2022-08-02,up,slight_lean,A6b
XRP,2022-08-03,up,slight_lean,A6b
XRP,2022-08-04,down,slight_lean,A6b
XRP,2022-08-05,down,slight_lean,A6b
XRP,2022-08-08,up,slight_lean,A6b
XRP,2022-08-09,up,slight_lean,A6b
XRP,2022-08-10,up,slight_lean,A6b
XRP,2022-08-11,down,slight_lean,A6b
XRP,2022-08-12,up,slight_lean,A6b
XRP,2022-08-15,down,slight_lean,A6b
XRP,2022-08-16,down,slight_lean,A6b
XRP,2022-08-17,up,slight_lean,A6b
XRP,2022-08-18,up,slight_lean,A6b
XRP,2022-08-19,down,slight_lean,A6b
XRP,2022-08-22,up,slight_lean,A6b
XRP,2022-08-23,up,slight_lean,A6b
XRP,2022-08-24,up,slight_lean,A6b
XRP,2022-08-25,down,slight_lean,A6b
XRP,2022-08-26,down,slight_lean,A6b
XRP,2022-08-29,up,slight_lean,A6b
XRP,2022-08-30,up,slight_lean,A6b
XRP,2022-08-31,up,slight_lean,A6b
XRP,2022-09-01,up,slight_lean,A6b
XRP,2022-09-02,down,slight_lean,A6b
XRP,2022-09-05,up,slight_lean,A6b
XRP,2022-09-06,up,slight_lean,A6b
XRP,2022-09-07,up,slight_lean,A6b
XRP,2022-09-08,down,slight_lean,A6b
XRP,2022-09-09,down,slight_lean,A6b
XRP,2022-09-12,down,slight_lean,A6b
XRP,2022-09-13,down,slight_lean,A6b
XRP,2022-09-14,up,slight_lean,A6b
XRP,2022-09-15,down,slight_lean,A6b
XRP,2022-09-16,up,slight_lean,A6b
XRP,2022-09-19,up,slight_lean,A6b
XRP,2022-09-20,down,slight_lean,A6b
XRP,2022-09-21,up,slight_lean,A6b
XRP,2022-09-22,up,slight_lean,A6b
XRP,2022-09-23,up,slight_lean,A6b
XRP,2022-09-26,up,slight_lean,A6b
XRP,2022-09-27,up,slight_lean,A6b
XRP,2022-09-28,down,slight_lean,A6b
XRP,2022-09-29,down,slight_lean,A6b
XRP,2022-09-30,up,slight_lean,A6b
XRP,2022-10-03,up,slight_lean,A6b
XRP,2022-10-04,down,slight_lean,A6b
XRP,2022-10-05,down,slight_lean,A6b
XRP,2022-10-06,up,slight_lean,A6b
XRP,2022-10-07,up,slight_lean,A6b
XRP,2022-10-10,up,slight_lean,A6b
XRP,2022-10-11,up,slight_lean,A6b
XRP,2022-10-12,up,slight_lean,A6b
XRP,2022-10-13,up,slight_lean,A6b
XRP,2022-10-14,down,slight_lean,A6b
XRP,2022-10-17,up,slight_lean,A6b
XRP,2022-10-18,down,slight_lean,A6b
XRP,2022-10-19,down,slight_lean,A6b
XRP,2022-10-20,up,slight_lean,A6b
XRP,2022-10-21,up,slight_lean,A6b
XRP,2022-10-24,down,slight_lean,A6b
XRP,2022-10-25,down,slight_lean,A6b
XRP,2022-10-26,down,slight_lean,A6b
XRP,2022-10-27,up,slight_lean,A6b
XRP,2022-10-28,up,slight_lean,A6b
XRP,2022-10-31,down,slight_lean,A6b
XRP,2022-11-01,up,slight_lean,A6b
XRP,2022-11-02,up,slight_lean,A6b
XRP,2022-11-03,up,slight_lean,A6b
XRP,2022-11-04,up,slight_lean,A6b
XRP,2022-11-07,down,slight_lean,A6b
XRP,2022-11-08,down,slight_lean,A6b
XRP,2022-11-09,down,slight_lean,A6b
XRP,2022-11-10,up,slight_lean,A6b
XRP,2022-11-11,down,slight_lean,A6b
XRP,2022-11-14,down,slight_lean,A6b
XRP,2022-11-15,up,slight_lean,A6b
XRP,2022-11-16,down,slight_lean,A6b
XRP,2022-11-17,up,slight_lean,A6b
XRP,2022-11-18,up,slight_lean,A6b
XRP,2022-11-21,down,slight_lean,A6b
XRP,2022-11-22,up,slight_lean,A6b
XRP,2022-11-23,down,slight_lean,A6b
XRP,2022-11-24,down,slight_lean,A6b
XRP,2022-11-25,down,slight_lean,A6b
XRP,2022-11-28,up,slight_lean,A6b
XRP,2022-11-29,up,slight_lean,A6b
XRP,2022-11-30,up,slight_lean,A6b
XRP,2022-12-01,down,slight_lean,A6b
XRP,2022-12-02,down,slight_lean,A6b
XRP,2022-12-05,up,slight_lean,A6b
XRP,2022-12-06,up,slight_lean,A6b
XRP,2022-12-07,up,slight_lean,A6b
XRP,2022-12-08,up,slight_lean,A6b
XRP,2022-12-09,down,slight_lean,A6b
XRP,2022-12-12,up,slight_lean,A6b
XRP,2022-12-13,down,slight_lean,A6b
XRP,2022-12-14,down,slight_lean,A6b
XRP,2022-12-15,up,slight_lean,A6b
XRP,2022-12-16,up,slight_lean,A6b
XRP,2022-12-19,up,slight_lean,A6b
XRP,2022-12-20,up,slight_lean,A6b
XRP,2022-12-21,up,slight_lean,A6b
XRP,2022-12-22,down,slight_lean,A6b
XRP,2022-12-23,up,slight_lean,A6b
XRP,2022-12-26,down,slight_lean,A6b
XRP,2022-12-27,down,slight_lean,A6b
XRP,2022-12-28,up,slight_lean,A6b
XRP,2022-12-29,up,slight_lean,A6b
XRP,2022-12-30,down,slight_lean,A6b
XRP,2023-01-02,up,slight_lean,A6b
XRP,2023-01-03,up,slight_lean,A6b
XRP,2023-01-04,up,slight_lean,A6b
XRP,2023-01-05,down,slight_lean,A6b
XRP,2023-01-06,up,slight_lean,A6b
XRP,2023-01-09,down,slight_lean,A6b
XRP,2023-01-10,down,slight_lean,A6b
XRP,2023-01-11,down,slight_lean,A6b
XRP,2023-01-12,down,slight_lean,A6b
XRP,2023-01-13,down,slight_lean,A6b
XRP,2023-01-16,down,slight_lean,A6b
XRP,2023-01-17,down,slight_lean,A6b
XRP,2023-01-18,down,slight_lean,A6b
XRP,2023-01-19,up,slight_lean,A6b
XRP,2023-01-20,up,slight_lean,A6b
XRP,2023-01-23,down,slight_lean,A6b
XRP,2023-01-24,down,slight_lean,A6b
XRP,2023-01-25,up,slight_lean,A6b
XRP,2023-01-26,up,slight_lean,A6b
XRP,2023-01-27,down,slight_lean,A6b
XRP,2023-01-30,down,slight_lean,A6b
XRP,2023-01-31,up,slight_lean,A6b
XRP,2023-02-01,down,slight_lean,A6b
XRP,2023-02-02,down,slight_lean,A6b
XRP,2023-02-03,down,slight_lean,A6b
XRP,2023-02-06,up,slight_lean,A6b
XRP,2023-02-07,up,slight_lean,A6b
XRP,2023-02-08,down,slight_lean,A6b
XRP,2023-02-09,up,slight_lean,A6b
XRP,2023-02-10,up,slight_lean,A6b
XRP,2023-02-13,up,slight_lean,A6b
XRP,2023-02-14,down,slight_lean,A6b
XRP,2023-02-15,down,slight_lean,A6b
XRP,2023-02-16,down,slight_lean,A6b
XRP,2023-02-17,up,slight_lean,A6b
XRP,2023-02-20,up,slight_lean,A6b
XRP,2023-02-21,up,slight_lean,A6b
XRP,2023-02-22,up,slight_lean,A6b
XRP,2023-02-23,down,slight_lean,A6b
XRP,2023-02-24,down,slight_lean,A6b
XRP,2023-02-27,up,slight_lean,A6b
XRP,2023-02-28,down,slight_lean,A6b
XRP,2023-03-01,up,slight_lean,A6b
XRP,2023-03-02,up,slight_lean,A6b
XRP,2023-03-03,down,slight_lean,A6b
XRP,2023-03-06,down,slight_lean,A6b
XRP,2023-03-07,down,slight_lean,A6b
XRP,2023-03-08,up,slight_lean,A6b
XRP,2023-03-09,down,slight_lean,A6b
XRP,2023-03-10,up,slight_lean,A6b
XRP,2023-03-13,up,slight_lean,A6b
XRP,2023-03-14,down,slight_lean,A6b
XRP,2023-03-15,down,slight_lean,A6b
XRP,2023-03-16,down,slight_lean,A6b
XRP,2023-03-17,down,slight_lean,A6b
XRP,2023-03-20,up,slight_lean,A6b
XRP,2023-03-21,down,slight_lean,A6b
XRP,2023-03-22,down,slight_lean,A6b
XRP,2023-03-23,up,slight_lean,A6b
XRP,2023-03-24,down,slight_lean,A6b
XRP,2023-03-27,down,slight_lean,A6b
XRP,2023-03-28,up,slight_lean,A6b
XRP,2023-03-29,up,slight_lean,A6b
XRP,2023-03-30,down,slight_lean,A6b
XRP,2023-03-31,down,slight_lean,A6b
XRP,2023-04-03,down,slight_lean,A6b
XRP,2023-04-04,up,slight_lean,A6b
XRP,2023-04-05,up,slight_lean,A6b
XRP,2023-04-06,up,slight_lean,A6b
XRP,2023-04-07,down,slight_lean,A6b
XRP,2023-04-10,down,slight_lean,A6b
XRP,2023-04-11,up,slight_lean,A6b
XRP,2023-04-12,up,slight_lean,A6b
XRP,2023-04-13,up,slight_lean,A6b
XRP,2023-04-14,down,slight_lean,A6b
XRP,2023-04-17,up,slight_lean,A6b
XRP,2023-04-18,down,slight_lean,A6b
XRP,2023-04-19,down,slight_lean,A6b
XRP,2023-04-20,up,slight_lean,A6b
XRP,2023-04-21,up,slight_lean,A6b
XRP,2023-04-24,down,slight_lean,A6b
XRP,2023-04-25,up,slight_lean,A6b
XRP,2023-04-26,up,slight_lean,A6b
XRP,2023-04-27,down,slight_lean,A6b
XRP,2023-04-28,down,slight_lean,A6b
XRP,2023-05-01,down,slight_lean,A6b
XRP,2023-05-02,up,slight_lean,A6b
XRP,2023-05-03,up,slight_lean,A6b
XRP,2023-05-04,up,slight_lean,A6b
XRP,2023-05-05,up,slight_lean,A6b
XRP,2023-05-08,down,slight_lean,A6b
XRP,2023-05-09,down,slight_lean,A6b
XRP,2023-05-10,up,slight_lean,A6b
XRP,2023-05-11,down,slight_lean,A6b
XRP,2023-05-12,down,slight_lean,A6b
XRP,2023-05-15,up,slight_lean,A6b
XRP,2023-05-16,down,slight_lean,A6b
XRP,2023-05-17,down,slight_lean,A6b
XRP,2023-05-18,down,slight_lean,A6b
XRP,2023-05-19,down,slight_lean,A6b
XRP,2023-05-22,up,slight_lean,A6b
XRP,2023-05-23,down,slight_lean,A6b
XRP,2023-05-24,up,slight_lean,A6b
XRP,2023-05-25,up,slight_lean,A6b
XRP,2023-05-26,down,slight_lean,A6b
XRP,2023-05-29,down,slight_lean,A6b
XRP,2023-05-30,down,slight_lean,A6b
XRP,2023-05-31,down,slight_lean,A6b
XRP,2023-06-01,up,slight_lean,A6b
XRP,2023-06-02,down,slight_lean,A6b
XRP,2023-06-05,down,slight_lean,A6b
XRP,2023-06-06,down,slight_lean,A6b
XRP,2023-06-07,down,slight_lean,A6b
XRP,2023-06-08,up,slight_lean,A6b
XRP,2023-06-09,down,slight_lean,A6b
XRP,2023-06-12,down,slight_lean,A6b
XRP,2023-06-13,down,slight_lean,A6b
XRP,2023-06-14,down,slight_lean,A6b
XRP,2023-06-15,down,slight_lean,A6b
XRP,2023-06-16,down,slight_lean,A6b
XRP,2023-06-19,up,slight_lean,A6b
XRP,2023-06-20,up,slight_lean,A6b
XRP,2023-06-21,up,slight_lean,A6b
XRP,2023-06-22,up,slight_lean,A6b
XRP,2023-06-23,down,slight_lean,A6b
XRP,2023-06-26,up,slight_lean,A6b
XRP,2023-06-27,up,slight_lean,A6b
XRP,2023-06-28,down,slight_lean,A6b
XRP,2023-06-29,down,slight_lean,A6b
XRP,2023-06-30,up,slight_lean,A6b
XRP,2023-07-03,down,slight_lean,A6b
XRP,2023-07-04,down,slight_lean,A6b
XRP,2023-07-05,down,slight_lean,A6b
XRP,2023-07-06,up,slight_lean,A6b
XRP,2023-07-07,up,slight_lean,A6b
XRP,2023-07-10,up,slight_lean,A6b
XRP,2023-07-11,down,slight_lean,A6b
XRP,2023-07-12,down,slight_lean,A6b
XRP,2023-07-13,down,slight_lean,A6b
XRP,2023-07-14,down,slight_lean,A6b
XRP,2023-07-17,up,slight_lean,A6b
XRP,2023-07-18,down,slight_lean,A6b
XRP,2023-07-19,down,slight_lean,A6b
XRP,2023-07-20,up,slight_lean,A6b
XRP,2023-07-21,up,slight_lean,A6b
XRP,2023-07-24,up,slight_lean,A6b
XRP,2023-07-25,down,slight_lean,A6b
XRP,2023-07-26,down,slight_lean,A6b
XRP,2023-07-27,up,slight_lean,A6b
XRP,2023-07-28,up,slight_lean,A6b
XRP,2023-07-31,down,slight_lean,A6b
XRP,2023-08-01,down,slight_lean,A6b
XRP,2023-08-02,up,slight_lean,A6b
XRP,2023-08-03,up,slight_lean,A6b
XRP,2023-08-04,up,slight_lean,A6b
XRP,2023-08-07,up,slight_lean,A6b
XRP,2023-08-08,down,slight_lean,A6b
XRP,2023-08-09,up,slight_lean,A6b
XRP,2023-08-10,up,slight_lean,A6b
XRP,2023-08-11,down,slight_lean,A6b
XRP,2023-08-14,up,slight_lean,A6b
XRP,2023-08-15,down,slight_lean,A6b
XRP,2023-08-16,up,slight_lean,A6b
XRP,2023-08-17,up,slight_lean,A6b
XRP,2023-08-18,up,slight_lean,A6b
XRP,2023-08-21,up,slight_lean,A6b
XRP,2023-08-22,down,slight_lean,A6b
XRP,2023-08-23,up,slight_lean,A6b
XRP,2023-08-24,down,slight_lean,A6b
XRP,2023-08-25,up,slight_lean,A6b
XRP,2023-08-28,down,slight_lean,A6b
XRP,2023-08-29,down,slight_lean,A6b
XRP,2023-08-30,down,slight_lean,A6b
XRP,2023-08-31,down,slight_lean,A6b
XRP,2023-09-01,down,slight_lean,A6b
XRP,2023-09-04,up,slight_lean,A6b
XRP,2023-09-05,up,slight_lean,A6b
XRP,2023-09-06,down,slight_lean,A6b
XRP,2023-09-07,up,slight_lean,A6b
XRP,2023-09-08,up,slight_lean,A6b
XRP,2023-09-11,down,slight_lean,A6b
XRP,2023-09-12,down,slight_lean,A6b
XRP,2023-09-13,up,slight_lean,A6b
XRP,2023-09-14,down,slight_lean,A6b
XRP,2023-09-15,down,slight_lean,A6b
XRP,2023-09-18,up,slight_lean,A6b
XRP,2023-09-19,down,slight_lean,A6b
XRP,2023-09-20,up,slight_lean,A6b
XRP,2023-09-21,up,slight_lean,A6b
XRP,2023-09-22,up,slight_lean,A6b
XRP,2023-09-25,down,slight_lean,A6b
XRP,2023-09-26,down,slight_lean,A6b
XRP,2023-09-27,up,slight_lean,A6b
XRP,2023-09-28,down,slight_lean,A6b
XRP,2023-09-29,down,slight_lean,A6b
XRP,2023-10-02,down,slight_lean,A6b
XRP,2023-10-03,down,slight_lean,A6b
XRP,2023-10-04,up,slight_lean,A6b
XRP,2023-10-05,down,slight_lean,A6b
XRP,2023-10-06,up,slight_lean,A6b
XRP,2023-10-09,down,slight_lean,A6b
XRP,2023-10-10,down,slight_lean,A6b
XRP,2023-10-11,down,slight_lean,A6b
XRP,2023-10-12,down,slight_lean,A6b
XRP,2023-10-13,up,slight_lean,A6b
XRP,2023-10-16,up,slight_lean,A6b
XRP,2023-10-17,down,slight_lean,A6b
XRP,2023-10-18,up,slight_lean,A6b
XRP,2023-10-19,up,slight_lean,A6b
XRP,2023-10-20,up,slight_lean,A6b
XRP,2023-10-23,up,slight_lean,A6b
XRP,2023-10-24,down,slight_lean,A6b
XRP,2023-10-25,down,slight_lean,A6b
XRP,2023-10-26,up,slight_lean,A6b
XRP,2023-10-27,up,slight_lean,A6b
XRP,2023-10-30,down,slight_lean,A6b
XRP,2023-10-31,down,slight_lean,A6b
XRP,2023-11-01,down,slight_lean,A6b
XRP,2023-11-02,down,slight_lean,A6b
XRP,2023-11-03,down,slight_lean,A6b
XRP,2023-11-06,down,slight_lean,A6b
XRP,2023-11-07,down,slight_lean,A6b
XRP,2023-11-08,down,slight_lean,A6b
XRP,2023-11-09,down,slight_lean,A6b
XRP,2023-11-10,up,slight_lean,A6b
XRP,2023-11-13,down,slight_lean,A6b
XRP,2023-11-14,up,slight_lean,A6b
XRP,2023-11-15,down,slight_lean,A6b
XRP,2023-11-16,down,slight_lean,A6b
XRP,2023-11-17,down,slight_lean,A6b
XRP,2023-11-20,down,slight_lean,A6b
XRP,2023-11-21,down,slight_lean,A6b
XRP,2023-11-22,up,slight_lean,A6b
XRP,2023-11-23,down,slight_lean,A6b
XRP,2023-11-24,down,slight_lean,A6b
XRP,2023-11-27,up,slight_lean,A6b
XRP,2023-11-28,up,slight_lean,A6b
XRP,2023-11-29,down,slight_lean,A6b
XRP,2023-11-30,up,slight_lean,A6b
XRP,2023-12-01,up,slight_lean,A6b
XRP,2023-12-04,down,slight_lean,A6b
XRP,2023-12-05,up,slight_lean,A6b
XRP,2023-12-06,down,slight_lean,A6b
XRP,2023-12-07,up,slight_lean,A6b
XRP,2023-12-08,down,slight_lean,A6b
XRP,2023-12-11,down,slight_lean,A6b
XRP,2023-12-12,down,slight_lean,A6b
XRP,2023-12-13,down,slight_lean,A6b
XRP,2023-12-14,down,slight_lean,A6b
XRP,2023-12-15,up,slight_lean,A6b
XRP,2023-12-18,down,slight_lean,A6b
XRP,2023-12-19,down,slight_lean,A6b
XRP,2023-12-20,down,slight_lean,A6b
XRP,2023-12-21,up,slight_lean,A6b
XRP,2023-12-22,down,slight_lean,A6b
XRP,2023-12-25,down,slight_lean,A6b
XRP,2023-12-26,down,slight_lean,A6b
XRP,2023-12-27,down,slight_lean,A6b
XRP,2023-12-28,down,slight_lean,A6b
XRP,2023-12-29,up,slight_lean,A6b
XRP,2024-01-01,up,slight_lean,A6b
XRP,2024-01-02,up,slight_lean,A6b
XRP,2024-01-03,up,slight_lean,A6b
XRP,2024-01-04,up,slight_lean,A6b
XRP,2024-01-05,up,slight_lean,A6b
XRP,2024-01-08,down,slight_lean,A6b
XRP,2024-01-09,down,slight_lean,A6b
XRP,2024-01-10,down,slight_lean,A6b
XRP,2024-01-11,down,slight_lean,A6b
XRP,2024-01-12,down,slight_lean,A6b
XRP,2024-01-15,down,slight_lean,A6b
XRP,2024-01-16,down,slight_lean,A6b
XRP,2024-01-17,up,slight_lean,A6b
XRP,2024-01-18,up,slight_lean,A6b
XRP,2024-01-19,down,slight_lean,A6b
XRP,2024-01-22,down,slight_lean,A6b
XRP,2024-01-23,down,slight_lean,A6b
XRP,2024-01-24,down,slight_lean,A6b
XRP,2024-01-25,down,slight_lean,A6b
XRP,2024-01-26,down,slight_lean,A6b
XRP,2024-01-29,up,slight_lean,A6b
XRP,2024-01-30,down,slight_lean,A6b
XRP,2024-01-31,up,slight_lean,A6b
XRP,2024-02-01,up,slight_lean,A6b
XRP,2024-02-02,down,slight_lean,A6b
XRP,2024-02-05,down,slight_lean,A6b
XRP,2024-02-06,up,slight_lean,A6b
XRP,2024-02-07,up,slight_lean,A6b
XRP,2024-02-08,down,slight_lean,A6b
XRP,2024-02-09,down,slight_lean,A6b
XRP,2024-02-12,down,slight_lean,A6b
XRP,2024-02-13,up,slight_lean,A6b
XRP,2024-02-14,up,slight_lean,A6b
XRP,2024-02-15,down,slight_lean,A6b
XRP,2024-02-16,down,slight_lean,A6b
XRP,2024-02-19,up,slight_lean,A6b
XRP,2024-02-20,up,slight_lean,A6b
XRP,2024-02-21,up,slight_lean,A6b
XRP,2024-02-22,up,slight_lean,A6b
XRP,2024-02-23,down,slight_lean,A6b
XRP,2024-02-26,up,slight_lean,A6b
XRP,2024-02-27,up,slight_lean,A6b
XRP,2024-02-28,down,slight_lean,A6b
XRP,2024-02-29,up,slight_lean,A6b
XRP,2024-03-01,down,slight_lean,A6b
XRP,2024-03-04,down,slight_lean,A6b
XRP,2024-03-05,up,slight_lean,A6b
XRP,2024-03-06,up,slight_lean,A6b
XRP,2024-03-07,down,slight_lean,A6b
XRP,2024-03-08,down,slight_lean,A6b
XRP,2024-03-11,up,slight_lean,A6b
XRP,2024-03-12,up,slight_lean,A6b
XRP,2024-03-13,down,slight_lean,A6b
XRP,2024-03-14,up,slight_lean,A6b
XRP,2024-03-15,up,slight_lean,A6b
XRP,2024-03-18,up,slight_lean,A6b
XRP,2024-03-19,down,slight_lean,A6b
XRP,2024-03-20,down,slight_lean,A6b
XRP,2024-03-21,down,slight_lean,A6b
XRP,2024-03-22,down,slight_lean,A6b
XRP,2024-03-25,down,slight_lean,A6b
XRP,2024-03-26,up,slight_lean,A6b
XRP,2024-03-27,up,slight_lean,A6b
XRP,2024-03-28,down,slight_lean,A6b
XRP,2024-03-29,up,slight_lean,A6b
XRP,2024-04-01,up,slight_lean,A6b
XRP,2024-04-02,down,slight_lean,A6b
XRP,2024-04-03,up,slight_lean,A6b
XRP,2024-04-04,down,slight_lean,A6b
XRP,2024-04-05,up,slight_lean,A6b
XRP,2024-04-08,down,slight_lean,A6b
XRP,2024-04-09,up,slight_lean,A6b
XRP,2024-04-10,down,slight_lean,A6b
XRP,2024-04-11,up,slight_lean,A6b
XRP,2024-04-12,down,slight_lean,A6b
XRP,2024-04-15,up,slight_lean,A6b
XRP,2024-04-16,up,slight_lean,A6b
XRP,2024-04-17,down,slight_lean,A6b
XRP,2024-04-18,up,slight_lean,A6b
XRP,2024-04-19,up,slight_lean,A6b
XRP,2024-04-22,up,slight_lean,A6b
XRP,2024-04-23,down,slight_lean,A6b
XRP,2024-04-24,down,slight_lean,A6b
XRP,2024-04-25,down,slight_lean,A6b
XRP,2024-04-26,up,slight_lean,A6b
XRP,2024-04-29,down,slight_lean,A6b
XRP,2024-04-30,down,slight_lean,A6b
XRP,2024-05-01,up,slight_lean,A6b
XRP,2024-05-02,up,slight_lean,A6b
XRP,2024-05-03,down,slight_lean,A6b
XRP,2024-05-06,down,slight_lean,A6b
XRP,2024-05-07,down,slight_lean,A6b
XRP,2024-05-08,up,slight_lean,A6b
XRP,2024-05-09,up,slight_lean,A6b
XRP,2024-05-10,down,slight_lean,A6b
XRP,2024-05-13,down,slight_lean,A6b
XRP,2024-05-14,down,slight_lean,A6b
XRP,2024-05-15,down,slight_lean,A6b
XRP,2024-05-16,down,slight_lean,A6b
XRP,2024-05-17,up,slight_lean,A6b
XRP,2024-05-20,up,slight_lean,A6b
XRP,2024-05-21,down,slight_lean,A6b
XRP,2024-05-22,down,slight_lean,A6b
XRP,2024-05-23,up,slight_lean,A6b
XRP,2024-05-24,up,slight_lean,A6b
XRP,2024-05-27,down,slight_lean,A6b
XRP,2024-05-28,down,slight_lean,A6b
XRP,2024-05-29,down,slight_lean,A6b
XRP,2024-05-30,up,slight_lean,A6b
XRP,2024-05-31,up,slight_lean,A6b
XRP,2024-06-03,up,slight_lean,A6b
XRP,2024-06-04,down,slight_lean,A6b
XRP,2024-06-05,down,slight_lean,A6b
XRP,2024-06-06,down,slight_lean,A6b
XRP,2024-06-07,up,slight_lean,A6b
XRP,2024-06-10,up,slight_lean,A6b
XRP,2024-06-11,down,slight_lean,A6b
XRP,2024-06-12,down,slight_lean,A6b
XRP,2024-06-13,down,slight_lean,A6b
XRP,2024-06-14,down,slight_lean,A6b
XRP,2024-06-17,down,slight_lean,A6b
XRP,2024-06-18,down,slight_lean,A6b
XRP,2024-06-19,down,slight_lean,A6b
XRP,2024-06-20,down,slight_lean,A6b
XRP,2024-06-21,up,slight_lean,A6b
XRP,2024-06-24,up,slight_lean,A6b
XRP,2024-06-25,up,slight_lean,A6b
XRP,2024-06-26,down,slight_lean,A6b
XRP,2024-06-27,down,slight_lean,A6b
XRP,2024-06-28,down,slight_lean,A6b
XRP,2024-07-01,up,slight_lean,A6b
XRP,2024-07-02,down,slight_lean,A6b
XRP,2024-07-03,down,slight_lean,A6b
XRP,2024-07-04,down,slight_lean,A6b
XRP,2024-07-05,down,slight_lean,A6b
XRP,2024-07-08,down,slight_lean,A6b
XRP,2024-07-09,down,slight_lean,A6b
XRP,2024-07-10,down,slight_lean,A6b
XRP,2024-07-11,down,slight_lean,A6b
XRP,2024-07-12,up,slight_lean,A6b
XRP,2024-07-15,down,slight_lean,A6b
XRP,2024-07-16,down,slight_lean,A6b
XRP,2024-07-17,down,slight_lean,A6b
XRP,2024-07-18,up,slight_lean,A6b
XRP,2024-07-19,up,slight_lean,A6b
XRP,2024-07-22,up,slight_lean,A6b
XRP,2024-07-23,down,slight_lean,A6b
XRP,2024-07-24,up,slight_lean,A6b
XRP,2024-07-25,up,slight_lean,A6b
XRP,2024-07-26,up,slight_lean,A6b
XRP,2024-07-29,down,slight_lean,A6b
XRP,2024-07-30,down,slight_lean,A6b
XRP,2024-07-31,up,slight_lean,A6b
XRP,2024-08-01,down,slight_lean,A6b
XRP,2024-08-02,up,slight_lean,A6b
XRP,2024-08-05,up,slight_lean,A6b
XRP,2024-08-06,up,slight_lean,A6b
XRP,2024-08-07,down,slight_lean,A6b
XRP,2024-08-08,up,slight_lean,A6b
XRP,2024-08-09,down,slight_lean,A6b
XRP,2024-08-12,down,slight_lean,A6b
XRP,2024-08-13,down,slight_lean,A6b
XRP,2024-08-14,down,slight_lean,A6b
XRP,2024-08-15,down,slight_lean,A6b
XRP,2024-08-16,down,slight_lean,A6b
XRP,2024-08-19,down,slight_lean,A6b
XRP,2024-08-20,down,slight_lean,A6b
XRP,2024-08-21,up,slight_lean,A6b
XRP,2024-08-22,down,slight_lean,A6b
XRP,2024-08-23,up,slight_lean,A6b
XRP,2024-08-26,down,slight_lean,A6b
XRP,2024-08-27,up,slight_lean,A6b
XRP,2024-08-28,down,slight_lean,A6b
XRP,2024-08-29,up,slight_lean,A6b
XRP,2024-08-30,up,slight_lean,A6b
XRP,2024-09-02,down,slight_lean,A6b
XRP,2024-09-03,down,slight_lean,A6b
XRP,2024-09-04,up,slight_lean,A6b
XRP,2024-09-05,up,slight_lean,A6b
XRP,2024-09-06,down,slight_lean,A6b
XRP,2024-09-09,up,slight_lean,A6b
XRP,2024-09-10,down,slight_lean,A6b
XRP,2024-09-11,down,slight_lean,A6b
XRP,2024-09-12,down,slight_lean,A6b
XRP,2024-09-13,down,slight_lean,A6b
XRP,2024-09-16,down,slight_lean,A6b
XRP,2024-09-17,up,slight_lean,A6b
XRP,2024-09-18,down,slight_lean,A6b
XRP,2024-09-19,up,slight_lean,A6b
XRP,2024-09-20,down,slight_lean,A6b
XRP,2024-09-23,up,slight_lean,A6b
XRP,2024-09-24,down,slight_lean,A6b
XRP,2024-09-25,down,slight_lean,A6b
XRP,2024-09-26,down,slight_lean,A6b
XRP,2024-09-27,down,slight_lean,A6b
XRP,2024-09-30,up,slight_lean,A6b
XRP,2024-10-01,down,slight_lean,A6b
XRP,2024-10-02,up,slight_lean,A6b
XRP,2024-10-03,down,slight_lean,A6b
XRP,2024-10-04,up,slight_lean,A6b
XRP,2024-10-07,down,slight_lean,A6b
XRP,2024-10-08,up,slight_lean,A6b
XRP,2024-10-09,down,slight_lean,A6b
XRP,2024-10-10,down,slight_lean,A6b
XRP,2024-10-11,up,slight_lean,A6b
XRP,2024-10-14,down,slight_lean,A6b
XRP,2024-10-15,down,slight_lean,A6b
XRP,2024-10-16,up,slight_lean,A6b
XRP,2024-10-17,down,slight_lean,A6b
XRP,2024-10-18,down,slight_lean,A6b
XRP,2024-10-21,down,slight_lean,A6b
XRP,2024-10-22,down,slight_lean,A6b
XRP,2024-10-23,down,slight_lean,A6b
XRP,2024-10-24,up,slight_lean,A6b
XRP,2024-10-25,down,slight_lean,A6b
XRP,2024-10-28,down,slight_lean,A6b
XRP,2024-10-29,up,slight_lean,A6b
XRP,2024-10-30,down,slight_lean,A6b
XRP,2024-10-31,up,slight_lean,A6b
XRP,2024-11-01,up,slight_lean,A6b
XRP,2024-11-04,down,slight_lean,A6b
XRP,2024-11-05,up,slight_lean,A6b
XRP,2024-11-06,down,slight_lean,A6b
XRP,2024-11-07,down,slight_lean,A6b
XRP,2024-11-08,down,slight_lean,A6b
XRP,2024-11-11,down,slight_lean,A6b
XRP,2024-11-12,up,slight_lean,A6b
XRP,2024-11-13,up,slight_lean,A6b
XRP,2024-11-14,up,slight_lean,A6b
XRP,2024-11-15,up,slight_lean,A6b
XRP,2024-11-18,up,slight_lean,A6b
XRP,2024-11-19,down,slight_lean,A6b
XRP,2024-11-20,down,slight_lean,A6b
XRP,2024-11-21,up,slight_lean,A6b
XRP,2024-11-22,down,slight_lean,A6b
XRP,2024-11-25,down,slight_lean,A6b
XRP,2024-11-26,down,slight_lean,A6b
XRP,2024-11-27,down,slight_lean,A6b
XRP,2024-11-28,up,slight_lean,A6b
XRP,2024-11-29,up,slight_lean,A6b
XRP,2024-12-02,down,slight_lean,A6b
XRP,2024-12-03,down,slight_lean,A6b
XRP,2024-12-04,down,slight_lean,A6b
XRP,2024-12-05,down,slight_lean,A6b
XRP,2024-12-06,up,slight_lean,A6b
XRP,2024-12-09,down,slight_lean,A6b
XRP,2024-12-10,up,slight_lean,A6b
XRP,2024-12-11,up,slight_lean,A6b
XRP,2024-12-12,down,slight_lean,A6b
XRP,2024-12-13,up,slight_lean,A6b
XRP,2024-12-16,down,slight_lean,A6b
XRP,2024-12-17,down,slight_lean,A6b
XRP,2024-12-18,up,slight_lean,A6b
XRP,2024-12-19,up,slight_lean,A6b
XRP,2024-12-20,up,slight_lean,A6b
XRP,2024-12-23,down,slight_lean,A6b
XRP,2024-12-24,down,slight_lean,A6b
XRP,2024-12-25,down,slight_lean,A6b
XRP,2024-12-26,down,slight_lean,A6b
XRP,2024-12-27,up,slight_lean,A6b
XRP,2024-12-30,up,slight_lean,A6b
XRP,2024-12-31,up,slight_lean,A6b
XRP,2025-01-01,up,slight_lean,A6b
XRP,2025-01-02,up,slight_lean,A6b
XRP,2025-01-03,up,slight_lean,A6b
XRP,2025-01-06,down,slight_lean,A6b
XRP,2025-01-07,down,slight_lean,A6b
XRP,2025-01-08,up,slight_lean,A6b
XRP,2025-01-09,down,slight_lean,A6b
XRP,2025-01-10,down,slight_lean,A6b
XRP,2025-01-13,up,slight_lean,A6b
XRP,2025-01-14,up,slight_lean,A6b
XRP,2025-01-15,up,slight_lean,A6b
XRP,2025-01-16,down,slight_lean,A6b
XRP,2025-01-17,up,slight_lean,A6b
XRP,2025-01-20,down,slight_lean,A6b
XRP,2025-01-21,down,slight_lean,A6b
XRP,2025-01-22,down,slight_lean,A6b
XRP,2025-01-23,down,slight_lean,A6b
XRP,2025-01-24,down,slight_lean,A6b
XRP,2025-01-27,up,slight_lean,A6b
XRP,2025-01-28,up,slight_lean,A6b
XRP,2025-01-29,down,slight_lean,A6b
XRP,2025-01-30,up,slight_lean,A6b
XRP,2025-01-31,down,slight_lean,A6b
XRP,2025-02-03,up,slight_lean,A6b
XRP,2025-02-04,up,slight_lean,A6b
XRP,2025-02-05,down,slight_lean,A6b
XRP,2025-02-06,down,slight_lean,A6b
XRP,2025-02-07,down,slight_lean,A6b
XRP,2025-02-10,up,slight_lean,A6b
XRP,2025-02-11,down,slight_lean,A6b
XRP,2025-02-12,up,slight_lean,A6b
XRP,2025-02-13,down,slight_lean,A6b
XRP,2025-02-14,down,slight_lean,A6b
XRP,2025-02-17,down,slight_lean,A6b
XRP,2025-02-18,down,slight_lean,A6b
XRP,2025-02-19,down,slight_lean,A6b
XRP,2025-02-20,down,slight_lean,A6b
XRP,2025-02-21,up,slight_lean,A6b
XRP,2025-02-24,up,slight_lean,A6b
XRP,2025-02-25,up,slight_lean,A6b
XRP,2025-02-26,up,slight_lean,A6b
XRP,2025-02-27,down,slight_lean,A6b
XRP,2025-02-28,up,slight_lean,A6b
XRP,2025-03-03,down,slight_lean,A6b
XRP,2025-03-04,up,slight_lean,A6b
XRP,2025-03-05,up,slight_lean,A6b
XRP,2025-03-06,down,slight_lean,A6b
XRP,2025-03-07,up,slight_lean,A6b
XRP,2025-03-10,down,slight_lean,A6b
XRP,2025-03-11,up,slight_lean,A6b
XRP,2025-03-12,up,slight_lean,A6b
XRP,2025-03-13,down,slight_lean,A6b
XRP,2025-03-14,up,slight_lean,A6b
XRP,2025-03-17,down,slight_lean,A6b
XRP,2025-03-18,down,slight_lean,A6b
XRP,2025-03-19,up,slight_lean,A6b
XRP,2025-03-20,down,slight_lean,A6b
XRP,2025-03-21,up,slight_lean,A6b
XRP,2025-03-24,down,slight_lean,A6b
XRP,2025-03-25,down,slight_lean,A6b
XRP,2025-03-26,down,slight_lean,A6b
XRP,2025-03-27,up,slight_lean,A6b
XRP,2025-03-28,up,slight_lean,A6b
XRP,2025-03-31,up,slight_lean,A6b
XRP,2025-04-01,up,slight_lean,A6b
XRP,2025-04-02,down,slight_lean,A6b
XRP,2025-04-03,down,slight_lean,A6b
XRP,2025-04-04,up,slight_lean,A6b
XRP,2025-04-07,up,slight_lean,A6b
XRP,2025-04-08,down,slight_lean,A6b
XRP,2025-04-09,up,slight_lean,A6b
XRP,2025-04-10,down,slight_lean,A6b
XRP,2025-04-11,up,slight_lean,A6b
XRP,2025-04-14,down,slight_lean,A6b
XRP,2025-04-15,down,slight_lean,A6b
XRP,2025-04-16,down,slight_lean,A6b
XRP,2025-04-17,up,slight_lean,A6b
XRP,2025-04-18,down,slight_lean,A6b
XRP,2025-04-21,down,slight_lean,A6b
XRP,2025-04-22,up,slight_lean,A6b
XRP,2025-04-23,down,slight_lean,A6b
XRP,2025-04-24,down,slight_lean,A6b
XRP,2025-04-25,down,slight_lean,A6b
XRP,2025-04-28,down,slight_lean,A6b
XRP,2025-04-29,up,slight_lean,A6b
XRP,2025-04-30,down,slight_lean,A6b
XRP,2025-05-01,down,slight_lean,A6b
XRP,2025-05-02,down,slight_lean,A6b
XRP,2025-05-05,down,slight_lean,A6b
XRP,2025-05-06,up,slight_lean,A6b
XRP,2025-05-07,up,slight_lean,A6b
XRP,2025-05-08,down,slight_lean,A6b
XRP,2025-05-09,down,slight_lean,A6b
XRP,2025-05-12,up,slight_lean,A6b
XRP,2025-05-13,down,slight_lean,A6b
XRP,2025-05-14,down,slight_lean,A6b
XRP,2025-05-15,down,slight_lean,A6b
XRP,2025-05-16,down,slight_lean,A6b
XRP,2025-05-19,down,slight_lean,A6b
XRP,2025-05-20,down,slight_lean,A6b
XRP,2025-05-21,up,slight_lean,A6b
XRP,2025-05-22,up,slight_lean,A6b
XRP,2025-05-23,down,slight_lean,A6b
XRP,2025-05-26,up,slight_lean,A6b
XRP,2025-05-27,up,slight_lean,A6b
XRP,2025-05-28,down,slight_lean,A6b
XRP,2025-05-29,up,slight_lean,A6b
XRP,2025-05-30,down,slight_lean,A6b
XRP,2025-06-02,up,slight_lean,A6b
XRP,2025-06-03,down,slight_lean,A6b
XRP,2025-06-04,down,slight_lean,A6b
XRP,2025-06-05,down,slight_lean,A6b
XRP,2025-06-06,up,slight_lean,A6b
XRP,2025-06-09,down,slight_lean,A6b
XRP,2025-06-10,down,slight_lean,A6b
XRP,2025-06-11,down,slight_lean,A6b
XRP,2025-06-12,up,slight_lean,A6b
XRP,2025-06-13,down,slight_lean,A6b
XRP,2025-06-16,up,slight_lean,A6b
XRP,2025-06-17,down,slight_lean,A6b
XRP,2025-06-18,up,slight_lean,A6b
XRP,2025-06-19,down,slight_lean,A6b
XRP,2025-06-20,down,slight_lean,A6b
XRP,2025-06-23,up,slight_lean,A6b
XRP,2025-06-24,down,slight_lean,A6b
XRP,2025-06-25,down,slight_lean,A6b
XRP,2025-06-26,down,slight_lean,A6b
XRP,2025-06-27,down,slight_lean,A6b
XRP,2025-06-30,down,slight_lean,A6b
XRP,2025-07-01,down,slight_lean,A6b
XRP,2025-07-02,up,slight_lean,A6b
XRP,2025-07-03,down,slight_lean,A6b
XRP,2025-07-04,down,slight_lean,A6b
XRP,2025-07-07,down,slight_lean,A6b
XRP,2025-07-08,up,slight_lean,A6b
XRP,2025-07-09,down,slight_lean,A6b
XRP,2025-07-10,down,slight_lean,A6b
XRP,2025-07-11,up,slight_lean,A6b
XRP,2025-07-14,up,slight_lean,A6b
XRP,2025-07-15,down,slight_lean,A6b
XRP,2025-07-16,down,slight_lean,A6b
XRP,2025-07-17,down,slight_lean,A6b
XRP,2025-07-18,down,slight_lean,A6b
XRP,2025-07-21,up,slight_lean,A6b
XRP,2025-07-22,down,slight_lean,A6b
XRP,2025-07-23,up,slight_lean,A6b
XRP,2025-07-24,down,slight_lean,A6b
XRP,2025-07-25,down,slight_lean,A6b
XRP,2025-07-28,down,slight_lean,A6b
XRP,2025-07-29,down,slight_lean,A6b
XRP,2025-07-30,up,slight_lean,A6b
XRP,2025-07-31,down,slight_lean,A6b
XRP,2025-08-01,up,slight_lean,A6b
XRP,2025-08-04,up,slight_lean,A6b
XRP,2025-08-05,down,slight_lean,A6b
XRP,2025-08-06,up,slight_lean,A6b
XRP,2025-08-07,down,slight_lean,A6b
XRP,2025-08-08,down,slight_lean,A6b
XRP,2025-08-11,down,slight_lean,A6b
XRP,2025-08-12,up,slight_lean,A6b
XRP,2025-08-13,down,slight_lean,A6b
XRP,2025-08-14,down,slight_lean,A6b
XRP,2025-08-15,up,slight_lean,A6b
XRP,2025-08-18,up,slight_lean,A6b
XRP,2025-08-19,down,slight_lean,A6b
XRP,2025-08-20,up,slight_lean,A6b
XRP,2025-08-21,up,slight_lean,A6b
XRP,2025-08-22,up,slight_lean,A6b
XRP,2025-08-25,down,slight_lean,A6b
XRP,2025-08-26,up,slight_lean,A6b
XRP,2025-08-27,down,slight_lean,A6b
XRP,2025-08-28,down,slight_lean,A6b
XRP,2025-08-29,down,slight_lean,A6b
XRP,2025-09-01,up,slight_lean,A6b
XRP,2025-09-02,up,slight_lean,A6b
XRP,2025-09-03,up,slight_lean,A6b
XRP,2025-09-04,down,slight_lean,A6b
XRP,2025-09-05,down,slight_lean,A6b
XRP,2025-09-08,down,slight_lean,A6b
XRP,2025-09-09,down,slight_lean,A6b
XRP,2025-09-10,down,slight_lean,A6b
XRP,2025-09-11,down,slight_lean,A6b
XRP,2025-09-12,down,slight_lean,A6b
XRP,2025-09-15,down,slight_lean,A6b
XRP,2025-09-16,down,slight_lean,A6b
XRP,2025-09-17,up,slight_lean,A6b
XRP,2025-09-18,up,slight_lean,A6b
XRP,2025-09-19,down,slight_lean,A6b
XRP,2025-09-22,down,slight_lean,A6b
XRP,2025-09-23,down,slight_lean,A6b
XRP,2025-09-24,up,slight_lean,A6b
XRP,2025-09-25,up,slight_lean,A6b
XRP,2025-09-26,up,slight_lean,A6b
XRP,2025-09-29,down,slight_lean,A6b
XRP,2025-09-30,down,slight_lean,A6b
XRP,2025-10-01,down,slight_lean,A6b
XRP,2025-10-02,down,slight_lean,A6b
XRP,2025-10-03,down,slight_lean,A6b
XRP,2025-10-06,up,slight_lean,A6b
XRP,2025-10-07,down,slight_lean,A6b
XRP,2025-10-08,up,slight_lean,A6b
XRP,2025-10-09,down,slight_lean,A6b
XRP,2025-10-10,up,slight_lean,A6b
XRP,2025-10-13,up,slight_lean,A6b
XRP,2025-10-14,down,slight_lean,A6b
XRP,2025-10-15,up,slight_lean,A6b
XRP,2025-10-16,down,slight_lean,A6b
XRP,2025-10-17,up,slight_lean,A6b
XRP,2025-10-20,down,slight_lean,A6b
XRP,2025-10-21,down,slight_lean,A6b
XRP,2025-10-22,up,slight_lean,A6b
XRP,2025-10-23,up,slight_lean,A6b
XRP,2025-10-24,down,slight_lean,A6b
XRP,2025-10-27,down,slight_lean,A6b
XRP,2025-10-28,down,slight_lean,A6b
XRP,2025-10-29,down,slight_lean,A6b
XRP,2025-10-30,down,slight_lean,A6b
XRP,2025-10-31,up,slight_lean,A6b
XRP,2025-11-03,down,slight_lean,A6b
XRP,2025-11-04,down,slight_lean,A6b
XRP,2025-11-05,up,slight_lean,A6b
XRP,2025-11-06,down,slight_lean,A6b
XRP,2025-11-07,up,slight_lean,A6b
XRP,2025-11-10,up,slight_lean,A6b
XRP,2025-11-11,down,slight_lean,A6b
XRP,2025-11-12,up,slight_lean,A6b
XRP,2025-11-13,up,slight_lean,A6b
XRP,2025-11-14,up,slight_lean,A6b
XRP,2025-11-17,down,slight_lean,A6b
XRP,2025-11-18,up,slight_lean,A6b
XRP,2025-11-19,up,slight_lean,A6b
XRP,2025-11-20,down,slight_lean,A6b
XRP,2025-11-21,up,slight_lean,A6b
XRP,2025-11-24,down,slight_lean,A6b
XRP,2025-11-25,down,slight_lean,A6b
XRP,2025-11-26,down,slight_lean,A6b
XRP,2025-11-27,down,slight_lean,A6b
XRP,2025-11-28,down,slight_lean,A6b
XRP,2025-12-01,down,slight_lean,A6b
XRP,2025-12-02,up,slight_lean,A6b
XRP,2025-12-03,down,slight_lean,A6b
XRP,2025-12-04,down,slight_lean,A6b
XRP,2025-12-05,up,slight_lean,A6b
XRP,2025-12-08,down,slight_lean,A6b
XRP,2025-12-09,up,slight_lean,A6b
XRP,2025-12-10,down,slight_lean,A6b
XRP,2025-12-11,down,slight_lean,A6b
XRP,2025-12-12,up,slight_lean,A6b
XRP,2025-12-15,up,slight_lean,A6b
XRP,2025-12-16,up,slight_lean,A6b
XRP,2025-12-17,down,slight_lean,A6b
XRP,2025-12-18,up,slight_lean,A6b
XRP,2025-12-19,down,slight_lean,A6b
XRP,2025-12-22,down,slight_lean,A6b
XRP,2025-12-23,down,slight_lean,A6b
XRP,2025-12-24,down,slight_lean,A6b
XRP,2025-12-25,down,slight_lean,A6b
XRP,2025-12-26,down,slight_lean,A6b
XRP,2025-12-29,up,slight_lean,A6b
XRP,2025-12-30,up,slight_lean,A6b
XRP,2025-12-31,up,slight_lean,A6b
XRP,2026-01-01,up,slight_lean,A6b
XRP,2026-01-02,up,slight_lean,A6b
XRP,2026-01-05,up,slight_lean,A6b
XRP,2026-01-06,down,slight_lean,A6b
XRP,2026-01-07,down,slight_lean,A6b
XRP,2026-01-08,down,slight_lean,A6b
XRP,2026-01-09,up,slight_lean,A6b
XRP,2026-01-12,down,slight_lean,A6b
XRP,2026-01-13,down,slight_lean,A6b
XRP,2026-01-14,up,slight_lean,A6b
XRP,2026-01-15,up,slight_lean,A6b
XRP,2026-01-16,down,slight_lean,A6b
XRP,2026-01-19,up,slight_lean,A6b
XRP,2026-01-20,up,slight_lean,A6b
XRP,2026-01-21,up,slight_lean,A6b
XRP,2026-01-22,down,slight_lean,A6b
XRP,2026-01-23,down,slight_lean,A6b
XRP,2026-01-26,down,slight_lean,A6b
XRP,2026-01-27,down,slight_lean,A6b
XRP,2026-01-28,down,slight_lean,A6b
XRP,2026-01-29,down,slight_lean,A6b
XRP,2026-01-30,up,slight_lean,A6b
XRP,2026-02-02,up,slight_lean,A6b
XRP,2026-02-03,down,slight_lean,A6b
XRP,2026-02-04,up,slight_lean,A6b
XRP,2026-02-05,up,slight_lean,A6b
XRP,2026-02-06,up,slight_lean,A6b
XRP,2026-02-09,down,slight_lean,A6b
XRP,2026-02-10,down,slight_lean,A6b
XRP,2026-02-11,up,slight_lean,A6b
XRP,2026-02-12,down,slight_lean,A6b
XRP,2026-02-13,up,slight_lean,A6b
XRP,2026-02-16,down,slight_lean,A6b
XRP,2026-02-17,down,slight_lean,A6b
XRP,2026-02-18,up,slight_lean,A6b
XRP,2026-02-19,down,slight_lean,A6b
XRP,2026-02-20,up,slight_lean,A6b
XRP,2026-02-23,down,slight_lean,A6b
XRP,2026-02-24,up,slight_lean,A6b
XRP,2026-02-25,down,slight_lean,A6b
XRP,2026-02-26,down,slight_lean,A6b
XRP,2026-02-27,up,slight_lean,A6b
XRP,2026-03-02,up,slight_lean,A6b
XRP,2026-03-03,down,slight_lean,A6b
XRP,2026-03-04,up,slight_lean,A6b
XRP,2026-03-05,down,slight_lean,A6b
XRP,2026-03-06,up,slight_lean,A6b
XRP,2026-03-09,up,slight_lean,A6b
XRP,2026-03-10,down,slight_lean,A6b
XRP,2026-03-11,up,slight_lean,A6b
XRP,2026-03-12,down,slight_lean,A6b
XRP,2026-03-13,up,slight_lean,A6b
XRP,2026-03-16,up,slight_lean,A6b
XRP,2026-03-17,down,slight_lean,A6b
XRP,2026-03-18,down,slight_lean,A6b
XRP,2026-03-19,up,slight_lean,A6b
XRP,2026-03-20,up,slight_lean,A6b
XRP,2026-03-23,up,slight_lean,A6b
XRP,2026-03-24,down,slight_lean,A6b
XRP,2026-03-25,up,slight_lean,A6b
XRP,2026-03-26,down,slight_lean,A6b
XRP,2026-03-27,up,slight_lean,A6b
XRP,2026-03-30,up,slight_lean,A6b
XRP,2026-03-31,up,slight_lean,A6b
XRP,2026-04-01,down,slight_lean,A6b
XRP,2026-04-02,down,slight_lean,A6b
XRP,2026-04-03,down,slight_lean,A6b
XRP,2026-04-06,down,slight_lean,A6b
XRP,2026-04-07,down,slight_lean,A6b
XRP,2026-04-08,down,slight_lean,A6b
XRP,2026-04-09,down,slight_lean,A6b
XRP,2026-04-10,down,slight_lean,A6b
XRP,2026-04-13,down,slight_lean,A6b
XRP,2026-04-14,down,slight_lean,A6b
XRP,2026-04-15,down,slight_lean,A6b
XRP,2026-04-16,down,slight_lean,A6b
XRP,2026-04-17,down,slight_lean,A6b
XRP,2026-04-20,down,slight_lean,A6b
XRP,2026-04-21,up,slight_lean,A6b
XRP,2026-04-22,up,slight_lean,A6b
XRP,2026-04-23,down,slight_lean,A6b
XRP,2026-04-24,up,slight_lean,A6b
XRP,2026-04-27,down,slight_lean,A6b
XRP,2026-04-28,down,slight_lean,A6b
XRP,2026-04-29,up,slight_lean,A6b
XRP,2026-04-30,down,slight_lean,A6b
XRP,2026-05-01,down,slight_lean,A6b
XRP,2026-05-04,down,slight_lean,A6b
XRP,2026-05-05,up,slight_lean,A6b
XRP,2026-05-06,down,slight_lean,A6b
XRP,2026-05-07,down,slight_lean,A6b
XRP,2026-05-08,up,slight_lean,A6b
XRP,2026-05-11,down,slight_lean,A6b
XRP,2026-05-12,down,slight_lean,A6b
XRP,2026-05-13,up,slight_lean,A6b
XRP,2026-05-14,down,slight_lean,A6b
XRP,2026-05-15,down,slight_lean,A6b
XRP,2026-05-18,up,slight_lean,A6b
XRP,2026-05-19,up,slight_lean,A6b
XRP,2026-05-20,up,slight_lean,A6b
XRP,2026-05-21,down,slight_lean,A6b
XRP,2026-05-22,down,slight_lean,A6b
XRP,2026-05-25,down,slight_lean,A6b
XRP,2026-05-26,down,slight_lean,A6b
XRP,2026-05-27,down,slight_lean,A6b
XRP,2026-05-28,up,slight_lean,A6b
XRP,2026-05-29,down,slight_lean,A6b
XRP,2026-06-01,down,slight_lean,A6b
XRP,2026-06-02,down,slight_lean,A6b
XRP,2026-06-03,down,slight_lean,A6b
XRP,2026-06-04,up,slight_lean,A6b
XRP,2026-06-05,up,slight_lean,A6b
XRP,2026-06-08,up,slight_lean,A6b
XRP,2026-06-09,down,slight_lean,A6b
XRP,2026-06-10,up,slight_lean,A6b
XRP,2026-06-11,up,slight_lean,A6b
XRP,2026-06-12,down,slight_lean,A6b
XRP,2026-06-15,down,slight_lean,A6b
XRP,2026-06-16,down,slight_lean,A6b
XRP,2026-06-17,up,slight_lean,A6b
XRP,2026-06-18,up,slight_lean,A6b
XRP,2026-06-19,down,slight_lean,A6b
XRP,2026-06-22,down,slight_lean,A6b
XRP,2026-06-23,up,slight_lean,A6b
XRP,2026-06-24,up,slight_lean,A6b
XRP,2026-06-25,up,slight_lean,A6b
XRP,2026-06-26,down,slight_lean,A6b
XRP,2026-06-29,up,slight_lean,A6b
XRP,2026-06-30,down,slight_lean,A6b
XRP,2026-07-01,down,slight_lean,A6b
XRP,2026-07-02,up,slight_lean,A6b
XRP,2026-07-03,up,slight_lean,A6b
XRP,2026-07-06,up,slight_lean,A6b
XRP,2026-07-07,down,slight_lean,A6b
XRP,2026-07-08,up,slight_lean,A6b
XRP,2026-07-09,down,slight_lean,A6b
XRP,2026-07-10,down,slight_lean,A6b
XRP,2026-07-13,down,slight_lean,A6b
XRP,2026-07-14,up,slight_lean,A6b
XRP,2026-07-15,down,slight_lean,A6b
XRP,2026-07-16,up,slight_lean,A6b
XRP,2026-07-17,up,slight_lean,A6b
XRP,2026-07-20,up,slight_lean,A6b
XRP,2026-07-21,down,slight_lean,A6b
XRP,2026-07-22,down,slight_lean,A6b
XRP,2026-07-23,up,slight_lean,A6b
