coin,date,sc,state_final,armed_t,failed_t,hit_t
BTC,2022-01-11,1,hit,1.6419114e+18,,1.6419123e+18
BTC,2022-01-11,2,failed,1.6419141e+18,1.6419159e+18,
BTC,2022-01-12,1,pending,,,
BTC,2022-01-12,2,armed,1.6419969e+18,,
BTC,2022-01-13,1,hit,1.6420878e+18,,1.6420887e+18
BTC,2022-01-13,2,hit,1.6420833e+18,,1.6420842e+18
BTC,2022-01-14,1,hit,1.6421697e+18,,1.6421724e+18
BTC,2022-01-14,2,pending,,,
BTC,2022-01-17,1,hit,1.6424352e+18,,1.6424361e+18
BTC,2022-01-17,2,failed,1.6424289e+18,1.6424361e+18,
BTC,2022-01-18,1,hit,1.6425153e+18,,1.6425162e+18
BTC,2022-01-18,2,pending,,,
BTC,2022-01-19,1,failed,1.6426035e+18,1.6426071e+18,
BTC,2022-01-19,2,failed,1.6426071e+18,1.6426125e+18,
BTC,2022-01-20,1,hit,1.6426881e+18,,1.6426899e+18
BTC,2022-01-20,2,pending,,,
BTC,2022-01-21,1,armed,1.6427745e+18,,
BTC,2022-01-21,2,pending,,,
BTC,2022-01-24,1,pending,,,
BTC,2022-01-25,1,failed,1.6431228e+18,1.6431255e+18,
BTC,2022-01-25,2,failed,1.6431219e+18,1.6431228e+18,
BTC,2022-01-26,1,hit,1.6432065e+18,,1.6432074e+18
BTC,2022-01-26,2,pending,,,
BTC,2022-01-27,1,armed,1.6433055e+18,,
BTC,2022-01-27,2,hit,1.6432929e+18,,1.6432938e+18
BTC,2022-01-28,1,pending,,,
BTC,2022-01-31,1,pending,,,
BTC,2022-01-31,2,hit,1.6436394e+18,,1.6436457e+18
BTC,2022-02-01,1,failed,1.6437285e+18,1.6437321e+18,
BTC,2022-02-01,2,hit,1.6437249e+18,,1.6437258e+18
BTC,2022-02-02,1,hit,1.6438113e+18,,1.6438131e+18
BTC,2022-02-02,2,pending,,,
BTC,2022-02-03,1,failed,1.6438986e+18,1.6439022e+18,
BTC,2022-02-03,2,hit,1.6439022e+18,,1.643904e+18
BTC,2022-02-04,1,hit,1.6439877e+18,,1.6439886e+18
BTC,2022-02-04,2,pending,,,
BTC,2022-02-07,1,pending,,,
BTC,2022-02-07,2,hit,1.6442433e+18,,1.6442442e+18
BTC,2022-02-08,1,failed,1.6443297e+18,1.6443333e+18,
BTC,2022-02-08,2,failed,1.6443333e+18,1.644336e+18,
BTC,2022-02-09,1,armed,1.6444161e+18,,
BTC,2022-02-09,2,pending,,,
BTC,2022-02-10,1,hit,1.6445025e+18,,1.6445034e+18
BTC,2022-02-10,2,failed,1.6445079e+18,1.6445088e+18,
BTC,2022-02-11,1,pending,,,
BTC,2022-02-11,2,failed,1.6445907e+18,1.6445943e+18,
BTC,2022-02-14,1,failed,1.6448481e+18,1.6448652e+18,
BTC,2022-02-14,2,failed,1.6448526e+18,1.6448562e+18,
BTC,2022-02-15,1,failed,1.6449345e+18,1.6449435e+18,
BTC,2022-02-16,1,hit,1.6450209e+18,,1.6450218e+18
BTC,2022-02-16,2,pending,,,
BTC,2022-02-17,1,pending,,,
BTC,2022-02-17,2,hit,1.6451073e+18,,1.6451082e+18
BTC,2022-02-18,1,pending,,,
BTC,2022-02-18,2,failed,1.6451955e+18,1.6451964e+18,
BTC,2022-02-21,1,hit,1.6454538e+18,,1.6454547e+18
BTC,2022-02-21,2,pending,,,
BTC,2022-02-22,1,hit,1.645542e+18,,1.6455429e+18
BTC,2022-02-22,2,pending,,,
BTC,2022-02-23,1,pending,,,
BTC,2022-02-23,2,hit,1.6456257e+18,,1.6456329e+18
BTC,2022-02-24,1,pending,,,
BTC,2022-02-25,1,armed,1.6458003e+18,,
BTC,2022-02-25,2,pending,,,
BTC,2022-02-28,1,pending,,,
BTC,2022-02-28,2,hit,1.6460586e+18,,1.6460595e+18
BTC,2022-03-01,1,hit,1.6461459e+18,,1.6461477e+18
BTC,2022-03-01,2,pending,,,
BTC,2022-03-02,1,hit,1.6462323e+18,,1.6462332e+18
BTC,2022-03-02,2,failed,1.6462305e+18,1.6462323e+18,
BTC,2022-03-03,1,hit,1.6463196e+18,,1.6463205e+18
BTC,2022-03-03,2,failed,1.6463169e+18,1.6463187e+18,
BTC,2022-03-04,1,pending,,,
BTC,2022-03-04,2,hit,1.6464033e+18,,1.6464069e+18
BTC,2022-03-07,1,failed,1.6466625e+18,1.6466661e+18,
BTC,2022-03-07,2,hit,1.6466769e+18,,1.6466778e+18
BTC,2022-03-08,1,pending,,,
BTC,2022-03-08,2,failed,1.6467489e+18,1.6467615e+18,
BTC,2022-03-09,1,armed,1.6468353e+18,,
BTC,2022-03-10,1,pending,,,
BTC,2022-03-10,2,failed,1.6469244e+18,1.646937e+18,
BTC,2022-03-11,1,pending,,,
BTC,2022-03-11,2,hit,1.6470081e+18,,1.6470153e+18
BTC,2022-03-14,1,failed,1.6472673e+18,1.6472781e+18,
BTC,2022-03-15,1,failed,1.6473501e+18,1.6473519e+18,
BTC,2022-03-15,2,pending,,,
BTC,2022-03-16,1,failed,1.6474365e+18,1.6474401e+18,
BTC,2022-03-17,1,pending,,,
BTC,2022-03-17,2,armed,1.6475229e+18,,
BTC,2022-03-18,1,pending,,,
BTC,2022-03-21,1,failed,1.647873e+18,1.6478766e+18,
BTC,2022-03-21,2,hit,1.6478685e+18,,1.6478694e+18
BTC,2022-03-22,1,pending,,,
BTC,2022-03-23,1,pending,,,
BTC,2022-03-23,2,failed,1.6480476e+18,1.6480584e+18,
BTC,2022-03-24,1,hit,1.6481313e+18,,1.648134e+18
BTC,2022-03-24,2,failed,1.6481277e+18,1.6481313e+18,
BTC,2022-03-25,1,hit,1.6482222e+18,,1.6482276e+18
BTC,2022-03-25,2,failed,1.6482141e+18,1.6482222e+18,
BTC,2022-03-28,1,failed,1.648476e+18,1.6484832e+18,
BTC,2022-03-28,2,pending,,,
BTC,2022-03-29,1,failed,1.6485705e+18,1.6485714e+18,
BTC,2022-03-29,2,pending,,,
BTC,2022-03-30,1,hit,1.6486461e+18,,1.6486542e+18
BTC,2022-03-30,2,hit,1.6486623e+18,,1.6486632e+18
BTC,2022-03-31,1,pending,,,
BTC,2022-03-31,2,hit,1.6487352e+18,,1.6487361e+18
BTC,2022-04-01,1,hit,1.6488189e+18,,1.6488207e+18
BTC,2022-04-01,2,pending,,,
BTC,2022-04-04,1,hit,1.6490853e+18,,1.6490943e+18
BTC,2022-04-04,2,pending,,,
BTC,2022-04-05,1,hit,1.6491645e+18,,1.6491681e+18
BTC,2022-04-05,2,pending,,,
BTC,2022-04-06,1,pending,,,
BTC,2022-04-06,2,hit,1.6492527e+18,,1.6492536e+18
BTC,2022-04-07,1,pending,,,
BTC,2022-04-07,2,hit,1.6493373e+18,,1.6493454e+18
BTC,2022-04-08,1,hit,1.6494237e+18,,1.6494246e+18
BTC,2022-04-08,2,failed,1.6494282e+18,1.6494381e+18,
BTC,2022-04-11,1,pending,,,
BTC,2022-04-11,2,hit,1.6496838e+18,,1.6496874e+18
BTC,2022-04-12,1,hit,1.6497693e+18,,1.6497702e+18
BTC,2022-04-13,1,hit,1.6498557e+18,,1.6498575e+18
BTC,2022-04-13,2,pending,,,
BTC,2022-04-14,1,hit,1.6499439e+18,,1.6499511e+18
BTC,2022-04-14,2,hit,1.6499421e+18,,1.649943e+18
BTC,2022-04-15,1,hit,1.6500348e+18,,1.6500366e+18
BTC,2022-04-15,2,pending,,,
BTC,2022-04-18,1,hit,1.6502877e+18,,1.6503021e+18
BTC,2022-04-18,2,pending,,,
BTC,2022-04-19,1,pending,,,
BTC,2022-04-19,2,hit,1.6503741e+18,,1.650375e+18
BTC,2022-04-20,1,hit,1.6504605e+18,,1.6504623e+18
BTC,2022-04-20,2,pending,,,
BTC,2022-04-21,1,hit,1.6505469e+18,,1.6505478e+18
BTC,2022-04-21,2,hit,1.6505568e+18,,1.6505631e+18
BTC,2022-04-22,1,pending,,,
BTC,2022-04-22,2,hit,1.6506333e+18,,1.6506342e+18
BTC,2022-04-25,1,failed,1.6508943e+18,1.6508952e+18,
BTC,2022-04-25,2,failed,1.6508952e+18,1.650897e+18,
BTC,2022-04-26,1,hit,1.6509789e+18,,1.6509807e+18
BTC,2022-04-26,2,pending,,,
BTC,2022-04-27,1,failed,1.6510671e+18,1.6510689e+18,
BTC,2022-04-27,2,failed,1.6510653e+18,1.6510671e+18,
BTC,2022-04-28,1,failed,1.6511589e+18,1.6511607e+18,
BTC,2022-04-28,2,hit,1.6511517e+18,,1.6511544e+18
BTC,2022-04-29,1,armed,1.6512507e+18,,
BTC,2022-04-29,2,hit,1.6512381e+18,,1.651239e+18
BTC,2022-05-02,1,failed,1.6514973e+18,1.6515126e+18,
BTC,2022-05-02,2,hit,1.6515126e+18,,1.6515135e+18
BTC,2022-05-03,1,hit,1.6515837e+18,,1.6515846e+18
BTC,2022-05-03,2,pending,,,
BTC,2022-05-04,1,failed,1.6516719e+18,1.6516818e+18,
BTC,2022-05-04,2,failed,1.6516818e+18,1.6516863e+18,
BTC,2022-05-05,1,hit,1.6517574e+18,,1.651761e+18
BTC,2022-05-05,2,pending,,,
BTC,2022-05-06,1,failed,1.6518447e+18,1.6518483e+18,
BTC,2022-05-09,1,pending,,,
BTC,2022-05-09,2,hit,1.6521021e+18,,1.6521084e+18
BTC,2022-05-10,1,failed,1.6521939e+18,1.6522047e+18,
BTC,2022-05-11,1,hit,1.6522749e+18,,1.6522758e+18
BTC,2022-05-11,2,pending,,,
BTC,2022-05-12,1,failed,1.6523622e+18,1.6523631e+18,
BTC,2022-05-12,2,pending,,,
BTC,2022-05-13,1,failed,1.6524522e+18,1.6524558e+18,
BTC,2022-05-13,2,hit,1.6524594e+18,,1.6524603e+18
BTC,2022-05-16,1,failed,1.6527159e+18,1.6527168e+18,
BTC,2022-05-16,2,pending,,,
BTC,2022-05-17,1,pending,,,
BTC,2022-05-17,2,armed,1.6527987e+18,,
BTC,2022-05-18,1,hit,1.6528797e+18,,1.6528806e+18
BTC,2022-05-18,2,pending,,,
BTC,2022-05-19,1,hit,1.6529661e+18,,1.6529751e+18
BTC,2022-05-19,2,pending,,,
BTC,2022-05-20,1,pending,,,
BTC,2022-05-20,2,hit,1.6530525e+18,,1.6530579e+18
BTC,2022-05-23,1,pending,,,
BTC,2022-05-23,2,failed,1.6533153e+18,1.6533189e+18,
BTC,2022-05-24,1,hit,1.653399e+18,,1.6534008e+18
BTC,2022-05-24,2,failed,1.6534089e+18,1.6534125e+18,
BTC,2022-05-25,1,hit,1.6534845e+18,,1.6534863e+18
BTC,2022-05-25,2,pending,,,
BTC,2022-05-26,1,hit,1.6535709e+18,,1.6535718e+18
BTC,2022-05-26,2,hit,1.6535745e+18,,1.6535781e+18
BTC,2022-05-27,1,armed,1.6536726e+18,,
BTC,2022-05-27,2,hit,1.6536573e+18,,1.65366e+18
BTC,2022-05-30,1,armed,1.6539327e+18,,
BTC,2022-05-31,1,hit,1.6540029e+18,,1.6540047e+18
BTC,2022-05-31,2,hit,1.6540128e+18,,1.6540155e+18
BTC,2022-06-01,1,failed,1.6540893e+18,1.6540929e+18,
BTC,2022-06-01,2,hit,1.6540938e+18,,1.6540947e+18
BTC,2022-06-02,1,failed,1.6541775e+18,1.6541784e+18,
BTC,2022-06-02,2,failed,1.6541757e+18,1.6541775e+18,
BTC,2022-06-03,1,hit,1.6542621e+18,,1.654263e+18
BTC,2022-06-06,1,hit,1.6545249e+18,,1.6545258e+18
BTC,2022-06-07,1,failed,1.6546077e+18,1.6546095e+18,
BTC,2022-06-07,2,armed,1.654614e+18,,
BTC,2022-06-08,1,pending,,,
BTC,2022-06-08,2,failed,1.6546968e+18,1.6546995e+18,
BTC,2022-06-09,1,pending,,,
BTC,2022-06-09,2,hit,1.6547805e+18,,1.6547814e+18
BTC,2022-06-10,1,pending,,,
BTC,2022-06-10,2,hit,1.6548669e+18,,1.6548678e+18
BTC,2022-06-13,1,hit,1.6551261e+18,,1.655127e+18
BTC,2022-06-14,1,hit,1.6552125e+18,,1.6552134e+18
BTC,2022-06-14,2,pending,,,
BTC,2022-06-15,1,failed,1.6553115e+18,1.655316e+18,
BTC,2022-06-15,2,failed,1.6552989e+18,1.6553115e+18,
BTC,2022-06-16,1,failed,1.6553889e+18,1.6553934e+18,
BTC,2022-06-17,1,pending,,,
BTC,2022-06-20,1,hit,1.6557309e+18,,1.6557327e+18
BTC,2022-06-20,2,failed,1.6557372e+18,1.655739e+18,
BTC,2022-06-21,1,pending,,,
BTC,2022-06-21,2,hit,1.6558173e+18,,1.6558182e+18
BTC,2022-06-22,1,failed,1.6559037e+18,1.6559064e+18,
BTC,2022-06-22,2,failed,1.6559064e+18,1.6559109e+18,
BTC,2022-06-23,1,pending,,,
BTC,2022-06-23,2,armed,1.655991e+18,,
BTC,2022-06-24,1,armed,1.6560837e+18,,
BTC,2022-06-24,2,hit,1.6560765e+18,,1.6560774e+18
BTC,2022-06-27,1,hit,1.6563357e+18,,1.6563375e+18
BTC,2022-06-27,2,pending,,,
BTC,2022-06-28,1,failed,1.656423e+18,1.6564266e+18,
BTC,2022-06-28,2,armed,1.6564302e+18,,
BTC,2022-06-29,1,pending,,,
BTC,2022-06-29,2,armed,1.6565103e+18,,
BTC,2022-06-30,1,hit,1.6565967e+18,,1.6565976e+18
BTC,2022-07-01,1,armed,1.6566813e+18,,
BTC,2022-07-01,2,pending,,,
BTC,2022-07-04,1,hit,1.6569405e+18,,1.6569423e+18
BTC,2022-07-04,2,failed,1.6569477e+18,1.6569522e+18,
BTC,2022-07-05,1,hit,1.6570269e+18,,1.6570278e+18
BTC,2022-07-06,1,failed,1.6571223e+18,1.6571259e+18,
BTC,2022-07-06,2,armed,1.6571133e+18,,
BTC,2022-07-07,1,failed,1.6571997e+18,1.6572033e+18,
BTC,2022-07-07,2,hit,1.6572033e+18,,1.6572042e+18
BTC,2022-07-08,1,failed,1.6572888e+18,1.6572906e+18,
BTC,2022-07-08,2,hit,1.6572915e+18,,1.6572924e+18
BTC,2022-07-11,1,pending,,,
BTC,2022-07-11,2,failed,1.6575453e+18,1.657548e+18,
BTC,2022-07-12,1,hit,1.6576317e+18,,1.6576326e+18
BTC,2022-07-12,2,pending,,,
BTC,2022-07-13,1,armed,1.6577343e+18,,
BTC,2022-07-13,2,hit,1.6577181e+18,,1.657719e+18
BTC,2022-07-14,1,failed,1.6578063e+18,1.6578108e+18,
BTC,2022-07-15,1,pending,,,
BTC,2022-07-15,2,hit,1.6578909e+18,,1.6578918e+18
BTC,2022-07-18,1,failed,1.6581537e+18,1.6581564e+18,
BTC,2022-07-18,2,failed,1.65816e+18,1.6581609e+18,
BTC,2022-07-19,1,hit,1.6582365e+18,,1.6582428e+18
BTC,2022-07-19,2,pending,,,
BTC,2022-07-20,1,armed,1.6583355e+18,,
BTC,2022-07-20,2,hit,1.6583229e+18,,1.6583247e+18
BTC,2022-07-21,1,hit,1.6584129e+18,,1.6584138e+18
BTC,2022-07-21,2,hit,1.6584201e+18,,1.658421e+18
BTC,2022-07-22,1,hit,1.6584966e+18,,1.6585038e+18
BTC,2022-07-22,2,failed,1.6584957e+18,1.6584984e+18,
BTC,2022-07-25,1,pending,,,
BTC,2022-07-25,2,armed,1.6587549e+18,,
BTC,2022-07-26,1,pending,,,
BTC,2022-07-26,2,failed,1.6588494e+18,1.6588557e+18,
BTC,2022-07-27,1,hit,1.6589277e+18,,1.6589295e+18
BTC,2022-07-27,2,pending,,,
BTC,2022-07-28,1,hit,1.6590141e+18,,1.6590159e+18
BTC,2022-07-28,2,hit,1.6590222e+18,,1.6590231e+18
BTC,2022-07-29,1,failed,1.6591005e+18,1.6591041e+18,
BTC,2022-07-29,2,failed,1.6591041e+18,1.6591113e+18,
BTC,2022-08-01,1,hit,1.6593597e+18,,1.6593606e+18
BTC,2022-08-01,2,failed,1.6593633e+18,1.6593732e+18,
BTC,2022-08-02,1,hit,1.6594506e+18,,1.6594578e+18
BTC,2022-08-02,2,failed,1.6594461e+18,1.6594506e+18,
BTC,2022-08-03,1,hit,1.6595478e+18,,1.6595487e+18
BTC,2022-08-03,2,failed,1.6595325e+18,1.6595478e+18,
BTC,2022-08-04,1,failed,1.6596279e+18,1.6596288e+18,
BTC,2022-08-04,2,failed,1.6596189e+18,1.6596324e+18,
BTC,2022-08-05,1,hit,1.6597053e+18,,1.6597062e+18
BTC,2022-08-05,2,pending,,,
BTC,2022-08-08,1,hit,1.6599699e+18,,1.6599717e+18
BTC,2022-08-09,1,pending,,,
BTC,2022-08-09,2,hit,1.6600536e+18,,1.6600545e+18
BTC,2022-08-10,1,hit,1.6601373e+18,,1.6601382e+18
BTC,2022-08-10,2,pending,,,
BTC,2022-08-11,1,pending,,,
BTC,2022-08-11,2,hit,1.6602237e+18,,1.6602273e+18
BTC,2022-08-12,1,hit,1.6603101e+18,,1.6603182e+18
BTC,2022-08-12,2,pending,,,
BTC,2022-08-15,1,pending,,,
BTC,2022-08-15,2,armed,1.660572e+18,,
BTC,2022-08-16,1,hit,1.6606557e+18,,1.6606611e+18
BTC,2022-08-16,2,pending,,,
BTC,2022-08-17,1,pending,,,
BTC,2022-08-17,2,hit,1.6607421e+18,,1.660743e+18
BTC,2022-08-18,1,pending,,,
BTC,2022-08-18,2,hit,1.6608312e+18,,1.6608402e+18
BTC,2022-08-19,1,pending,,,
BTC,2022-08-19,2,failed,1.6609149e+18,1.6609176e+18,
BTC,2022-08-22,1,pending,,,
BTC,2022-08-22,2,failed,1.661175e+18,1.6611759e+18,
BTC,2022-08-23,1,hit,1.6612632e+18,,1.6612641e+18
BTC,2022-08-23,2,failed,1.6612605e+18,1.6612632e+18,
BTC,2022-08-24,1,hit,1.6613541e+18,,1.6613568e+18
BTC,2022-08-24,2,pending,,,
BTC,2022-08-25,1,armed,1.6614333e+18,,
BTC,2022-08-25,2,pending,,,
BTC,2022-08-26,1,hit,1.6615269e+18,,1.6615314e+18
BTC,2022-08-26,2,hit,1.6615197e+18,,1.6615206e+18
BTC,2022-08-29,1,hit,1.6617807e+18,,1.6617825e+18
BTC,2022-08-29,2,pending,,,
BTC,2022-08-30,1,pending,,,
BTC,2022-08-30,2,hit,1.6618653e+18,,1.661868e+18
BTC,2022-08-31,1,pending,,,
BTC,2022-08-31,2,armed,1.6619562e+18,,
BTC,2022-09-01,1,pending,,,
BTC,2022-09-01,2,hit,1.6620381e+18,,1.6620444e+18
BTC,2022-09-02,1,armed,1.6621398e+18,,
BTC,2022-09-02,2,hit,1.6621245e+18,,1.6621254e+18
BTC,2022-09-05,1,pending,,,
BTC,2022-09-05,2,pending,,,
BTC,2022-09-06,1,pending,,,
BTC,2022-09-06,2,hit,1.6624701e+18,,1.6624728e+18
BTC,2022-09-07,1,armed,1.6625565e+18,,
BTC,2022-09-07,2,pending,,,
BTC,2022-09-08,1,hit,1.6626429e+18,,1.6626438e+18
BTC,2022-09-08,2,pending,,,
BTC,2022-09-09,1,pending,,,
BTC,2022-09-09,2,hit,1.6627374e+18,,1.662741e+18
BTC,2022-09-12,1,armed,1.6629957e+18,,
BTC,2022-09-12,2,pending,,,
BTC,2022-09-13,1,hit,1.6630749e+18,,1.6630758e+18
BTC,2022-09-13,2,pending,,,
BTC,2022-09-14,1,pending,,,
BTC,2022-09-14,2,hit,1.6631658e+18,,1.663173e+18
BTC,2022-09-15,1,hit,1.6632486e+18,,1.6632531e+18
BTC,2022-09-15,2,pending,,,
BTC,2022-09-16,1,pending,,,
BTC,2022-09-16,2,hit,1.6633359e+18,,1.6633368e+18
BTC,2022-09-19,1,hit,1.6635933e+18,,1.6635969e+18
BTC,2022-09-20,1,hit,1.6636797e+18,,1.6636806e+18
BTC,2022-09-20,2,pending,,,
BTC,2022-09-21,1,hit,1.6637661e+18,,1.663767e+18
BTC,2022-09-21,2,pending,,,
BTC,2022-09-22,1,pending,,,
BTC,2022-09-22,2,armed,1.6638525e+18,,
BTC,2022-09-23,1,failed,1.6639389e+18,1.6639416e+18,
BTC,2022-09-23,2,armed,1.6639416e+18,,
BTC,2022-09-26,1,hit,1.6641981e+18,,1.6642008e+18
BTC,2022-09-26,2,pending,,,
BTC,2022-09-27,1,pending,,,
BTC,2022-09-27,2,hit,1.6642845e+18,,1.6642953e+18
BTC,2022-09-28,1,pending,,,
BTC,2022-09-28,2,hit,1.6643709e+18,,1.6643718e+18
BTC,2022-09-29,1,hit,1.6644573e+18,,1.6644591e+18
BTC,2022-09-29,2,failed,1.6644699e+18,1.6644744e+18,
BTC,2022-09-30,1,hit,1.6645482e+18,,1.6645491e+18
BTC,2022-09-30,2,hit,1.6645437e+18,,1.6645446e+18
BTC,2022-10-03,1,hit,1.6648074e+18,,1.6648083e+18
BTC,2022-10-03,2,failed,1.6648047e+18,1.6648074e+18,
BTC,2022-10-04,1,pending,,,
BTC,2022-10-04,2,failed,1.6648929e+18,1.6648974e+18,
BTC,2022-10-05,1,hit,1.6649757e+18,,1.6649766e+18
BTC,2022-10-05,2,pending,,,
BTC,2022-10-06,1,pending,,,
BTC,2022-10-06,2,hit,1.6650621e+18,,1.665063e+18
BTC,2022-10-07,1,pending,,,
BTC,2022-10-07,2,hit,1.6651485e+18,,1.6651494e+18
BTC,2022-10-10,1,pending,,,
BTC,2022-10-10,2,hit,1.6654104e+18,,1.6654131e+18
BTC,2022-10-11,1,pending,,,
BTC,2022-10-11,2,hit,1.6654941e+18,,1.6654968e+18
BTC,2022-10-12,1,pending,,,
BTC,2022-10-12,2,armed,1.6655805e+18,,
BTC,2022-10-13,1,hit,1.665675e+18,,1.6656795e+18
BTC,2022-10-13,2,hit,1.6656669e+18,,1.6656678e+18
BTC,2022-10-14,1,hit,1.6657569e+18,,1.6657623e+18
BTC,2022-10-14,2,failed,1.6657533e+18,1.6657569e+18,
BTC,2022-10-17,1,hit,1.6660125e+18,,1.6660134e+18
BTC,2022-10-17,2,pending,,,
BTC,2022-10-18,1,hit,1.6661016e+18,,1.6661043e+18
BTC,2022-10-18,2,failed,1.6660998e+18,1.6661034e+18,
BTC,2022-10-19,1,hit,1.6661853e+18,,1.666188e+18
BTC,2022-10-19,2,pending,,,
BTC,2022-10-20,1,failed,1.6662762e+18,1.6662825e+18,
BTC,2022-10-20,2,failed,1.6662717e+18,1.6662762e+18,
BTC,2022-10-21,1,hit,1.6663608e+18,,1.666368e+18
BTC,2022-10-24,1,hit,1.6666173e+18,,1.6666218e+18
BTC,2022-10-24,2,pending,,,
BTC,2022-10-25,1,pending,,,
BTC,2022-10-25,2,hit,1.6667037e+18,,1.6667046e+18
BTC,2022-10-26,1,failed,1.6667901e+18,1.6667937e+18,
BTC,2022-10-26,2,hit,1.6667946e+18,,1.6667955e+18
BTC,2022-10-27,1,pending,,,
BTC,2022-10-27,2,failed,1.6668792e+18,1.6668801e+18,
BTC,2022-10-28,1,pending,,,
BTC,2022-10-31,1,hit,1.667223e+18,,1.6672248e+18
BTC,2022-10-31,2,pending,,,
BTC,2022-11-01,1,pending,,,
BTC,2022-11-01,2,hit,1.6673103e+18,,1.6673112e+18
BTC,2022-11-02,1,armed,1.6674084e+18,,
BTC,2022-11-02,2,failed,1.6673949e+18,1.6674084e+18,
BTC,2022-11-03,1,armed,1.6674822e+18,,
BTC,2022-11-03,2,pending,,,
BTC,2022-11-04,1,hit,1.6675677e+18,,1.6675686e+18
BTC,2022-11-04,2,pending,,,
BTC,2022-11-07,1,pending,,,
BTC,2022-11-07,2,pending,,,
BTC,2022-11-08,1,hit,1.6679169e+18,,1.6679214e+18
BTC,2022-11-09,1,failed,1.6680033e+18,1.6680051e+18,
BTC,2022-11-10,1,hit,1.6680897e+18,,1.6680906e+18
BTC,2022-11-11,1,hit,1.6681761e+18,,1.668177e+18
BTC,2022-11-11,2,pending,,,
BTC,2022-11-14,1,armed,1.6684353e+18,,
BTC,2022-11-14,2,pending,,,
BTC,2022-11-15,1,failed,1.6685271e+18,1.668537e+18,
BTC,2022-11-15,2,armed,1.6685379e+18,,
BTC,2022-11-16,1,hit,1.6686081e+18,,1.6686099e+18
BTC,2022-11-16,2,pending,,,
BTC,2022-11-17,1,hit,1.668699e+18,,1.6687053e+18
BTC,2022-11-17,2,pending,,,
BTC,2022-11-18,1,pending,,,
BTC,2022-11-18,2,hit,1.6687827e+18,,1.6687845e+18
BTC,2022-11-21,1,armed,1.6690473e+18,,
BTC,2022-11-21,2,failed,1.669041e+18,1.6690473e+18,
BTC,2022-11-22,1,hit,1.6691265e+18,,1.669131e+18
BTC,2022-11-22,2,pending,,,
BTC,2022-11-23,1,armed,1.6692129e+18,,
BTC,2022-11-23,2,pending,,,
BTC,2022-11-24,1,pending,,,
BTC,2022-11-24,2,armed,1.6693065e+18,,
BTC,2022-11-25,1,armed,1.6693857e+18,,
BTC,2022-11-25,2,pending,,,
BTC,2022-11-28,1,failed,1.6696467e+18,1.6696521e+18,
BTC,2022-11-28,2,pending,,,
BTC,2022-11-29,1,pending,,,
BTC,2022-11-29,2,pending,,,
BTC,2022-11-30,1,armed,1.6698177e+18,,
BTC,2022-11-30,2,pending,,,
BTC,2022-12-01,1,hit,1.6699041e+18,,1.669905e+18
BTC,2022-12-01,2,pending,,,
BTC,2022-12-02,1,hit,1.6699905e+18,,1.6699914e+18
BTC,2022-12-02,2,pending,,,
BTC,2022-12-05,1,pending,,,
BTC,2022-12-05,2,hit,1.6702506e+18,,1.6702533e+18
BTC,2022-12-06,1,failed,1.6703361e+18,1.6703505e+18,
BTC,2022-12-06,2,armed,1.6703487e+18,,
BTC,2022-12-07,1,armed,1.6704225e+18,,
BTC,2022-12-07,2,pending,,,
BTC,2022-12-08,1,hit,1.6705089e+18,,1.6705116e+18
BTC,2022-12-08,2,pending,,,
BTC,2022-12-09,1,hit,1.6705953e+18,,1.6705962e+18
BTC,2022-12-09,2,pending,,,
BTC,2022-12-12,1,armed,1.6708554e+18,,
BTC,2022-12-12,2,pending,,,
BTC,2022-12-13,1,pending,,,
BTC,2022-12-13,2,hit,1.6709409e+18,,1.6709418e+18
BTC,2022-12-14,1,pending,,,
BTC,2022-12-14,2,hit,1.6710273e+18,,1.6710291e+18
BTC,2022-12-15,1,pending,,,
BTC,2022-12-15,2,hit,1.6711137e+18,,1.6711146e+18
BTC,2022-12-16,1,pending,,,
BTC,2022-12-16,2,hit,1.6712001e+18,,1.6712082e+18
BTC,2022-12-19,1,pending,,,
BTC,2022-12-19,2,hit,1.6714593e+18,,1.6714656e+18
BTC,2022-12-20,1,failed,1.6715484e+18,1.6715538e+18,
BTC,2022-12-20,2,hit,1.6715457e+18,,1.6715466e+18
BTC,2022-12-21,1,pending,,,
BTC,2022-12-21,2,failed,1.6716348e+18,1.6716384e+18,
BTC,2022-12-22,1,hit,1.6717185e+18,,1.6717203e+18
BTC,2022-12-22,2,pending,,,
BTC,2022-12-23,1,pending,,,
BTC,2022-12-23,2,hit,1.6718049e+18,,1.6718058e+18
BTC,2022-12-26,1,hit,1.6720641e+18,,1.6720659e+18
BTC,2022-12-26,2,pending,,,
BTC,2022-12-27,1,hit,1.6721523e+18,,1.6721532e+18
BTC,2022-12-27,2,pending,,,
BTC,2022-12-28,1,hit,1.6722387e+18,,1.6722396e+18
BTC,2022-12-28,2,armed,1.6722432e+18,,
BTC,2022-12-29,1,armed,1.6723251e+18,,
BTC,2022-12-29,2,pending,,,
BTC,2022-12-30,1,hit,1.6724097e+18,,1.6724124e+18
BTC,2022-12-30,2,armed,1.6724142e+18,,
BTC,2023-01-02,1,pending,,,
BTC,2023-01-02,2,armed,1.6726698e+18,,
BTC,2023-01-03,1,pending,,,
BTC,2023-01-03,2,hit,1.672758e+18,,1.6727589e+18
BTC,2023-01-04,1,armed,1.6728543e+18,,
BTC,2023-01-04,2,failed,1.6728453e+18,1.672848e+18,
BTC,2023-01-05,1,failed,1.6729299e+18,1.6729317e+18,
BTC,2023-01-05,2,armed,1.6729317e+18,,
BTC,2023-01-06,1,hit,1.6730145e+18,,1.6730208e+18
BTC,2023-01-06,2,pending,,,
BTC,2023-01-09,1,pending,,,
BTC,2023-01-09,2,armed,1.6732791e+18,,
BTC,2023-01-10,1,pending,,,
BTC,2023-01-10,2,hit,1.6733601e+18,,1.6733763e+18
BTC,2023-01-11,1,hit,1.6734465e+18,,1.6734519e+18
BTC,2023-01-11,2,armed,1.6734609e+18,,
BTC,2023-01-12,1,hit,1.6735455e+18,,1.6735464e+18
BTC,2023-01-13,1,pending,,,
BTC,2023-01-13,2,hit,1.6736193e+18,,1.6736229e+18
BTC,2023-01-16,1,pending,,,
BTC,2023-01-16,2,failed,1.6738785e+18,1.6738821e+18,
BTC,2023-01-17,1,failed,1.6739667e+18,1.6739676e+18,
BTC,2023-01-17,2,failed,1.6739649e+18,1.6739667e+18,
BTC,2023-01-18,1,hit,1.6740576e+18,,1.6740585e+18
BTC,2023-01-18,2,hit,1.6740513e+18,,1.6740522e+18
BTC,2023-01-19,1,armed,1.6741422e+18,,
BTC,2023-01-19,2,pending,,,
BTC,2023-01-20,1,hit,1.6742259e+18,,1.6742322e+18
BTC,2023-01-20,2,pending,,,
BTC,2023-01-23,1,hit,1.6744833e+18,,1.674486e+18
BTC,2023-01-23,2,hit,1.6744968e+18,,1.6744977e+18
BTC,2023-01-24,1,armed,1.6745706e+18,,
BTC,2023-01-24,2,armed,1.6745859e+18,,
BTC,2023-01-25,1,armed,1.6746732e+18,,
BTC,2023-01-25,2,hit,1.6746561e+18,,1.6746588e+18
BTC,2023-01-26,1,pending,,,
BTC,2023-01-26,2,hit,1.6747443e+18,,1.6747452e+18
BTC,2023-01-27,1,failed,1.6748298e+18,1.6748325e+18,
BTC,2023-01-27,2,hit,1.6748325e+18,,1.6748343e+18
BTC,2023-01-30,1,pending,,,
BTC,2023-01-30,2,armed,1.6750881e+18,,
BTC,2023-01-31,1,hit,1.6751745e+18,,1.6751754e+18
BTC,2023-01-31,2,pending,,,
BTC,2023-02-01,1,pending,,,
BTC,2023-02-01,2,failed,1.6752627e+18,1.6752672e+18,
BTC,2023-02-02,1,hit,1.6753491e+18,,1.67535e+18
BTC,2023-02-02,2,failed,1.6753482e+18,1.67535e+18,
BTC,2023-02-03,1,hit,1.6754337e+18,,1.6754346e+18
BTC,2023-02-03,2,failed,1.6754382e+18,1.6754481e+18,
BTC,2023-02-06,1,hit,1.6756992e+18,,1.6757001e+18
BTC,2023-02-06,2,pending,,,
BTC,2023-02-07,1,failed,1.6757928e+18,1.6757946e+18,
BTC,2023-02-07,2,failed,1.6757793e+18,1.6757928e+18,
BTC,2023-02-08,1,hit,1.6758657e+18,,1.6758666e+18
BTC,2023-02-08,2,pending,,,
BTC,2023-02-09,1,pending,,,
BTC,2023-02-09,2,hit,1.6759539e+18,,1.6759566e+18
BTC,2023-02-10,1,failed,1.6760385e+18,1.6760448e+18,
BTC,2023-02-10,2,hit,1.6760448e+18,,1.6760466e+18
BTC,2023-02-13,1,pending,,,
BTC,2023-02-13,2,armed,1.6762977e+18,,
BTC,2023-02-14,1,hit,1.6763841e+18,,1.676385e+18
BTC,2023-02-14,2,hit,1.6763868e+18,,1.6763877e+18
BTC,2023-02-15,1,hit,1.6764768e+18,,1.6764867e+18
BTC,2023-02-16,1,failed,1.6765587e+18,1.6765605e+18,
BTC,2023-02-16,2,hit,1.6765623e+18,,1.6765632e+18
BTC,2023-02-17,1,hit,1.6766451e+18,,1.6766487e+18
BTC,2023-02-17,2,pending,,,
BTC,2023-02-20,1,failed,1.6769079e+18,1.6769097e+18,
BTC,2023-02-20,2,armed,1.6769106e+18,,
BTC,2023-02-21,1,pending,,,
BTC,2023-02-21,2,hit,1.6769925e+18,,1.6769961e+18
BTC,2023-02-22,1,pending,,,
BTC,2023-02-22,2,hit,1.6770753e+18,,1.6770789e+18
BTC,2023-02-23,1,armed,1.6771707e+18,,
BTC,2023-02-23,2,pending,,,
BTC,2023-02-24,1,hit,1.6772481e+18,,1.6772526e+18
BTC,2023-02-24,2,pending,,,
BTC,2023-02-27,1,hit,1.6775073e+18,,1.6775082e+18
BTC,2023-02-27,2,hit,1.6775145e+18,,1.6775154e+18
BTC,2023-02-28,1,pending,,,
BTC,2023-02-28,2,hit,1.6775955e+18,,1.6775991e+18
BTC,2023-03-01,1,pending,,,
BTC,2023-03-01,2,armed,1.6776801e+18,,
BTC,2023-03-02,1,armed,1.6777836e+18,,
BTC,2023-03-02,2,failed,1.6777665e+18,1.6777836e+18,
BTC,2023-03-03,1,pending,,,
BTC,2023-03-03,2,failed,1.6778529e+18,1.67787e+18,
BTC,2023-03-06,1,pending,,,
BTC,2023-03-06,2,hit,1.6781121e+18,,1.678113e+18
BTC,2023-03-07,1,hit,1.6782003e+18,,1.6782021e+18
BTC,2023-03-07,2,pending,,,
BTC,2023-03-08,1,pending,,,
BTC,2023-03-08,2,failed,1.6782849e+18,1.6782885e+18,
BTC,2023-03-09,1,hit,1.6783803e+18,,1.6783812e+18
BTC,2023-03-09,2,failed,1.6783713e+18,1.6783794e+18,
BTC,2023-03-10,1,failed,1.6784658e+18,1.6784685e+18,
BTC,2023-03-10,2,failed,1.6784595e+18,1.678464e+18,
BTC,2023-03-13,1,hit,1.6787133e+18,,1.6787169e+18
BTC,2023-03-13,2,pending,,,
BTC,2023-03-14,1,pending,,,
BTC,2023-03-14,2,hit,1.6787997e+18,,1.6788006e+18
BTC,2023-03-15,1,hit,1.6788915e+18,,1.6788969e+18
BTC,2023-03-15,2,failed,1.6788861e+18,1.6788915e+18,
BTC,2023-03-16,1,armed,1.6789725e+18,,
BTC,2023-03-16,2,pending,,,
BTC,2023-03-17,1,pending,,,
BTC,2023-03-20,1,pending,,,
BTC,2023-03-20,2,hit,1.6793199e+18,,1.6793307e+18
BTC,2023-03-21,1,failed,1.6794063e+18,1.6794171e+18,
BTC,2023-03-21,2,failed,1.6794171e+18,1.6794216e+18,
BTC,2023-03-22,1,pending,,,
BTC,2023-03-22,2,hit,1.6794918e+18,,1.6794963e+18
BTC,2023-03-23,1,hit,1.6795836e+18,,1.6795845e+18
BTC,2023-03-23,2,failed,1.6795773e+18,1.6795836e+18,
BTC,2023-03-24,1,hit,1.6796691e+18,,1.6796709e+18
BTC,2023-03-24,2,pending,,,
BTC,2023-03-27,1,hit,1.6799265e+18,,1.6799274e+18
BTC,2023-03-27,2,pending,,,
BTC,2023-03-28,1,pending,,,
BTC,2023-03-28,2,armed,1.6800093e+18,,
BTC,2023-03-29,1,pending,,,
BTC,2023-03-29,2,armed,1.6801092e+18,,
BTC,2023-03-30,1,hit,1.6801857e+18,,1.6801974e+18
BTC,2023-03-30,2,pending,,,
BTC,2023-03-31,1,pending,,,
BTC,2023-03-31,2,hit,1.6802685e+18,,1.6802694e+18
BTC,2023-04-03,1,hit,1.6805277e+18,,1.6805331e+18
BTC,2023-04-03,2,pending,,,
BTC,2023-04-04,1,pending,,,
BTC,2023-04-04,2,armed,1.6806159e+18,,
BTC,2023-04-05,1,pending,,,
BTC,2023-04-05,2,hit,1.6807014e+18,,1.6807023e+18
BTC,2023-04-06,1,armed,1.6807941e+18,,
BTC,2023-04-06,2,pending,,,
BTC,2023-04-07,1,pending,,,
BTC,2023-04-07,2,pending,,,
BTC,2023-04-10,1,failed,1.6811343e+18,1.6811397e+18,
BTC,2023-04-10,2,hit,1.6811397e+18,,1.6811451e+18
BTC,2023-04-11,1,pending,,,
BTC,2023-04-11,2,pending,,,
BTC,2023-04-12,1,failed,1.6813053e+18,1.681308e+18,
BTC,2023-04-12,2,armed,1.6813125e+18,,
BTC,2023-04-13,1,hit,1.6813926e+18,,1.6813971e+18
BTC,2023-04-13,2,pending,,,
BTC,2023-04-14,1,hit,1.6814781e+18,,1.6814853e+18
BTC,2023-04-14,2,pending,,,
BTC,2023-04-17,1,hit,1.6817373e+18,,1.6817382e+18
BTC,2023-04-18,1,armed,1.6818237e+18,,
BTC,2023-04-18,2,pending,,,
BTC,2023-04-19,1,failed,1.6819101e+18,1.6819137e+18,
BTC,2023-04-20,1,failed,1.6819965e+18,1.6820037e+18,
BTC,2023-04-21,1,failed,1.6820847e+18,1.6820856e+18,
BTC,2023-04-21,2,hit,1.6820946e+18,,1.6820982e+18
BTC,2023-04-24,1,failed,1.6823421e+18,1.6823439e+18,
BTC,2023-04-24,2,failed,1.6823439e+18,1.6823475e+18,
BTC,2023-04-25,1,hit,1.6824447e+18,,1.6824456e+18
BTC,2023-04-25,2,pending,,,
BTC,2023-04-26,1,hit,1.6825149e+18,,1.6825158e+18
BTC,2023-04-26,2,pending,,,
BTC,2023-04-27,1,armed,1.6826049e+18,,
BTC,2023-04-28,1,failed,1.6826895e+18,1.6826922e+18,
BTC,2023-04-28,2,failed,1.6826877e+18,1.6826895e+18,
BTC,2023-05-01,1,hit,1.6829496e+18,,1.682955e+18
BTC,2023-05-02,1,hit,1.6830378e+18,,1.6830387e+18
BTC,2023-05-02,2,hit,1.6830333e+18,,1.6830351e+18
BTC,2023-05-03,1,armed,1.6831359e+18,,
BTC,2023-05-03,2,hit,1.6831197e+18,,1.6831206e+18
BTC,2023-05-04,1,pending,,,
BTC,2023-05-04,2,hit,1.683207e+18,,1.6832079e+18
BTC,2023-05-05,1,hit,1.6832979e+18,,1.6833033e+18
BTC,2023-05-05,2,pending,,,
BTC,2023-05-08,1,armed,1.6835688e+18,,
BTC,2023-05-08,2,pending,,,
BTC,2023-05-09,1,hit,1.6836408e+18,,1.6836426e+18
BTC,2023-05-09,2,failed,1.6836381e+18,1.6836408e+18,
BTC,2023-05-10,1,hit,1.6837245e+18,,1.6837254e+18
BTC,2023-05-10,2,hit,1.6837398e+18,,1.6837407e+18
BTC,2023-05-11,1,hit,1.6838136e+18,,1.6838262e+18
BTC,2023-05-11,2,pending,,,
BTC,2023-05-12,1,pending,,,
BTC,2023-05-12,2,pending,,,
BTC,2023-05-15,1,failed,1.6841709e+18,1.6841727e+18,
BTC,2023-05-15,2,pending,,,
BTC,2023-05-16,1,failed,1.6842456e+18,1.68426e+18,
BTC,2023-05-16,2,pending,,,
BTC,2023-05-17,1,pending,,,
BTC,2023-05-17,2,hit,1.6843347e+18,,1.6843419e+18
BTC,2023-05-18,1,hit,1.6844238e+18,,1.6844319e+18
BTC,2023-05-18,2,pending,,,
BTC,2023-05-19,1,failed,1.6845057e+18,1.6845111e+18,
BTC,2023-05-19,2,pending,,,
BTC,2023-05-22,1,failed,1.6847631e+18,1.6847757e+18,
BTC,2023-05-22,2,pending,,,
BTC,2023-05-23,1,failed,1.6848495e+18,1.6848531e+18,
BTC,2023-05-23,2,pending,,,
BTC,2023-05-24,1,pending,,,
BTC,2023-05-24,2,hit,1.6849368e+18,,1.6849377e+18
BTC,2023-05-25,1,failed,1.6850205e+18,1.6850295e+18,
BTC,2023-05-25,2,failed,1.6850295e+18,1.6850367e+18,
BTC,2023-05-26,1,pending,,,
BTC,2023-05-26,2,hit,1.6851069e+18,,1.6851087e+18
BTC,2023-05-29,1,armed,1.6853742e+18,,
BTC,2023-05-29,2,pending,,,
BTC,2023-05-30,1,hit,1.6854525e+18,,1.6854579e+18
BTC,2023-05-30,2,pending,,,
BTC,2023-05-31,1,hit,1.6855434e+18,,1.6855461e+18
BTC,2023-06-01,1,armed,1.6856388e+18,,
BTC,2023-06-01,2,failed,1.6856379e+18,1.6856388e+18,
BTC,2023-06-02,1,pending,,,
BTC,2023-06-02,2,pending,,,
BTC,2023-06-05,1,hit,1.6859709e+18,,1.685979e+18
BTC,2023-06-05,2,pending,,,
BTC,2023-06-06,1,failed,1.6860573e+18,1.68606e+18,
BTC,2023-06-06,2,hit,1.68606e+18,,1.6860609e+18
BTC,2023-06-07,1,pending,,,
BTC,2023-06-08,1,hit,1.6862355e+18,,1.6862364e+18
BTC,2023-06-08,2,pending,,,
BTC,2023-06-09,1,hit,1.6863264e+18,,1.6863282e+18
BTC,2023-06-09,2,failed,1.6863165e+18,1.6863219e+18,
BTC,2023-06-12,1,armed,1.6865757e+18,,
BTC,2023-06-12,2,pending,,,
BTC,2023-06-13,1,hit,1.6866621e+18,,1.6866702e+18
BTC,2023-06-13,2,pending,,,
BTC,2023-06-14,1,pending,,,
BTC,2023-06-14,2,armed,1.6867521e+18,,
BTC,2023-06-15,1,failed,1.6868349e+18,1.6868367e+18,
BTC,2023-06-15,2,armed,1.686852e+18,,
BTC,2023-06-16,1,pending,,,
BTC,2023-06-16,2,hit,1.6869213e+18,,1.6869222e+18
BTC,2023-06-19,1,hit,1.6871805e+18,,1.6871814e+18
BTC,2023-06-19,2,pending,,,
BTC,2023-06-20,1,hit,1.6872768e+18,,1.6872777e+18
BTC,2023-06-20,2,hit,1.6872696e+18,,1.6872714e+18
BTC,2023-06-21,1,hit,1.6873542e+18,,1.687356e+18
BTC,2023-06-22,1,hit,1.6874397e+18,,1.6874406e+18
BTC,2023-06-22,2,failed,1.6874451e+18,1.6874514e+18,
BTC,2023-06-23,1,pending,,,
BTC,2023-06-23,2,hit,1.6875324e+18,,1.6875333e+18
BTC,2023-06-26,1,hit,1.6877871e+18,,1.687788e+18
BTC,2023-06-26,2,hit,1.6877979e+18,,1.6877988e+18
BTC,2023-06-27,1,hit,1.6878753e+18,,1.6878762e+18
BTC,2023-06-27,2,failed,1.6878717e+18,1.6878762e+18,
BTC,2023-06-28,1,hit,1.6879581e+18,,1.687959e+18
BTC,2023-06-28,2,pending,,,
BTC,2023-06-29,1,failed,1.6880445e+18,1.6880472e+18,
BTC,2023-06-30,1,failed,1.6881318e+18,1.6881327e+18,
BTC,2023-06-30,2,hit,1.6881327e+18,,1.6881336e+18
BTC,2023-07-03,1,pending,,,
BTC,2023-07-03,2,hit,1.6883955e+18,,1.6883973e+18
BTC,2023-07-04,1,armed,1.6884792e+18,,
BTC,2023-07-04,2,pending,,,
BTC,2023-07-05,1,failed,1.6885629e+18,1.6885746e+18,
BTC,2023-07-05,2,armed,1.6885773e+18,,
BTC,2023-07-06,1,pending,,,
BTC,2023-07-06,2,hit,1.6886493e+18,,1.6886511e+18
BTC,2023-07-07,1,armed,1.6887384e+18,,
BTC,2023-07-07,2,pending,,,
BTC,2023-07-10,1,hit,1.6889967e+18,,1.6889985e+18
BTC,2023-07-10,2,pending,,,
BTC,2023-07-11,1,pending,,,
BTC,2023-07-11,2,hit,1.6890813e+18,,1.6890858e+18
BTC,2023-07-12,1,hit,1.6891686e+18,,1.6891695e+18
BTC,2023-07-12,2,failed,1.6891677e+18,1.6891686e+18,
BTC,2023-07-13,1,pending,,,
BTC,2023-07-13,2,failed,1.6892559e+18,1.6892577e+18,
BTC,2023-07-14,1,hit,1.6893558e+18,,1.6893576e+18
BTC,2023-07-14,2,failed,1.6893432e+18,1.6893549e+18,
BTC,2023-07-17,1,hit,1.6896006e+18,,1.6896024e+18
BTC,2023-07-17,2,armed,1.6896141e+18,,
BTC,2023-07-18,1,failed,1.689687e+18,1.6896897e+18,
BTC,2023-07-18,2,pending,,,
BTC,2023-07-19,1,hit,1.6897725e+18,,1.6897779e+18
BTC,2023-07-19,2,pending,,,
BTC,2023-07-20,1,pending,,,
BTC,2023-07-20,2,hit,1.6898589e+18,,1.6898634e+18
BTC,2023-07-21,1,armed,1.6899453e+18,,
BTC,2023-07-21,2,pending,,,
BTC,2023-07-24,1,armed,1.6902045e+18,,
BTC,2023-07-25,1,pending,,,
BTC,2023-07-25,2,hit,1.6902927e+18,,1.6902936e+18
BTC,2023-07-26,1,pending,,,
BTC,2023-07-26,2,hit,1.6903773e+18,,1.6903782e+18
BTC,2023-07-27,1,pending,,,
BTC,2023-07-27,2,hit,1.6904637e+18,,1.69047e+18
BTC,2023-07-28,1,hit,1.6905501e+18,,1.690551e+18
BTC,2023-07-28,2,pending,,,
BTC,2023-07-31,1,armed,1.6908183e+18,,
BTC,2023-07-31,2,pending,,,
BTC,2023-08-01,1,pending,,,
BTC,2023-08-01,2,pending,,,
BTC,2023-08-02,1,pending,,,
BTC,2023-08-02,2,hit,1.6909821e+18,,1.6909956e+18
BTC,2023-08-03,1,hit,1.6910712e+18,,1.6910739e+18
BTC,2023-08-03,2,pending,,,
BTC,2023-08-04,1,hit,1.6911549e+18,,1.6911567e+18
BTC,2023-08-04,2,pending,,,
BTC,2023-08-07,1,pending,,,
BTC,2023-08-07,2,hit,1.6914141e+18,,1.6914186e+18
BTC,2023-08-08,1,pending,,,
BTC,2023-08-08,2,failed,1.6915005e+18,1.6915032e+18,
BTC,2023-08-09,1,failed,1.6915869e+18,1.6915905e+18,
BTC,2023-08-09,2,hit,1.6915932e+18,,1.6916004e+18
BTC,2023-08-10,1,hit,1.6916742e+18,,1.691676e+18
BTC,2023-08-10,2,hit,1.6916787e+18,,1.6916805e+18
BTC,2023-08-11,1,armed,1.6917723e+18,,
BTC,2023-08-11,2,hit,1.6917597e+18,,1.6917633e+18
BTC,2023-08-14,1,hit,1.6920243e+18,,1.6920252e+18
BTC,2023-08-14,2,pending,,,
BTC,2023-08-15,1,armed,1.6921143e+18,,
BTC,2023-08-15,2,failed,1.6921116e+18,1.6921143e+18,
BTC,2023-08-16,1,pending,,,
BTC,2023-08-16,2,failed,1.6921944e+18,1.6921989e+18,
BTC,2023-08-17,1,pending,,,
BTC,2023-08-17,2,hit,1.6922781e+18,,1.6922871e+18
BTC,2023-08-18,1,pending,,,
BTC,2023-08-21,1,pending,,,
BTC,2023-08-21,2,failed,1.6926237e+18,1.6926264e+18,
BTC,2023-08-22,1,pending,,,
BTC,2023-08-23,1,hit,1.6927992e+18,,1.6928019e+18
BTC,2023-08-23,2,pending,,,
BTC,2023-08-24,1,hit,1.6928829e+18,,1.6928874e+18
BTC,2023-08-24,2,pending,,,
BTC,2023-08-25,1,pending,,,
BTC,2023-08-25,2,hit,1.6929747e+18,,1.6929756e+18
BTC,2023-08-28,1,pending,,,
BTC,2023-08-28,2,hit,1.6932285e+18,,1.6932294e+18
BTC,2023-08-29,1,pending,,,
BTC,2023-08-29,2,hit,1.6933149e+18,,1.6933185e+18
BTC,2023-08-30,1,hit,1.6934067e+18,,1.6934076e+18
BTC,2023-08-30,2,pending,,,
BTC,2023-08-31,1,hit,1.6934877e+18,,1.6934886e+18
BTC,2023-08-31,2,pending,,,
BTC,2023-09-01,1,hit,1.6935759e+18,,1.6935777e+18
BTC,2023-09-01,2,pending,,,
BTC,2023-09-04,1,pending,,,
BTC,2023-09-04,2,hit,1.6938396e+18,,1.6938405e+18
BTC,2023-09-05,1,pending,,,
BTC,2023-09-05,2,armed,1.6939224e+18,,
BTC,2023-09-06,1,hit,1.6940061e+18,,1.6940205e+18
BTC,2023-09-06,2,failed,1.6940079e+18,1.6940097e+18,
BTC,2023-09-07,1,hit,1.6940988e+18,,1.6940997e+18
BTC,2023-09-07,2,failed,1.6940925e+18,1.6940997e+18,
BTC,2023-09-08,1,pending,,,
BTC,2023-09-11,1,hit,1.6944417e+18,,1.6944426e+18
BTC,2023-09-11,2,pending,,,
BTC,2023-09-12,1,armed,1.6945407e+18,,
BTC,2023-09-12,2,pending,,,
BTC,2023-09-13,1,hit,1.6946163e+18,,1.6946181e+18
BTC,2023-09-13,2,pending,,,
BTC,2023-09-14,1,pending,,,
BTC,2023-09-14,2,hit,1.6946973e+18,,1.6946982e+18
BTC,2023-09-15,1,armed,1.6947864e+18,,
BTC,2023-09-15,2,pending,,,
BTC,2023-09-18,1,hit,1.6950429e+18,,1.6950438e+18
BTC,2023-09-19,1,hit,1.6951374e+18,,1.6951392e+18
BTC,2023-09-20,1,armed,1.6952301e+18,,
BTC,2023-09-20,2,pending,,,
BTC,2023-09-21,1,pending,,,
BTC,2023-09-21,2,armed,1.6953021e+18,,
BTC,2023-09-22,1,pending,,,
BTC,2023-09-22,2,armed,1.6954047e+18,,
BTC,2023-09-25,1,hit,1.6956477e+18,,1.6956558e+18
BTC,2023-09-26,1,hit,1.6957341e+18,,1.6957368e+18
BTC,2023-09-26,2,pending,,,
BTC,2023-09-27,1,pending,,,
BTC,2023-09-27,2,hit,1.6958214e+18,,1.695825e+18
BTC,2023-09-28,1,pending,,,
BTC,2023-09-28,2,hit,1.6959069e+18,,1.6959123e+18
BTC,2023-09-29,1,failed,1.6959969e+18,1.6959987e+18,
BTC,2023-09-29,2,failed,1.6959933e+18,1.695996e+18,
BTC,2023-10-02,1,hit,1.6962624e+18,,1.6962669e+18
BTC,2023-10-02,2,hit,1.6962525e+18,,1.6962552e+18
BTC,2023-10-03,1,hit,1.6963389e+18,,1.6963425e+18
BTC,2023-10-03,2,pending,,,
BTC,2023-10-04,1,pending,,,
BTC,2023-10-04,2,hit,1.6964271e+18,,1.696428e+18
BTC,2023-10-05,1,armed,1.6965225e+18,,
BTC,2023-10-05,2,hit,1.6965117e+18,,1.6965126e+18
BTC,2023-10-06,1,armed,1.6966062e+18,,
BTC,2023-10-06,2,hit,1.6965981e+18,,1.696599e+18
BTC,2023-10-09,1,failed,1.696869e+18,1.6968735e+18,
BTC,2023-10-09,2,failed,1.6968591e+18,1.696869e+18,
BTC,2023-10-10,1,hit,1.6969437e+18,,1.6969446e+18
BTC,2023-10-10,2,pending,,,
BTC,2023-10-11,1,hit,1.6970382e+18,,1.6970391e+18
BTC,2023-10-11,2,pending,,,
BTC,2023-10-12,1,hit,1.6971183e+18,,1.6971309e+18
BTC,2023-10-12,2,pending,,,
BTC,2023-10-13,1,pending,,,
BTC,2023-10-13,2,hit,1.6972092e+18,,1.697211e+18
BTC,2023-10-16,1,hit,1.6974621e+18,,1.697463e+18
BTC,2023-10-17,1,pending,,,
BTC,2023-10-17,2,hit,1.6975557e+18,,1.6975602e+18
BTC,2023-10-18,1,armed,1.6976493e+18,,
BTC,2023-10-18,2,hit,1.6976403e+18,,1.6976412e+18
BTC,2023-10-19,1,hit,1.6977213e+18,,1.6977222e+18
BTC,2023-10-19,2,pending,,,
BTC,2023-10-20,1,pending,,,
BTC,2023-10-20,2,armed,1.6978077e+18,,
BTC,2023-10-23,1,hit,1.6980732e+18,,1.6980795e+18
BTC,2023-10-23,2,pending,,,
BTC,2023-10-24,1,hit,1.6981533e+18,,1.6981614e+18
BTC,2023-10-24,2,pending,,,
BTC,2023-10-25,1,pending,,,
BTC,2023-10-25,2,hit,1.6982397e+18,,1.6982406e+18
BTC,2023-10-26,1,pending,,,
BTC,2023-10-26,2,hit,1.6983342e+18,,1.6983351e+18
BTC,2023-10-27,1,failed,1.6984134e+18,1.6984161e+18,
BTC,2023-10-27,2,hit,1.698417e+18,,1.6984269e+18
BTC,2023-10-30,1,hit,1.6986834e+18,,1.6986843e+18
BTC,2023-10-30,2,hit,1.6986735e+18,,1.6986753e+18
BTC,2023-10-31,1,armed,1.6987581e+18,,
BTC,2023-10-31,2,pending,,,
BTC,2023-11-01,1,failed,1.6988508e+18,1.698858e+18,
BTC,2023-11-01,2,hit,1.6988445e+18,,1.6988454e+18
BTC,2023-11-02,1,hit,1.6989309e+18,,1.6989327e+18
BTC,2023-11-02,2,pending,,,
BTC,2023-11-03,1,pending,,,
BTC,2023-11-03,2,armed,1.6990173e+18,,
BTC,2023-11-06,1,armed,1.6992882e+18,,
BTC,2023-11-06,2,pending,,,
BTC,2023-11-07,1,failed,1.6993719e+18,1.69938e+18,
BTC,2023-11-07,2,hit,1.6993665e+18,,1.6993809e+18
BTC,2023-11-08,1,pending,,,
BTC,2023-11-08,2,failed,1.6994628e+18,1.6994655e+18,
BTC,2023-11-09,1,hit,1.6995393e+18,,1.6995402e+18
BTC,2023-11-10,1,hit,1.6996329e+18,,1.6996338e+18
BTC,2023-11-10,2,pending,,,
BTC,2023-11-13,1,failed,1.6998867e+18,1.6998912e+18,
BTC,2023-11-13,2,failed,1.699893e+18,1.6998948e+18,
BTC,2023-11-14,1,failed,1.6999713e+18,1.6999758e+18,
BTC,2023-11-14,2,hit,1.6999758e+18,,1.6999767e+18
BTC,2023-11-15,1,hit,1.7000631e+18,,1.700064e+18
BTC,2023-11-16,1,hit,1.7001441e+18,,1.7001504e+18
BTC,2023-11-16,2,pending,,,
BTC,2023-11-17,1,hit,1.7002305e+18,,1.7002332e+18
BTC,2023-11-17,2,pending,,,
BTC,2023-11-20,1,failed,1.7004897e+18,1.7004906e+18,
BTC,2023-11-20,2,hit,1.7004924e+18,,1.7004933e+18
BTC,2023-11-21,1,hit,1.7005761e+18,,1.7005788e+18
BTC,2023-11-21,2,failed,1.7005869e+18,1.7005887e+18,
BTC,2023-11-22,1,hit,1.7006778e+18,,1.7006787e+18
BTC,2023-11-22,2,failed,1.7006643e+18,1.7006769e+18,
BTC,2023-11-23,1,hit,1.7007498e+18,,1.7007525e+18
BTC,2023-11-23,2,pending,,,
BTC,2023-11-24,1,failed,1.7008362e+18,1.700838e+18,
BTC,2023-11-24,2,hit,1.700838e+18,,1.7008398e+18
BTC,2023-11-27,1,armed,1.7011035e+18,,
BTC,2023-11-27,2,failed,1.7010945e+18,1.7011044e+18,
BTC,2023-11-28,1,hit,1.7011809e+18,,1.7011818e+18
BTC,2023-11-28,2,pending,,,
BTC,2023-11-29,1,armed,1.7012709e+18,,
BTC,2023-11-29,2,pending,,,
BTC,2023-11-30,1,pending,,,
BTC,2023-11-30,2,armed,1.7013537e+18,,
BTC,2023-12-01,1,pending,,,
BTC,2023-12-04,1,armed,1.7016993e+18,,
BTC,2023-12-04,2,pending,,,
BTC,2023-12-05,1,hit,1.7017866e+18,,1.7017875e+18
BTC,2023-12-05,2,pending,,,
BTC,2023-12-06,1,armed,1.7018766e+18,,
BTC,2023-12-06,2,failed,1.7018721e+18,1.7018766e+18,
BTC,2023-12-07,1,hit,1.7019621e+18,,1.701963e+18
BTC,2023-12-07,2,failed,1.7019585e+18,1.7019612e+18,
BTC,2023-12-08,1,pending,,,
BTC,2023-12-08,2,hit,1.7020467e+18,,1.7020476e+18
BTC,2023-12-11,1,pending,,,
BTC,2023-12-12,1,hit,1.7023905e+18,,1.702395e+18
BTC,2023-12-12,2,pending,,,
BTC,2023-12-13,1,pending,,,
BTC,2023-12-13,2,hit,1.7024769e+18,,1.7024805e+18
BTC,2023-12-14,1,hit,1.7025633e+18,,1.7025642e+18
BTC,2023-12-14,2,pending,,,
BTC,2023-12-15,1,pending,,,
BTC,2023-12-15,2,hit,1.7026497e+18,,1.7026506e+18
BTC,2023-12-18,1,pending,,,
BTC,2023-12-18,2,hit,1.7029089e+18,,1.7029098e+18
BTC,2023-12-19,1,hit,1.7029953e+18,,1.7029971e+18
BTC,2023-12-19,2,pending,,,
BTC,2023-12-20,1,pending,,,
BTC,2023-12-20,2,hit,1.7030817e+18,,1.7030826e+18
BTC,2023-12-21,1,pending,,,
BTC,2023-12-21,2,hit,1.7031681e+18,,1.7031699e+18
BTC,2023-12-22,1,failed,1.7032554e+18,1.7032572e+18,
BTC,2023-12-22,2,armed,1.7032698e+18,,
BTC,2023-12-25,1,pending,,,
BTC,2023-12-26,1,hit,1.7036001e+18,,1.7036019e+18
BTC,2023-12-27,1,pending,,,
BTC,2023-12-27,2,failed,1.7036883e+18,1.7036901e+18,
BTC,2023-12-28,1,hit,1.7037729e+18,,1.7037747e+18
BTC,2023-12-29,1,failed,1.7038611e+18,1.7038629e+18,
BTC,2023-12-29,2,hit,1.7038638e+18,,1.7038647e+18
BTC,2024-01-01,1,hit,1.7041239e+18,,1.7041248e+18
BTC,2024-01-01,2,pending,,,
BTC,2024-01-02,1,pending,,,
BTC,2024-01-02,2,armed,1.7042085e+18,,
BTC,2024-01-03,1,failed,1.7042913e+18,1.7042976e+18,
BTC,2024-01-04,1,hit,1.7043795e+18,,1.7043804e+18
BTC,2024-01-04,2,pending,,,
BTC,2024-01-05,1,pending,,,
BTC,2024-01-08,1,failed,1.7047233e+18,1.704735e+18,
BTC,2024-01-08,2,hit,1.704735e+18,,1.7047377e+18
BTC,2024-01-09,1,pending,,,
BTC,2024-01-09,2,hit,1.7048097e+18,,1.7048151e+18
BTC,2024-01-10,1,pending,,,
BTC,2024-01-10,2,hit,1.7048961e+18,,1.704897e+18
BTC,2024-01-11,1,hit,1.7049897e+18,,1.7049906e+18
BTC,2024-01-11,2,hit,1.7049825e+18,,1.7049834e+18
BTC,2024-01-12,1,hit,1.7050707e+18,,1.7050716e+18
BTC,2024-01-12,2,pending,,,
BTC,2024-01-15,1,hit,1.7053434e+18,,1.7053443e+18
BTC,2024-01-16,1,failed,1.7054163e+18,1.705419e+18,
BTC,2024-01-16,2,failed,1.7054208e+18,1.7054298e+18,
BTC,2024-01-17,1,pending,,,
BTC,2024-01-17,2,hit,1.7055009e+18,,1.705509e+18
BTC,2024-01-18,1,failed,1.7055873e+18,1.7055963e+18,
BTC,2024-01-18,2,hit,1.7055963e+18,,1.7055972e+18
BTC,2024-01-19,1,hit,1.7056737e+18,,1.7056746e+18
BTC,2024-01-19,2,armed,1.7056908e+18,,
BTC,2024-01-22,1,armed,1.70595e+18,,
BTC,2024-01-22,2,pending,,,
BTC,2024-01-23,1,failed,1.7060193e+18,1.7060247e+18,
BTC,2024-01-23,2,failed,1.7060319e+18,1.7060364e+18,
BTC,2024-01-24,1,failed,1.7061057e+18,1.7061156e+18,
BTC,2024-01-24,2,failed,1.7061156e+18,1.7061201e+18,
BTC,2024-01-25,1,hit,1.7061975e+18,,1.706202e+18
BTC,2024-01-25,2,pending,,,
BTC,2024-01-26,1,hit,1.7062803e+18,,1.7062812e+18
BTC,2024-01-29,1,hit,1.706544e+18,,1.7065458e+18
BTC,2024-01-29,2,hit,1.7065386e+18,,1.7065395e+18
BTC,2024-01-30,1,failed,1.7066241e+18,1.7066268e+18,
BTC,2024-01-30,2,failed,1.7066286e+18,1.7066313e+18,
BTC,2024-01-31,1,hit,1.7067114e+18,,1.706715e+18
BTC,2024-01-31,2,pending,,,
BTC,2024-02-01,1,hit,1.7067969e+18,,1.7067978e+18
BTC,2024-02-01,2,pending,,,
BTC,2024-02-02,1,hit,1.7068833e+18,,1.7068842e+18
BTC,2024-02-02,2,failed,1.7068905e+18,1.7068959e+18,
BTC,2024-02-05,1,hit,1.7071452e+18,,1.7071461e+18
BTC,2024-02-05,2,failed,1.7071425e+18,1.7071461e+18,
BTC,2024-02-06,1,hit,1.7072334e+18,,1.707237e+18
BTC,2024-02-06,2,pending,,,
BTC,2024-02-07,1,hit,1.7073153e+18,,1.7073252e+18
BTC,2024-02-07,2,pending,,,
BTC,2024-02-08,1,pending,,,
BTC,2024-02-08,2,hit,1.7074017e+18,,1.7074026e+18
BTC,2024-02-09,1,failed,1.707489e+18,1.7074998e+18,
BTC,2024-02-09,2,hit,1.7075025e+18,,1.7075034e+18
BTC,2024-02-12,1,pending,,,
BTC,2024-02-12,2,hit,1.7077491e+18,,1.70775e+18
BTC,2024-02-13,1,pending,,,
BTC,2024-02-13,2,hit,1.7078337e+18,,1.7078346e+18
BTC,2024-02-14,1,failed,1.7079228e+18,1.7079237e+18,
BTC,2024-02-14,2,failed,1.7079273e+18,1.7079291e+18,
BTC,2024-02-15,1,failed,1.7080065e+18,1.7080074e+18,
BTC,2024-02-15,2,failed,1.7080083e+18,1.708011e+18,
BTC,2024-02-16,1,failed,1.7080965e+18,1.7081001e+18,
BTC,2024-02-16,2,pending,,,
BTC,2024-02-19,1,pending,,,
BTC,2024-02-19,2,hit,1.7083521e+18,,1.708353e+18
BTC,2024-02-20,1,failed,1.7084394e+18,1.7084403e+18,
BTC,2024-02-20,2,hit,1.708443e+18,,1.7084439e+18
BTC,2024-02-21,1,armed,1.7085249e+18,,
BTC,2024-02-22,1,pending,,,
BTC,2024-02-22,2,hit,1.7086113e+18,,1.7086122e+18
BTC,2024-02-23,1,failed,1.7086995e+18,1.7087004e+18,
BTC,2024-02-23,2,failed,1.7086977e+18,1.7087049e+18,
BTC,2024-02-26,1,hit,1.7089569e+18,,1.7089578e+18
BTC,2024-02-26,2,pending,,,
BTC,2024-02-27,1,pending,,,
BTC,2024-02-27,2,failed,1.7090496e+18,1.7090523e+18,
BTC,2024-02-28,1,pending,,,
BTC,2024-02-28,2,hit,1.7091297e+18,,1.7091324e+18
BTC,2024-02-29,1,pending,,,
BTC,2024-02-29,2,hit,1.7092242e+18,,1.7092251e+18
BTC,2024-03-01,1,pending,,,
BTC,2024-03-01,2,failed,1.7093025e+18,1.7093043e+18,
BTC,2024-03-04,1,pending,,,
BTC,2024-03-04,2,hit,1.7095635e+18,,1.7095653e+18
BTC,2024-03-05,1,hit,1.7096481e+18,,1.7096499e+18
BTC,2024-03-06,1,hit,1.7097345e+18,,1.709748e+18
BTC,2024-03-07,1,pending,,,
BTC,2024-03-07,2,hit,1.709829e+18,,1.7098317e+18
BTC,2024-03-08,1,failed,1.7099145e+18,1.7099163e+18,
BTC,2024-03-08,2,hit,1.7099073e+18,,1.7099082e+18
BTC,2024-03-11,1,hit,1.7101629e+18,,1.7101665e+18
BTC,2024-03-12,1,failed,1.7102493e+18,1.7102529e+18,
BTC,2024-03-12,2,hit,1.7102511e+18,,1.710261e+18
BTC,2024-03-13,1,pending,,,
BTC,2024-03-14,1,pending,,,
BTC,2024-03-14,2,hit,1.7104239e+18,,1.7104302e+18
BTC,2024-03-15,1,hit,1.7105103e+18,,1.7105148e+18
BTC,2024-03-18,1,pending,,,
BTC,2024-03-19,1,failed,1.7108577e+18,1.7108631e+18,
BTC,2024-03-20,1,hit,1.7109405e+18,,1.710945e+18
BTC,2024-03-21,1,hit,1.7110296e+18,,1.7110431e+18
BTC,2024-03-21,2,pending,,,
BTC,2024-03-22,1,hit,1.7111151e+18,,1.711116e+18
BTC,2024-03-22,2,pending,,,
BTC,2024-03-25,1,pending,,,
BTC,2024-03-25,2,hit,1.7113743e+18,,1.7113752e+18
BTC,2024-03-26,1,pending,,,
BTC,2024-03-26,2,hit,1.7114616e+18,,1.7114634e+18
BTC,2024-03-27,1,hit,1.7115453e+18,,1.7115462e+18
BTC,2024-03-27,2,hit,1.711548e+18,,1.7115489e+18
BTC,2024-03-28,1,pending,,,
BTC,2024-03-28,2,failed,1.7116326e+18,1.7116461e+18,
BTC,2024-03-29,1,pending,,,
BTC,2024-03-29,2,hit,1.7117262e+18,,1.7117271e+18
BTC,2024-04-01,1,hit,1.7119773e+18,,1.7119782e+18
BTC,2024-04-01,2,hit,1.7119845e+18,,1.7119872e+18
BTC,2024-04-02,1,hit,1.7120637e+18,,1.7120646e+18
BTC,2024-04-03,1,failed,1.7121546e+18,1.7121582e+18,
BTC,2024-04-03,2,failed,1.7121501e+18,1.7121537e+18,
BTC,2024-04-04,1,pending,,,
BTC,2024-04-04,2,hit,1.7122365e+18,,1.7122374e+18
BTC,2024-04-05,1,hit,1.7123229e+18,,1.7123265e+18
BTC,2024-04-05,2,pending,,,
BTC,2024-04-08,1,pending,,,
BTC,2024-04-09,1,pending,,,
BTC,2024-04-10,1,hit,1.7127549e+18,,1.7127558e+18
BTC,2024-04-10,2,hit,1.7127684e+18,,1.7127702e+18
BTC,2024-04-11,1,hit,1.7128413e+18,,1.7128422e+18
BTC,2024-04-11,2,failed,1.7128431e+18,1.712844e+18,
BTC,2024-04-12,1,hit,1.7129295e+18,,1.7129313e+18
BTC,2024-04-12,2,pending,,,
BTC,2024-04-15,1,failed,1.7131869e+18,1.7131905e+18,
BTC,2024-04-15,2,hit,1.7131905e+18,,1.7131914e+18
BTC,2024-04-16,1,pending,,,
BTC,2024-04-16,2,hit,1.7132733e+18,,1.7132796e+18
BTC,2024-04-17,1,hit,1.7133597e+18,,1.7133606e+18
BTC,2024-04-17,2,pending,,,
BTC,2024-04-18,1,failed,1.7134497e+18,1.7134632e+18,
BTC,2024-04-18,2,failed,1.7134461e+18,1.7134488e+18,
BTC,2024-04-19,1,pending,,,
BTC,2024-04-19,2,failed,1.713537e+18,1.7135379e+18,
BTC,2024-04-22,1,hit,1.7137917e+18,,1.713807e+18
BTC,2024-04-22,2,pending,,,
BTC,2024-04-23,1,pending,,,
BTC,2024-04-23,2,failed,1.7138844e+18,1.7138871e+18,
BTC,2024-04-24,1,hit,1.7139645e+18,,1.7139654e+18
BTC,2024-04-24,2,pending,,,
BTC,2024-04-25,1,hit,1.7140509e+18,,1.7140518e+18
BTC,2024-04-25,2,hit,1.7140608e+18,,1.7140644e+18
BTC,2024-04-26,1,failed,1.71414e+18,1.7141427e+18,
BTC,2024-04-26,2,hit,1.7141373e+18,,1.7141382e+18
BTC,2024-04-29,1,failed,1.7143983e+18,1.714401e+18,
BTC,2024-04-29,2,hit,1.714401e+18,,1.7144118e+18
BTC,2024-04-30,1,failed,1.7144856e+18,1.7144883e+18,
BTC,2024-04-30,2,failed,1.7144829e+18,1.7144856e+18,
BTC,2024-05-01,1,pending,,,
BTC,2024-05-02,1,failed,1.7146566e+18,1.7146584e+18,
BTC,2024-05-02,2,failed,1.7146584e+18,1.7146611e+18,
BTC,2024-05-03,1,pending,,,
BTC,2024-05-03,2,hit,1.7147421e+18,,1.714743e+18
BTC,2024-05-06,1,hit,1.7150013e+18,,1.7150022e+18
BTC,2024-05-06,2,pending,,,
BTC,2024-05-07,1,pending,,,
BTC,2024-05-07,2,failed,1.7150877e+18,1.7150904e+18,
BTC,2024-05-08,1,hit,1.7151768e+18,,1.7151786e+18
BTC,2024-05-08,2,failed,1.7151741e+18,1.7151768e+18,
BTC,2024-05-09,1,hit,1.7152605e+18,,1.7152677e+18
BTC,2024-05-09,2,pending,,,
BTC,2024-05-10,1,hit,1.7153469e+18,,1.7153514e+18
BTC,2024-05-13,1,pending,,,
BTC,2024-05-13,2,pending,,,
BTC,2024-05-14,1,hit,1.7156925e+18,,1.7157051e+18
BTC,2024-05-14,2,pending,,,
BTC,2024-05-15,1,pending,,,
BTC,2024-05-15,2,hit,1.7157789e+18,,1.7157798e+18
BTC,2024-05-16,1,hit,1.7158653e+18,,1.7158662e+18
BTC,2024-05-16,2,pending,,,
BTC,2024-05-17,1,hit,1.715958e+18,,1.7159589e+18
BTC,2024-05-17,2,failed,1.7159535e+18,1.7159562e+18,
BTC,2024-05-20,1,hit,1.7162109e+18,,1.7162199e+18
BTC,2024-05-20,2,pending,,,
BTC,2024-05-21,1,hit,1.7162982e+18,,1.7163072e+18
BTC,2024-05-21,2,pending,,,
BTC,2024-05-22,1,pending,,,
BTC,2024-05-22,2,hit,1.7163918e+18,,1.7163927e+18
BTC,2024-05-23,1,pending,,,
BTC,2024-05-23,2,hit,1.7164719e+18,,1.7164728e+18
BTC,2024-05-24,1,hit,1.716561e+18,,1.7165637e+18
BTC,2024-05-24,2,pending,,,
BTC,2024-05-27,1,pending,,,
BTC,2024-05-27,2,hit,1.7168157e+18,,1.7168166e+18
BTC,2024-05-28,1,armed,1.7169021e+18,,
BTC,2024-05-28,2,pending,,,
BTC,2024-05-29,1,hit,1.7169957e+18,,1.7169993e+18
BTC,2024-05-29,2,failed,1.7169885e+18,1.716993e+18,
BTC,2024-05-30,1,hit,1.7170749e+18,,1.7170776e+18
BTC,2024-05-30,2,pending,,,
BTC,2024-05-31,1,hit,1.7171613e+18,,1.7171622e+18
BTC,2024-05-31,2,hit,1.7171649e+18,,1.7171667e+18
BTC,2024-06-03,1,failed,1.7174205e+18,1.7174268e+18,
BTC,2024-06-03,2,failed,1.7174268e+18,1.7174295e+18,
BTC,2024-06-04,1,pending,,,
BTC,2024-06-04,2,hit,1.7175069e+18,,1.7175078e+18
BTC,2024-06-04,3,failed,1.7175069e+18,1.7175078e+18,
BTC,2024-06-05,1,failed,1.7175969e+18,1.7175978e+18,
BTC,2024-06-05,2,hit,1.7175933e+18,,1.7175942e+18
BTC,2024-06-05,3,failed,1.7176014e+18,1.7176032e+18,
BTC,2024-06-06,1,hit,1.7176914e+18,,1.7176923e+18
BTC,2024-06-06,2,failed,1.7176815e+18,1.7176914e+18,
BTC,2024-06-06,3,pending,,,
BTC,2024-06-07,1,hit,1.7177661e+18,,1.7177805e+18
BTC,2024-06-07,2,pending,,,
BTC,2024-06-10,1,hit,1.7180307e+18,,1.7180316e+18
BTC,2024-06-10,2,pending,,,
BTC,2024-06-10,3,failed,1.7180334e+18,1.7180352e+18,
BTC,2024-06-11,1,armed,1.7181207e+18,,
BTC,2024-06-11,2,failed,1.7181117e+18,1.7181207e+18,
BTC,2024-06-12,1,pending,,,
BTC,2024-06-12,2,hit,1.7181981e+18,,1.718199e+18
BTC,2024-06-13,1,hit,1.7182881e+18,,1.7182935e+18
BTC,2024-06-13,2,pending,,,
BTC,2024-06-13,3,pending,,,
BTC,2024-06-14,1,hit,1.7183745e+18,,1.7183754e+18
BTC,2024-06-14,2,failed,1.7183718e+18,1.7183745e+18,
BTC,2024-06-14,3,hit,1.7183718e+18,,1.7183754e+18
BTC,2024-06-17,1,failed,1.7186319e+18,1.7186418e+18,
BTC,2024-06-17,2,hit,1.7186445e+18,,1.7186463e+18
BTC,2024-06-18,1,hit,1.7187165e+18,,1.7187237e+18
BTC,2024-06-18,2,pending,,,
BTC,2024-06-19,1,hit,1.7188029e+18,,1.7188065e+18
BTC,2024-06-19,2,pending,,,
BTC,2024-06-19,3,pending,,,
BTC,2024-06-20,1,hit,1.7188893e+18,,1.7188902e+18
BTC,2024-06-20,2,pending,,,
BTC,2024-06-20,3,pending,,,
BTC,2024-06-21,1,failed,1.7189802e+18,1.7189847e+18,
BTC,2024-06-21,2,failed,1.7189847e+18,1.7189856e+18,
BTC,2024-06-21,3,failed,1.7189802e+18,1.718982e+18,
BTC,2024-06-24,1,failed,1.7192349e+18,1.7192376e+18,
BTC,2024-06-25,1,hit,1.7193222e+18,,1.7193258e+18
BTC,2024-06-26,1,armed,1.7194221e+18,,
BTC,2024-06-26,2,hit,1.7194086e+18,,1.7194113e+18
BTC,2024-06-26,3,failed,1.7194086e+18,1.7194104e+18,
BTC,2024-06-27,1,pending,,,
BTC,2024-06-27,2,hit,1.7194941e+18,,1.719495e+18
BTC,2024-06-27,3,failed,1.7194941e+18,1.719495e+18,
BTC,2024-06-28,1,hit,1.719585e+18,,1.7195859e+18
BTC,2024-06-28,2,failed,1.7195823e+18,1.7195832e+18,
BTC,2024-06-28,3,pending,,,
BTC,2024-07-01,1,hit,1.7198397e+18,,1.7198496e+18
BTC,2024-07-01,2,pending,,,
BTC,2024-07-01,3,failed,1.7198397e+18,1.7198469e+18,
BTC,2024-07-02,1,hit,1.7199297e+18,,1.7199306e+18
BTC,2024-07-02,2,failed,1.719927e+18,1.7199288e+18,
BTC,2024-07-02,3,hit,1.719927e+18,,1.7199297e+18
BTC,2024-07-03,1,pending,,,
BTC,2024-07-03,2,failed,1.7200143e+18,1.7200179e+18,
BTC,2024-07-04,1,hit,1.7200989e+18,,1.7200998e+18
BTC,2024-07-05,1,hit,1.7201862e+18,,1.7201952e+18
BTC,2024-07-08,1,failed,1.7204445e+18,1.7204463e+18,
BTC,2024-07-09,1,pending,,,
BTC,2024-07-09,2,failed,1.7205345e+18,1.7205372e+18,
BTC,2024-07-10,1,hit,1.7206173e+18,,1.7206182e+18
BTC,2024-07-10,2,pending,,,
BTC,2024-07-11,1,hit,1.7207037e+18,,1.7207082e+18
BTC,2024-07-11,2,pending,,,
BTC,2024-07-12,1,hit,1.7207901e+18,,1.720791e+18
BTC,2024-07-12,2,pending,,,
BTC,2024-07-15,1,hit,1.7210493e+18,,1.7210619e+18
BTC,2024-07-16,1,failed,1.7211384e+18,1.721142e+18,
BTC,2024-07-16,2,failed,1.7211456e+18,1.7211474e+18,
BTC,2024-07-17,1,hit,1.7212329e+18,,1.7212347e+18
BTC,2024-07-17,2,failed,1.7212248e+18,1.7212257e+18,
BTC,2024-07-18,1,pending,,,
BTC,2024-07-18,2,hit,1.7213139e+18,,1.7213157e+18
BTC,2024-07-19,1,hit,1.7213967e+18,,1.7213976e+18
BTC,2024-07-19,2,pending,,,
BTC,2024-07-22,1,pending,,,
BTC,2024-07-22,2,hit,1.7216559e+18,,1.7216595e+18
BTC,2024-07-23,1,hit,1.7217405e+18,,1.7217423e+18
BTC,2024-07-23,2,pending,,,
BTC,2024-07-24,1,hit,1.7218278e+18,,1.7218287e+18
BTC,2024-07-24,2,pending,,,
BTC,2024-07-25,1,failed,1.7219169e+18,1.7219178e+18,
BTC,2024-07-26,1,hit,1.7220015e+18,,1.7220024e+18
BTC,2024-07-29,1,hit,1.7222607e+18,,1.7222652e+18
BTC,2024-07-29,2,failed,1.7222589e+18,1.7222598e+18,
BTC,2024-07-30,1,hit,1.7223471e+18,,1.722348e+18
BTC,2024-07-30,2,pending,,,
BTC,2024-07-31,1,hit,1.7224317e+18,,1.7224335e+18
BTC,2024-07-31,2,pending,,,
BTC,2024-08-01,1,hit,1.722519e+18,,1.7225226e+18
BTC,2024-08-01,2,pending,,,
BTC,2024-08-02,1,failed,1.7226063e+18,1.7226081e+18,
BTC,2024-08-02,2,hit,1.7226099e+18,,1.7226108e+18
BTC,2024-08-05,1,hit,1.7228637e+18,,1.7228646e+18
BTC,2024-08-06,1,hit,1.7229537e+18,,1.7229555e+18
BTC,2024-08-07,1,hit,1.7230419e+18,,1.7230536e+18
BTC,2024-08-07,2,hit,1.7230365e+18,,1.7230374e+18
BTC,2024-08-08,1,hit,1.7231229e+18,,1.7231238e+18
BTC,2024-08-08,2,pending,,,
BTC,2024-08-09,1,failed,1.7232111e+18,1.723212e+18,
BTC,2024-08-09,2,failed,1.7232129e+18,1.7232138e+18,
BTC,2024-08-12,1,hit,1.7234685e+18,,1.7234712e+18
BTC,2024-08-12,2,failed,1.7234739e+18,1.7234766e+18,
BTC,2024-08-13,1,pending,,,
BTC,2024-08-13,2,hit,1.7235576e+18,,1.7235675e+18
BTC,2024-08-14,1,hit,1.7236413e+18,,1.7236431e+18
BTC,2024-08-14,2,pending,,,
BTC,2024-08-15,1,pending,,,
BTC,2024-08-15,2,hit,1.7237277e+18,,1.7237286e+18
BTC,2024-08-16,1,pending,,,
BTC,2024-08-16,2,failed,1.723815e+18,1.7238177e+18,
BTC,2024-08-19,1,pending,,,
BTC,2024-08-19,2,hit,1.7240733e+18,,1.7240742e+18
BTC,2024-08-20,1,failed,1.7241597e+18,1.7241615e+18,
BTC,2024-08-20,2,pending,,,
BTC,2024-08-21,1,failed,1.7242488e+18,1.7242497e+18,
BTC,2024-08-21,2,failed,1.7242479e+18,1.7242488e+18,
BTC,2024-08-22,1,hit,1.7243325e+18,,1.7243334e+18
BTC,2024-08-22,2,pending,,,
BTC,2024-08-23,1,hit,1.7244189e+18,,1.7244225e+18
BTC,2024-08-23,2,pending,,,
BTC,2024-08-26,1,hit,1.7246781e+18,,1.7246853e+18
BTC,2024-08-26,2,pending,,,
BTC,2024-08-27,1,pending,,,
BTC,2024-08-27,2,armed,1.7247663e+18,,
BTC,2024-08-28,1,failed,1.7248536e+18,1.7248545e+18,
BTC,2024-08-28,2,pending,,,
BTC,2024-08-29,1,hit,1.7249373e+18,,1.72494e+18
BTC,2024-08-29,2,pending,,,
BTC,2024-08-30,1,failed,1.7250237e+18,1.7250291e+18,
BTC,2024-08-30,2,hit,1.7250273e+18,,1.72503e+18
BTC,2024-09-02,1,armed,1.7252883e+18,,
BTC,2024-09-03,1,hit,1.7253711e+18,,1.725372e+18
BTC,2024-09-03,2,failed,1.7253693e+18,1.7253711e+18,
BTC,2024-09-04,1,hit,1.725462e+18,,1.7254647e+18
BTC,2024-09-04,2,failed,1.7254566e+18,1.7254611e+18,
BTC,2024-09-05,1,failed,1.7255439e+18,1.7255493e+18,
BTC,2024-09-05,2,armed,1.7255493e+18,,
BTC,2024-09-06,1,hit,1.7256321e+18,,1.725633e+18
BTC,2024-09-06,2,hit,1.7256285e+18,,1.7256294e+18
BTC,2024-09-09,1,hit,1.7258886e+18,,1.7258904e+18
BTC,2024-09-09,2,hit,1.7258922e+18,,1.725894e+18
BTC,2024-09-10,1,failed,1.7259741e+18,1.7259885e+18,
BTC,2024-09-10,2,armed,1.7259885e+18,,
BTC,2024-09-11,1,hit,1.7260623e+18,,1.7260632e+18
BTC,2024-09-11,2,armed,1.7260749e+18,,
BTC,2024-09-12,1,hit,1.7261469e+18,,1.7261478e+18
BTC,2024-09-12,2,pending,,,
BTC,2024-09-13,1,failed,1.7262342e+18,1.7262351e+18,
BTC,2024-09-13,2,hit,1.7262369e+18,,1.7262396e+18
BTC,2024-09-16,1,failed,1.7264943e+18,1.7264952e+18,
BTC,2024-09-16,2,pending,,,
BTC,2024-09-17,1,failed,1.7265798e+18,1.7265816e+18,
BTC,2024-09-17,2,failed,1.7265807e+18,1.7265825e+18,
BTC,2024-09-18,1,failed,1.7266671e+18,1.7266815e+18,
BTC,2024-09-18,2,pending,,,
BTC,2024-09-19,1,hit,1.7267517e+18,,1.7267679e+18
BTC,2024-09-19,2,pending,,,
BTC,2024-09-20,1,failed,1.7268381e+18,1.7268426e+18,
BTC,2024-09-20,2,pending,,,
BTC,2024-09-23,1,failed,1.7271018e+18,1.7271027e+18,
BTC,2024-09-24,1,failed,1.7271873e+18,1.727199e+18,
BTC,2024-09-24,2,failed,1.7271837e+18,1.7271873e+18,
BTC,2024-09-25,1,armed,1.7272854e+18,,
BTC,2024-09-25,2,pending,,,
BTC,2024-09-27,1,pending,,,
BTC,2024-09-27,2,hit,1.7274429e+18,,1.7274465e+18
BTC,2024-09-30,1,failed,1.7277021e+18,1.7277057e+18,
BTC,2024-09-30,2,pending,,,
BTC,2024-10-01,1,hit,1.7277894e+18,,1.7277903e+18
BTC,2024-10-01,2,pending,,,
BTC,2024-10-02,1,hit,1.7278776e+18,,1.7278857e+18
BTC,2024-10-02,2,failed,1.7278767e+18,1.7278776e+18,
BTC,2024-10-03,1,hit,1.7279613e+18,,1.7279622e+18
BTC,2024-10-03,2,pending,,,
BTC,2024-10-04,1,hit,1.7280477e+18,,1.7280486e+18
BTC,2024-10-04,2,pending,,,
BTC,2024-10-07,1,failed,1.7283069e+18,1.7283087e+18,
BTC,2024-10-07,2,hit,1.7283114e+18,,1.7283123e+18
BTC,2024-10-08,1,pending,,,
BTC,2024-10-08,2,failed,1.7283933e+18,1.7283951e+18,
BTC,2024-10-09,1,hit,1.7284797e+18,,1.7284806e+18
BTC,2024-10-09,2,failed,1.7284878e+18,1.7284905e+18,
BTC,2024-10-10,1,hit,1.7285661e+18,,1.7285715e+18
BTC,2024-10-10,2,pending,,,
BTC,2024-10-10,3,pending,,,
BTC,2024-10-11,1,hit,1.7286525e+18,,1.7286534e+18
BTC,2024-10-14,1,hit,1.7289144e+18,,1.7289153e+18
BTC,2024-10-15,1,pending,,,
BTC,2024-10-15,2,hit,1.7289981e+18,,1.7289999e+18
BTC,2024-10-16,1,failed,1.7290926e+18,1.7290944e+18,
BTC,2024-10-16,2,pending,,,
BTC,2024-10-17,1,pending,,,
BTC,2024-10-17,2,armed,1.7291709e+18,,
BTC,2024-10-18,1,pending,,,
BTC,2024-10-18,2,hit,1.7292591e+18,,1.7292627e+18
BTC,2024-10-18,3,failed,1.7292627e+18,1.7292654e+18,
BTC,2024-10-21,1,hit,1.7295165e+18,,1.7295174e+18
BTC,2024-10-21,2,pending,,,
BTC,2024-10-22,1,pending,,,
BTC,2024-10-22,2,failed,1.7296065e+18,1.7296074e+18,
BTC,2024-10-23,1,armed,1.7296974e+18,,
BTC,2024-10-23,2,hit,1.7296893e+18,,1.7296911e+18
BTC,2024-10-23,3,failed,1.7296893e+18,1.729692e+18,
BTC,2024-10-24,1,hit,1.7297757e+18,,1.7297766e+18
BTC,2024-10-24,2,pending,,,
BTC,2024-10-25,1,failed,1.7298639e+18,1.7298648e+18,
BTC,2024-10-25,2,hit,1.7298648e+18,,1.7298666e+18
BTC,2024-10-25,3,pending,,,
BTC,2024-10-28,1,pending,,,
BTC,2024-10-28,2,hit,1.7301213e+18,,1.7301231e+18
BTC,2024-10-29,1,hit,1.7302095e+18,,1.7302104e+18
BTC,2024-10-30,1,failed,1.7302941e+18,1.7302977e+18,
BTC,2024-10-30,2,failed,1.7302977e+18,1.7303103e+18,
BTC,2024-10-31,1,pending,,,
BTC,2024-10-31,2,hit,1.7303814e+18,,1.7303823e+18
BTC,2024-11-01,1,hit,1.7304687e+18,,1.7304696e+18
BTC,2024-11-01,2,hit,1.7304759e+18,,1.7304768e+18
BTC,2024-11-04,1,hit,1.7307297e+18,,1.7307387e+18
BTC,2024-11-04,2,pending,,,
BTC,2024-11-05,1,hit,1.730817e+18,,1.7308179e+18
BTC,2024-11-06,1,failed,1.7309025e+18,1.7309043e+18,
BTC,2024-11-07,1,pending,,,
BTC,2024-11-07,2,hit,1.7309925e+18,,1.7309943e+18
BTC,2024-11-08,1,hit,1.7310771e+18,,1.731078e+18
BTC,2024-11-08,2,failed,1.7310798e+18,1.7310843e+18,
BTC,2024-11-11,1,failed,1.7313345e+18,1.7313372e+18,
BTC,2024-11-11,2,hit,1.7313372e+18,,1.731339e+18
BTC,2024-11-12,1,failed,1.7314236e+18,1.7314281e+18,
BTC,2024-11-12,2,pending,,,
BTC,2024-11-13,1,hit,1.7315073e+18,,1.7315082e+18
BTC,2024-11-13,2,pending,,,
BTC,2024-11-14,1,pending,,,
BTC,2024-11-14,2,hit,1.7315937e+18,,1.7315955e+18
BTC,2024-11-15,1,pending,,,
BTC,2024-11-18,1,hit,1.7319447e+18,,1.7319456e+18
BTC,2024-11-18,2,failed,1.7319393e+18,1.7319447e+18,
BTC,2024-11-20,1,armed,1.7321283e+18,,
BTC,2024-11-20,2,hit,1.7321121e+18,,1.732113e+18
BTC,2024-11-21,1,armed,1.7322102e+18,,
BTC,2024-11-22,1,hit,1.7322849e+18,,1.7322858e+18
BTC,2024-11-22,2,armed,1.7322957e+18,,
BTC,2024-11-25,1,hit,1.7325459e+18,,1.7325468e+18
BTC,2024-11-25,2,pending,,,
BTC,2024-11-26,1,pending,,,
BTC,2024-11-26,2,hit,1.7326323e+18,,1.7326332e+18
BTC,2024-11-27,1,pending,,,
BTC,2024-11-27,2,hit,1.7327169e+18,,1.7327178e+18
BTC,2024-11-28,1,failed,1.7328033e+18,1.7328096e+18,
BTC,2024-11-28,2,pending,,,
BTC,2024-11-29,1,hit,1.7328897e+18,,1.7328915e+18
BTC,2024-11-29,2,pending,,,
BTC,2024-12-02,1,failed,1.7331624e+18,1.7331633e+18,
BTC,2024-12-02,2,hit,1.7331489e+18,,1.7331498e+18
BTC,2024-12-03,1,hit,1.7332353e+18,,1.7332362e+18
BTC,2024-12-03,2,hit,1.733238e+18,,1.7332398e+18
BTC,2024-12-04,1,failed,1.7333217e+18,1.7333235e+18,
BTC,2024-12-04,2,failed,1.7333235e+18,1.7333289e+18,
BTC,2024-12-05,1,failed,1.7334099e+18,1.7334126e+18,
BTC,2024-12-06,1,hit,1.7334954e+18,,1.7334972e+18
BTC,2024-12-06,2,pending,,,
BTC,2024-12-09,1,hit,1.7337582e+18,,1.7337591e+18
BTC,2024-12-09,2,failed,1.7337537e+18,1.7337591e+18,
BTC,2024-12-10,1,failed,1.7338401e+18,1.7338446e+18,
BTC,2024-12-10,2,hit,1.7338446e+18,,1.7338482e+18
BTC,2024-12-11,1,hit,1.7339265e+18,,1.7339274e+18
BTC,2024-12-11,2,pending,,,
BTC,2024-12-12,1,pending,,,
BTC,2024-12-12,2,hit,1.7340129e+18,,1.7340138e+18
BTC,2024-12-13,1,hit,1.7341011e+18,,1.734102e+18
BTC,2024-12-13,2,failed,1.7341056e+18,1.7341083e+18,
BTC,2024-12-16,1,pending,,,
BTC,2024-12-16,2,hit,1.7343603e+18,,1.7343612e+18
BTC,2024-12-17,1,hit,1.7344485e+18,,1.7344494e+18
BTC,2024-12-17,2,hit,1.7344458e+18,,1.7344476e+18
BTC,2024-12-18,1,pending,,,
BTC,2024-12-19,1,failed,1.7346177e+18,1.7346204e+18,
BTC,2024-12-20,1,hit,1.7347041e+18,,1.7347059e+18
BTC,2024-12-20,2,pending,,,
BTC,2024-12-23,1,hit,1.7349651e+18,,1.7349669e+18
BTC,2024-12-23,2,pending,,,
BTC,2024-12-24,1,pending,,,
BTC,2024-12-24,2,hit,1.7350497e+18,,1.7350506e+18
BTC,2024-12-25,1,pending,,,
BTC,2024-12-25,2,armed,1.7351379e+18,,
BTC,2024-12-26,1,failed,1.7352252e+18,1.735227e+18,
BTC,2024-12-27,1,pending,,,
BTC,2024-12-27,2,hit,1.7353089e+18,,1.7353107e+18
BTC,2024-12-30,1,hit,1.7355825e+18,,1.7355834e+18
BTC,2024-12-30,2,hit,1.7355681e+18,,1.7355699e+18
BTC,2024-12-31,1,hit,1.7356545e+18,,1.7356554e+18
BTC,2024-12-31,2,armed,1.7356671e+18,,
BTC,2025-01-01,1,armed,1.7357409e+18,,
BTC,2025-01-01,2,pending,,,
BTC,2025-01-02,1,hit,1.73583e+18,,1.7358309e+18
BTC,2025-01-03,1,hit,1.7359146e+18,,1.7359191e+18
BTC,2025-01-03,2,pending,,,
BTC,2025-01-06,1,pending,,,
BTC,2025-01-06,2,hit,1.7361756e+18,,1.7361765e+18
BTC,2025-01-07,1,hit,1.736262e+18,,1.7362629e+18
BTC,2025-01-07,2,pending,,,
BTC,2025-01-08,1,failed,1.7363457e+18,1.7363565e+18,
BTC,2025-01-08,2,hit,1.7363565e+18,,1.7363574e+18
BTC,2025-01-09,1,hit,1.7364321e+18,,1.736433e+18
BTC,2025-01-09,2,failed,1.7364366e+18,1.7364456e+18,
BTC,2025-01-10,1,hit,1.7365185e+18,,1.7365221e+18
BTC,2025-01-10,2,hit,1.736532e+18,,1.7365329e+18
BTC,2025-01-13,1,pending,,,
BTC,2025-01-14,1,failed,1.7368641e+18,1.7368731e+18,
BTC,2025-01-14,2,failed,1.7368722e+18,1.7368776e+18,
BTC,2025-01-15,1,hit,1.7369505e+18,,1.7369514e+18
BTC,2025-01-15,2,pending,,,
BTC,2025-01-16,1,hit,1.7370387e+18,,1.7370396e+18
BTC,2025-01-16,2,armed,1.737045e+18,,
BTC,2025-01-17,1,hit,1.737126e+18,,1.7371305e+18
BTC,2025-01-17,2,pending,,,
BTC,2025-01-20,1,hit,1.7373888e+18,,1.7373897e+18
BTC,2025-01-20,2,failed,1.7373825e+18,1.7373879e+18,
BTC,2025-01-21,1,failed,1.7374707e+18,1.7374761e+18,
BTC,2025-01-21,2,failed,1.7374698e+18,1.7374707e+18,
BTC,2025-01-22,1,armed,1.7375553e+18,,
BTC,2025-01-22,2,pending,,,
BTC,2025-01-23,1,pending,,,
BTC,2025-01-23,2,hit,1.7376435e+18,,1.7376444e+18
BTC,2025-01-24,1,failed,1.7377281e+18,1.7377299e+18,
BTC,2025-01-24,2,hit,1.7377299e+18,,1.7377434e+18
BTC,2025-01-27,1,failed,1.7379873e+18,1.7379891e+18,
BTC,2025-01-28,1,pending,,,
BTC,2025-01-28,2,failed,1.7380737e+18,1.7380773e+18,
BTC,2025-01-29,1,failed,1.7381646e+18,1.7381727e+18,
BTC,2025-01-29,2,pending,,,
BTC,2025-01-30,1,failed,1.7382492e+18,1.7382582e+18,
BTC,2025-01-30,2,failed,1.7382465e+18,1.7382492e+18,
BTC,2025-01-31,1,failed,1.7383347e+18,1.7383365e+18,
BTC,2025-01-31,2,hit,1.7383365e+18,,1.7383383e+18
BTC,2025-02-03,1,hit,1.7385939e+18,,1.7385948e+18
BTC,2025-02-04,1,failed,1.7386803e+18,1.738683e+18,
BTC,2025-02-04,2,pending,,,
BTC,2025-02-05,1,hit,1.7387721e+18,,1.7387739e+18
BTC,2025-02-05,2,pending,,,
BTC,2025-02-06,1,pending,,,
BTC,2025-02-07,1,pending,,,
BTC,2025-02-07,2,hit,1.7389377e+18,,1.7389386e+18
BTC,2025-02-10,1,failed,1.7391969e+18,1.7392014e+18,
BTC,2025-02-10,2,armed,1.7391996e+18,,
BTC,2025-02-11,1,hit,1.7392833e+18,,1.7392842e+18
BTC,2025-02-11,2,pending,,,
BTC,2025-02-12,1,hit,1.7393796e+18,,1.7393805e+18
BTC,2025-02-12,2,hit,1.7393697e+18,,1.7393706e+18
BTC,2025-02-13,1,armed,1.7394642e+18,,
BTC,2025-02-13,2,failed,1.7394615e+18,1.7394642e+18,
BTC,2025-02-14,1,failed,1.739547e+18,1.7395488e+18,
BTC,2025-02-14,2,failed,1.7395452e+18,1.7395461e+18,
BTC,2025-02-17,1,hit,1.739808e+18,,1.7398089e+18
BTC,2025-02-17,2,failed,1.7398017e+18,1.7398071e+18,
BTC,2025-02-18,1,hit,1.7398899e+18,,1.7398908e+18
BTC,2025-02-18,2,failed,1.739889e+18,1.7398899e+18,
BTC,2025-02-19,1,failed,1.7399772e+18,1.7399826e+18,
BTC,2025-02-19,2,pending,,,
BTC,2025-02-20,1,pending,,,
BTC,2025-02-20,2,hit,1.7400609e+18,,1.7400618e+18
BTC,2025-02-20,3,failed,1.7400609e+18,1.7400699e+18,
BTC,2025-02-21,1,hit,1.7401473e+18,,1.7401482e+18
BTC,2025-02-21,2,failed,1.7401491e+18,1.7401509e+18,
BTC,2025-02-24,1,pending,,,
BTC,2025-02-24,2,hit,1.7404083e+18,,1.7404092e+18
BTC,2025-02-25,1,pending,,,
BTC,2025-02-26,1,failed,1.7405829e+18,1.7405838e+18,
BTC,2025-02-26,2,hit,1.7405793e+18,,1.7405802e+18
BTC,2025-02-27,1,pending,,,
BTC,2025-02-28,1,hit,1.7407521e+18,,1.7407557e+18
BTC,2025-03-03,1,hit,1.7410131e+18,,1.741014e+18
BTC,2025-03-03,2,pending,,,
BTC,2025-03-04,1,failed,1.7410995e+18,1.7411004e+18,
BTC,2025-03-04,2,failed,1.7411022e+18,1.741104e+18,
BTC,2025-03-05,1,pending,,,
BTC,2025-03-05,2,hit,1.7411868e+18,,1.7411886e+18
BTC,2025-03-06,1,hit,1.7412705e+18,,1.7412723e+18
BTC,2025-03-06,2,hit,1.7412741e+18,,1.7412759e+18
BTC,2025-03-07,1,failed,1.7413587e+18,1.7413614e+18,
BTC,2025-03-07,2,hit,1.7413623e+18,,1.741365e+18
BTC,2025-03-10,1,hit,1.7416125e+18,,1.7416152e+18
BTC,2025-03-10,2,pending,,,
BTC,2025-03-11,1,pending,,,
BTC,2025-03-11,2,hit,1.7416989e+18,,1.7417043e+18
BTC,2025-03-12,1,failed,1.7417853e+18,1.741788e+18,
BTC,2025-03-12,2,hit,1.741788e+18,,1.7417889e+18
BTC,2025-03-13,1,hit,1.7418735e+18,,1.7418816e+18
BTC,2025-03-13,2,pending,,,
BTC,2025-03-14,1,hit,1.7419581e+18,,1.7419608e+18
BTC,2025-03-17,1,failed,1.7422173e+18,1.7422326e+18,
BTC,2025-03-17,2,armed,1.7422326e+18,,
BTC,2025-03-18,1,hit,1.7423037e+18,,1.7423046e+18
BTC,2025-03-18,2,pending,,,
BTC,2025-03-19,1,hit,1.7423928e+18,,1.7423937e+18
BTC,2025-03-19,2,pending,,,
BTC,2025-03-20,1,failed,1.7424765e+18,1.7424801e+18,
BTC,2025-03-20,2,pending,,,
BTC,2025-03-21,1,failed,1.7425692e+18,1.7425701e+18,
BTC,2025-03-21,2,hit,1.7425629e+18,,1.7425719e+18
BTC,2025-03-24,1,failed,1.7428221e+18,1.7428257e+18,
BTC,2025-03-24,2,armed,1.7428257e+18,,
BTC,2025-03-25,1,pending,,,
BTC,2025-03-25,2,hit,1.7429094e+18,,1.7429112e+18
BTC,2025-03-26,1,hit,1.7429976e+18,,1.7429985e+18
BTC,2025-03-26,2,pending,,,
BTC,2025-03-27,1,armed,1.7430867e+18,,
BTC,2025-03-27,2,hit,1.7430813e+18,,1.7430822e+18
BTC,2025-03-28,1,pending,,,
BTC,2025-03-28,2,hit,1.7431713e+18,,1.7431785e+18
BTC,2025-03-31,1,failed,1.7434269e+18,1.7434287e+18,
BTC,2025-03-31,2,failed,1.7434287e+18,1.7434296e+18,
BTC,2025-04-01,1,hit,1.7435196e+18,,1.7435205e+18
BTC,2025-04-02,1,pending,,,
BTC,2025-04-02,2,hit,1.7436015e+18,,1.7436042e+18
BTC,2025-04-03,1,hit,1.7436861e+18,,1.743687e+18
BTC,2025-04-04,1,failed,1.7437752e+18,1.743777e+18,
BTC,2025-04-04,2,failed,1.7437743e+18,1.7437752e+18,
BTC,2025-04-07,1,failed,1.7440317e+18,1.7440335e+18,
BTC,2025-04-07,2,failed,1.7440335e+18,1.7440344e+18,
BTC,2025-04-08,1,hit,1.7441235e+18,,1.7441244e+18
BTC,2025-04-08,2,failed,1.7441181e+18,1.7441226e+18,
BTC,2025-04-09,1,hit,1.7442045e+18,,1.7442054e+18
BTC,2025-04-09,2,pending,,,
BTC,2025-04-10,1,hit,1.7442927e+18,,1.7442999e+18
BTC,2025-04-10,2,pending,,,
BTC,2025-04-11,1,failed,1.7443791e+18,1.7443818e+18,
BTC,2025-04-11,2,failed,1.7443773e+18,1.7443791e+18,
BTC,2025-04-14,1,pending,,,
BTC,2025-04-14,2,failed,1.7446365e+18,1.7446383e+18,
BTC,2025-04-15,1,hit,1.7447274e+18,,1.74474e+18
BTC,2025-04-15,2,hit,1.7447238e+18,,1.7447247e+18
BTC,2025-04-16,1,failed,1.7448093e+18,1.7448138e+18,
BTC,2025-04-16,2,failed,1.7448138e+18,1.7448264e+18,
BTC,2025-04-17,1,armed,1.7449128e+18,,
BTC,2025-04-17,2,failed,1.7448984e+18,1.7449074e+18,
BTC,2025-04-18,1,hit,1.7449866e+18,,1.7449902e+18
BTC,2025-04-18,2,pending,,,
BTC,2025-04-21,1,hit,1.7452422e+18,,1.7452458e+18
BTC,2025-04-22,1,hit,1.7453277e+18,,1.7453295e+18
BTC,2025-04-22,2,pending,,,
BTC,2025-04-23,1,hit,1.7454168e+18,,1.7454222e+18
BTC,2025-04-23,2,hit,1.7454141e+18,,1.745415e+18
BTC,2025-04-24,1,pending,,,
BTC,2025-04-24,2,pending,,,
BTC,2025-04-25,1,failed,1.7455869e+18,1.7455905e+18,
BTC,2025-04-25,2,armed,1.7455905e+18,,
BTC,2025-04-25,3,failed,1.7455905e+18,1.7455923e+18,
BTC,2025-04-28,1,pending,,,
BTC,2025-04-28,2,pending,,,
BTC,2025-04-29,1,pending,,,
BTC,2025-04-29,2,hit,1.7459325e+18,,1.7459334e+18
BTC,2025-04-30,1,hit,1.7460189e+18,,1.7460207e+18
BTC,2025-04-30,2,pending,,,
BTC,2025-05-01,1,failed,1.746108e+18,1.7461098e+18,
BTC,2025-05-01,2,failed,1.7461053e+18,1.746108e+18,
BTC,2025-05-01,3,failed,1.7461053e+18,1.7461116e+18,
BTC,2025-05-02,1,pending,,,
BTC,2025-05-02,2,hit,1.7461962e+18,,1.7461971e+18
BTC,2025-05-02,3,armed,1.746198e+18,,
BTC,2025-05-05,1,failed,1.7464527e+18,1.7464662e+18,
BTC,2025-05-05,2,failed,1.7464509e+18,1.7464527e+18,
BTC,2025-05-05,3,failed,1.7464509e+18,1.7464671e+18,
BTC,2025-05-06,1,hit,1.7465409e+18,,1.7465481e+18
BTC,2025-05-06,2,failed,1.74654e+18,1.7465409e+18,
BTC,2025-05-06,3,failed,1.7465409e+18,1.7465418e+18,
BTC,2025-05-07,1,pending,,,
BTC,2025-05-07,2,hit,1.7466237e+18,,1.7466246e+18
BTC,2025-05-08,1,hit,1.7467155e+18,,1.7467182e+18
BTC,2025-05-08,2,failed,1.7467182e+18,1.7467191e+18,
BTC,2025-05-09,1,pending,,,
BTC,2025-05-09,2,hit,1.7467965e+18,,1.7467983e+18
BTC,2025-05-09,3,failed,1.7467965e+18,1.7467992e+18,
BTC,2025-05-12,1,hit,1.7470557e+18,,1.7470566e+18
BTC,2025-05-12,2,hit,1.7470602e+18,,1.747062e+18
BTC,2025-05-13,1,failed,1.7471457e+18,1.7471529e+18,
BTC,2025-05-13,2,armed,1.7471529e+18,,
BTC,2025-05-14,1,pending,,,
BTC,2025-05-14,2,failed,1.7472285e+18,1.7472303e+18,
BTC,2025-05-15,1,pending,,,
BTC,2025-05-15,2,failed,1.7473149e+18,1.7473176e+18,
BTC,2025-05-16,1,failed,1.7474067e+18,1.7474085e+18,
BTC,2025-05-16,2,failed,1.747404e+18,1.7474067e+18,
BTC,2025-05-19,1,pending,,,
BTC,2025-05-19,2,hit,1.7476623e+18,,1.7476632e+18
BTC,2025-05-20,1,hit,1.7477469e+18,,1.7477478e+18
BTC,2025-05-20,2,armed,1.7477613e+18,,
BTC,2025-05-21,1,hit,1.7478351e+18,,1.7478369e+18
BTC,2025-05-21,2,failed,1.7478333e+18,1.7478351e+18,
BTC,2025-05-22,1,armed,1.7479197e+18,,
BTC,2025-05-22,2,failed,1.7479233e+18,1.7479242e+18,
BTC,2025-05-23,1,hit,1.7480061e+18,,1.748007e+18
BTC,2025-05-23,2,failed,1.7480088e+18,1.7480169e+18,
BTC,2025-05-26,1,failed,1.7482752e+18,1.748277e+18,
BTC,2025-05-26,2,armed,1.7482815e+18,,
BTC,2025-05-27,1,hit,1.7483517e+18,,1.7483526e+18
BTC,2025-05-27,2,failed,1.748358e+18,1.7483607e+18,
BTC,2025-05-28,1,hit,1.7484408e+18,,1.7484453e+18
BTC,2025-05-28,2,pending,,,
BTC,2025-05-29,1,pending,,,
BTC,2025-05-29,2,hit,1.7485263e+18,,1.7485281e+18
BTC,2025-05-30,1,hit,1.7486136e+18,,1.7486154e+18
BTC,2025-05-30,2,pending,,,
BTC,2025-06-02,1,failed,1.7488728e+18,1.7488746e+18,
BTC,2025-06-03,1,pending,,,
BTC,2025-06-03,2,failed,1.7489583e+18,1.7489601e+18,
BTC,2025-06-04,1,hit,1.7490429e+18,,1.7490438e+18
BTC,2025-06-04,2,failed,1.749051e+18,1.7490546e+18,
BTC,2025-06-04,3,hit,1.749051e+18,,1.74906e+18
BTC,2025-06-05,1,hit,1.749132e+18,,1.7491329e+18
BTC,2025-06-05,2,hit,1.7491293e+18,,1.7491302e+18
BTC,2025-06-06,1,hit,1.7492175e+18,,1.7492184e+18
BTC,2025-06-09,1,hit,1.7494803e+18,,1.7494893e+18
BTC,2025-06-10,1,hit,1.7495631e+18,,1.7495658e+18
BTC,2025-06-10,2,pending,,,
BTC,2025-06-11,1,armed,1.7496648e+18,,
BTC,2025-06-11,2,failed,1.7496477e+18,1.7496648e+18,
BTC,2025-06-12,1,hit,1.7497341e+18,,1.7497494e+18
BTC,2025-06-12,2,failed,1.749735e+18,1.7497377e+18,
BTC,2025-06-13,1,failed,1.7498205e+18,1.7498277e+18,
BTC,2025-06-13,2,hit,1.7498313e+18,,1.7498322e+18
BTC,2025-06-16,1,hit,1.7500824e+18,,1.7500842e+18
BTC,2025-06-16,2,pending,,,
BTC,2025-06-17,1,hit,1.7501679e+18,,1.7501688e+18
BTC,2025-06-17,2,pending,,,
BTC,2025-06-18,1,failed,1.7502561e+18,1.7502588e+18,
BTC,2025-06-18,2,hit,1.7502525e+18,,1.7502534e+18
BTC,2025-06-19,1,failed,1.7503416e+18,1.7503551e+18,
BTC,2025-06-19,2,pending,,,
BTC,2025-06-20,1,hit,1.7504307e+18,,1.7504316e+18
BTC,2025-06-20,2,failed,1.7504253e+18,1.750428e+18,
BTC,2025-06-23,1,hit,1.7506863e+18,,1.7506872e+18
BTC,2025-06-23,2,failed,1.7506962e+18,1.7506989e+18,
BTC,2025-06-24,1,pending,,,
BTC,2025-06-24,2,hit,1.7507754e+18,,1.7507844e+18
BTC,2025-06-25,1,failed,1.7508663e+18,1.7508681e+18,
BTC,2025-06-25,2,failed,1.7508573e+18,1.7508663e+18,
BTC,2025-06-26,1,failed,1.7509437e+18,1.7509491e+18,
BTC,2025-06-26,2,failed,1.7509491e+18,1.7509518e+18,
BTC,2025-06-27,1,hit,1.7510301e+18,,1.7510346e+18
BTC,2025-06-27,2,armed,1.7510391e+18,,
BTC,2025-06-30,1,hit,1.7512929e+18,,1.7512938e+18
BTC,2025-06-30,2,pending,,,
BTC,2025-07-01,1,failed,1.7513757e+18,1.7513784e+18,
BTC,2025-07-01,2,failed,1.7513784e+18,1.7513811e+18,
BTC,2025-07-02,1,hit,1.7514621e+18,,1.7514639e+18
BTC,2025-07-03,1,failed,1.7515485e+18,1.7515503e+18,
BTC,2025-07-03,2,failed,1.7515503e+18,1.7515575e+18,
BTC,2025-07-04,1,hit,1.7516367e+18,,1.7516376e+18
BTC,2025-07-04,2,pending,,,
BTC,2025-07-07,1,hit,1.7518941e+18,,1.751895e+18
BTC,2025-07-07,2,pending,,,
BTC,2025-07-08,1,hit,1.7519823e+18,,1.7519832e+18
BTC,2025-07-08,2,failed,1.7519913e+18,1.7519949e+18,
BTC,2025-07-09,1,hit,1.7520714e+18,,1.7520723e+18
BTC,2025-07-09,2,hit,1.7520669e+18,,1.7520678e+18
BTC,2025-07-10,1,hit,1.7521533e+18,,1.7521551e+18
BTC,2025-07-10,2,hit,1.7521596e+18,,1.752165e+18
BTC,2025-07-11,1,failed,1.7522451e+18,1.7522469e+18,
BTC,2025-07-11,2,failed,1.7522505e+18,1.7522514e+18,
BTC,2025-07-14,1,failed,1.7524989e+18,1.7525043e+18,
BTC,2025-07-15,1,hit,1.7525907e+18,,1.7525916e+18
BTC,2025-07-16,1,pending,,,
BTC,2025-07-16,2,hit,1.752678e+18,,1.7526798e+18
BTC,2025-07-17,1,failed,1.7527599e+18,1.7527608e+18,
BTC,2025-07-17,2,hit,1.7527608e+18,,1.7527626e+18
BTC,2025-07-18,1,hit,1.7528445e+18,,1.752849e+18
BTC,2025-07-18,2,pending,,,
BTC,2025-07-21,1,failed,1.7531082e+18,1.7531127e+18,
BTC,2025-07-21,2,failed,1.7531037e+18,1.7531046e+18,
BTC,2025-07-22,1,armed,1.7531928e+18,,
BTC,2025-07-22,2,failed,1.7531901e+18,1.7531928e+18,
BTC,2025-07-23,1,hit,1.7532765e+18,,1.7532783e+18
BTC,2025-07-24,1,failed,1.7533656e+18,1.7533692e+18,
BTC,2025-07-24,2,failed,1.7533692e+18,1.7533755e+18,
BTC,2025-07-25,1,hit,1.7534493e+18,,1.7534547e+18
BTC,2025-07-25,2,pending,,,
BTC,2025-07-28,1,hit,1.7537112e+18,,1.7537256e+18
BTC,2025-07-28,2,pending,,,
BTC,2025-07-29,1,hit,1.7537985e+18,,1.7538012e+18
BTC,2025-07-29,2,pending,,,
BTC,2025-07-30,1,hit,1.7538867e+18,,1.7538876e+18
BTC,2025-07-30,2,pending,,,
BTC,2025-07-31,1,armed,1.7539848e+18,,
BTC,2025-07-31,2,failed,1.7539704e+18,1.7539722e+18,
BTC,2025-08-01,1,pending,,,
BTC,2025-08-04,1,hit,1.7543151e+18,,1.754316e+18
BTC,2025-08-04,2,failed,1.7543142e+18,1.7543151e+18,
BTC,2025-08-05,1,failed,1.7543997e+18,1.7544024e+18,
BTC,2025-08-05,2,pending,,,
BTC,2025-08-06,1,hit,1.7544924e+18,,1.7544951e+18
BTC,2025-08-06,2,hit,1.7544861e+18,,1.754487e+18
BTC,2025-08-07,1,failed,1.7545725e+18,1.7545815e+18,
BTC,2025-08-07,2,pending,,,
BTC,2025-08-08,1,failed,1.754667e+18,1.754676e+18,
BTC,2025-08-08,2,pending,,,
BTC,2025-08-11,1,armed,1.7549181e+18,,
BTC,2025-08-12,1,hit,1.7550045e+18,,1.7550108e+18
BTC,2025-08-12,2,pending,,,
BTC,2025-08-13,1,failed,1.7550927e+18,1.7550936e+18,
BTC,2025-08-13,2,hit,1.7550936e+18,,1.7550945e+18
BTC,2025-08-14,1,hit,1.7551773e+18,,1.7551782e+18
BTC,2025-08-14,2,pending,,,
BTC,2025-08-15,1,pending,,,
BTC,2025-08-15,2,hit,1.7552637e+18,,1.7552655e+18
BTC,2025-08-18,1,hit,1.7555229e+18,,1.7555382e+18
BTC,2025-08-18,2,pending,,,
BTC,2025-08-19,1,hit,1.7556111e+18,,1.7556138e+18
BTC,2025-08-19,2,pending,,,
BTC,2025-08-20,1,failed,1.7557038e+18,1.7557056e+18,
BTC,2025-08-20,2,hit,1.7556957e+18,,1.7556984e+18
BTC,2025-08-21,1,pending,,,
BTC,2025-08-22,1,pending,,,
BTC,2025-08-25,1,failed,1.7561295e+18,1.7561304e+18,
BTC,2025-08-26,1,hit,1.7562141e+18,,1.7562186e+18
BTC,2025-08-26,2,pending,,,
BTC,2025-08-27,1,pending,,,
BTC,2025-08-27,2,hit,1.7563023e+18,,1.756305e+18
BTC,2025-08-28,1,failed,1.756395e+18,1.7563986e+18,
BTC,2025-08-28,2,failed,1.7563869e+18,1.7563914e+18,
BTC,2025-08-29,1,hit,1.7564751e+18,,1.756476e+18
BTC,2025-08-29,2,pending,,,
BTC,2025-09-01,1,failed,1.7567325e+18,1.7567469e+18,
BTC,2025-09-01,2,pending,,,
BTC,2025-09-02,1,hit,1.7568207e+18,,1.7568216e+18
BTC,2025-09-02,2,failed,1.7568189e+18,1.7568207e+18,
BTC,2025-09-03,1,hit,1.7569071e+18,,1.7569107e+18
BTC,2025-09-03,2,failed,1.7569089e+18,1.7569107e+18,
BTC,2025-09-04,1,hit,1.7569944e+18,,1.7569953e+18
BTC,2025-09-04,2,pending,,,
BTC,2025-09-05,1,hit,1.7570826e+18,,1.7570844e+18
BTC,2025-09-05,2,hit,1.7570781e+18,,1.7570799e+18
BTC,2025-09-08,1,failed,1.75734e+18,1.7573427e+18,
BTC,2025-09-08,2,failed,1.7573373e+18,1.75734e+18,
BTC,2025-09-09,1,hit,1.7574291e+18,,1.7574327e+18
BTC,2025-09-09,2,failed,1.7574237e+18,1.7574291e+18,
BTC,2025-09-10,1,pending,,,
BTC,2025-09-10,2,hit,1.7575101e+18,,1.757511e+18
BTC,2025-09-11,1,failed,1.7575965e+18,1.7575992e+18,
BTC,2025-09-11,2,hit,1.7575992e+18,,1.7576019e+18
BTC,2025-09-12,1,pending,,,
BTC,2025-09-12,2,hit,1.7576856e+18,,1.7576964e+18
BTC,2025-09-15,1,hit,1.7579421e+18,,1.7579439e+18
BTC,2025-09-15,2,pending,,,
BTC,2025-09-16,1,pending,,,
BTC,2025-09-16,2,failed,1.7580285e+18,1.7580303e+18,
BTC,2025-09-17,1,pending,,,
BTC,2025-09-17,2,armed,1.7581149e+18,,
BTC,2025-09-18,1,armed,1.7582013e+18,,
BTC,2025-09-18,2,pending,,,
BTC,2025-09-19,1,hit,1.7582877e+18,,1.758294e+18
BTC,2025-09-19,2,pending,,,
BTC,2025-09-22,1,pending,,,
BTC,2025-09-22,2,failed,1.7585496e+18,1.758555e+18,
BTC,2025-09-23,1,armed,1.7586441e+18,,
BTC,2025-09-23,2,failed,1.7586369e+18,1.7586396e+18,
BTC,2025-09-24,1,hit,1.7587251e+18,,1.758726e+18
BTC,2025-09-24,2,failed,1.7587224e+18,1.7587251e+18,
BTC,2025-09-25,1,failed,1.758807e+18,1.7588079e+18,
BTC,2025-09-25,2,failed,1.7588061e+18,1.758807e+18,
BTC,2025-09-26,1,armed,1.7589078e+18,,
BTC,2025-09-26,2,hit,1.7588979e+18,,1.7588988e+18
BTC,2025-09-29,1,pending,,,
BTC,2025-09-29,2,hit,1.7591526e+18,,1.7591535e+18
BTC,2025-09-30,1,failed,1.7592507e+18,1.7592543e+18,
BTC,2025-10-01,1,hit,1.7593272e+18,,1.7593281e+18
BTC,2025-10-02,1,pending,,,
BTC,2025-10-02,2,hit,1.7594109e+18,,1.7594127e+18
BTC,2025-10-03,1,pending,,,
BTC,2025-10-03,2,failed,1.7594982e+18,1.7595009e+18,
BTC,2025-10-06,1,armed,1.7597565e+18,,
BTC,2025-10-06,2,pending,,,
BTC,2025-10-07,1,hit,1.7598465e+18,,1.7598474e+18
BTC,2025-10-07,2,hit,1.7598429e+18,,1.7598438e+18
BTC,2025-10-08,1,hit,1.7599428e+18,,1.7599437e+18
BTC,2025-10-09,1,hit,1.7600184e+18,,1.7600238e+18
BTC,2025-10-09,2,failed,1.7600166e+18,1.7600175e+18,
BTC,2025-10-10,1,hit,1.7601021e+18,,1.760103e+18
BTC,2025-10-10,2,hit,1.7601066e+18,,1.7601084e+18
BTC,2025-10-13,1,failed,1.760364e+18,1.7603658e+18,
BTC,2025-10-13,2,pending,,,
BTC,2025-10-14,1,pending,,,
BTC,2025-10-14,2,armed,1.7604513e+18,,
BTC,2025-10-15,1,failed,1.7605377e+18,1.7605395e+18,
BTC,2025-10-15,2,armed,1.7605341e+18,,
BTC,2025-10-16,1,failed,1.7606241e+18,1.7606259e+18,
BTC,2025-10-16,2,pending,,,
BTC,2025-10-17,1,pending,,,
BTC,2025-10-17,2,failed,1.7607069e+18,1.760715e+18,
BTC,2025-10-20,1,armed,1.7609661e+18,,
BTC,2025-10-20,2,pending,,,
BTC,2025-10-21,1,failed,1.7610552e+18,1.7610561e+18,
BTC,2025-10-22,1,failed,1.7611389e+18,1.7611443e+18,
BTC,2025-10-22,2,pending,,,
BTC,2025-10-23,1,failed,1.761228e+18,1.7612289e+18,
BTC,2025-10-23,2,failed,1.7612253e+18,1.7612325e+18,
BTC,2025-10-24,1,hit,1.7613135e+18,,1.7613162e+18
BTC,2025-10-24,2,pending,,,
BTC,2025-10-27,1,pending,,,
BTC,2025-10-27,2,hit,1.7615844e+18,,1.7615853e+18
BTC,2025-10-28,1,pending,,,
BTC,2025-10-28,2,hit,1.7616573e+18,,1.7616582e+18
BTC,2025-10-29,1,hit,1.7617464e+18,,1.7617473e+18
BTC,2025-10-29,2,pending,,,
BTC,2025-10-30,1,hit,1.7618301e+18,,1.761831e+18
BTC,2025-10-30,2,pending,,,
BTC,2025-10-31,1,hit,1.7619228e+18,,1.7619237e+18
BTC,2025-11-03,1,hit,1.7621838e+18,,1.7621847e+18
BTC,2025-11-03,2,failed,1.762182e+18,1.7621829e+18,
BTC,2025-11-04,1,hit,1.762272e+18,,1.7622756e+18
BTC,2025-11-04,2,failed,1.7622684e+18,1.762272e+18,
BTC,2025-11-05,1,armed,1.7623539e+18,,
BTC,2025-11-05,2,pending,,,
BTC,2025-11-06,1,hit,1.7624412e+18,,1.7624421e+18
BTC,2025-11-06,2,pending,,,
BTC,2025-11-07,1,hit,1.7625249e+18,,1.762533e+18
BTC,2025-11-07,2,pending,,,
BTC,2025-11-10,1,failed,1.7627841e+18,1.7627868e+18,
BTC,2025-11-10,2,failed,1.7627868e+18,1.7627976e+18,
BTC,2025-11-11,1,hit,1.7628705e+18,,1.7628723e+18
BTC,2025-11-11,2,pending,,,
BTC,2025-11-12,1,pending,,,
BTC,2025-11-13,1,pending,,,
BTC,2025-11-13,2,hit,1.7630433e+18,,1.7630487e+18
BTC,2025-11-14,1,armed,1.7631315e+18,,
BTC,2025-11-14,2,pending,,,
BTC,2025-11-17,1,failed,1.7633889e+18,1.7633907e+18,
BTC,2025-11-17,2,pending,,,
BTC,2025-11-18,1,hit,1.7634798e+18,,1.7634807e+18
BTC,2025-11-18,2,failed,1.7634753e+18,1.7634789e+18,
BTC,2025-11-19,1,failed,1.7635653e+18,1.7635662e+18,
BTC,2025-11-19,2,hit,1.763568e+18,,1.7635698e+18
BTC,2025-11-20,1,hit,1.7636481e+18,,1.7636517e+18
BTC,2025-11-20,2,pending,,,
BTC,2025-11-21,1,failed,1.7637345e+18,1.7637408e+18,
BTC,2025-11-24,1,hit,1.7639946e+18,,1.7639955e+18
BTC,2025-11-24,2,hit,1.7640009e+18,,1.7640054e+18
BTC,2025-11-25,1,hit,1.7640801e+18,,1.7640819e+18
BTC,2025-11-25,2,pending,,,
BTC,2025-11-26,1,pending,,,
BTC,2025-11-26,2,hit,1.7641737e+18,,1.7641782e+18
BTC,2025-11-27,1,pending,,,
BTC,2025-11-27,2,armed,1.7642601e+18,,
BTC,2025-11-28,1,hit,1.7643474e+18,,1.7643492e+18
BTC,2025-11-28,2,hit,1.7643393e+18,,1.7643402e+18
BTC,2025-12-01,1,failed,1.7646039e+18,1.7646111e+18,
BTC,2025-12-01,2,failed,1.7645985e+18,1.764603e+18,
BTC,2025-12-02,1,hit,1.7646849e+18,,1.7646858e+18
BTC,2025-12-02,2,pending,,,
BTC,2025-12-03,1,failed,1.7647713e+18,1.7647731e+18,
BTC,2025-12-03,2,failed,1.7647731e+18,1.764774e+18,
BTC,2025-12-04,1,failed,1.7648577e+18,1.7648631e+18,
BTC,2025-12-04,2,failed,1.7648631e+18,1.7648667e+18,
BTC,2025-12-05,1,pending,,,
BTC,2025-12-05,2,hit,1.7649441e+18,,1.764945e+18
BTC,2025-12-08,1,hit,1.7652033e+18,,1.7652069e+18
BTC,2025-12-08,2,pending,,,
BTC,2025-12-09,1,hit,1.7652942e+18,,1.7652951e+18
BTC,2025-12-09,2,failed,1.7652897e+18,1.7652942e+18,
BTC,2025-12-10,1,pending,,,
BTC,2025-12-10,2,armed,1.7653797e+18,,
BTC,2025-12-11,1,failed,1.7654652e+18,1.7654778e+18,
BTC,2025-12-11,2,pending,,,
BTC,2025-12-12,1,pending,,,
BTC,2025-12-12,2,hit,1.7655534e+18,,1.7655543e+18
BTC,2025-12-15,1,pending,,,
BTC,2025-12-15,2,hit,1.765809e+18,,1.7658108e+18
BTC,2025-12-16,1,armed,1.7659008e+18,,
BTC,2025-12-16,2,failed,1.7658945e+18,1.7659008e+18,
BTC,2025-12-17,1,hit,1.7659881e+18,,1.7659971e+18
BTC,2025-12-17,2,hit,1.7659836e+18,,1.7659845e+18
BTC,2025-12-18,1,hit,1.7660673e+18,,1.7660682e+18
BTC,2025-12-18,2,failed,1.766079e+18,1.7660817e+18,
BTC,2025-12-19,1,hit,1.7661537e+18,,1.7661555e+18
BTC,2025-12-22,1,armed,1.7664129e+18,,
BTC,2025-12-22,2,pending,,,
BTC,2025-12-23,1,failed,1.766502e+18,1.7665047e+18,
BTC,2025-12-23,2,failed,1.7665092e+18,1.7665128e+18,
BTC,2025-12-24,1,pending,,,
BTC,2025-12-24,2,armed,1.7665947e+18,,
BTC,2025-12-25,1,pending,,,
BTC,2025-12-25,2,hit,1.7666721e+18,,1.7666766e+18
BTC,2025-12-26,1,hit,1.7667603e+18,,1.7667612e+18
BTC,2025-12-26,2,pending,,,
BTC,2025-12-29,1,hit,1.7670186e+18,,1.7670195e+18
BTC,2025-12-29,2,pending,,,
BTC,2025-12-30,1,hit,1.7671068e+18,,1.7671122e+18
BTC,2025-12-30,2,pending,,,
BTC,2025-12-31,1,failed,1.7671905e+18,1.7671923e+18,
BTC,2025-12-31,2,hit,1.7671932e+18,,1.767195e+18
BTC,2026-01-01,1,hit,1.7672814e+18,,1.7672886e+18
BTC,2026-01-01,2,pending,,,
BTC,2026-01-02,1,failed,1.767366e+18,1.7673669e+18,
BTC,2026-01-02,2,failed,1.7673642e+18,1.7673651e+18,
BTC,2026-01-05,1,hit,1.7676243e+18,,1.7676252e+18
BTC,2026-01-05,2,pending,,,
BTC,2026-01-06,1,failed,1.7677116e+18,1.7677134e+18,
BTC,2026-01-06,2,hit,1.7677089e+18,,1.7677098e+18
BTC,2026-01-07,1,failed,1.7677962e+18,1.767798e+18,
BTC,2026-01-07,2,pending,,,
BTC,2026-01-08,1,failed,1.7678835e+18,1.7678844e+18,
BTC,2026-01-08,2,hit,1.7678844e+18,,1.767888e+18
BTC,2026-01-09,1,failed,1.767969e+18,1.7679699e+18,
BTC,2026-01-09,2,pending,,,
BTC,2026-01-12,1,hit,1.7682318e+18,,1.7682327e+18
BTC,2026-01-13,1,failed,1.7683137e+18,1.7683146e+18,
BTC,2026-01-13,2,hit,1.7683155e+18,,1.7683191e+18
BTC,2026-01-14,1,hit,1.7684001e+18,,1.7684028e+18
BTC,2026-01-14,2,pending,,,
BTC,2026-01-15,1,failed,1.7684865e+18,1.7684883e+18,
BTC,2026-01-15,2,hit,1.7684874e+18,,1.7684883e+18
BTC,2026-01-16,1,hit,1.7685774e+18,,1.7685783e+18
BTC,2026-01-16,2,failed,1.7685738e+18,1.7685747e+18,
BTC,2026-01-19,1,pending,,,
BTC,2026-01-19,2,failed,1.7688321e+18,1.768842e+18,
BTC,2026-01-20,1,pending,,,
BTC,2026-01-20,2,hit,1.7689212e+18,,1.7689275e+18
BTC,2026-01-21,1,hit,1.7690139e+18,,1.7690148e+18
BTC,2026-01-22,1,hit,1.7690913e+18,,1.769094e+18
BTC,2026-01-22,2,pending,,,
BTC,2026-01-23,1,failed,1.7691813e+18,1.7691831e+18,
BTC,2026-01-23,2,failed,1.7691786e+18,1.7691795e+18,
BTC,2026-01-26,1,pending,,,
BTC,2026-01-26,2,hit,1.7694387e+18,,1.7694405e+18
BTC,2026-01-27,1,failed,1.7695251e+18,1.7695269e+18,
BTC,2026-01-27,2,failed,1.7695233e+18,1.7695251e+18,
BTC,2026-01-28,1,failed,1.7696133e+18,1.7696223e+18,
BTC,2026-01-28,2,failed,1.7696097e+18,1.7696115e+18,
BTC,2026-01-29,1,hit,1.7696961e+18,,1.7696979e+18
BTC,2026-01-29,2,pending,,,
BTC,2026-01-30,1,failed,1.7697843e+18,1.769787e+18,
BTC,2026-02-02,1,hit,1.7700426e+18,,1.7700435e+18
BTC,2026-02-02,2,pending,,,
BTC,2026-02-03,1,failed,1.7701308e+18,1.7701344e+18,
BTC,2026-02-03,2,pending,,,
BTC,2026-02-04,1,pending,,,
BTC,2026-02-04,2,hit,1.7702145e+18,,1.7702154e+18
BTC,2026-02-05,1,hit,1.7703036e+18,,1.7703045e+18
BTC,2026-02-06,1,hit,1.7703873e+18,,1.7703927e+18
BTC,2026-02-06,2,pending,,,
BTC,2026-02-09,1,failed,1.7706465e+18,1.7706501e+18,
BTC,2026-02-09,2,armed,1.7706591e+18,,
BTC,2026-02-10,1,failed,1.7707347e+18,1.7707374e+18,
BTC,2026-02-10,2,pending,,,
BTC,2026-02-11,1,failed,1.7708193e+18,1.7708211e+18,
BTC,2026-02-11,2,hit,1.770822e+18,,1.7708229e+18
BTC,2026-02-12,1,hit,1.7709129e+18,,1.7709138e+18
BTC,2026-02-12,2,failed,1.7709057e+18,1.7709075e+18,
BTC,2026-02-13,1,hit,1.770993e+18,,1.7709966e+18
BTC,2026-02-13,2,pending,,,
BTC,2026-02-16,1,hit,1.7712513e+18,,1.7712567e+18
BTC,2026-02-16,2,pending,,,
BTC,2026-02-17,1,hit,1.7713395e+18,,1.7713404e+18
BTC,2026-02-17,2,failed,1.7713377e+18,1.7713395e+18,
BTC,2026-02-18,1,hit,1.7714295e+18,,1.7714304e+18
BTC,2026-02-18,2,hit,1.7714394e+18,,1.7714403e+18
BTC,2026-02-19,1,hit,1.7715105e+18,,1.7715114e+18
BTC,2026-02-19,2,pending,,,
BTC,2026-02-20,1,pending,,,
BTC,2026-02-20,2,hit,1.7715969e+18,,1.7715978e+18
BTC,2026-02-23,1,pending,,,
BTC,2026-02-24,1,hit,1.7719434e+18,,1.771947e+18
BTC,2026-02-24,2,pending,,,
BTC,2026-02-25,1,pending,,,
BTC,2026-02-25,2,hit,1.7720289e+18,,1.7720343e+18
BTC,2026-02-26,1,hit,1.7721153e+18,,1.7721171e+18
BTC,2026-02-26,2,pending,,,
BTC,2026-02-27,1,failed,1.7722017e+18,1.7722107e+18,
BTC,2026-02-27,2,armed,1.7722107e+18,,
BTC,2026-03-02,1,hit,1.7724627e+18,,1.7724636e+18
BTC,2026-03-02,2,failed,1.7724609e+18,1.7724627e+18,
BTC,2026-03-03,1,pending,,,
BTC,2026-03-03,2,armed,1.7725527e+18,,
BTC,2026-03-04,1,hit,1.7726337e+18,,1.7726373e+18
BTC,2026-03-05,1,hit,1.7727201e+18,,1.7727246e+18
BTC,2026-03-05,2,pending,,,
BTC,2026-03-06,1,pending,,,
BTC,2026-03-06,2,hit,1.7728065e+18,,1.7728092e+18
BTC,2026-03-09,1,hit,1.7730621e+18,,1.773063e+18
BTC,2026-03-10,1,hit,1.7731503e+18,,1.7731521e+18
BTC,2026-03-10,2,failed,1.7731548e+18,1.7731647e+18,
BTC,2026-03-11,1,hit,1.7732358e+18,,1.7732367e+18
BTC,2026-03-11,2,pending,,,
BTC,2026-03-12,1,failed,1.7733222e+18,1.7733357e+18,
BTC,2026-03-12,2,pending,,,
BTC,2026-03-13,1,hit,1.7734077e+18,,1.7734122e+18
BTC,2026-03-13,2,armed,1.7734167e+18,,
BTC,2026-03-16,1,pending,,,
BTC,2026-03-16,2,failed,1.7736723e+18,1.773675e+18,
BTC,2026-03-17,1,failed,1.7737533e+18,1.7737596e+18,
BTC,2026-03-17,2,pending,,,
BTC,2026-03-18,1,hit,1.7738397e+18,,1.7738442e+18
BTC,2026-03-18,2,pending,,,
BTC,2026-03-19,1,pending,,,
BTC,2026-03-19,2,failed,1.7739261e+18,1.7739288e+18,
BTC,2026-03-20,1,pending,,,
BTC,2026-03-20,2,hit,1.7740152e+18,,1.7740278e+18
BTC,2026-03-23,1,pending,,,
BTC,2026-03-24,1,hit,1.7743581e+18,,1.774359e+18
BTC,2026-03-24,2,pending,,,
BTC,2026-03-25,1,pending,,,
BTC,2026-03-25,2,hit,1.7744481e+18,,1.774449e+18
BTC,2026-03-26,1,armed,1.7745381e+18,,
BTC,2026-03-26,2,failed,1.7745327e+18,1.7745381e+18,
BTC,2026-03-27,1,hit,1.77462e+18,,1.7746218e+18
BTC,2026-03-30,1,pending,,,
BTC,2026-03-30,2,hit,1.774881e+18,,1.7748819e+18
BTC,2026-03-31,1,hit,1.7749629e+18,,1.7749755e+18
BTC,2026-03-31,2,pending,,,
BTC,2026-04-01,1,hit,1.7750493e+18,,1.7750511e+18
BTC,2026-04-01,2,pending,,,
BTC,2026-04-02,1,hit,1.7751357e+18,,1.7751375e+18
BTC,2026-04-03,1,hit,1.7752221e+18,,1.775223e+18
BTC,2026-04-03,2,pending,,,
BTC,2026-04-06,1,failed,1.7754813e+18,1.7754894e+18,
BTC,2026-04-06,2,pending,,,
BTC,2026-04-07,1,hit,1.7755704e+18,,1.7755713e+18
BTC,2026-04-07,2,failed,1.7755677e+18,1.7755704e+18,
BTC,2026-04-08,1,failed,1.7756586e+18,1.7756685e+18,
BTC,2026-04-08,2,failed,1.7756541e+18,1.7756559e+18,
BTC,2026-04-09,1,hit,1.7757423e+18,,1.7757432e+18
BTC,2026-04-09,2,hit,1.7757495e+18,,1.7757504e+18
BTC,2026-04-10,1,pending,,,
BTC,2026-04-13,1,pending,,,
BTC,2026-04-13,2,hit,1.7760861e+18,,1.7760888e+18
BTC,2026-04-13,3,failed,1.7760861e+18,1.7760888e+18,
BTC,2026-04-14,1,hit,1.7761725e+18,,1.7761734e+18
BTC,2026-04-14,2,failed,1.7761743e+18,1.7761752e+18,
BTC,2026-04-15,1,failed,1.7762607e+18,1.7762634e+18,
BTC,2026-04-15,2,pending,,,
BTC,2026-04-16,1,hit,1.776348e+18,,1.7763489e+18
BTC,2026-04-16,2,failed,1.7763453e+18,1.7763471e+18,
BTC,2026-04-16,3,pending,,,
BTC,2026-04-17,1,pending,,,
BTC,2026-04-17,2,hit,1.7764317e+18,,1.7764335e+18
BTC,2026-04-20,1,pending,,,
BTC,2026-04-20,2,armed,1.776699e+18,,
BTC,2026-04-21,1,pending,,,
BTC,2026-04-21,2,failed,1.7767809e+18,1.7767818e+18,
BTC,2026-04-22,1,hit,1.7768646e+18,,1.7768655e+18
BTC,2026-04-23,1,failed,1.7769663e+18,1.7769672e+18,
BTC,2026-04-23,2,failed,1.7769564e+18,1.7769645e+18,
BTC,2026-04-24,1,failed,1.7770365e+18,1.7770401e+18,
BTC,2026-04-24,2,armed,1.7770401e+18,,
BTC,2026-04-27,1,hit,1.7773029e+18,,1.7773038e+18
BTC,2026-04-27,2,failed,1.7773011e+18,1.7773029e+18,
BTC,2026-04-27,3,hit,1.7773011e+18,,1.7773029e+18
BTC,2026-04-28,1,hit,1.7773857e+18,,1.7773866e+18
BTC,2026-04-28,2,pending,,,
BTC,2026-04-29,1,pending,,,
BTC,2026-04-29,2,hit,1.7774685e+18,,1.7774694e+18
BTC,2026-04-30,1,pending,,,
BTC,2026-04-30,2,failed,1.7775567e+18,1.7775684e+18,
BTC,2026-04-30,3,armed,1.7775567e+18,,
BTC,2026-05-01,1,pending,,,
BTC,2026-05-01,2,hit,1.7776413e+18,,1.7776422e+18
BTC,2026-05-01,3,failed,1.7776413e+18,1.7776422e+18,
BTC,2026-05-04,1,pending,,,
BTC,2026-05-04,2,hit,1.777905e+18,,1.7779059e+18
BTC,2026-05-04,3,failed,1.777905e+18,1.7779059e+18,
BTC,2026-05-05,1,failed,1.7779869e+18,1.7779905e+18,
BTC,2026-05-05,2,pending,,,
BTC,2026-05-05,3,failed,1.7779869e+18,1.7779941e+18,
BTC,2026-05-06,1,hit,1.7780733e+18,,1.778076e+18
BTC,2026-05-06,2,pending,,,
BTC,2026-05-06,3,pending,,,
BTC,2026-05-07,1,hit,1.7781615e+18,,1.7781624e+18
BTC,2026-05-07,2,pending,,,
BTC,2026-05-07,3,pending,,,
BTC,2026-05-08,1,pending,,,
BTC,2026-05-08,2,hit,1.7782461e+18,,1.778247e+18
BTC,2026-05-08,3,pending,,,
BTC,2026-05-11,1,failed,1.7785098e+18,1.7785134e+18,
BTC,2026-05-11,2,pending,,,
BTC,2026-05-12,1,failed,1.7785944e+18,1.7785971e+18,
BTC,2026-05-12,2,pending,,,
BTC,2026-05-12,3,pending,,,
BTC,2026-05-13,1,pending,,,
BTC,2026-05-13,2,hit,1.7786781e+18,,1.778679e+18
BTC,2026-05-13,3,pending,,,
BTC,2026-05-14,1,pending,,,
BTC,2026-05-14,2,hit,1.7787645e+18,,1.7787654e+18
BTC,2026-05-14,3,failed,1.7787645e+18,1.7787654e+18,
BTC,2026-05-15,1,hit,1.7788509e+18,,1.7788518e+18
BTC,2026-05-15,2,pending,,,
BTC,2026-05-15,3,pending,,,
BTC,2026-05-18,1,failed,1.7791101e+18,1.7791119e+18,
BTC,2026-05-18,2,hit,1.7791137e+18,,1.7791155e+18
BTC,2026-05-19,1,pending,,,
BTC,2026-05-19,2,hit,1.779201e+18,,1.7792019e+18
BTC,2026-05-19,3,pending,,,
BTC,2026-05-20,1,failed,1.7792829e+18,1.7792847e+18,
BTC,2026-05-20,2,pending,,,
BTC,2026-05-20,3,pending,,,
BTC,2026-05-21,1,hit,1.7793711e+18,,1.7793747e+18
BTC,2026-05-21,2,hit,1.7793846e+18,,1.7793855e+18
BTC,2026-05-21,3,failed,1.7793846e+18,1.7793855e+18,
BTC,2026-05-22,1,armed,1.7794593e+18,,
BTC,2026-05-22,2,pending,,,
BTC,2026-05-22,3,pending,,,
BTC,2026-05-25,1,pending,,,
BTC,2026-05-25,2,hit,1.7797194e+18,,1.7797203e+18
BTC,2026-05-25,3,armed,1.7797212e+18,,
BTC,2026-05-26,1,hit,1.7798022e+18,,1.7798031e+18
BTC,2026-05-26,2,hit,1.7798049e+18,,1.7798058e+18
BTC,2026-05-26,3,hit,1.7798058e+18,,1.7798067e+18
BTC,2026-05-27,1,hit,1.7798877e+18,,1.7798886e+18
BTC,2026-05-27,2,pending,,,
BTC,2026-05-27,3,pending,,,
BTC,2026-05-28,1,pending,,,
BTC,2026-05-28,2,armed,1.7799741e+18,,
BTC,2026-05-28,3,pending,,,
BTC,2026-05-29,1,hit,1.7800605e+18,,1.7800659e+18
BTC,2026-05-29,2,hit,1.7800677e+18,,1.7800686e+18
BTC,2026-05-29,3,failed,1.7800677e+18,1.7800695e+18,
BTC,2026-06-01,1,hit,1.7803197e+18,,1.7803242e+18
BTC,2026-06-01,2,pending,,,
BTC,2026-06-02,1,hit,1.7804061e+18,,1.7804106e+18
BTC,2026-06-02,2,pending,,,
BTC,2026-06-03,1,hit,1.7804934e+18,,1.7804943e+18
BTC,2026-06-03,2,pending,,,
BTC,2026-06-04,1,pending,,,
BTC,2026-06-05,1,failed,1.7806662e+18,1.780668e+18,
BTC,2026-06-05,2,hit,1.780668e+18,,1.7806689e+18
BTC,2026-06-08,1,armed,1.7809245e+18,,
BTC,2026-06-08,2,pending,,,
BTC,2026-06-09,1,hit,1.7810118e+18,,1.7810136e+18
BTC,2026-06-09,2,pending,,,
BTC,2026-06-10,1,hit,1.7810991e+18,,1.7811e+18
BTC,2026-06-10,2,pending,,,
BTC,2026-06-11,1,armed,1.7811999e+18,,
BTC,2026-06-11,2,hit,1.7811837e+18,,1.7811846e+18
BTC,2026-06-12,1,failed,1.7812701e+18,1.7812764e+18,
BTC,2026-06-12,2,hit,1.7812764e+18,,1.7812773e+18
BTC,2026-06-15,1,pending,,,
BTC,2026-06-15,2,armed,1.7815293e+18,,
BTC,2026-06-16,1,hit,1.7816157e+18,,1.7816202e+18
BTC,2026-06-16,2,pending,,,
BTC,2026-06-17,1,hit,1.7817021e+18,,1.7817111e+18
BTC,2026-06-17,2,pending,,,
BTC,2026-06-18,1,failed,1.7817885e+18,1.7817957e+18,
BTC,2026-06-18,2,hit,1.7817903e+18,,1.7817957e+18
BTC,2026-06-19,1,pending,,,
BTC,2026-06-19,2,hit,1.7818767e+18,,1.7818776e+18
BTC,2026-06-22,1,hit,1.7821467e+18,,1.7821503e+18
BTC,2026-06-22,2,failed,1.7821341e+18,1.7821467e+18,
BTC,2026-06-23,1,pending,,,
BTC,2026-06-23,2,failed,1.7822205e+18,1.7822241e+18,
BTC,2026-06-24,1,pending,,,
BTC,2026-06-24,2,hit,1.7823069e+18,,1.7823078e+18
BTC,2026-06-25,1,pending,,,
BTC,2026-06-25,2,hit,1.7823942e+18,,1.7823951e+18
BTC,2026-06-26,1,pending,,,
BTC,2026-06-26,2,hit,1.7824824e+18,,1.7824833e+18
BTC,2026-06-29,1,failed,1.7827389e+18,1.7827407e+18,
BTC,2026-06-29,2,failed,1.7827407e+18,1.7827479e+18,
BTC,2026-06-30,1,hit,1.7828253e+18,,1.7828262e+18
BTC,2026-06-30,2,pending,,,
BTC,2026-07-01,1,pending,,,
BTC,2026-07-01,2,hit,1.7829117e+18,,1.7829144e+18
BTC,2026-07-02,1,armed,1.7829981e+18,,
BTC,2026-07-02,2,failed,1.7830098e+18,1.7830116e+18,
BTC,2026-07-03,1,failed,1.7830863e+18,1.7830881e+18,
BTC,2026-07-03,2,failed,1.7830881e+18,1.7831007e+18,
BTC,2026-07-06,1,hit,1.7833527e+18,,1.7833545e+18
BTC,2026-07-06,2,hit,1.7833437e+18,,1.7833446e+18
BTC,2026-07-07,1,pending,,,
BTC,2026-07-07,2,hit,1.7834364e+18,,1.7834427e+18
BTC,2026-07-08,1,pending,,,
BTC,2026-07-08,2,hit,1.7835165e+18,,1.7835237e+18
BTC,2026-07-09,1,pending,,,
BTC,2026-07-09,2,failed,1.7836056e+18,1.7836146e+18,
BTC,2026-07-10,1,pending,,,
BTC,2026-07-13,1,failed,1.7839503e+18,1.7839548e+18,
BTC,2026-07-13,2,pending,,,
BTC,2026-07-14,1,hit,1.7840349e+18,,1.7840358e+18
BTC,2026-07-14,2,pending,,,
BTC,2026-07-15,1,pending,,,
BTC,2026-07-15,2,hit,1.7841213e+18,,1.7841222e+18
BTC,2026-07-16,1,hit,1.7842113e+18,,1.7842122e+18
BTC,2026-07-16,2,pending,,,
BTC,2026-07-17,1,hit,1.7843067e+18,,1.7843085e+18
BTC,2026-07-17,2,failed,1.7842959e+18,1.7842968e+18,
BTC,2026-07-20,1,armed,1.7845623e+18,,
BTC,2026-07-20,2,hit,1.7845533e+18,,1.7845542e+18
BTC,2026-07-21,1,pending,,,
BTC,2026-07-21,2,hit,1.7846397e+18,,1.7846424e+18
BTC,2026-07-22,1,hit,1.7847261e+18,,1.784727e+18
BTC,2026-07-22,2,pending,,,
BTC,2026-07-23,1,pending,,,
BTC,2026-07-23,2,hit,1.7848125e+18,,1.7848134e+18
ETH,2022-01-11,1,pending,,,
ETH,2022-01-11,2,hit,1.6419141e+18,,1.6419177e+18
ETH,2022-01-12,1,pending,,,
ETH,2022-01-12,2,hit,1.6419969e+18,,1.6419978e+18
ETH,2022-01-13,1,hit,1.6420887e+18,,1.6420941e+18
ETH,2022-01-13,2,hit,1.6420833e+18,,1.6420842e+18
ETH,2022-01-14,1,hit,1.6421715e+18,,1.6421724e+18
ETH,2022-01-14,2,pending,,,
ETH,2022-01-17,1,hit,1.6424325e+18,,1.6424361e+18
ETH,2022-01-17,2,pending,,,
ETH,2022-01-18,1,hit,1.6425153e+18,,1.6425162e+18
ETH,2022-01-18,2,pending,,,
ETH,2022-01-19,1,failed,1.6426017e+18,1.6426089e+18,
ETH,2022-01-19,2,pending,,,
ETH,2022-01-20,1,hit,1.6426881e+18,,1.642689e+18
ETH,2022-01-20,2,pending,,,
ETH,2022-01-21,1,armed,1.6427898e+18,,
ETH,2022-01-24,1,failed,1.6430337e+18,1.6430346e+18,
ETH,2022-01-25,1,failed,1.6431219e+18,1.6431228e+18,
ETH,2022-01-26,1,hit,1.6432065e+18,,1.6432074e+18
ETH,2022-01-26,2,pending,,,
ETH,2022-01-27,1,pending,,,
ETH,2022-01-27,2,hit,1.6432929e+18,,1.6432938e+18
ETH,2022-01-28,1,failed,1.6433793e+18,1.6433811e+18,
ETH,2022-01-28,2,pending,,,
ETH,2022-01-31,1,pending,,,
ETH,2022-01-31,2,hit,1.6436385e+18,,1.6436394e+18
ETH,2022-02-01,1,failed,1.6437249e+18,1.6437267e+18,
ETH,2022-02-01,2,failed,1.6437267e+18,1.6437348e+18,
ETH,2022-02-02,1,pending,,,
ETH,2022-02-02,2,hit,1.6438113e+18,,1.6438122e+18
ETH,2022-02-03,1,failed,1.6438977e+18,1.6439022e+18,
ETH,2022-02-03,2,armed,1.6439022e+18,,
ETH,2022-02-04,1,hit,1.6439877e+18,,1.6439886e+18
ETH,2022-02-07,1,hit,1.6442433e+18,,1.6442442e+18
ETH,2022-02-07,2,pending,,,
ETH,2022-02-08,1,failed,1.6443297e+18,1.6443333e+18,
ETH,2022-02-08,2,failed,1.6443333e+18,1.6443351e+18,
ETH,2022-02-09,1,failed,1.6444179e+18,1.6444206e+18,
ETH,2022-02-09,2,failed,1.6444215e+18,1.6444251e+18,
ETH,2022-02-10,1,pending,,,
ETH,2022-02-10,2,hit,1.6445025e+18,,1.6445034e+18
ETH,2022-02-11,1,pending,,,
ETH,2022-02-11,2,hit,1.6445916e+18,,1.6446042e+18
ETH,2022-02-14,1,hit,1.6448481e+18,,1.6448598e+18
ETH,2022-02-14,2,armed,1.6448652e+18,,
ETH,2022-02-15,1,failed,1.6449462e+18,1.6449498e+18,
ETH,2022-02-15,2,failed,1.6449345e+18,1.6449462e+18,
ETH,2022-02-16,1,armed,1.6450209e+18,,
ETH,2022-02-16,2,pending,,,
ETH,2022-02-17,1,pending,,,
ETH,2022-02-17,2,hit,1.6451073e+18,,1.6451082e+18
ETH,2022-02-18,1,pending,,,
ETH,2022-02-18,2,hit,1.6451937e+18,,1.6451946e+18
ETH,2022-02-21,1,hit,1.6454529e+18,,1.6454538e+18
ETH,2022-02-21,2,pending,,,
ETH,2022-02-22,1,failed,1.645542e+18,1.6455465e+18,
ETH,2022-02-22,2,failed,1.6455393e+18,1.645542e+18,
ETH,2022-02-24,1,hit,1.6457121e+18,,1.6457157e+18
ETH,2022-02-24,2,pending,,,
ETH,2022-02-25,1,failed,1.6457994e+18,1.6458048e+18,
ETH,2022-02-25,2,failed,1.6458048e+18,1.6458093e+18,
ETH,2022-02-28,1,pending,,,
ETH,2022-02-28,2,hit,1.6460586e+18,,1.6460604e+18
ETH,2022-03-01,1,hit,1.6461441e+18,,1.646145e+18
ETH,2022-03-01,2,hit,1.6461495e+18,,1.646154e+18
ETH,2022-03-02,1,pending,,,
ETH,2022-03-02,2,hit,1.6462305e+18,,1.6462314e+18
ETH,2022-03-03,1,failed,1.6463169e+18,1.6463187e+18,
ETH,2022-03-03,2,hit,1.6463205e+18,,1.6463214e+18
ETH,2022-03-04,1,pending,,,
ETH,2022-03-04,2,hit,1.6464033e+18,,1.6464069e+18
ETH,2022-03-07,1,hit,1.6466625e+18,,1.6466634e+18
ETH,2022-03-07,2,hit,1.6466769e+18,,1.6466778e+18
ETH,2022-03-08,1,failed,1.6467633e+18,1.6467651e+18,
ETH,2022-03-08,2,failed,1.6467516e+18,1.6467615e+18,
ETH,2022-03-09,1,failed,1.6468407e+18,1.6468497e+18,
ETH,2022-03-10,1,armed,1.6469217e+18,,
ETH,2022-03-11,1,pending,,,
ETH,2022-03-11,2,hit,1.6470081e+18,,1.6470117e+18
ETH,2022-03-14,1,pending,,,
ETH,2022-03-14,2,armed,1.6472646e+18,,
ETH,2022-03-15,1,hit,1.6473618e+18,,1.6473627e+18
ETH,2022-03-15,2,failed,1.6473519e+18,1.6473537e+18,
ETH,2022-03-16,1,failed,1.6474365e+18,1.6474383e+18,
ETH,2022-03-16,2,failed,1.647441e+18,1.6474509e+18,
ETH,2022-03-17,1,pending,,,
ETH,2022-03-17,2,hit,1.6475229e+18,,1.6475238e+18
ETH,2022-03-18,1,hit,1.6476093e+18,,1.6476129e+18
ETH,2022-03-18,2,pending,,,
ETH,2022-03-21,1,failed,1.6478685e+18,1.6478721e+18,
ETH,2022-03-21,2,failed,1.647873e+18,1.6478748e+18,
ETH,2022-03-22,1,pending,,,
ETH,2022-03-23,1,hit,1.6480413e+18,,1.6480449e+18
ETH,2022-03-23,2,pending,,,
ETH,2022-03-24,1,hit,1.648134e+18,,1.6481349e+18
ETH,2022-03-24,2,hit,1.6481277e+18,,1.6481286e+18
ETH,2022-03-25,1,hit,1.6482141e+18,,1.6482195e+18
ETH,2022-03-25,2,hit,1.6482222e+18,,1.6482267e+18
ETH,2022-03-28,1,hit,1.6484733e+18,,1.6484742e+18
ETH,2022-03-28,2,pending,,,
ETH,2022-03-29,1,pending,,,
ETH,2022-03-29,2,hit,1.6485687e+18,,1.6485705e+18
ETH,2022-03-30,1,armed,1.6486623e+18,,
ETH,2022-03-30,2,hit,1.6486461e+18,,1.648647e+18
ETH,2022-03-31,1,pending,,,
ETH,2022-03-31,2,hit,1.6487343e+18,,1.6487352e+18
ETH,2022-04-01,1,hit,1.6488189e+18,,1.6488225e+18
ETH,2022-04-01,2,pending,,,
ETH,2022-04-04,1,hit,1.6490781e+18,,1.6490844e+18
ETH,2022-04-04,2,pending,,,
ETH,2022-04-05,1,hit,1.6491645e+18,,1.6491654e+18
ETH,2022-04-05,2,pending,,,
ETH,2022-04-06,1,hit,1.6492527e+18,,1.6492536e+18
ETH,2022-04-07,1,pending,,,
ETH,2022-04-07,2,hit,1.6493373e+18,,1.6493445e+18
ETH,2022-04-08,1,hit,1.6494237e+18,,1.6494246e+18
ETH,2022-04-08,2,failed,1.6494282e+18,1.6494381e+18,
ETH,2022-04-11,1,hit,1.6496829e+18,,1.6496874e+18
ETH,2022-04-12,1,hit,1.6497693e+18,,1.6497702e+18
ETH,2022-04-12,2,pending,,,
ETH,2022-04-13,1,hit,1.6498575e+18,,1.6498584e+18
ETH,2022-04-13,2,pending,,,
ETH,2022-04-14,1,armed,1.6499439e+18,,
ETH,2022-04-14,2,failed,1.6499421e+18,1.6499439e+18,
ETH,2022-04-15,1,pending,,,
ETH,2022-04-15,2,hit,1.6500285e+18,,1.6500312e+18
ETH,2022-04-18,1,armed,1.6503048e+18,,
ETH,2022-04-18,2,failed,1.6502985e+18,1.6503003e+18,
ETH,2022-04-19,1,pending,,,
ETH,2022-04-19,2,hit,1.6503741e+18,,1.650375e+18
ETH,2022-04-20,1,hit,1.6504605e+18,,1.6504623e+18
ETH,2022-04-20,2,pending,,,
ETH,2022-04-21,1,failed,1.6505478e+18,1.6505559e+18,
ETH,2022-04-21,2,hit,1.6505523e+18,,1.6505604e+18
ETH,2022-04-22,1,pending,,,
ETH,2022-04-22,2,armed,1.6506351e+18,,
ETH,2022-04-25,1,hit,1.6509051e+18,,1.650906e+18
ETH,2022-04-25,2,pending,,,
ETH,2022-04-26,1,hit,1.6509789e+18,,1.6509798e+18
ETH,2022-04-26,2,pending,,,
ETH,2022-04-27,1,pending,,,
ETH,2022-04-27,2,failed,1.6510653e+18,1.6510671e+18,
ETH,2022-04-28,1,armed,1.651167e+18,,
ETH,2022-04-28,2,hit,1.6511517e+18,,1.6511526e+18
ETH,2022-04-29,1,armed,1.6512507e+18,,
ETH,2022-04-29,2,hit,1.6512381e+18,,1.651239e+18
ETH,2022-05-02,1,hit,1.6514973e+18,,1.6514991e+18
ETH,2022-05-02,2,pending,,,
ETH,2022-05-03,1,armed,1.6515891e+18,,
ETH,2022-05-03,2,pending,,,
ETH,2022-05-04,1,armed,1.6516719e+18,,
ETH,2022-05-04,2,pending,,,
ETH,2022-05-05,1,hit,1.6517574e+18,,1.6517583e+18
ETH,2022-05-05,2,pending,,,
ETH,2022-05-06,1,failed,1.6518429e+18,1.6518447e+18,
ETH,2022-05-06,2,failed,1.6518447e+18,1.6518492e+18,
ETH,2022-05-09,1,failed,1.6521039e+18,1.6521066e+18,
ETH,2022-05-09,2,hit,1.6521147e+18,,1.6521156e+18
ETH,2022-05-10,1,failed,1.6521885e+18,1.6521903e+18,
ETH,2022-05-10,2,hit,1.6521939e+18,,1.6521957e+18
ETH,2022-05-11,1,hit,1.6522749e+18,,1.6522758e+18
ETH,2022-05-11,2,pending,,,
ETH,2022-05-12,1,failed,1.6523676e+18,1.6523712e+18,
ETH,2022-05-12,2,failed,1.6523613e+18,1.6523676e+18,
ETH,2022-05-13,1,pending,,,
ETH,2022-05-13,2,failed,1.6524477e+18,1.6524522e+18,
ETH,2022-05-16,1,hit,1.6527069e+18,,1.6527096e+18
ETH,2022-05-17,1,failed,1.6527951e+18,1.6527969e+18,
ETH,2022-05-17,2,armed,1.6527987e+18,,
ETH,2022-05-18,1,hit,1.6528797e+18,,1.6528806e+18
ETH,2022-05-18,2,pending,,,
ETH,2022-05-19,1,hit,1.6529661e+18,,1.6529697e+18
ETH,2022-05-19,2,pending,,,
ETH,2022-05-20,1,pending,,,
ETH,2022-05-20,2,hit,1.6530525e+18,,1.6530561e+18
ETH,2022-05-23,1,failed,1.6533117e+18,1.6533153e+18,
ETH,2022-05-23,2,failed,1.6533153e+18,1.6533189e+18,
ETH,2022-05-24,1,hit,1.6533999e+18,,1.6534008e+18
ETH,2022-05-24,2,failed,1.6534089e+18,1.6534125e+18,
ETH,2022-05-25,1,failed,1.6534881e+18,1.6534935e+18,
ETH,2022-05-25,2,pending,,,
ETH,2022-05-26,1,failed,1.6535709e+18,1.6535745e+18,
ETH,2022-05-26,2,hit,1.6535745e+18,,1.6535817e+18
ETH,2022-05-27,1,hit,1.6536636e+18,,1.6536735e+18
ETH,2022-05-27,2,failed,1.6536573e+18,1.6536627e+18,
ETH,2022-05-30,1,failed,1.6539165e+18,1.653921e+18,
ETH,2022-05-30,2,armed,1.6539291e+18,,
ETH,2022-05-31,1,failed,1.6540047e+18,1.6540128e+18,
ETH,2022-05-31,2,failed,1.6540038e+18,1.6540047e+18,
ETH,2022-06-01,1,hit,1.6540893e+18,,1.6540902e+18
ETH,2022-06-01,2,hit,1.6540938e+18,,1.6540947e+18
ETH,2022-06-02,1,pending,,,
ETH,2022-06-02,2,hit,1.6541757e+18,,1.6541802e+18
ETH,2022-06-03,1,hit,1.6542621e+18,,1.654263e+18
ETH,2022-06-03,2,pending,,,
ETH,2022-06-06,1,failed,1.6545222e+18,1.6545276e+18,
ETH,2022-06-07,1,failed,1.6546077e+18,1.6546095e+18,
ETH,2022-06-07,2,pending,,,
ETH,2022-06-08,1,hit,1.6546959e+18,,1.6546968e+18
ETH,2022-06-09,1,armed,1.654794e+18,,
ETH,2022-06-09,2,failed,1.6547823e+18,1.6547931e+18,
ETH,2022-06-10,1,pending,,,
ETH,2022-06-10,2,hit,1.6548669e+18,,1.6548678e+18
ETH,2022-06-13,1,failed,1.6551261e+18,1.6551315e+18,
ETH,2022-06-13,2,pending,,,
ETH,2022-06-14,1,failed,1.6552134e+18,1.6552143e+18,
ETH,2022-06-14,2,pending,,,
ETH,2022-06-15,1,hit,1.6553043e+18,,1.6553115e+18
ETH,2022-06-16,1,hit,1.6553871e+18,,1.6553889e+18
ETH,2022-06-17,1,failed,1.6554735e+18,1.6554753e+18,
ETH,2022-06-17,2,pending,,,
ETH,2022-06-20,1,failed,1.6557309e+18,1.6557372e+18,
ETH,2022-06-20,2,pending,,,
ETH,2022-06-21,1,pending,,,
ETH,2022-06-21,2,hit,1.6558191e+18,,1.65582e+18
ETH,2022-06-22,1,failed,1.6559037e+18,1.6559064e+18,
ETH,2022-06-22,2,failed,1.6559064e+18,1.6559118e+18,
ETH,2022-06-23,1,failed,1.6559901e+18,1.6559928e+18,
ETH,2022-06-23,2,armed,1.6559937e+18,,
ETH,2022-06-24,1,failed,1.6560873e+18,1.65609e+18,
ETH,2022-06-24,2,failed,1.6560765e+18,1.6560819e+18,
ETH,2022-06-27,1,hit,1.6563357e+18,,1.6563375e+18
ETH,2022-06-27,2,pending,,,
ETH,2022-06-28,1,failed,1.6564239e+18,1.6564266e+18,
ETH,2022-06-28,2,hit,1.6564302e+18,,1.6564311e+18
ETH,2022-06-29,1,pending,,,
ETH,2022-06-29,2,failed,1.6565103e+18,1.6565112e+18,
ETH,2022-06-30,1,failed,1.6565967e+18,1.6566012e+18,
ETH,2022-06-30,2,failed,1.6565949e+18,1.6565967e+18,
ETH,2022-07-01,1,armed,1.6566975e+18,,
ETH,2022-07-01,2,pending,,,
ETH,2022-07-04,1,hit,1.6569423e+18,,1.6569459e+18
ETH,2022-07-04,2,failed,1.6569405e+18,1.6569423e+18,
ETH,2022-07-05,1,hit,1.6570269e+18,,1.6570278e+18
ETH,2022-07-06,1,failed,1.6571223e+18,1.6571259e+18,
ETH,2022-07-06,2,armed,1.6571133e+18,,
ETH,2022-07-07,1,failed,1.6572006e+18,1.6572015e+18,
ETH,2022-07-07,2,hit,1.6571997e+18,,1.6572033e+18
ETH,2022-07-08,1,pending,,,
ETH,2022-07-08,2,hit,1.6572861e+18,,1.6572888e+18
ETH,2022-07-11,1,failed,1.657548e+18,1.6575507e+18,
ETH,2022-07-11,2,failed,1.6575453e+18,1.657548e+18,
ETH,2022-07-12,1,pending,,,
ETH,2022-07-13,1,armed,1.6577325e+18,,
ETH,2022-07-13,2,hit,1.6577181e+18,,1.657719e+18
ETH,2022-07-14,1,failed,1.6578054e+18,1.6578099e+18,
ETH,2022-07-15,1,failed,1.6579026e+18,1.6579053e+18,
ETH,2022-07-15,2,hit,1.6578909e+18,,1.6578954e+18
ETH,2022-07-18,1,failed,1.6581501e+18,1.6581537e+18,
ETH,2022-07-19,1,pending,,,
ETH,2022-07-19,2,failed,1.6582401e+18,1.6582482e+18,
ETH,2022-07-20,1,pending,,,
ETH,2022-07-20,2,hit,1.6583256e+18,,1.6583355e+18
ETH,2022-07-21,1,hit,1.6584093e+18,,1.6584201e+18
ETH,2022-07-21,2,pending,,,
ETH,2022-07-22,1,pending,,,
ETH,2022-07-22,2,hit,1.6584984e+18,,1.6585038e+18
ETH,2022-07-25,1,pending,,,
ETH,2022-07-25,2,pending,,,
ETH,2022-07-26,1,pending,,,
ETH,2022-07-26,2,armed,1.6588413e+18,,
ETH,2022-07-27,1,hit,1.6589277e+18,,1.6589295e+18
ETH,2022-07-27,2,pending,,,
ETH,2022-07-28,1,hit,1.6590159e+18,,1.6590168e+18
ETH,2022-07-28,2,failed,1.659015e+18,1.6590168e+18,
ETH,2022-07-29,1,failed,1.6591041e+18,1.6591086e+18,
ETH,2022-07-29,2,failed,1.6591005e+18,1.6591032e+18,
ETH,2022-08-01,1,hit,1.6593633e+18,,1.6593651e+18
ETH,2022-08-01,2,failed,1.6593597e+18,1.6593633e+18,
ETH,2022-08-02,1,hit,1.6594506e+18,,1.6594524e+18
ETH,2022-08-02,2,pending,,,
ETH,2022-08-03,1,pending,,,
ETH,2022-08-03,2,pending,,,
ETH,2022-08-04,1,failed,1.6596243e+18,1.6596288e+18,
ETH,2022-08-04,2,hit,1.6596189e+18,,1.6596207e+18
ETH,2022-08-05,1,hit,1.6597053e+18,,1.6597134e+18
ETH,2022-08-05,2,pending,,,
ETH,2022-08-08,1,hit,1.6599645e+18,,1.6599654e+18
ETH,2022-08-09,1,hit,1.6600536e+18,,1.6600545e+18
ETH,2022-08-10,1,hit,1.6601373e+18,,1.6601382e+18
ETH,2022-08-10,2,pending,,,
ETH,2022-08-11,1,failed,1.6602273e+18,1.6602282e+18,
ETH,2022-08-11,2,armed,1.6602291e+18,,
ETH,2022-08-12,1,hit,1.6603101e+18,,1.6603119e+18
ETH,2022-08-12,2,pending,,,
ETH,2022-08-15,1,armed,1.660572e+18,,
ETH,2022-08-15,2,pending,,,
ETH,2022-08-16,1,pending,,,
ETH,2022-08-16,2,hit,1.6606557e+18,,1.6606683e+18
ETH,2022-08-17,1,pending,,,
ETH,2022-08-17,2,hit,1.6607421e+18,,1.660743e+18
ETH,2022-08-17,3,pending,,,
ETH,2022-08-18,1,hit,1.6608285e+18,,1.6608294e+18
ETH,2022-08-18,2,pending,,,
ETH,2022-08-19,1,pending,,,
ETH,2022-08-19,2,armed,1.6609275e+18,,
ETH,2022-08-22,1,failed,1.6611759e+18,1.6611804e+18,
ETH,2022-08-22,2,failed,1.6611741e+18,1.6611759e+18,
ETH,2022-08-23,1,hit,1.6612632e+18,,1.6612641e+18
ETH,2022-08-23,2,failed,1.6612605e+18,1.6612632e+18,
ETH,2022-08-24,1,hit,1.661355e+18,,1.6613568e+18
ETH,2022-08-24,2,failed,1.6613496e+18,1.6613514e+18,
ETH,2022-08-25,1,failed,1.6614333e+18,1.6614387e+18,
ETH,2022-08-25,2,failed,1.6614387e+18,1.6614405e+18,
ETH,2022-08-26,1,hit,1.6615269e+18,,1.6615314e+18
ETH,2022-08-26,2,hit,1.6615197e+18,,1.6615206e+18
ETH,2022-08-29,1,hit,1.6617789e+18,,1.6617798e+18
ETH,2022-08-29,2,pending,,,
ETH,2022-08-30,1,pending,,,
ETH,2022-08-30,2,hit,1.6618653e+18,,1.6618689e+18
ETH,2022-08-31,1,pending,,,
ETH,2022-08-31,2,failed,1.6619526e+18,1.6619535e+18,
ETH,2022-09-01,1,pending,,,
ETH,2022-09-01,2,hit,1.6620417e+18,,1.6620444e+18
ETH,2022-09-02,1,armed,1.6621416e+18,,
ETH,2022-09-02,2,hit,1.6621245e+18,,1.6621254e+18
ETH,2022-09-05,1,hit,1.6623837e+18,,1.6623873e+18
ETH,2022-09-05,2,pending,,,
ETH,2022-09-06,1,pending,,,
ETH,2022-09-07,1,pending,,,
ETH,2022-09-08,1,failed,1.6626429e+18,1.6626447e+18,
ETH,2022-09-08,2,failed,1.6626447e+18,1.6626465e+18,
ETH,2022-09-09,1,failed,1.6627293e+18,1.6627419e+18,
ETH,2022-09-09,2,pending,,,
ETH,2022-09-12,1,failed,1.6629912e+18,1.6629939e+18,
ETH,2022-09-12,2,hit,1.6629975e+18,,1.6629984e+18
ETH,2022-09-13,1,pending,,,
ETH,2022-09-13,2,hit,1.6630749e+18,,1.6630758e+18
ETH,2022-09-14,1,failed,1.6631613e+18,1.6631658e+18,
ETH,2022-09-14,2,pending,,,
ETH,2022-09-15,1,hit,1.6632477e+18,,1.6632522e+18
ETH,2022-09-15,2,pending,,,
ETH,2022-09-16,1,pending,,,
ETH,2022-09-16,2,hit,1.6633341e+18,,1.6633359e+18
ETH,2022-09-19,1,hit,1.6635933e+18,,1.6635951e+18
ETH,2022-09-19,2,pending,,,
ETH,2022-09-20,1,failed,1.6636806e+18,1.663686e+18,
ETH,2022-09-20,2,hit,1.6636869e+18,,1.6636896e+18
ETH,2022-09-21,1,failed,1.6637661e+18,1.6637724e+18,
ETH,2022-09-21,2,failed,1.663767e+18,1.6637823e+18,
ETH,2022-09-22,1,pending,,,
ETH,2022-09-23,1,failed,1.6639389e+18,1.6639416e+18,
ETH,2022-09-23,2,failed,1.6639416e+18,1.663947e+18,
ETH,2022-09-26,1,hit,1.6641981e+18,,1.6642017e+18
ETH,2022-09-26,2,pending,,,
ETH,2022-09-27,1,failed,1.6642863e+18,1.664289e+18,
ETH,2022-09-28,1,hit,1.6643709e+18,,1.6643718e+18
ETH,2022-09-29,1,hit,1.6644591e+18,,1.6644609e+18
ETH,2022-09-29,2,hit,1.6644699e+18,,1.6644717e+18
ETH,2022-09-30,1,hit,1.6645473e+18,,1.66455e+18
ETH,2022-09-30,2,failed,1.6645437e+18,1.6645473e+18,
ETH,2022-10-03,1,hit,1.6648029e+18,,1.6648074e+18
ETH,2022-10-03,2,pending,,,
ETH,2022-10-04,1,pending,,,
ETH,2022-10-04,2,failed,1.6648893e+18,1.6649037e+18,
ETH,2022-10-05,1,failed,1.6649757e+18,1.6649865e+18,
ETH,2022-10-05,2,armed,1.6649865e+18,,
ETH,2022-10-05,3,failed,1.6649865e+18,1.6649892e+18,
ETH,2022-10-06,1,failed,1.6650639e+18,1.6650657e+18,
ETH,2022-10-06,2,failed,1.665063e+18,1.6650639e+18,
ETH,2022-10-07,1,pending,,,
ETH,2022-10-07,2,hit,1.6651485e+18,,1.6651494e+18
ETH,2022-10-10,1,pending,,,
ETH,2022-10-10,2,armed,1.665414e+18,,
ETH,2022-10-11,1,hit,1.6655013e+18,,1.6655031e+18
ETH,2022-10-11,2,pending,,,
ETH,2022-10-12,1,failed,1.6655823e+18,1.6655967e+18,
ETH,2022-10-12,2,pending,,,
ETH,2022-10-13,1,hit,1.665675e+18,,1.6656822e+18
ETH,2022-10-13,2,hit,1.6656669e+18,,1.6656678e+18
ETH,2022-10-14,1,failed,1.6657641e+18,1.6657659e+18,
ETH,2022-10-14,2,failed,1.6657533e+18,1.6657569e+18,
ETH,2022-10-17,1,hit,1.6660125e+18,,1.6660143e+18
ETH,2022-10-17,2,pending,,,
ETH,2022-10-18,1,armed,1.6661034e+18,,
ETH,2022-10-18,2,failed,1.6660998e+18,1.6661016e+18,
ETH,2022-10-19,1,armed,1.6661853e+18,,
ETH,2022-10-19,2,pending,,,
ETH,2022-10-20,1,hit,1.6662753e+18,,1.6662762e+18
ETH,2022-10-20,2,armed,1.6662888e+18,,
ETH,2022-10-21,1,hit,1.6663599e+18,,1.6663608e+18
ETH,2022-10-21,2,pending,,,
ETH,2022-10-24,1,hit,1.6666173e+18,,1.6666218e+18
ETH,2022-10-24,2,pending,,,
ETH,2022-10-25,1,pending,,,
ETH,2022-10-25,2,hit,1.6667037e+18,,1.6667046e+18
ETH,2022-10-26,1,hit,1.6667937e+18,,1.6667946e+18
ETH,2022-10-26,2,failed,1.6667901e+18,1.6667937e+18,
ETH,2022-10-27,1,failed,1.6668765e+18,1.6668792e+18,
ETH,2022-10-27,2,failed,1.6668792e+18,1.6668801e+18,
ETH,2022-10-28,1,hit,1.6669629e+18,,1.6669638e+18
ETH,2022-10-28,2,pending,,,
ETH,2022-10-31,1,pending,,,
ETH,2022-10-31,2,hit,1.667223e+18,,1.6672248e+18
ETH,2022-11-01,1,pending,,,
ETH,2022-11-01,2,hit,1.6673103e+18,,1.6673121e+18
ETH,2022-11-02,1,hit,1.6673985e+18,,1.6674084e+18
ETH,2022-11-02,2,pending,,,
ETH,2022-11-03,1,pending,,,
ETH,2022-11-03,2,failed,1.667484e+18,1.6674849e+18,
ETH,2022-11-04,1,hit,1.6675677e+18,,1.6675686e+18
ETH,2022-11-04,2,pending,,,
ETH,2022-11-07,1,failed,1.6678305e+18,1.6678368e+18,
ETH,2022-11-07,2,pending,,,
ETH,2022-11-08,1,hit,1.6679241e+18,,1.667925e+18
ETH,2022-11-09,1,hit,1.6680033e+18,,1.6680087e+18
ETH,2022-11-09,2,pending,,,
ETH,2022-11-10,1,hit,1.6680897e+18,,1.6680906e+18
ETH,2022-11-11,1,hit,1.6681761e+18,,1.668177e+18
ETH,2022-11-11,2,pending,,,
ETH,2022-11-14,1,armed,1.6684353e+18,,
ETH,2022-11-14,2,pending,,,
ETH,2022-11-15,1,failed,1.6685217e+18,1.6685307e+18,
ETH,2022-11-15,2,armed,1.6685379e+18,,
ETH,2022-11-16,1,hit,1.6686081e+18,,1.668609e+18
ETH,2022-11-16,2,pending,,,
ETH,2022-11-17,1,failed,1.668699e+18,1.6687008e+18,
ETH,2022-11-17,2,pending,,,
ETH,2022-11-18,1,failed,1.6687818e+18,1.6687845e+18,
ETH,2022-11-18,2,pending,,,
ETH,2022-11-21,1,hit,1.6690473e+18,,1.6690545e+18
ETH,2022-11-21,2,failed,1.6690401e+18,1.6690473e+18,
ETH,2022-11-22,1,hit,1.6691265e+18,,1.6691274e+18
ETH,2022-11-22,2,pending,,,
ETH,2022-11-23,1,pending,,,
ETH,2022-11-23,2,failed,1.6692156e+18,1.6692228e+18,
ETH,2022-11-24,1,pending,,,
ETH,2022-11-24,2,armed,1.6692993e+18,,
ETH,2022-11-25,1,armed,1.6693857e+18,,
ETH,2022-11-25,2,pending,,,
ETH,2022-11-28,1,pending,,,
ETH,2022-11-28,2,hit,1.6696476e+18,,1.6696494e+18
ETH,2022-11-29,1,pending,,,
ETH,2022-11-29,2,armed,1.6697313e+18,,
ETH,2022-11-30,1,armed,1.6698177e+18,,
ETH,2022-12-01,1,pending,,,
ETH,2022-12-01,2,armed,1.669905e+18,,
ETH,2022-12-02,1,pending,,,
ETH,2022-12-02,2,armed,1.6699905e+18,,
ETH,2022-12-05,1,pending,,,
ETH,2022-12-05,2,hit,1.6702497e+18,,1.6702506e+18
ETH,2022-12-06,1,pending,,,
ETH,2022-12-06,2,pending,,,
ETH,2022-12-07,1,armed,1.6704225e+18,,
ETH,2022-12-07,2,pending,,,
ETH,2022-12-08,1,hit,1.6705089e+18,,1.6705116e+18
ETH,2022-12-08,2,pending,,,
ETH,2022-12-09,1,hit,1.6705953e+18,,1.6705962e+18
ETH,2022-12-09,2,pending,,,
ETH,2022-12-12,1,armed,1.6708545e+18,,
ETH,2022-12-12,2,pending,,,
ETH,2022-12-13,1,pending,,,
ETH,2022-12-13,2,hit,1.6709409e+18,,1.6709418e+18
ETH,2022-12-14,1,armed,1.6710291e+18,,
ETH,2022-12-14,2,pending,,,
ETH,2022-12-15,1,pending,,,
ETH,2022-12-15,2,armed,1.6711137e+18,,
ETH,2022-12-16,1,failed,1.671201e+18,1.6712037e+18,
ETH,2022-12-16,2,armed,1.6712046e+18,,
ETH,2022-12-19,1,pending,,,
ETH,2022-12-19,2,hit,1.6714593e+18,,1.6714602e+18
ETH,2022-12-20,1,hit,1.6715484e+18,,1.6715511e+18
ETH,2022-12-20,2,pending,,,
ETH,2022-12-21,1,failed,1.671633e+18,1.671642e+18,
ETH,2022-12-21,2,pending,,,
ETH,2022-12-22,1,hit,1.6717185e+18,,1.6717194e+18
ETH,2022-12-22,2,pending,,,
ETH,2022-12-23,1,pending,,,
ETH,2022-12-23,2,armed,1.6718058e+18,,
ETH,2022-12-26,1,hit,1.6720641e+18,,1.6720659e+18
ETH,2022-12-26,2,pending,,,
ETH,2022-12-27,1,pending,,,
ETH,2022-12-28,1,hit,1.6722369e+18,,1.6722387e+18
ETH,2022-12-28,2,pending,,,
ETH,2022-12-29,1,hit,1.6723233e+18,,1.6723251e+18
ETH,2022-12-29,2,pending,,,
ETH,2022-12-30,1,failed,1.6724124e+18,1.6724151e+18,
ETH,2022-12-30,2,pending,,,
ETH,2023-01-02,1,pending,,,
ETH,2023-01-02,2,pending,,,
ETH,2023-01-03,1,pending,,,
ETH,2023-01-03,2,hit,1.672758e+18,,1.6727589e+18
ETH,2023-01-04,1,armed,1.6728543e+18,,
ETH,2023-01-04,2,failed,1.6728453e+18,1.672848e+18,
ETH,2023-01-05,1,pending,,,
ETH,2023-01-05,2,hit,1.6729281e+18,,1.6729299e+18
ETH,2023-01-06,1,hit,1.6730145e+18,,1.6730199e+18
ETH,2023-01-06,2,pending,,,
ETH,2023-01-09,1,hit,1.6732737e+18,,1.6732791e+18
ETH,2023-01-09,2,pending,,,
ETH,2023-01-10,1,hit,1.6733601e+18,,1.6733637e+18
ETH,2023-01-10,2,pending,,,
ETH,2023-01-11,1,armed,1.6734609e+18,,
ETH,2023-01-11,2,hit,1.6734519e+18,,1.6734528e+18
ETH,2023-01-12,1,hit,1.6735455e+18,,1.6735464e+18
ETH,2023-01-12,2,hit,1.6735338e+18,,1.6735347e+18
ETH,2023-01-13,1,hit,1.6736229e+18,,1.6736238e+18
ETH,2023-01-13,2,pending,,,
ETH,2023-01-16,1,failed,1.6738794e+18,1.6738821e+18,
ETH,2023-01-16,2,pending,,,
ETH,2023-01-17,1,hit,1.6739649e+18,,1.6739658e+18
ETH,2023-01-17,2,failed,1.6739703e+18,1.6739784e+18,
ETH,2023-01-18,1,failed,1.6740513e+18,1.6740567e+18,
ETH,2023-01-18,2,hit,1.6740567e+18,,1.6740576e+18
ETH,2023-01-19,1,hit,1.6741377e+18,,1.6741413e+18
ETH,2023-01-19,2,pending,,,
ETH,2023-01-20,1,hit,1.6742259e+18,,1.6742277e+18
ETH,2023-01-20,2,pending,,,
ETH,2023-01-23,1,pending,,,
ETH,2023-01-23,2,hit,1.6744833e+18,,1.6744842e+18
ETH,2023-01-24,1,hit,1.6745697e+18,,1.6745715e+18
ETH,2023-01-24,2,pending,,,
ETH,2023-01-25,1,pending,,,
ETH,2023-01-25,2,hit,1.6746561e+18,,1.674657e+18
ETH,2023-01-26,1,pending,,,
ETH,2023-01-26,2,armed,1.6747443e+18,,
ETH,2023-01-27,1,pending,,,
ETH,2023-01-27,2,hit,1.6748316e+18,,1.6748325e+18
ETH,2023-01-30,1,pending,,,
ETH,2023-01-30,2,armed,1.6750881e+18,,
ETH,2023-01-31,1,armed,1.6751781e+18,,
ETH,2023-01-31,2,pending,,,
ETH,2023-02-01,1,pending,,,
ETH,2023-02-01,2,hit,1.6752609e+18,,1.6752627e+18
ETH,2023-02-02,1,failed,1.6753482e+18,1.6753491e+18,
ETH,2023-02-02,2,pending,,,
ETH,2023-02-03,1,armed,1.6754364e+18,,
ETH,2023-02-03,2,hit,1.6754337e+18,,1.6754346e+18
ETH,2023-02-06,1,armed,1.6756992e+18,,
ETH,2023-02-06,2,hit,1.6756929e+18,,1.6756938e+18
ETH,2023-02-07,1,hit,1.6757928e+18,,1.6757937e+18
ETH,2023-02-07,2,failed,1.6757793e+18,1.6757928e+18,
ETH,2023-02-08,1,failed,1.6758666e+18,1.6758675e+18,
ETH,2023-02-08,2,failed,1.6758675e+18,1.6758693e+18,
ETH,2023-02-09,1,failed,1.675953e+18,1.6759575e+18,
ETH,2023-02-09,2,armed,1.6759575e+18,,
ETH,2023-02-10,1,pending,,,
ETH,2023-02-10,2,hit,1.6760439e+18,,1.6760448e+18
ETH,2023-02-13,1,pending,,,
ETH,2023-02-13,2,pending,,,
ETH,2023-02-14,1,hit,1.6763841e+18,,1.676385e+18
ETH,2023-02-14,2,hit,1.6763868e+18,,1.6763877e+18
ETH,2023-02-15,1,pending,,,
ETH,2023-02-15,2,armed,1.6764876e+18,,
ETH,2023-02-16,1,hit,1.6765569e+18,,1.6765578e+18
ETH,2023-02-16,2,hit,1.6765623e+18,,1.6765632e+18
ETH,2023-02-17,1,failed,1.6766451e+18,1.676646e+18,
ETH,2023-02-17,2,pending,,,
ETH,2023-02-20,1,failed,1.6769052e+18,1.6769097e+18,
ETH,2023-02-20,2,pending,,,
ETH,2023-02-21,1,failed,1.6769907e+18,1.6769925e+18,
ETH,2023-02-21,2,failed,1.676997e+18,1.6770024e+18,
ETH,2023-02-22,1,pending,,,
ETH,2023-02-22,2,hit,1.6770753e+18,,1.6770762e+18
ETH,2023-02-23,1,armed,1.6771761e+18,,
ETH,2023-02-23,2,failed,1.6771617e+18,1.6771761e+18,
ETH,2023-02-24,1,hit,1.6772481e+18,,1.6772517e+18
ETH,2023-02-24,2,pending,,,
ETH,2023-02-27,1,hit,1.6775073e+18,,1.6775082e+18
ETH,2023-02-27,2,armed,1.6775226e+18,,
ETH,2023-02-28,1,failed,1.6775946e+18,1.6775955e+18,
ETH,2023-02-28,2,hit,1.6775955e+18,,1.6775991e+18
ETH,2023-03-01,1,pending,,,
ETH,2023-03-01,2,failed,1.6776873e+18,1.6776909e+18,
ETH,2023-03-02,1,pending,,,
ETH,2023-03-02,2,hit,1.6777665e+18,,1.6777674e+18
ETH,2023-03-03,1,pending,,,
ETH,2023-03-03,2,failed,1.6778529e+18,1.6778691e+18,
ETH,2023-03-06,1,pending,,,
ETH,2023-03-06,2,hit,1.6781121e+18,,1.6781184e+18
ETH,2023-03-07,1,hit,1.6781985e+18,,1.6782021e+18
ETH,2023-03-07,2,pending,,,
ETH,2023-03-08,1,pending,,,
ETH,2023-03-08,2,failed,1.6782858e+18,1.6782885e+18,
ETH,2023-03-09,1,hit,1.6783812e+18,,1.6783875e+18
ETH,2023-03-09,2,failed,1.6783713e+18,1.6783866e+18,
ETH,2023-03-10,1,hit,1.6784577e+18,,1.6784586e+18
ETH,2023-03-10,2,pending,,,
ETH,2023-03-13,1,hit,1.678716e+18,,1.6787169e+18
ETH,2023-03-13,2,pending,,,
ETH,2023-03-14,1,hit,1.6787997e+18,,1.6788006e+18
ETH,2023-03-14,2,pending,,,
ETH,2023-03-15,1,hit,1.6788915e+18,,1.6788933e+18
ETH,2023-03-15,2,failed,1.6788861e+18,1.6788888e+18,
ETH,2023-03-16,1,hit,1.6789725e+18,,1.6789734e+18
ETH,2023-03-16,2,pending,,,
ETH,2023-03-17,1,hit,1.6790589e+18,,1.6790634e+18
ETH,2023-03-17,2,pending,,,
ETH,2023-03-20,1,pending,,,
ETH,2023-03-20,2,armed,1.6793316e+18,,
ETH,2023-03-21,1,hit,1.6794045e+18,,1.6794054e+18
ETH,2023-03-21,2,pending,,,
ETH,2023-03-22,1,hit,1.6794909e+18,,1.6794918e+18
ETH,2023-03-22,2,pending,,,
ETH,2023-03-23,1,hit,1.6795836e+18,,1.6795845e+18
ETH,2023-03-23,2,failed,1.6795773e+18,1.6795836e+18,
ETH,2023-03-24,1,pending,,,
ETH,2023-03-24,2,hit,1.6796682e+18,,1.679679e+18
ETH,2023-03-27,1,hit,1.6799274e+18,,1.6799292e+18
ETH,2023-03-27,2,pending,,,
ETH,2023-03-28,1,pending,,,
ETH,2023-03-28,2,pending,,,
ETH,2023-03-29,1,pending,,,
ETH,2023-03-29,2,hit,1.6800957e+18,,1.6801092e+18
ETH,2023-03-30,1,hit,1.6801839e+18,,1.6801857e+18
ETH,2023-03-30,2,pending,,,
ETH,2023-03-31,1,pending,,,
ETH,2023-03-31,2,hit,1.6802685e+18,,1.6802694e+18
ETH,2023-04-03,1,armed,1.680534e+18,,
ETH,2023-04-03,2,pending,,,
ETH,2023-04-04,1,failed,1.6806141e+18,1.6806168e+18,
ETH,2023-04-04,2,failed,1.6806222e+18,1.6806294e+18,
ETH,2023-04-05,1,pending,,,
ETH,2023-04-05,2,armed,1.6807023e+18,,
ETH,2023-04-06,1,armed,1.6807905e+18,,
ETH,2023-04-06,2,failed,1.6807887e+18,1.6807941e+18,
ETH,2023-04-07,1,pending,,,
ETH,2023-04-07,2,hit,1.6808733e+18,,1.6808751e+18
ETH,2023-04-10,1,pending,,,
ETH,2023-04-10,2,hit,1.6811397e+18,,1.6811406e+18
ETH,2023-04-11,1,failed,1.6812216e+18,1.6812243e+18,
ETH,2023-04-11,2,armed,1.6812243e+18,,
ETH,2023-04-12,1,hit,1.6813053e+18,,1.6813062e+18
ETH,2023-04-12,2,pending,,,
ETH,2023-04-13,1,hit,1.6813917e+18,,1.6813926e+18
ETH,2023-04-14,1,pending,,,
ETH,2023-04-17,1,armed,1.681749e+18,,
ETH,2023-04-17,2,hit,1.6817373e+18,,1.6817382e+18
ETH,2023-04-18,1,pending,,,
ETH,2023-04-18,2,pending,,,
ETH,2023-04-19,1,failed,1.6819101e+18,1.6819137e+18,
ETH,2023-04-20,1,hit,1.6819965e+18,,1.6820001e+18
ETH,2023-04-20,2,pending,,,
ETH,2023-04-21,1,hit,1.6820829e+18,,1.6820838e+18
ETH,2023-04-21,2,armed,1.6820946e+18,,
ETH,2023-04-24,1,hit,1.682352e+18,,1.6823556e+18
ETH,2023-04-24,2,hit,1.6823439e+18,,1.6823448e+18
ETH,2023-04-25,1,armed,1.6824447e+18,,
ETH,2023-04-25,2,pending,,,
ETH,2023-04-26,1,hit,1.6825149e+18,,1.6825257e+18
ETH,2023-04-26,2,pending,,,
ETH,2023-04-27,1,failed,1.6826022e+18,1.6826049e+18,
ETH,2023-04-28,1,hit,1.6826895e+18,,1.6826904e+18
ETH,2023-04-28,2,pending,,,
ETH,2023-05-01,1,pending,,,
ETH,2023-05-01,2,pending,,,
ETH,2023-05-02,1,armed,1.6830378e+18,,
ETH,2023-05-02,2,hit,1.6830333e+18,,1.6830351e+18
ETH,2023-05-03,1,hit,1.6831314e+18,,1.6831359e+18
ETH,2023-05-03,2,failed,1.6831197e+18,1.6831332e+18,
ETH,2023-05-04,1,pending,,,
ETH,2023-05-04,2,hit,1.6832061e+18,,1.6832079e+18
ETH,2023-05-05,1,hit,1.6832934e+18,,1.6832943e+18
ETH,2023-05-05,2,pending,,,
ETH,2023-05-08,1,failed,1.6835517e+18,1.683558e+18,
ETH,2023-05-08,2,failed,1.683558e+18,1.6835679e+18,
ETH,2023-05-09,1,pending,,,
ETH,2023-05-09,2,failed,1.6836381e+18,1.6836417e+18,
ETH,2023-05-10,1,hit,1.6837245e+18,,1.6837254e+18
ETH,2023-05-10,2,hit,1.6837398e+18,,1.6837407e+18
ETH,2023-05-11,1,hit,1.6838109e+18,,1.6838136e+18
ETH,2023-05-11,2,pending,,,
ETH,2023-05-12,1,pending,,,
ETH,2023-05-12,2,failed,1.6838991e+18,1.6839054e+18,
ETH,2023-05-15,1,armed,1.6841682e+18,,
ETH,2023-05-15,2,hit,1.6841592e+18,,1.6841601e+18
ETH,2023-05-16,1,failed,1.6842456e+18,1.6842564e+18,
ETH,2023-05-16,2,hit,1.684251e+18,,1.68426e+18
ETH,2023-05-17,1,pending,,,
ETH,2023-05-17,2,armed,1.6843293e+18,,
ETH,2023-05-18,1,hit,1.6844157e+18,,1.6844211e+18
ETH,2023-05-18,2,pending,,,
ETH,2023-05-19,1,pending,,,
ETH,2023-05-19,2,hit,1.6845021e+18,,1.684503e+18
ETH,2023-05-22,1,armed,1.6847631e+18,,
ETH,2023-05-22,2,pending,,,
ETH,2023-05-23,1,pending,,,
ETH,2023-05-23,2,failed,1.6848495e+18,1.6848558e+18,
ETH,2023-05-24,1,pending,,,
ETH,2023-05-24,2,hit,1.6849359e+18,,1.6849368e+18
ETH,2023-05-25,1,hit,1.6850205e+18,,1.6850214e+18
ETH,2023-05-25,2,pending,,,
ETH,2023-05-26,1,pending,,,
ETH,2023-05-26,2,hit,1.6851069e+18,,1.6851087e+18
ETH,2023-05-29,1,pending,,,
ETH,2023-05-29,2,armed,1.6853679e+18,,
ETH,2023-05-30,1,pending,,,
ETH,2023-05-30,2,pending,,,
ETH,2023-05-31,1,failed,1.6855434e+18,1.6855551e+18,
ETH,2023-05-31,2,failed,1.6855389e+18,1.6855425e+18,
ETH,2023-06-01,1,armed,1.6856388e+18,,
ETH,2023-06-01,2,failed,1.6856298e+18,1.6856388e+18,
ETH,2023-06-02,1,hit,1.6857117e+18,,1.6857135e+18
ETH,2023-06-02,2,pending,,,
ETH,2023-06-05,1,hit,1.6859781e+18,,1.6859808e+18
ETH,2023-06-05,2,pending,,,
ETH,2023-06-06,1,hit,1.6860573e+18,,1.6860582e+18
ETH,2023-06-06,2,hit,1.6860609e+18,,1.6860681e+18
ETH,2023-06-07,1,hit,1.6861437e+18,,1.6861527e+18
ETH,2023-06-07,2,pending,,,
ETH,2023-06-08,1,armed,1.6862346e+18,,
ETH,2023-06-08,2,pending,,,
ETH,2023-06-09,1,armed,1.6863309e+18,,
ETH,2023-06-09,2,failed,1.6863165e+18,1.6863309e+18,
ETH,2023-06-12,1,armed,1.686582e+18,,
ETH,2023-06-12,2,pending,,,
ETH,2023-06-13,1,hit,1.6866621e+18,,1.6866648e+18
ETH,2023-06-13,2,pending,,,
ETH,2023-06-14,1,armed,1.686762e+18,,
ETH,2023-06-14,2,pending,,,
ETH,2023-06-15,1,failed,1.6868493e+18,1.686852e+18,
ETH,2023-06-15,2,pending,,,
ETH,2023-06-16,1,hit,1.6869213e+18,,1.6869312e+18
ETH,2023-06-19,1,hit,1.6871805e+18,,1.6871814e+18
ETH,2023-06-19,2,failed,1.6871859e+18,1.6871958e+18,
ETH,2023-06-20,1,hit,1.6872786e+18,,1.6872813e+18
ETH,2023-06-20,2,hit,1.6872687e+18,,1.6872696e+18
ETH,2023-06-21,1,hit,1.687356e+18,,1.6873578e+18
ETH,2023-06-22,1,hit,1.6874397e+18,,1.6874406e+18
ETH,2023-06-22,2,failed,1.6874451e+18,1.6874505e+18,
ETH,2023-06-23,1,hit,1.6875324e+18,,1.6875333e+18
ETH,2023-06-23,2,failed,1.6875297e+18,1.6875324e+18,
ETH,2023-06-26,1,failed,1.687788e+18,1.6877907e+18,
ETH,2023-06-26,2,failed,1.6877907e+18,1.6877925e+18,
ETH,2023-06-27,1,armed,1.6878843e+18,,
ETH,2023-06-27,2,failed,1.6878717e+18,1.6878843e+18,
ETH,2023-06-28,1,pending,,,
ETH,2023-06-28,2,hit,1.6879581e+18,,1.6879599e+18
ETH,2023-06-29,1,failed,1.6880445e+18,1.6880463e+18,
ETH,2023-06-30,1,hit,1.6881453e+18,,1.6881462e+18
ETH,2023-06-30,2,hit,1.6881327e+18,,1.6881336e+18
ETH,2023-07-03,1,pending,,,
ETH,2023-07-03,2,failed,1.6883946e+18,1.6883973e+18,
ETH,2023-07-04,1,pending,,,
ETH,2023-07-04,2,hit,1.6884765e+18,,1.6884846e+18
ETH,2023-07-05,1,hit,1.6885629e+18,,1.6885638e+18
ETH,2023-07-05,2,pending,,,
ETH,2023-07-06,1,pending,,,
ETH,2023-07-06,2,hit,1.6886493e+18,,1.6886511e+18
ETH,2023-07-07,1,pending,,,
ETH,2023-07-07,2,pending,,,
ETH,2023-07-10,1,armed,1.6890012e+18,,
ETH,2023-07-10,2,pending,,,
ETH,2023-07-11,1,pending,,,
ETH,2023-07-11,2,armed,1.6890858e+18,,
ETH,2023-07-12,1,failed,1.6891686e+18,1.6891749e+18,
ETH,2023-07-12,2,failed,1.6891677e+18,1.6891686e+18,
ETH,2023-07-13,1,pending,,,
ETH,2023-07-13,2,hit,1.6892559e+18,,1.6892631e+18
ETH,2023-07-14,1,pending,,,
ETH,2023-07-14,2,failed,1.6893405e+18,1.6893432e+18,
ETH,2023-07-17,1,failed,1.6896006e+18,1.6896078e+18,
ETH,2023-07-17,2,armed,1.6896078e+18,,
ETH,2023-07-18,1,hit,1.6896996e+18,,1.6897005e+18
ETH,2023-07-18,2,pending,,,
ETH,2023-07-19,1,pending,,,
ETH,2023-07-19,2,failed,1.6897743e+18,1.689777e+18,
ETH,2023-07-20,1,pending,,,
ETH,2023-07-20,2,hit,1.6898589e+18,,1.6898643e+18
ETH,2023-07-21,1,hit,1.6899453e+18,,1.6899462e+18
ETH,2023-07-21,2,pending,,,
ETH,2023-07-24,1,pending,,,
ETH,2023-07-24,2,armed,1.690209e+18,,
ETH,2023-07-25,1,failed,1.6902927e+18,1.6902963e+18,
ETH,2023-07-26,1,pending,,,
ETH,2023-07-26,2,armed,1.6903791e+18,,
ETH,2023-07-27,1,pending,,,
ETH,2023-07-27,2,armed,1.6904682e+18,,
ETH,2023-07-28,1,hit,1.6905501e+18,,1.6905528e+18
ETH,2023-07-28,2,pending,,,
ETH,2023-07-31,1,armed,1.6908156e+18,,
ETH,2023-07-31,2,failed,1.6908093e+18,1.690812e+18,
ETH,2023-08-01,1,failed,1.690902e+18,1.6909056e+18,
ETH,2023-08-01,2,pending,,,
ETH,2023-08-02,1,pending,,,
ETH,2023-08-02,2,hit,1.6909866e+18,,1.6909956e+18
ETH,2023-08-03,1,hit,1.6910739e+18,,1.6910748e+18
ETH,2023-08-03,2,pending,,,
ETH,2023-08-04,1,hit,1.6911549e+18,,1.6911567e+18
ETH,2023-08-04,2,pending,,,
ETH,2023-08-07,1,pending,,,
ETH,2023-08-07,2,hit,1.6914168e+18,,1.6914186e+18
ETH,2023-08-08,1,pending,,,
ETH,2023-08-08,2,hit,1.6915005e+18,,1.6915014e+18
ETH,2023-08-09,1,failed,1.6915869e+18,1.6915896e+18,
ETH,2023-08-09,2,hit,1.6915905e+18,,1.6915932e+18
ETH,2023-08-10,1,hit,1.6916742e+18,,1.6916751e+18
ETH,2023-08-10,2,failed,1.6916787e+18,1.6916814e+18,
ETH,2023-08-11,1,failed,1.6917606e+18,1.6917651e+18,
ETH,2023-08-11,2,hit,1.6917624e+18,,1.6917651e+18
ETH,2023-08-14,1,hit,1.6920243e+18,,1.6920252e+18
ETH,2023-08-14,2,pending,,,
ETH,2023-08-15,1,hit,1.6921143e+18,,1.6921188e+18
ETH,2023-08-15,2,pending,,,
ETH,2023-08-16,1,pending,,,
ETH,2023-08-16,2,failed,1.6922025e+18,1.692207e+18,
ETH,2023-08-17,1,failed,1.692279e+18,1.6922808e+18,
ETH,2023-08-17,2,hit,1.6922844e+18,,1.6922862e+18
ETH,2023-08-18,1,pending,,,
ETH,2023-08-18,2,hit,1.6923645e+18,,1.6923744e+18
ETH,2023-08-21,1,pending,,,
ETH,2023-08-21,2,failed,1.6926237e+18,1.6926264e+18,
ETH,2023-08-22,1,hit,1.6927128e+18,,1.6927137e+18
ETH,2023-08-22,2,pending,,,
ETH,2023-08-23,1,hit,1.6928073e+18,,1.6928082e+18
ETH,2023-08-23,2,failed,1.6927965e+18,1.6927992e+18,
ETH,2023-08-24,1,armed,1.6928847e+18,,
ETH,2023-08-24,2,pending,,,
ETH,2023-08-25,1,pending,,,
ETH,2023-08-25,2,hit,1.6929747e+18,,1.6929756e+18
ETH,2023-08-28,1,pending,,,
ETH,2023-08-28,2,armed,1.6932285e+18,,
ETH,2023-08-29,1,hit,1.6933185e+18,,1.6933194e+18
ETH,2023-08-30,1,failed,1.6934013e+18,1.6934058e+18,
ETH,2023-08-30,2,armed,1.6934067e+18,,
ETH,2023-08-31,1,pending,,,
ETH,2023-08-31,2,hit,1.6934877e+18,,1.6934904e+18
ETH,2023-09-01,1,hit,1.6935741e+18,,1.6935777e+18
ETH,2023-09-01,2,pending,,,
ETH,2023-09-04,1,pending,,,
ETH,2023-09-04,2,hit,1.6938396e+18,,1.6938405e+18
ETH,2023-09-05,1,failed,1.6939269e+18,1.6939278e+18,
ETH,2023-09-05,2,failed,1.6939233e+18,1.6939269e+18,
ETH,2023-09-06,1,hit,1.6940097e+18,,1.6940106e+18
ETH,2023-09-06,2,failed,1.6940079e+18,1.6940097e+18,
ETH,2023-09-07,1,hit,1.6940943e+18,,1.6941042e+18
ETH,2023-09-07,2,failed,1.6940952e+18,1.6940988e+18,
ETH,2023-09-08,1,armed,1.6941807e+18,,
ETH,2023-09-08,2,pending,,,
ETH,2023-09-11,1,hit,1.6944435e+18,,1.6944444e+18
ETH,2023-09-11,2,failed,1.6944381e+18,1.6944417e+18,
ETH,2023-09-12,1,failed,1.6945362e+18,1.6945371e+18,
ETH,2023-09-13,1,failed,1.6946163e+18,1.6946271e+18,
ETH,2023-09-13,2,failed,1.6946109e+18,1.6946163e+18,
ETH,2023-09-14,1,pending,,,
ETH,2023-09-14,2,pending,,,
ETH,2023-09-15,1,hit,1.6947882e+18,,1.6947891e+18
ETH,2023-09-15,2,pending,,,
ETH,2023-09-18,1,failed,1.6950429e+18,1.6950465e+18,
ETH,2023-09-19,1,pending,,,
ETH,2023-09-19,2,failed,1.6951374e+18,1.6951464e+18,
ETH,2023-09-20,1,armed,1.6952184e+18,,
ETH,2023-09-20,2,failed,1.6952166e+18,1.6952184e+18,
ETH,2023-09-21,1,pending,,,
ETH,2023-09-21,2,hit,1.6953021e+18,,1.695303e+18
ETH,2023-09-22,1,pending,,,
ETH,2023-09-22,2,pending,,,
ETH,2023-09-25,1,pending,,,
ETH,2023-09-25,2,hit,1.6956477e+18,,1.6956486e+18
ETH,2023-09-26,1,hit,1.6957341e+18,,1.695735e+18
ETH,2023-09-26,2,pending,,,
ETH,2023-09-27,1,pending,,,
ETH,2023-09-28,1,pending,,,
ETH,2023-09-28,2,hit,1.6959123e+18,,1.6959132e+18
ETH,2023-09-29,1,failed,1.6959933e+18,1.6959969e+18,
ETH,2023-09-29,2,failed,1.6959969e+18,1.6959987e+18,
ETH,2023-10-02,1,pending,,,
ETH,2023-10-03,1,failed,1.6963452e+18,1.6963533e+18,
ETH,2023-10-03,2,failed,1.6963398e+18,1.6963425e+18,
ETH,2023-10-04,1,pending,,,
ETH,2023-10-04,2,armed,1.6964262e+18,,
ETH,2023-10-05,1,hit,1.6965189e+18,,1.6965207e+18
ETH,2023-10-05,2,failed,1.6965126e+18,1.6965189e+18,
ETH,2023-10-06,1,armed,1.6966062e+18,,
ETH,2023-10-06,2,failed,1.6965981e+18,1.6966053e+18,
ETH,2023-10-09,1,failed,1.6968573e+18,1.6968591e+18,
ETH,2023-10-10,1,failed,1.6969437e+18,1.6969473e+18,
ETH,2023-10-10,2,hit,1.6969473e+18,,1.6969482e+18
ETH,2023-10-11,1,hit,1.6970301e+18,,1.6970382e+18
ETH,2023-10-11,2,pending,,,
ETH,2023-10-12,1,hit,1.6971174e+18,,1.6971183e+18
ETH,2023-10-12,2,pending,,,
ETH,2023-10-13,1,failed,1.6972029e+18,1.6972092e+18,
ETH,2023-10-13,2,pending,,,
ETH,2023-10-16,1,failed,1.697463e+18,1.6974648e+18,
ETH,2023-10-16,2,failed,1.6974648e+18,1.6974666e+18,
ETH,2023-10-17,1,hit,1.6975485e+18,,1.6975494e+18
ETH,2023-10-17,2,pending,,,
ETH,2023-10-18,1,pending,,,
ETH,2023-10-18,2,pending,,,
ETH,2023-10-19,1,hit,1.6977222e+18,,1.6977321e+18
ETH,2023-10-19,2,pending,,,
ETH,2023-10-20,1,pending,,,
ETH,2023-10-20,2,armed,1.6978077e+18,,
ETH,2023-10-23,1,failed,1.6980741e+18,1.6980786e+18,
ETH,2023-10-23,2,failed,1.6980687e+18,1.6980705e+18,
ETH,2023-10-25,1,failed,1.6982397e+18,1.6982415e+18,
ETH,2023-10-25,2,failed,1.6982415e+18,1.6982424e+18,
ETH,2023-10-26,1,failed,1.6983261e+18,1.6983288e+18,
ETH,2023-10-26,2,hit,1.6983288e+18,,1.6983315e+18
ETH,2023-10-27,1,pending,,,
ETH,2023-10-27,2,failed,1.698417e+18,1.6984215e+18,
ETH,2023-10-30,1,pending,,,
ETH,2023-10-30,2,failed,1.6986717e+18,1.6986735e+18,
ETH,2023-10-31,1,pending,,,
ETH,2023-10-31,2,armed,1.6987581e+18,,
ETH,2023-11-01,1,failed,1.6988508e+18,1.6988589e+18,
ETH,2023-11-01,2,failed,1.6988445e+18,1.6988508e+18,
ETH,2023-11-02,1,hit,1.6989345e+18,,1.6989426e+18
ETH,2023-11-02,2,pending,,,
ETH,2023-11-03,1,pending,,,
ETH,2023-11-03,2,hit,1.6990173e+18,,1.69902e+18
ETH,2023-11-06,1,failed,1.6992828e+18,1.6992864e+18,
ETH,2023-11-06,2,armed,1.6992954e+18,,
ETH,2023-11-07,1,armed,1.6993809e+18,,
ETH,2023-11-07,2,hit,1.6993719e+18,,1.6993728e+18
ETH,2023-11-08,1,hit,1.6994529e+18,,1.6994619e+18
ETH,2023-11-08,2,pending,,,
ETH,2023-11-09,1,hit,1.6995393e+18,,1.699542e+18
ETH,2023-11-09,2,pending,,,
ETH,2023-11-10,1,armed,1.6996329e+18,,
ETH,2023-11-10,2,failed,1.6996257e+18,1.6996275e+18,
ETH,2023-11-13,1,failed,1.6998867e+18,1.6998876e+18,
ETH,2023-11-13,2,failed,1.6998858e+18,1.6998867e+18,
ETH,2023-11-14,1,pending,,,
ETH,2023-11-14,2,hit,1.6999848e+18,,1.6999857e+18
ETH,2023-11-15,1,failed,1.7000604e+18,1.700064e+18,
ETH,2023-11-15,2,armed,1.7000721e+18,,
ETH,2023-11-16,1,hit,1.7001441e+18,,1.7001495e+18
ETH,2023-11-16,2,pending,,,
ETH,2023-11-17,1,hit,1.7002305e+18,,1.7002314e+18
ETH,2023-11-17,2,pending,,,
ETH,2023-11-20,1,failed,1.7004897e+18,1.7004915e+18,
ETH,2023-11-20,2,hit,1.7004906e+18,,1.7004933e+18
ETH,2023-11-21,1,hit,1.7005761e+18,,1.700577e+18
ETH,2023-11-21,2,pending,,,
ETH,2023-11-22,1,failed,1.7006625e+18,1.7006661e+18,
ETH,2023-11-22,2,failed,1.7006661e+18,1.700667e+18,
ETH,2023-11-23,1,pending,,,
ETH,2023-11-23,2,failed,1.7007507e+18,1.7007534e+18,
ETH,2023-11-24,1,pending,,,
ETH,2023-11-24,2,failed,1.7008362e+18,1.700838e+18,
ETH,2023-11-27,1,failed,1.7010945e+18,1.7011008e+18,
ETH,2023-11-27,2,failed,1.7010972e+18,1.7010981e+18,
ETH,2023-11-28,1,hit,1.7011809e+18,,1.7011899e+18
ETH,2023-11-28,2,pending,,,
ETH,2023-11-29,1,hit,1.7012691e+18,,1.70127e+18
ETH,2023-11-29,2,pending,,,
ETH,2023-11-30,1,pending,,,
ETH,2023-11-30,2,failed,1.7013555e+18,1.7013609e+18,
ETH,2023-12-01,1,armed,1.7014482e+18,,
ETH,2023-12-04,1,pending,,,
ETH,2023-12-04,2,hit,1.7016993e+18,,1.7017038e+18
ETH,2023-12-05,1,hit,1.7017965e+18,,1.7017974e+18
ETH,2023-12-05,2,failed,1.7017857e+18,1.7017911e+18,
ETH,2023-12-06,1,pending,,,
ETH,2023-12-06,2,failed,1.7018748e+18,1.7018829e+18,
ETH,2023-12-07,1,hit,1.7019612e+18,,1.7019621e+18
ETH,2023-12-07,2,pending,,,
ETH,2023-12-08,1,pending,,,
ETH,2023-12-08,2,hit,1.7020449e+18,,1.7020458e+18
ETH,2023-12-11,1,hit,1.7023041e+18,,1.7023185e+18
ETH,2023-12-12,1,hit,1.7023905e+18,,1.7023932e+18
ETH,2023-12-12,2,pending,,,
ETH,2023-12-13,1,pending,,,
ETH,2023-12-13,2,hit,1.7024805e+18,,1.7024814e+18
ETH,2023-12-14,1,hit,1.7025633e+18,,1.7025651e+18
ETH,2023-12-14,2,pending,,,
ETH,2023-12-15,1,pending,,,
ETH,2023-12-15,2,armed,1.7026497e+18,,
ETH,2023-12-18,1,pending,,,
ETH,2023-12-18,2,hit,1.7029089e+18,,1.7029098e+18
ETH,2023-12-19,1,hit,1.7029953e+18,,1.7029962e+18
ETH,2023-12-19,2,pending,,,
ETH,2023-12-20,1,pending,,,
ETH,2023-12-20,2,hit,1.7030817e+18,,1.7030853e+18
ETH,2023-12-21,1,pending,,,
ETH,2023-12-22,1,pending,,,
ETH,2023-12-22,2,failed,1.7032572e+18,1.7032608e+18,
ETH,2023-12-26,1,hit,1.7036118e+18,,1.7036127e+18
ETH,2023-12-26,2,pending,,,
ETH,2023-12-27,1,pending,,,
ETH,2023-12-27,2,hit,1.7036865e+18,,1.7036892e+18
ETH,2023-12-28,1,failed,1.7037729e+18,1.7037747e+18,
ETH,2023-12-28,2,hit,1.7037747e+18,,1.7037774e+18
ETH,2023-12-29,1,failed,1.7038611e+18,1.7038629e+18,
ETH,2023-12-29,2,hit,1.7038638e+18,,1.7038647e+18
ETH,2024-01-01,1,hit,1.7041203e+18,,1.7041239e+18
ETH,2024-01-01,2,pending,,,
ETH,2024-01-02,1,failed,1.7042049e+18,1.7042076e+18,
ETH,2024-01-02,2,pending,,,
ETH,2024-01-03,1,pending,,,
ETH,2024-01-04,1,hit,1.7043795e+18,,1.7043804e+18
ETH,2024-01-04,2,pending,,,
ETH,2024-01-05,1,pending,,,
ETH,2024-01-05,2,hit,1.7044641e+18,,1.704474e+18
ETH,2024-01-08,1,pending,,,
ETH,2024-01-08,2,hit,1.7047287e+18,,1.7047305e+18
ETH,2024-01-09,1,failed,1.7048115e+18,1.704825e+18,
ETH,2024-01-10,1,pending,,,
ETH,2024-01-10,2,hit,1.7048961e+18,,1.704897e+18
ETH,2024-01-11,1,hit,1.7049852e+18,,1.7049861e+18
ETH,2024-01-11,2,failed,1.7049834e+18,1.7049852e+18,
ETH,2024-01-12,1,hit,1.7050698e+18,,1.7050716e+18
ETH,2024-01-12,2,failed,1.7050752e+18,1.7050761e+18,
ETH,2024-01-15,1,armed,1.7053443e+18,,
ETH,2024-01-16,1,hit,1.705419e+18,,1.7054199e+18
ETH,2024-01-16,2,failed,1.7054163e+18,1.7054172e+18,
ETH,2024-01-17,1,pending,,,
ETH,2024-01-17,2,hit,1.7055063e+18,,1.7055099e+18
ETH,2024-01-18,1,hit,1.7055882e+18,,1.70559e+18
ETH,2024-01-18,2,hit,1.7055963e+18,,1.7055972e+18
ETH,2024-01-19,1,hit,1.7056773e+18,,1.7056818e+18
ETH,2024-01-19,2,failed,1.7056737e+18,1.7056746e+18,
ETH,2024-01-22,1,failed,1.7059374e+18,1.7059392e+18,
ETH,2024-01-22,2,pending,,,
ETH,2024-01-23,1,hit,1.7060193e+18,,1.7060202e+18
ETH,2024-01-24,1,failed,1.7061057e+18,1.7061075e+18,
ETH,2024-01-24,2,pending,,,
ETH,2024-01-25,1,hit,1.7061966e+18,,1.7061975e+18
ETH,2024-01-25,2,failed,1.7061948e+18,1.7061966e+18,
ETH,2024-01-26,1,pending,,,
ETH,2024-01-26,2,hit,1.7062803e+18,,1.7062857e+18
ETH,2024-01-29,1,hit,1.706544e+18,,1.7065449e+18
ETH,2024-01-29,2,failed,1.7065404e+18,1.7065431e+18,
ETH,2024-01-30,1,pending,,,
ETH,2024-01-30,2,hit,1.706625e+18,,1.7066295e+18
ETH,2024-01-31,1,armed,1.7067204e+18,,
ETH,2024-01-31,2,pending,,,
ETH,2024-02-01,1,hit,1.7067987e+18,,1.7067996e+18
ETH,2024-02-01,2,pending,,,
ETH,2024-02-02,1,hit,1.7068833e+18,,1.7068842e+18
ETH,2024-02-02,2,pending,,,
ETH,2024-02-05,1,armed,1.707147e+18,,
ETH,2024-02-05,2,pending,,,
ETH,2024-02-06,1,hit,1.7072289e+18,,1.7072307e+18
ETH,2024-02-06,2,pending,,,
ETH,2024-02-07,1,hit,1.7073243e+18,,1.7073252e+18
ETH,2024-02-07,2,hit,1.7073171e+18,,1.707318e+18
ETH,2024-02-07,3,failed,1.7073243e+18,1.7073252e+18,
ETH,2024-02-08,1,hit,1.7074017e+18,,1.7074062e+18
ETH,2024-02-08,2,pending,,,
ETH,2024-02-12,1,hit,1.7077473e+18,,1.7077482e+18
ETH,2024-02-12,2,pending,,,
ETH,2024-02-13,1,pending,,,
ETH,2024-02-13,2,hit,1.7078337e+18,,1.7078346e+18
ETH,2024-02-14,1,failed,1.7079201e+18,1.7079345e+18,
ETH,2024-02-15,1,hit,1.7080065e+18,,1.7080074e+18
ETH,2024-02-15,2,pending,,,
ETH,2024-02-16,1,hit,1.7080929e+18,,1.7080965e+18
ETH,2024-02-16,2,pending,,,
ETH,2024-02-19,1,failed,1.7083611e+18,1.708362e+18,
ETH,2024-02-19,2,failed,1.708353e+18,1.7083566e+18,
ETH,2024-02-20,1,hit,1.7084385e+18,,1.7084394e+18
ETH,2024-02-20,2,armed,1.7084421e+18,,
ETH,2024-02-21,1,failed,1.7085339e+18,1.7085375e+18,
ETH,2024-02-21,2,pending,,,
ETH,2024-02-22,1,pending,,,
ETH,2024-02-22,2,hit,1.7086113e+18,,1.7086122e+18
ETH,2024-02-23,1,hit,1.7087022e+18,,1.7087049e+18
ETH,2024-02-23,2,pending,,,
ETH,2024-02-26,1,hit,1.7089587e+18,,1.7089605e+18
ETH,2024-02-26,2,pending,,,
ETH,2024-02-27,1,pending,,,
ETH,2024-02-27,2,armed,1.7090487e+18,,
ETH,2024-02-28,1,hit,1.7091297e+18,,1.7091378e+18
ETH,2024-02-28,2,failed,1.709145e+18,1.7091468e+18,
ETH,2024-02-29,1,failed,1.7092161e+18,1.7092233e+18,
ETH,2024-03-01,1,hit,1.7093025e+18,,1.7093034e+18
ETH,2024-03-04,1,hit,1.7095653e+18,,1.7095734e+18
ETH,2024-03-04,2,failed,1.7095617e+18,1.7095635e+18,
ETH,2024-03-05,1,failed,1.7096481e+18,1.7096553e+18,
ETH,2024-03-05,2,hit,1.7096553e+18,,1.709658e+18
ETH,2024-03-06,1,hit,1.7097345e+18,,1.7097354e+18
ETH,2024-03-07,1,hit,1.7098218e+18,,1.7098317e+18
ETH,2024-03-07,2,pending,,,
ETH,2024-03-08,1,hit,1.7099073e+18,,1.7099082e+18
ETH,2024-03-08,2,hit,1.7099136e+18,,1.7099145e+18
ETH,2024-03-11,1,pending,,,
ETH,2024-03-11,2,failed,1.7101656e+18,1.7101665e+18,
ETH,2024-03-12,1,failed,1.7102493e+18,1.7102511e+18,
ETH,2024-03-12,2,hit,1.710261e+18,,1.7102619e+18
ETH,2024-03-13,1,pending,,,
ETH,2024-03-13,2,hit,1.7103375e+18,,1.7103456e+18
ETH,2024-03-14,1,pending,,,
ETH,2024-03-14,2,hit,1.7104221e+18,,1.710423e+18
ETH,2024-03-15,1,hit,1.7105085e+18,,1.7105112e+18
ETH,2024-03-18,1,pending,,,
ETH,2024-03-18,2,hit,1.7107695e+18,,1.7107731e+18
ETH,2024-03-19,1,failed,1.7108577e+18,1.7108631e+18,
ETH,2024-03-20,1,hit,1.7109405e+18,,1.7109414e+18
ETH,2024-03-21,1,failed,1.7110296e+18,1.7110314e+18,
ETH,2024-03-21,2,failed,1.7110269e+18,1.7110341e+18,
ETH,2024-03-22,1,hit,1.7111151e+18,,1.711116e+18
ETH,2024-03-22,2,pending,,,
ETH,2024-03-25,1,pending,,,
ETH,2024-03-25,2,hit,1.7113752e+18,,1.7113761e+18
ETH,2024-03-26,1,pending,,,
ETH,2024-03-26,2,hit,1.7114607e+18,,1.7114634e+18
ETH,2024-03-27,1,hit,1.7115453e+18,,1.7115462e+18
ETH,2024-03-27,2,hit,1.711548e+18,,1.7115489e+18
ETH,2024-03-28,1,failed,1.7116317e+18,1.7116371e+18,
ETH,2024-03-28,2,failed,1.7116371e+18,1.7116398e+18,
ETH,2024-03-29,1,failed,1.7117199e+18,1.7117262e+18,
ETH,2024-03-29,2,hit,1.7117271e+18,,1.7117316e+18
ETH,2024-04-01,1,failed,1.7119773e+18,1.7119818e+18,
ETH,2024-04-01,2,hit,1.7119845e+18,,1.7119854e+18
ETH,2024-04-02,1,hit,1.7120646e+18,,1.7120655e+18
ETH,2024-04-03,1,hit,1.7121537e+18,,1.7121564e+18
ETH,2024-04-03,2,pending,,,
ETH,2024-04-04,1,pending,,,
ETH,2024-04-04,2,hit,1.7122365e+18,,1.7122374e+18
ETH,2024-04-05,1,hit,1.7123238e+18,,1.7123247e+18
ETH,2024-04-05,2,pending,,,
ETH,2024-04-08,1,pending,,,
ETH,2024-04-08,2,armed,1.7125821e+18,,
ETH,2024-04-09,1,pending,,,
ETH,2024-04-09,2,hit,1.7126685e+18,,1.712673e+18
ETH,2024-04-10,1,hit,1.7127549e+18,,1.7127558e+18
ETH,2024-04-10,2,armed,1.7127684e+18,,
ETH,2024-04-11,1,hit,1.7128413e+18,,1.7128422e+18
ETH,2024-04-11,2,armed,1.7128431e+18,,
ETH,2024-04-12,1,hit,1.7129277e+18,,1.7129286e+18
ETH,2024-04-12,2,pending,,,
ETH,2024-04-15,1,pending,,,
ETH,2024-04-15,2,hit,1.7131887e+18,,1.7131905e+18
ETH,2024-04-16,1,pending,,,
ETH,2024-04-16,2,hit,1.7132823e+18,,1.7132832e+18
ETH,2024-04-17,1,failed,1.7133597e+18,1.7133615e+18,
ETH,2024-04-17,2,failed,1.7133615e+18,1.7133633e+18,
ETH,2024-04-18,1,hit,1.7134497e+18,,1.7134506e+18
ETH,2024-04-18,2,pending,,,
ETH,2024-04-19,1,pending,,,
ETH,2024-04-19,2,hit,1.7135325e+18,,1.7135334e+18
ETH,2024-04-22,1,hit,1.7137917e+18,,1.7137926e+18
ETH,2024-04-22,2,pending,,,
ETH,2024-04-23,1,pending,,,
ETH,2024-04-23,2,hit,1.7138808e+18,,1.7138817e+18
ETH,2024-04-24,1,pending,,,
ETH,2024-04-24,2,hit,1.7139645e+18,,1.7139654e+18
ETH,2024-04-25,1,failed,1.7140509e+18,1.7140527e+18,
ETH,2024-04-25,2,armed,1.7140599e+18,,
ETH,2024-04-26,1,failed,1.7141409e+18,1.7141427e+18,
ETH,2024-04-26,2,hit,1.7141373e+18,,1.7141382e+18
ETH,2024-04-29,1,hit,1.7143983e+18,,1.7143992e+18
ETH,2024-04-30,1,hit,1.7144856e+18,,1.7144865e+18
ETH,2024-05-01,1,armed,1.7145864e+18,,
ETH,2024-05-01,2,failed,1.7145702e+18,1.7145864e+18,
ETH,2024-05-02,1,failed,1.7146638e+18,1.7146665e+18,
ETH,2024-05-02,2,failed,1.7146584e+18,1.7146611e+18,
ETH,2024-05-03,1,pending,,,
ETH,2024-05-03,2,hit,1.7147421e+18,,1.714743e+18
ETH,2024-05-06,1,hit,1.7150013e+18,,1.7150022e+18
ETH,2024-05-06,2,pending,,,
ETH,2024-05-07,1,failed,1.7150904e+18,1.715094e+18,
ETH,2024-05-07,2,failed,1.7150877e+18,1.7150904e+18,
ETH,2024-05-08,1,hit,1.715175e+18,,1.7151759e+18
ETH,2024-05-08,2,pending,,,
ETH,2024-05-09,1,failed,1.7152713e+18,1.715274e+18,
ETH,2024-05-09,2,hit,1.7152623e+18,,1.7152632e+18
ETH,2024-05-10,1,hit,1.7153469e+18,,1.7153505e+18
ETH,2024-05-10,2,pending,,,
ETH,2024-05-13,1,failed,1.7156124e+18,1.7156187e+18,
ETH,2024-05-13,2,failed,1.7156061e+18,1.7156115e+18,
ETH,2024-05-14,1,failed,1.7156952e+18,1.715697e+18,
ETH,2024-05-14,2,pending,,,
ETH,2024-05-15,1,pending,,,
ETH,2024-05-15,2,hit,1.7157789e+18,,1.7157798e+18
ETH,2024-05-16,1,hit,1.7158653e+18,,1.7158662e+18
ETH,2024-05-16,2,pending,,,
ETH,2024-05-17,1,hit,1.7159517e+18,,1.7159526e+18
ETH,2024-05-17,2,pending,,,
ETH,2024-05-20,1,hit,1.716219e+18,,1.7162235e+18
ETH,2024-05-20,2,pending,,,
ETH,2024-05-21,1,pending,,,
ETH,2024-05-21,2,failed,1.7163e+18,1.7163009e+18,
ETH,2024-05-22,1,hit,1.7163882e+18,,1.7163927e+18
ETH,2024-05-22,2,failed,1.7163837e+18,1.7163882e+18,
ETH,2024-05-23,1,pending,,,
ETH,2024-05-24,1,pending,,,
ETH,2024-05-27,1,pending,,,
ETH,2024-05-27,2,failed,1.7168247e+18,1.716831e+18,
ETH,2024-05-28,1,hit,1.7169021e+18,,1.7169039e+18
ETH,2024-05-28,2,pending,,,
ETH,2024-05-29,1,hit,1.7169903e+18,,1.716993e+18
ETH,2024-05-29,2,pending,,,
ETH,2024-05-30,1,hit,1.7170749e+18,,1.7170758e+18
ETH,2024-05-30,2,pending,,,
ETH,2024-05-31,1,failed,1.7171613e+18,1.717164e+18,
ETH,2024-05-31,2,hit,1.717164e+18,,1.7171712e+18
ETH,2024-06-03,1,failed,1.7174223e+18,1.7174232e+18,
ETH,2024-06-03,2,hit,1.7174259e+18,,1.7174268e+18
ETH,2024-06-04,1,pending,,,
ETH,2024-06-04,2,hit,1.7175069e+18,,1.7175078e+18
ETH,2024-06-05,1,failed,1.717596e+18,1.7176014e+18,
ETH,2024-06-05,2,failed,1.7175933e+18,1.7175969e+18,
ETH,2024-06-06,1,armed,1.7176824e+18,,
ETH,2024-06-06,2,failed,1.7176815e+18,1.7176923e+18,
ETH,2024-06-07,1,pending,,,
ETH,2024-06-07,2,hit,1.7177661e+18,,1.717767e+18
ETH,2024-06-10,1,pending,,,
ETH,2024-06-10,2,hit,1.7180253e+18,,1.7180289e+18
ETH,2024-06-10,3,pending,,,
ETH,2024-06-11,1,failed,1.7181135e+18,1.7181153e+18,
ETH,2024-06-11,2,pending,,,
ETH,2024-06-12,1,pending,,,
ETH,2024-06-12,2,hit,1.7181981e+18,,1.718199e+18
ETH,2024-06-13,1,hit,1.7182935e+18,,1.7182944e+18
ETH,2024-06-13,2,failed,1.7182854e+18,1.718289e+18,
ETH,2024-06-14,1,hit,1.7183808e+18,,1.7183817e+18
ETH,2024-06-14,2,pending,,,
ETH,2024-06-17,1,failed,1.7186319e+18,1.7186463e+18,
ETH,2024-06-17,2,armed,1.7186463e+18,,
ETH,2024-06-18,1,pending,,,
ETH,2024-06-18,2,failed,1.718721e+18,1.7187228e+18,
ETH,2024-06-19,1,failed,1.7188074e+18,1.7188146e+18,
ETH,2024-06-19,2,pending,,,
ETH,2024-06-20,1,hit,1.7188893e+18,,1.7188902e+18
ETH,2024-06-20,2,pending,,,
ETH,2024-06-21,1,failed,1.718982e+18,1.7189847e+18,
ETH,2024-06-21,2,hit,1.7189757e+18,,1.7189766e+18
ETH,2024-06-24,1,pending,,,
ETH,2024-06-25,1,failed,1.7193258e+18,1.7193348e+18,
ETH,2024-06-25,2,failed,1.7193213e+18,1.7193258e+18,
ETH,2024-06-26,1,failed,1.7194077e+18,1.7194104e+18,
ETH,2024-06-26,2,pending,,,
ETH,2024-06-27,1,pending,,,
ETH,2024-06-27,2,hit,1.7194941e+18,,1.719495e+18
ETH,2024-06-28,1,hit,1.7195805e+18,,1.7195814e+18
ETH,2024-06-28,2,pending,,,
ETH,2024-06-28,3,pending,,,
ETH,2024-07-01,1,armed,1.7198397e+18,,
ETH,2024-07-01,2,pending,,,
ETH,2024-07-02,1,hit,1.7199288e+18,,1.7199297e+18
ETH,2024-07-02,2,pending,,,
ETH,2024-07-02,3,pending,,,
ETH,2024-07-03,1,pending,,,
ETH,2024-07-03,2,pending,,,
ETH,2024-07-04,1,hit,1.7200989e+18,,1.7200998e+18
ETH,2024-07-05,1,failed,1.7201853e+18,1.7201898e+18,
ETH,2024-07-08,1,hit,1.7204454e+18,,1.720449e+18
ETH,2024-07-08,2,pending,,,
ETH,2024-07-09,1,failed,1.7205309e+18,1.7205345e+18,
ETH,2024-07-09,2,pending,,,
ETH,2024-07-10,1,pending,,,
ETH,2024-07-10,2,failed,1.7206173e+18,1.7206191e+18,
ETH,2024-07-11,1,pending,,,
ETH,2024-07-11,2,hit,1.7207037e+18,,1.7207046e+18
ETH,2024-07-12,1,hit,1.7207901e+18,,1.7207928e+18
ETH,2024-07-12,2,pending,,,
ETH,2024-07-15,1,hit,1.7210502e+18,,1.7210574e+18
ETH,2024-07-16,1,armed,1.7211429e+18,,
ETH,2024-07-17,1,failed,1.7212221e+18,1.721232e+18,
ETH,2024-07-17,2,hit,1.721232e+18,,1.7212329e+18
ETH,2024-07-18,1,failed,1.7213085e+18,1.7213139e+18,
ETH,2024-07-18,2,hit,1.7213139e+18,,1.7213184e+18
ETH,2024-07-19,1,hit,1.7213976e+18,,1.7213985e+18
ETH,2024-07-19,2,pending,,,
ETH,2024-07-22,1,pending,,,
ETH,2024-07-22,2,hit,1.7216541e+18,,1.7216586e+18
ETH,2024-07-23,1,pending,,,
ETH,2024-07-24,1,pending,,,
ETH,2024-07-24,2,hit,1.7218296e+18,,1.721835e+18
ETH,2024-07-25,1,pending,,,
ETH,2024-07-25,2,failed,1.7219169e+18,1.7219178e+18,
ETH,2024-07-26,1,failed,1.7220033e+18,1.7220051e+18,
ETH,2024-07-29,1,pending,,,
ETH,2024-07-30,1,hit,1.7223498e+18,,1.7223507e+18
ETH,2024-07-30,2,failed,1.7223453e+18,1.7223471e+18,
ETH,2024-07-31,1,hit,1.7224326e+18,,1.7224335e+18
ETH,2024-07-31,2,pending,,,
ETH,2024-08-01,1,pending,,,
ETH,2024-08-02,1,pending,,,
ETH,2024-08-02,2,failed,1.7226054e+18,1.7226063e+18,
ETH,2024-08-05,1,hit,1.7228637e+18,,1.7228646e+18
ETH,2024-08-06,1,hit,1.7229537e+18,,1.7229555e+18
ETH,2024-08-06,2,pending,,,
ETH,2024-08-07,1,hit,1.7230365e+18,,1.7230392e+18
ETH,2024-08-08,1,hit,1.7231229e+18,,1.7231238e+18
ETH,2024-08-09,1,hit,1.7232093e+18,,1.7232111e+18
ETH,2024-08-09,2,pending,,,
ETH,2024-08-12,1,hit,1.7234685e+18,,1.7234694e+18
ETH,2024-08-13,1,pending,,,
ETH,2024-08-13,2,hit,1.7235567e+18,,1.7235711e+18
ETH,2024-08-14,1,pending,,,
ETH,2024-08-14,2,hit,1.7236413e+18,,1.7236422e+18
ETH,2024-08-15,1,armed,1.7237448e+18,,
ETH,2024-08-15,2,hit,1.7237286e+18,,1.7237304e+18
ETH,2024-08-16,1,failed,1.7238222e+18,1.7238258e+18,
ETH,2024-08-16,2,pending,,,
ETH,2024-08-19,1,pending,,,
ETH,2024-08-19,2,failed,1.7240742e+18,1.724076e+18,
ETH,2024-08-20,1,hit,1.7241597e+18,,1.7241642e+18
ETH,2024-08-20,2,pending,,,
ETH,2024-08-21,1,failed,1.7242515e+18,1.7242524e+18,
ETH,2024-08-21,2,failed,1.7242479e+18,1.7242488e+18,
ETH,2024-08-22,1,armed,1.7243325e+18,,
ETH,2024-08-22,2,pending,,,
ETH,2024-08-23,1,failed,1.7244225e+18,1.7244234e+18,
ETH,2024-08-23,2,pending,,,
ETH,2024-08-26,1,pending,,,
ETH,2024-08-26,2,hit,1.7246781e+18,,1.7246799e+18
ETH,2024-08-27,1,pending,,,
ETH,2024-08-27,2,hit,1.7247645e+18,,1.7247663e+18
ETH,2024-08-28,1,pending,,,
ETH,2024-08-29,1,armed,1.7249409e+18,,
ETH,2024-08-29,2,pending,,,
ETH,2024-08-30,1,pending,,,
ETH,2024-08-30,2,hit,1.7250291e+18,,1.72503e+18
ETH,2024-09-02,1,failed,1.7252829e+18,1.7252856e+18,
ETH,2024-09-03,1,hit,1.7253711e+18,,1.725372e+18
ETH,2024-09-03,2,pending,,,
ETH,2024-09-04,1,hit,1.7254584e+18,,1.7254593e+18
ETH,2024-09-05,1,failed,1.7255421e+18,1.7255484e+18,
ETH,2024-09-05,2,failed,1.7255502e+18,1.7255592e+18,
ETH,2024-09-06,1,hit,1.7256312e+18,,1.7256321e+18
ETH,2024-09-06,2,pending,,,
ETH,2024-09-09,1,failed,1.7258904e+18,1.7258913e+18,
ETH,2024-09-09,2,hit,1.7258922e+18,,1.7258949e+18
ETH,2024-09-10,1,hit,1.7259741e+18,,1.7259777e+18
ETH,2024-09-10,2,armed,1.7259885e+18,,
ETH,2024-09-11,1,hit,1.7260623e+18,,1.7260632e+18
ETH,2024-09-11,2,failed,1.7260605e+18,1.7260623e+18,
ETH,2024-09-12,1,hit,1.7261532e+18,,1.726155e+18
ETH,2024-09-12,2,failed,1.7261487e+18,1.7261532e+18,
ETH,2024-09-13,1,failed,1.7262342e+18,1.7262369e+18,
ETH,2024-09-13,2,hit,1.7262369e+18,,1.7262414e+18
ETH,2024-09-16,1,failed,1.7264979e+18,1.7265006e+18,
ETH,2024-09-16,2,pending,,,
ETH,2024-09-17,1,hit,1.7265789e+18,,1.7265825e+18
ETH,2024-09-17,2,pending,,,
ETH,2024-09-18,1,failed,1.726668e+18,1.7266824e+18,
ETH,2024-09-18,2,pending,,,
ETH,2024-09-19,1,hit,1.7267517e+18,,1.7267526e+18
ETH,2024-09-20,1,failed,1.7268435e+18,1.7268453e+18,
ETH,2024-09-23,1,armed,1.7271009e+18,,
ETH,2024-09-23,2,pending,,,
ETH,2024-09-24,1,armed,1.7271999e+18,,
ETH,2024-09-24,2,hit,1.7271873e+18,,1.7271882e+18
ETH,2024-09-25,1,pending,,,
ETH,2024-09-25,2,hit,1.7272701e+18,,1.7272719e+18
ETH,2024-09-26,1,armed,1.7273646e+18,,
ETH,2024-09-26,2,failed,1.7273583e+18,1.7273646e+18,
ETH,2024-09-27,1,hit,1.7274465e+18,,1.7274474e+18
ETH,2024-09-27,2,failed,1.7274447e+18,1.7274456e+18,
ETH,2024-09-30,1,failed,1.7277021e+18,1.7277057e+18,
ETH,2024-09-30,2,armed,1.7277057e+18,,
ETH,2024-10-01,1,hit,1.7277885e+18,,1.7277903e+18
ETH,2024-10-01,2,pending,,,
ETH,2024-10-02,1,failed,1.7278848e+18,1.7278902e+18,
ETH,2024-10-02,2,hit,1.7278749e+18,,1.7278758e+18
ETH,2024-10-03,1,hit,1.7279613e+18,,1.7279631e+18
ETH,2024-10-03,2,pending,,,
ETH,2024-10-04,1,failed,1.7280477e+18,1.7280504e+18,
ETH,2024-10-04,2,pending,,,
ETH,2024-10-07,1,pending,,,
ETH,2024-10-07,2,failed,1.7283105e+18,1.7283177e+18,
ETH,2024-10-08,1,failed,1.7283951e+18,1.7283978e+18,
ETH,2024-10-08,2,failed,1.7283978e+18,1.7283996e+18,
ETH,2024-10-09,1,hit,1.7284797e+18,,1.7284806e+18
ETH,2024-10-09,2,failed,1.7284878e+18,1.7284905e+18,
ETH,2024-10-10,1,pending,,,
ETH,2024-10-10,2,pending,,,
ETH,2024-10-11,1,hit,1.7286525e+18,,1.7286534e+18
ETH,2024-10-11,2,pending,,,
ETH,2024-10-14,1,hit,1.7289117e+18,,1.7289126e+18
ETH,2024-10-15,1,hit,1.7290008e+18,,1.7290017e+18
ETH,2024-10-15,2,hit,1.7290035e+18,,1.7290044e+18
ETH,2024-10-16,1,pending,,,
ETH,2024-10-16,2,hit,1.7290863e+18,,1.7290872e+18
ETH,2024-10-17,1,hit,1.7291709e+18,,1.7291727e+18
ETH,2024-10-17,2,pending,,,
ETH,2024-10-18,1,hit,1.7292591e+18,,1.7292654e+18
ETH,2024-10-18,2,pending,,,
ETH,2024-10-21,1,pending,,,
ETH,2024-10-21,2,hit,1.7295165e+18,,1.7295174e+18
ETH,2024-10-22,1,failed,1.7296029e+18,1.7296065e+18,
ETH,2024-10-22,2,pending,,,
ETH,2024-10-23,1,hit,1.7296929e+18,,1.7296956e+18
ETH,2024-10-23,2,pending,,,
ETH,2024-10-24,1,pending,,,
ETH,2024-10-24,2,hit,1.7297793e+18,,1.7297802e+18
ETH,2024-10-25,1,failed,1.7298639e+18,1.7298648e+18,
ETH,2024-10-25,2,hit,1.7298648e+18,,1.7298666e+18
ETH,2024-10-25,3,pending,,,
ETH,2024-10-28,1,hit,1.730124e+18,,1.7301312e+18
ETH,2024-10-28,2,failed,1.7301222e+18,1.730124e+18,
ETH,2024-10-29,1,hit,1.7302176e+18,,1.730223e+18
ETH,2024-10-29,2,failed,1.7302077e+18,1.7302104e+18,
ETH,2024-10-30,1,pending,,,
ETH,2024-10-30,2,hit,1.7302941e+18,,1.7302968e+18
ETH,2024-10-31,1,pending,,,
ETH,2024-10-31,2,hit,1.7303814e+18,,1.7303841e+18
ETH,2024-11-01,1,hit,1.7304669e+18,,1.7304678e+18
ETH,2024-11-01,2,failed,1.7304768e+18,1.7304777e+18,
ETH,2024-11-04,1,hit,1.7307315e+18,,1.7307351e+18
ETH,2024-11-04,2,pending,,,
ETH,2024-11-05,1,failed,1.730817e+18,1.7308206e+18,
ETH,2024-11-05,2,failed,1.7308206e+18,1.7308242e+18,
ETH,2024-11-06,1,failed,1.7309025e+18,1.7309061e+18,
ETH,2024-11-06,2,failed,1.730907e+18,1.7309088e+18,
ETH,2024-11-07,1,hit,1.7309934e+18,,1.731006e+18
ETH,2024-11-08,1,armed,1.7310915e+18,,
ETH,2024-11-08,2,hit,1.7310771e+18,,1.731078e+18
ETH,2024-11-11,1,hit,1.7313372e+18,,1.7313381e+18
ETH,2024-11-12,1,failed,1.7314281e+18,1.7314362e+18,
ETH,2024-11-13,1,hit,1.7315073e+18,,1.7315082e+18
ETH,2024-11-13,2,pending,,,
ETH,2024-11-14,1,pending,,,
ETH,2024-11-14,2,hit,1.7315955e+18,,1.7315964e+18
ETH,2024-11-15,1,pending,,,
ETH,2024-11-15,2,hit,1.7316801e+18,,1.7316837e+18
ETH,2024-11-18,1,hit,1.7319465e+18,,1.7319474e+18
ETH,2024-11-18,2,pending,,,
ETH,2024-11-19,1,armed,1.7320257e+18,,
ETH,2024-11-20,1,hit,1.7321256e+18,,1.7321274e+18
ETH,2024-11-20,2,hit,1.7321121e+18,,1.732113e+18
ETH,2024-11-21,1,failed,1.7321985e+18,1.732203e+18,
ETH,2024-11-21,2,failed,1.732203e+18,1.7322057e+18,
ETH,2024-11-22,1,armed,1.7322858e+18,,
ETH,2024-11-22,2,pending,,,
ETH,2024-11-25,1,hit,1.7325459e+18,,1.7325468e+18
ETH,2024-11-25,2,failed,1.7325513e+18,1.7325522e+18,
ETH,2024-11-26,1,failed,1.7326368e+18,1.7326386e+18,
ETH,2024-11-27,1,pending,,,
ETH,2024-11-27,2,hit,1.7327178e+18,,1.7327223e+18
ETH,2024-11-28,1,pending,,,
ETH,2024-11-28,2,hit,1.7328042e+18,,1.7328096e+18
ETH,2024-11-29,1,failed,1.7328897e+18,1.7329005e+18,
ETH,2024-11-29,2,armed,1.7329068e+18,,
ETH,2024-12-02,1,hit,1.7331489e+18,,1.7331534e+18
ETH,2024-12-02,2,failed,1.7331624e+18,1.7331633e+18,
ETH,2024-12-03,1,pending,,,
ETH,2024-12-03,2,hit,1.7332353e+18,,1.7332362e+18
ETH,2024-12-04,1,pending,,,
ETH,2024-12-04,2,hit,1.7333235e+18,,1.7333244e+18
ETH,2024-12-05,1,failed,1.7334081e+18,1.7334126e+18,
ETH,2024-12-05,2,failed,1.7334126e+18,1.7334189e+18,
ETH,2024-12-06,1,pending,,,
ETH,2024-12-09,1,hit,1.7337537e+18,,1.7337564e+18
ETH,2024-12-09,2,failed,1.7337591e+18,1.7337645e+18,
ETH,2024-12-10,1,failed,1.733841e+18,1.7338428e+18,
ETH,2024-12-10,2,hit,1.7338428e+18,,1.7338446e+18
ETH,2024-12-11,1,hit,1.7339265e+18,,1.7339283e+18
ETH,2024-12-12,1,failed,1.7340129e+18,1.7340138e+18,
ETH,2024-12-12,2,failed,1.7340138e+18,1.7340228e+18,
ETH,2024-12-13,1,failed,1.734102e+18,1.7341056e+18,
ETH,2024-12-13,2,armed,1.7341056e+18,,
ETH,2024-12-16,1,pending,,,
ETH,2024-12-16,2,hit,1.7343585e+18,,1.7343657e+18
ETH,2024-12-17,1,pending,,,
ETH,2024-12-17,2,hit,1.7344485e+18,,1.7344494e+18
ETH,2024-12-18,1,armed,1.7345484e+18,,
ETH,2024-12-18,2,failed,1.734534e+18,1.7345367e+18,
ETH,2024-12-19,1,pending,,,
ETH,2024-12-19,2,hit,1.7346195e+18,,1.7346213e+18
ETH,2024-12-20,1,hit,1.734705e+18,,1.7347077e+18
ETH,2024-12-20,2,pending,,,
ETH,2024-12-23,1,failed,1.7349696e+18,1.7349714e+18,
ETH,2024-12-23,2,failed,1.7349642e+18,1.7349651e+18,
ETH,2024-12-24,1,pending,,,
ETH,2024-12-24,2,hit,1.7350497e+18,,1.7350542e+18
ETH,2024-12-25,1,hit,1.7351406e+18,,1.7351451e+18
ETH,2024-12-25,2,failed,1.7351379e+18,1.7351406e+18,
ETH,2024-12-26,1,hit,1.7352243e+18,,1.7352252e+18
ETH,2024-12-27,1,pending,,,
ETH,2024-12-30,1,pending,,,
ETH,2024-12-30,2,hit,1.7355681e+18,,1.735569e+18
ETH,2024-12-31,1,hit,1.7356545e+18,,1.7356554e+18
ETH,2024-12-31,2,armed,1.7356671e+18,,
ETH,2025-01-01,1,failed,1.7357472e+18,1.7357499e+18,
ETH,2025-01-01,2,failed,1.7357418e+18,1.7357472e+18,
ETH,2025-01-02,1,failed,1.73583e+18,1.7358327e+18,
ETH,2025-01-02,2,failed,1.7358273e+18,1.73583e+18,
ETH,2025-01-03,1,hit,1.7359137e+18,,1.7359146e+18
ETH,2025-01-03,2,pending,,,
ETH,2025-01-06,1,hit,1.7361756e+18,,1.7361765e+18
ETH,2025-01-06,2,failed,1.7361738e+18,1.7361756e+18,
ETH,2025-01-07,1,pending,,,
ETH,2025-01-07,2,hit,1.736262e+18,,1.7362629e+18
ETH,2025-01-08,1,hit,1.7363457e+18,,1.7363466e+18
ETH,2025-01-08,2,hit,1.7363565e+18,,1.7363574e+18
ETH,2025-01-09,1,failed,1.7364321e+18,1.7364366e+18,
ETH,2025-01-09,2,failed,1.7364375e+18,1.7364447e+18,
ETH,2025-01-10,1,hit,1.7365185e+18,,1.7365221e+18
ETH,2025-01-10,2,pending,,,
ETH,2025-01-13,1,failed,1.7367777e+18,1.7367795e+18,
ETH,2025-01-13,2,failed,1.7367795e+18,1.7367813e+18,
ETH,2025-01-14,1,pending,,,
ETH,2025-01-15,1,hit,1.7369505e+18,,1.7369514e+18
ETH,2025-01-15,2,pending,,,
ETH,2025-01-16,1,hit,1.7370369e+18,,1.7370387e+18
ETH,2025-01-17,1,failed,1.7371269e+18,1.7371278e+18,
ETH,2025-01-17,2,pending,,,
ETH,2025-01-20,1,failed,1.7373951e+18,1.7373996e+18,
ETH,2025-01-21,1,hit,1.7374716e+18,,1.7374725e+18
ETH,2025-01-21,2,failed,1.7374698e+18,1.7374707e+18,
ETH,2025-01-22,1,armed,1.7375625e+18,,
ETH,2025-01-22,2,pending,,,
ETH,2025-01-23,1,pending,,,
ETH,2025-01-23,2,hit,1.7376417e+18,,1.7376435e+18
ETH,2025-01-24,1,failed,1.7377281e+18,1.7377299e+18,
ETH,2025-01-24,2,pending,,,
ETH,2025-01-27,1,failed,1.7379873e+18,1.7379891e+18,
ETH,2025-01-28,1,hit,1.7380773e+18,,1.7380782e+18
ETH,2025-01-28,2,failed,1.7380836e+18,1.7380845e+18,
ETH,2025-01-29,1,pending,,,
ETH,2025-01-29,2,armed,1.7381772e+18,,
ETH,2025-01-30,1,hit,1.7382465e+18,,1.7382474e+18
ETH,2025-01-30,2,pending,,,
ETH,2025-01-31,1,armed,1.7383482e+18,,
ETH,2025-01-31,2,hit,1.7383338e+18,,1.7383392e+18
ETH,2025-02-03,1,failed,1.7385921e+18,1.7385939e+18,
ETH,2025-02-04,1,failed,1.7386785e+18,1.7386803e+18,
ETH,2025-02-05,1,failed,1.7387793e+18,1.7387811e+18,
ETH,2025-02-05,2,hit,1.7387649e+18,,1.7387658e+18
ETH,2025-02-06,1,hit,1.7388531e+18,,1.7388576e+18
ETH,2025-02-06,2,failed,1.7388513e+18,1.7388531e+18,
ETH,2025-02-07,1,hit,1.7389413e+18,,1.7389494e+18
ETH,2025-02-07,2,failed,1.7389377e+18,1.7389413e+18,
ETH,2025-02-10,1,hit,1.7391969e+18,,1.7392041e+18
ETH,2025-02-10,2,pending,,,
ETH,2025-02-11,1,hit,1.7392833e+18,,1.7392842e+18
ETH,2025-02-11,2,pending,,,
ETH,2025-02-12,1,armed,1.7393796e+18,,
ETH,2025-02-12,2,hit,1.7393697e+18,,1.7393706e+18
ETH,2025-02-13,1,hit,1.7394561e+18,,1.7394579e+18
ETH,2025-02-14,1,pending,,,
ETH,2025-02-14,2,hit,1.7395488e+18,,1.7395551e+18
ETH,2025-02-17,1,failed,1.7398116e+18,1.7398125e+18,
ETH,2025-02-17,2,hit,1.7398017e+18,,1.7398026e+18
ETH,2025-02-18,1,hit,1.7398899e+18,,1.7398971e+18
ETH,2025-02-18,2,pending,,,
ETH,2025-02-19,1,armed,1.7399763e+18,,
ETH,2025-02-19,2,pending,,,
ETH,2025-02-20,1,hit,1.7400636e+18,,1.7400672e+18
ETH,2025-02-20,2,hit,1.7400609e+18,,1.7400618e+18
ETH,2025-02-21,1,pending,,,
ETH,2025-02-21,2,failed,1.7401491e+18,1.7401509e+18,
ETH,2025-02-24,1,pending,,,
ETH,2025-02-24,2,hit,1.7404065e+18,,1.7404092e+18
ETH,2025-02-25,1,pending,,,
ETH,2025-02-26,1,hit,1.7405793e+18,,1.7405802e+18
ETH,2025-02-27,1,hit,1.7406675e+18,,1.7406756e+18
ETH,2025-02-27,2,pending,,,
ETH,2025-02-28,1,pending,,,
ETH,2025-03-03,1,hit,1.741014e+18,,1.7410149e+18
ETH,2025-03-03,2,failed,1.7410113e+18,1.7410131e+18,
ETH,2025-03-04,1,pending,,,
ETH,2025-03-04,2,hit,1.7410977e+18,,1.7410986e+18
ETH,2025-03-05,1,pending,,,
ETH,2025-03-05,2,failed,1.7411868e+18,1.7411877e+18,
ETH,2025-03-06,1,hit,1.7412723e+18,,1.7412732e+18
ETH,2025-03-06,2,pending,,,
ETH,2025-03-07,1,hit,1.7413569e+18,,1.7413587e+18
ETH,2025-03-07,2,failed,1.741365e+18,1.741374e+18,
ETH,2025-03-10,1,pending,,,
ETH,2025-03-11,1,failed,1.7417115e+18,1.7417133e+18,
ETH,2025-03-11,2,hit,1.7416989e+18,,1.7417043e+18
ETH,2025-03-12,1,failed,1.7417853e+18,1.7417871e+18,
ETH,2025-03-13,1,hit,1.7418735e+18,,1.741887e+18
ETH,2025-03-13,2,pending,,,
ETH,2025-03-14,1,hit,1.7419635e+18,,1.7419653e+18
ETH,2025-03-14,2,failed,1.7419581e+18,1.7419635e+18,
ETH,2025-03-17,1,failed,1.7422173e+18,1.7422317e+18,
ETH,2025-03-17,2,armed,1.7422272e+18,,
ETH,2025-03-18,1,hit,1.7423055e+18,,1.7423064e+18
ETH,2025-03-18,2,pending,,,
ETH,2025-03-19,1,hit,1.7423964e+18,,1.7423982e+18
ETH,2025-03-20,1,armed,1.7424864e+18,,
ETH,2025-03-20,2,failed,1.7424765e+18,1.7424855e+18,
ETH,2025-03-21,1,pending,,,
ETH,2025-03-21,2,hit,1.7425629e+18,,1.7425638e+18
ETH,2025-03-24,1,pending,,,
ETH,2025-03-24,2,armed,1.7428221e+18,,
ETH,2025-03-25,1,pending,,,
ETH,2025-03-25,2,failed,1.7429094e+18,1.7429103e+18,
ETH,2025-03-26,1,hit,1.7429949e+18,,1.7429976e+18
ETH,2025-03-26,2,pending,,,
ETH,2025-03-27,1,failed,1.7430867e+18,1.7430903e+18,
ETH,2025-03-27,2,hit,1.7430822e+18,,1.7430831e+18
ETH,2025-03-28,1,armed,1.7431677e+18,,
ETH,2025-03-31,1,failed,1.7434269e+18,1.7434287e+18,
ETH,2025-03-31,2,failed,1.7434287e+18,1.7434296e+18,
ETH,2025-04-01,1,hit,1.7435205e+18,,1.7435214e+18
ETH,2025-04-01,2,failed,1.7435169e+18,1.7435187e+18,
ETH,2025-04-02,1,pending,,,
ETH,2025-04-02,2,hit,1.7436015e+18,,1.7436087e+18
ETH,2025-04-03,1,pending,,,
ETH,2025-04-04,1,failed,1.7437734e+18,1.7437752e+18,
ETH,2025-04-07,1,pending,,,
ETH,2025-04-08,1,hit,1.7441235e+18,,1.7441244e+18
ETH,2025-04-08,2,pending,,,
ETH,2025-04-09,1,hit,1.7442045e+18,,1.7442063e+18
ETH,2025-04-09,2,pending,,,
ETH,2025-04-10,1,hit,1.7442909e+18,,1.7442927e+18
ETH,2025-04-11,1,failed,1.7443791e+18,1.7443818e+18,
ETH,2025-04-11,2,pending,,,
ETH,2025-04-14,1,hit,1.7446455e+18,,1.7446482e+18
ETH,2025-04-14,2,pending,,,
ETH,2025-04-15,1,hit,1.7447256e+18,,1.7447274e+18
ETH,2025-04-15,2,pending,,,
ETH,2025-04-16,1,hit,1.7448093e+18,,1.7448102e+18
ETH,2025-04-16,2,hit,1.7448147e+18,,1.7448174e+18
ETH,2025-04-17,1,pending,,,
ETH,2025-04-17,2,hit,1.7448993e+18,,1.7449002e+18
ETH,2025-04-18,1,hit,1.7449821e+18,,1.7449893e+18
ETH,2025-04-18,2,failed,1.7449848e+18,1.7449893e+18,
ETH,2025-04-21,1,failed,1.745244e+18,1.7452458e+18,
ETH,2025-04-21,2,failed,1.7452458e+18,1.745253e+18,
ETH,2025-04-22,1,failed,1.7453277e+18,1.7453286e+18,
ETH,2025-04-22,2,pending,,,
ETH,2025-04-23,1,failed,1.7454141e+18,1.7454168e+18,
ETH,2025-04-23,2,failed,1.7454222e+18,1.745424e+18,
ETH,2025-04-24,1,failed,1.7455041e+18,1.7455167e+18,
ETH,2025-04-24,2,pending,,,
ETH,2025-04-25,1,hit,1.7455932e+18,,1.7455941e+18
ETH,2025-04-25,2,hit,1.7455869e+18,,1.7455878e+18
ETH,2025-04-28,1,pending,,,
ETH,2025-04-28,2,hit,1.7458488e+18,,1.7458533e+18
ETH,2025-04-29,1,failed,1.7459451e+18,1.745946e+18,
ETH,2025-04-29,2,armed,1.7459325e+18,,
ETH,2025-04-30,1,pending,,,
ETH,2025-04-30,2,hit,1.7460189e+18,,1.7460198e+18
ETH,2025-05-01,1,pending,,,
ETH,2025-05-01,2,failed,1.7461062e+18,1.7461071e+18,
ETH,2025-05-02,1,pending,,,
ETH,2025-05-02,2,hit,1.7461962e+18,,1.7462025e+18
ETH,2025-05-05,1,hit,1.7464509e+18,,1.7464527e+18
ETH,2025-05-05,2,armed,1.7464635e+18,,
ETH,2025-05-06,1,armed,1.7465418e+18,,
ETH,2025-05-06,2,pending,,,
ETH,2025-05-07,1,pending,,,
ETH,2025-05-07,2,hit,1.7466309e+18,,1.7466345e+18
ETH,2025-05-08,1,hit,1.7467101e+18,,1.7467119e+18
ETH,2025-05-09,1,failed,1.7467965e+18,1.7467983e+18,
ETH,2025-05-12,1,hit,1.7470602e+18,,1.747062e+18
ETH,2025-05-13,1,hit,1.7471421e+18,,1.747143e+18
ETH,2025-05-13,2,pending,,,
ETH,2025-05-14,1,pending,,,
ETH,2025-05-14,2,failed,1.747233e+18,1.7472375e+18,
ETH,2025-05-15,1,pending,,,
ETH,2025-05-15,2,hit,1.7473167e+18,,1.7473176e+18
ETH,2025-05-16,1,pending,,,
ETH,2025-05-19,1,hit,1.7476623e+18,,1.747674e+18
ETH,2025-05-20,1,armed,1.7477469e+18,,
ETH,2025-05-20,2,pending,,,
ETH,2025-05-21,1,failed,1.7478459e+18,1.7478477e+18,
ETH,2025-05-21,2,failed,1.7478333e+18,1.7478351e+18,
ETH,2025-05-22,1,pending,,,
ETH,2025-05-22,2,failed,1.7479197e+18,1.7479251e+18,
ETH,2025-05-23,1,failed,1.7480061e+18,1.7480079e+18,
ETH,2025-05-23,2,failed,1.7480088e+18,1.7480169e+18,
ETH,2025-05-26,1,pending,,,
ETH,2025-05-26,2,hit,1.748268e+18,,1.7482698e+18
ETH,2025-05-27,1,armed,1.7483517e+18,,
ETH,2025-05-27,2,pending,,,
ETH,2025-05-28,1,armed,1.7484417e+18,,
ETH,2025-05-28,2,hit,1.7484381e+18,,1.748439e+18
ETH,2025-05-29,1,pending,,,
ETH,2025-05-29,2,hit,1.7485254e+18,,1.7485263e+18
ETH,2025-05-30,1,hit,1.7486109e+18,,1.7486235e+18
ETH,2025-05-30,2,pending,,,
ETH,2025-06-02,1,pending,,,
ETH,2025-06-03,1,pending,,,
ETH,2025-06-03,2,hit,1.7489565e+18,,1.7489574e+18
ETH,2025-06-04,1,pending,,,
ETH,2025-06-04,2,hit,1.7490492e+18,,1.7490519e+18
ETH,2025-06-05,1,hit,1.749132e+18,,1.7491329e+18
ETH,2025-06-05,2,pending,,,
ETH,2025-06-06,1,hit,1.7492157e+18,,1.7492175e+18
ETH,2025-06-09,1,pending,,,
ETH,2025-06-09,2,hit,1.7494866e+18,,1.7494875e+18
ETH,2025-06-10,1,pending,,,
ETH,2025-06-11,1,hit,1.7496477e+18,,1.7496486e+18
ETH,2025-06-11,2,pending,,,
ETH,2025-06-12,1,failed,1.7497359e+18,1.749744e+18,
ETH,2025-06-12,2,failed,1.749744e+18,1.7497458e+18,
ETH,2025-06-13,1,failed,1.7498223e+18,1.7498241e+18,
ETH,2025-06-16,1,hit,1.7500824e+18,,1.7500842e+18
ETH,2025-06-17,1,failed,1.7501679e+18,1.7501697e+18,
ETH,2025-06-18,1,failed,1.7502561e+18,1.7502588e+18,
ETH,2025-06-18,2,hit,1.7502525e+18,,1.7502534e+18
ETH,2025-06-19,1,pending,,,
ETH,2025-06-20,1,hit,1.750428e+18,,1.7504298e+18
ETH,2025-06-20,2,failed,1.7504253e+18,1.750428e+18,
ETH,2025-06-23,1,failed,1.7506863e+18,1.7506935e+18,
ETH,2025-06-23,2,failed,1.7506854e+18,1.7506863e+18,
ETH,2025-06-24,1,hit,1.7507709e+18,,1.7507718e+18
ETH,2025-06-25,1,failed,1.7508618e+18,1.7508627e+18,
ETH,2025-06-25,2,failed,1.7508573e+18,1.7508618e+18,
ETH,2025-06-26,1,hit,1.7509437e+18,,1.7509518e+18
ETH,2025-06-26,2,pending,,,
ETH,2025-06-27,1,armed,1.7510463e+18,,
ETH,2025-06-27,2,pending,,,
ETH,2025-06-30,1,pending,,,
ETH,2025-06-30,2,failed,1.7512893e+18,1.7512956e+18,
ETH,2025-07-01,1,failed,1.7513757e+18,1.7513793e+18,
ETH,2025-07-01,2,failed,1.7513793e+18,1.7513802e+18,
ETH,2025-07-02,1,hit,1.7514639e+18,,1.7514666e+18
ETH,2025-07-02,2,pending,,,
ETH,2025-07-03,1,hit,1.7515503e+18,,1.7515512e+18
ETH,2025-07-03,2,pending,,,
ETH,2025-07-04,1,pending,,,
ETH,2025-07-04,2,hit,1.7516376e+18,,1.7516457e+18
ETH,2025-07-07,1,failed,1.7518941e+18,1.7518968e+18,
ETH,2025-07-07,2,pending,,,
ETH,2025-07-08,1,failed,1.7519832e+18,1.751985e+18,
ETH,2025-07-08,2,failed,1.751985e+18,1.7519949e+18,
ETH,2025-07-09,1,pending,,,
ETH,2025-07-09,2,hit,1.7520669e+18,,1.7520678e+18
ETH,2025-07-10,1,hit,1.752165e+18,,1.7521704e+18
ETH,2025-07-10,2,hit,1.7521578e+18,,1.7521605e+18
ETH,2025-07-11,1,failed,1.7522424e+18,1.7522469e+18,
ETH,2025-07-11,2,hit,1.7522469e+18,,1.7522496e+18
ETH,2025-07-14,1,pending,,,
ETH,2025-07-14,2,hit,1.7524998e+18,,1.7525061e+18
ETH,2025-07-15,1,hit,1.7525853e+18,,1.7525862e+18
ETH,2025-07-15,2,pending,,,
ETH,2025-07-16,1,hit,1.7526717e+18,,1.7526771e+18
ETH,2025-07-16,2,pending,,,
ETH,2025-07-17,1,pending,,,
ETH,2025-07-18,1,pending,,,
ETH,2025-07-18,2,armed,1.752849e+18,,
ETH,2025-07-21,1,hit,1.7531082e+18,,1.7531091e+18
ETH,2025-07-21,2,failed,1.7531037e+18,1.7531064e+18,
ETH,2025-07-22,1,pending,,,
ETH,2025-07-22,2,hit,1.753191e+18,,1.7531919e+18
ETH,2025-07-23,1,pending,,,
ETH,2025-07-23,2,hit,1.7532783e+18,,1.7532792e+18
ETH,2025-07-24,1,hit,1.7533629e+18,,1.7533665e+18
ETH,2025-07-24,2,hit,1.7533683e+18,,1.7533692e+18
ETH,2025-07-25,1,hit,1.7534493e+18,,1.7534547e+18
ETH,2025-07-25,2,pending,,,
ETH,2025-07-28,1,pending,,,
ETH,2025-07-28,2,hit,1.7537085e+18,,1.7537094e+18
ETH,2025-07-29,1,hit,1.7537985e+18,,1.7538012e+18
ETH,2025-07-29,2,pending,,,
ETH,2025-07-30,1,armed,1.7538867e+18,,
ETH,2025-07-30,2,pending,,,
ETH,2025-07-31,1,hit,1.7539677e+18,,1.7539686e+18
ETH,2025-07-31,2,pending,,,
ETH,2025-08-01,1,failed,1.7540541e+18,1.7540559e+18,
ETH,2025-08-01,2,armed,1.7540685e+18,,
ETH,2025-08-04,1,hit,1.7543151e+18,,1.7543169e+18
ETH,2025-08-04,2,pending,,,
ETH,2025-08-05,1,hit,1.7544042e+18,,1.7544051e+18
ETH,2025-08-05,2,pending,,,
ETH,2025-08-06,1,hit,1.7544924e+18,,1.754496e+18
ETH,2025-08-06,2,failed,1.7544861e+18,1.7544924e+18,
ETH,2025-08-07,1,armed,1.7545779e+18,,
ETH,2025-08-07,2,failed,1.7545743e+18,1.7545779e+18,
ETH,2025-08-08,1,hit,1.7546607e+18,,1.7546616e+18
ETH,2025-08-08,2,failed,1.7546589e+18,1.7546607e+18,
ETH,2025-08-11,1,hit,1.7549199e+18,,1.7549208e+18
ETH,2025-08-11,2,pending,,,
ETH,2025-08-12,1,hit,1.7550045e+18,,1.7550054e+18
ETH,2025-08-12,2,pending,,,
ETH,2025-08-13,1,failed,1.7550909e+18,1.7550927e+18,
ETH,2025-08-13,2,pending,,,
ETH,2025-08-14,1,pending,,,
ETH,2025-08-14,2,hit,1.7551773e+18,,1.7551782e+18
ETH,2025-08-15,1,pending,,,
ETH,2025-08-15,2,hit,1.7552637e+18,,1.7552664e+18
ETH,2025-08-18,1,armed,1.7555229e+18,,
ETH,2025-08-18,2,pending,,,
ETH,2025-08-19,1,hit,1.7556093e+18,,1.7556138e+18
ETH,2025-08-19,2,failed,1.7556102e+18,1.7556111e+18,
ETH,2025-08-20,1,hit,1.7557011e+18,,1.7557029e+18
ETH,2025-08-21,1,pending,,,
ETH,2025-08-21,2,failed,1.7557821e+18,1.7557857e+18,
ETH,2025-08-22,1,hit,1.7558703e+18,,1.7558721e+18
ETH,2025-08-22,2,pending,,,
ETH,2025-08-25,1,armed,1.7561412e+18,,
ETH,2025-08-25,2,pending,,,
ETH,2025-08-26,1,hit,1.7562141e+18,,1.7562204e+18
ETH,2025-08-26,2,pending,,,
ETH,2025-08-27,1,hit,1.7563005e+18,,1.7563032e+18
ETH,2025-08-27,2,hit,1.7563077e+18,,1.7563104e+18
ETH,2025-08-28,1,hit,1.7563968e+18,,1.7564004e+18
ETH,2025-08-28,2,pending,,,
ETH,2025-08-29,1,failed,1.7564769e+18,1.7564895e+18,
ETH,2025-08-29,2,failed,1.7564733e+18,1.7564769e+18,
ETH,2025-09-01,1,failed,1.7567325e+18,1.7567406e+18,
ETH,2025-09-01,2,hit,1.7567343e+18,,1.7567406e+18
ETH,2025-09-02,1,failed,1.7568216e+18,1.7568279e+18,
ETH,2025-09-02,2,failed,1.7568189e+18,1.7568207e+18,
ETH,2025-09-03,1,hit,1.7569053e+18,,1.7569071e+18
ETH,2025-09-03,2,pending,,,
ETH,2025-09-04,1,hit,1.7569917e+18,,1.7569953e+18
ETH,2025-09-04,2,pending,,,
ETH,2025-09-05,1,hit,1.7570781e+18,,1.757079e+18
ETH,2025-09-08,1,pending,,,
ETH,2025-09-08,2,hit,1.7573373e+18,,1.7573382e+18
ETH,2025-09-09,1,hit,1.7574291e+18,,1.7574327e+18
ETH,2025-09-09,2,failed,1.7574255e+18,1.7574282e+18,
ETH,2025-09-10,1,pending,,,
ETH,2025-09-10,2,hit,1.7575101e+18,,1.7575119e+18
ETH,2025-09-11,1,armed,1.7575965e+18,,
ETH,2025-09-11,2,pending,,,
ETH,2025-09-12,1,hit,1.7576856e+18,,1.7576946e+18
ETH,2025-09-12,2,pending,,,
ETH,2025-09-15,1,hit,1.7579421e+18,,1.7579439e+18
ETH,2025-09-15,2,pending,,,
ETH,2025-09-16,1,hit,1.7580303e+18,,1.7580312e+18
ETH,2025-09-16,2,pending,,,
ETH,2025-09-17,1,hit,1.7581149e+18,,1.7581158e+18
ETH,2025-09-17,2,armed,1.758132e+18,,
ETH,2025-09-18,1,hit,1.7582049e+18,,1.7582139e+18
ETH,2025-09-18,2,failed,1.7582031e+18,1.7582049e+18,
ETH,2025-09-19,1,armed,1.758294e+18,,
ETH,2025-09-19,2,failed,1.7582877e+18,1.758294e+18,
ETH,2025-09-22,1,armed,1.7585541e+18,,
ETH,2025-09-23,1,pending,,,
ETH,2025-09-23,2,pending,,,
ETH,2025-09-24,1,pending,,,
ETH,2025-09-24,2,hit,1.7587215e+18,,1.7587224e+18
ETH,2025-09-24,3,pending,,,
ETH,2025-09-25,1,hit,1.7588061e+18,,1.7588079e+18
ETH,2025-09-25,2,pending,,,
ETH,2025-09-26,1,hit,1.7589042e+18,,1.7589051e+18
ETH,2025-09-26,2,pending,,,
ETH,2025-09-29,1,pending,,,
ETH,2025-09-29,2,hit,1.7591535e+18,,1.7591544e+18
ETH,2025-09-29,3,failed,1.7591535e+18,1.7591544e+18,
ETH,2025-09-30,1,failed,1.7592426e+18,1.7592444e+18,
ETH,2025-09-30,2,pending,,,
ETH,2025-09-30,3,pending,,,
ETH,2025-10-01,1,pending,,,
ETH,2025-10-01,2,hit,1.7593281e+18,,1.7593299e+18
ETH,2025-10-02,1,hit,1.7594208e+18,,1.7594217e+18
ETH,2025-10-02,2,failed,1.7594172e+18,1.7594181e+18,
ETH,2025-10-03,1,failed,1.7594982e+18,1.7595009e+18,
ETH,2025-10-03,2,failed,1.7594973e+18,1.7594982e+18,
ETH,2025-10-06,1,hit,1.7597565e+18,,1.7597583e+18
ETH,2025-10-06,2,pending,,,
ETH,2025-10-07,1,hit,1.7598429e+18,,1.7598438e+18
ETH,2025-10-07,2,hit,1.7598447e+18,,1.7598465e+18
ETH,2025-10-08,1,armed,1.7599437e+18,,
ETH,2025-10-08,2,failed,1.7599311e+18,1.7599329e+18,
ETH,2025-10-09,1,failed,1.7600211e+18,1.760022e+18,
ETH,2025-10-09,2,failed,1.7600157e+18,1.7600184e+18,
ETH,2025-10-10,1,hit,1.7601021e+18,,1.7601039e+18
ETH,2025-10-10,2,hit,1.7601084e+18,,1.7601093e+18
ETH,2025-10-13,1,failed,1.760364e+18,1.7603658e+18,
ETH,2025-10-13,2,pending,,,
ETH,2025-10-14,1,pending,,,
ETH,2025-10-14,2,hit,1.7604513e+18,,1.7604576e+18
ETH,2025-10-15,1,pending,,,
ETH,2025-10-15,2,failed,1.7605368e+18,1.7605377e+18,
ETH,2025-10-16,1,hit,1.7606214e+18,,1.7606286e+18
ETH,2025-10-16,2,pending,,,
ETH,2025-10-17,1,pending,,,
ETH,2025-10-17,2,failed,1.7607069e+18,1.7607177e+18,
ETH,2025-10-20,1,hit,1.7609661e+18,,1.7609733e+18
ETH,2025-10-20,2,pending,,,
ETH,2025-10-21,1,pending,,,
ETH,2025-10-21,2,hit,1.7610561e+18,,1.761057e+18
ETH,2025-10-22,1,failed,1.7611389e+18,1.7611434e+18,
ETH,2025-10-22,2,failed,1.7611434e+18,1.7611452e+18,
ETH,2025-10-23,1,hit,1.7612352e+18,,1.7612388e+18
ETH,2025-10-23,2,pending,,,
ETH,2025-10-24,1,armed,1.7613162e+18,,
ETH,2025-10-24,2,failed,1.7613117e+18,1.7613162e+18,
ETH,2025-10-27,1,armed,1.7615817e+18,,
ETH,2025-10-27,2,failed,1.7615727e+18,1.7615736e+18,
ETH,2025-10-28,1,hit,1.7616573e+18,,1.7616591e+18
ETH,2025-10-28,2,failed,1.7616663e+18,1.7616699e+18,
ETH,2025-10-29,1,hit,1.7617464e+18,,1.7617482e+18
ETH,2025-10-29,2,pending,,,
ETH,2025-10-30,1,hit,1.7618301e+18,,1.761831e+18
ETH,2025-10-30,2,pending,,,
ETH,2025-10-31,1,failed,1.7619237e+18,1.7619273e+18,
ETH,2025-10-31,2,pending,,,
ETH,2025-11-03,1,hit,1.7621838e+18,,1.7621847e+18
ETH,2025-11-04,1,failed,1.7622666e+18,1.7622675e+18,
ETH,2025-11-04,2,failed,1.7622702e+18,1.762272e+18,
ETH,2025-11-05,1,hit,1.7623521e+18,,1.7623575e+18
ETH,2025-11-05,2,pending,,,
ETH,2025-11-06,1,hit,1.7624403e+18,,1.7624475e+18
ETH,2025-11-06,2,failed,1.7624385e+18,1.7624412e+18,
ETH,2025-11-07,1,hit,1.7625249e+18,,1.7625267e+18
ETH,2025-11-07,2,pending,,,
ETH,2025-11-10,1,failed,1.762785e+18,1.7627868e+18,
ETH,2025-11-10,2,hit,1.7627859e+18,,1.7627868e+18
ETH,2025-11-11,1,hit,1.7628705e+18,,1.7628741e+18
ETH,2025-11-11,2,pending,,,
ETH,2025-11-12,1,failed,1.7629569e+18,1.7629587e+18,
ETH,2025-11-12,2,hit,1.7629587e+18,,1.7629623e+18
ETH,2025-11-13,1,pending,,,
ETH,2025-11-13,2,hit,1.7630433e+18,,1.7630451e+18
ETH,2025-11-14,1,hit,1.7631315e+18,,1.7631378e+18
ETH,2025-11-14,2,pending,,,
ETH,2025-11-17,1,hit,1.7633889e+18,,1.7633961e+18
ETH,2025-11-17,2,pending,,,
ETH,2025-11-18,1,hit,1.7634762e+18,,1.7634789e+18
ETH,2025-11-18,2,pending,,,
ETH,2025-11-19,1,pending,,,
ETH,2025-11-19,2,hit,1.7635617e+18,,1.7635671e+18
ETH,2025-11-20,1,hit,1.7636481e+18,,1.763649e+18
ETH,2025-11-20,2,pending,,,
ETH,2025-11-21,1,failed,1.7637462e+18,1.7637489e+18,
ETH,2025-11-21,2,failed,1.7637399e+18,1.7637444e+18,
ETH,2025-11-24,1,failed,1.7639946e+18,1.7639964e+18,
ETH,2025-11-24,2,hit,1.7640027e+18,,1.7640054e+18
ETH,2025-11-25,1,failed,1.7640801e+18,1.7640909e+18,
ETH,2025-11-25,2,pending,,,
ETH,2025-11-26,1,pending,,,
ETH,2025-11-26,2,hit,1.7641782e+18,,1.7641791e+18
ETH,2025-11-27,1,pending,,,
ETH,2025-11-27,2,hit,1.7642574e+18,,1.7642691e+18
ETH,2025-11-28,1,failed,1.7643501e+18,1.7643537e+18,
ETH,2025-11-28,2,failed,1.7643402e+18,1.7643411e+18,
ETH,2025-12-01,1,hit,1.764603e+18,,1.7646039e+18
ETH,2025-12-01,2,pending,,,
ETH,2025-12-02,1,hit,1.7646849e+18,,1.7646867e+18
ETH,2025-12-02,2,pending,,,
ETH,2025-12-03,1,failed,1.7647713e+18,1.7647731e+18,
ETH,2025-12-03,2,failed,1.7647731e+18,1.7647749e+18,
ETH,2025-12-04,1,failed,1.7648631e+18,1.7648676e+18,
ETH,2025-12-04,2,failed,1.7648604e+18,1.7648631e+18,
ETH,2025-12-05,1,failed,1.7649477e+18,1.7649504e+18,
ETH,2025-12-05,2,hit,1.7649441e+18,,1.764945e+18
ETH,2025-12-08,1,armed,1.7652069e+18,,
ETH,2025-12-08,2,failed,1.7652033e+18,1.765206e+18,
ETH,2025-12-09,1,hit,1.7652942e+18,,1.7652951e+18
ETH,2025-12-09,2,failed,1.7652897e+18,1.7652942e+18,
ETH,2025-12-10,1,hit,1.765377e+18,,1.7653923e+18
ETH,2025-12-10,2,pending,,,
ETH,2025-12-11,1,failed,1.7654652e+18,1.765467e+18,
ETH,2025-12-11,2,armed,1.7654778e+18,,
ETH,2025-12-12,1,pending,,,
ETH,2025-12-12,2,hit,1.7655489e+18,,1.7655534e+18
ETH,2025-12-15,1,pending,,,
ETH,2025-12-15,2,hit,1.7658081e+18,,1.7658099e+18
ETH,2025-12-16,1,pending,,,
ETH,2025-12-16,2,armed,1.7658945e+18,,
ETH,2025-12-17,1,hit,1.7659872e+18,,1.7659881e+18
ETH,2025-12-17,2,hit,1.7659836e+18,,1.7659845e+18
ETH,2025-12-18,1,hit,1.7660673e+18,,1.7660682e+18
ETH,2025-12-18,2,failed,1.766079e+18,1.7660817e+18,
ETH,2025-12-19,1,armed,1.7661672e+18,,
ETH,2025-12-19,2,failed,1.7661555e+18,1.7661663e+18,
ETH,2025-12-22,1,armed,1.7664147e+18,,
ETH,2025-12-22,2,pending,,,
ETH,2025-12-23,1,hit,1.7664993e+18,,1.7665002e+18
ETH,2025-12-23,2,pending,,,
ETH,2025-12-24,1,hit,1.7665875e+18,,1.7665893e+18
ETH,2025-12-24,2,pending,,,
ETH,2025-12-25,1,failed,1.766673e+18,1.7666757e+18,
ETH,2025-12-25,2,hit,1.7666766e+18,,1.7666775e+18
ETH,2025-12-26,1,hit,1.7667603e+18,,1.7667612e+18
ETH,2025-12-26,2,failed,1.7667585e+18,1.7667603e+18,
ETH,2025-12-29,1,failed,1.7670195e+18,1.7670204e+18,
ETH,2025-12-29,2,armed,1.7670348e+18,,
ETH,2025-12-30,1,pending,,,
ETH,2025-12-30,2,failed,1.767105e+18,1.7671068e+18,
ETH,2025-12-31,1,failed,1.7671905e+18,1.7671941e+18,
ETH,2025-12-31,2,hit,1.7671995e+18,,1.7672013e+18
ETH,2026-01-01,1,pending,,,
ETH,2026-01-01,2,pending,,,
ETH,2026-01-01,3,pending,,,
ETH,2026-01-02,1,hit,1.7673651e+18,,1.767366e+18
ETH,2026-01-02,2,pending,,,
ETH,2026-01-02,3,failed,1.767366e+18,1.7673687e+18,
ETH,2026-01-05,1,hit,1.7676279e+18,,1.7676396e+18
ETH,2026-01-05,2,failed,1.7676225e+18,1.7676279e+18,
ETH,2026-01-06,1,hit,1.7677089e+18,,1.7677098e+18
ETH,2026-01-06,2,armed,1.7677224e+18,,
ETH,2026-01-07,1,pending,,,
ETH,2026-01-07,2,hit,1.7677953e+18,,1.7677989e+18
ETH,2026-01-08,1,hit,1.7678862e+18,,1.7678952e+18
ETH,2026-01-08,2,failed,1.7678826e+18,1.7678862e+18,
ETH,2026-01-09,1,hit,1.7679726e+18,,1.7679753e+18
ETH,2026-01-09,2,failed,1.7679699e+18,1.7679726e+18,
ETH,2026-01-12,1,failed,1.7682282e+18,1.76823e+18,
ETH,2026-01-12,2,hit,1.7682327e+18,,1.7682336e+18
ETH,2026-01-13,1,pending,,,
ETH,2026-01-13,2,hit,1.7683146e+18,,1.76832e+18
ETH,2026-01-13,3,failed,1.76832e+18,1.7683227e+18,
ETH,2026-01-14,1,hit,1.7684001e+18,,1.7684028e+18
ETH,2026-01-14,2,pending,,,
ETH,2026-01-15,1,failed,1.7684865e+18,1.7684883e+18,
ETH,2026-01-15,2,hit,1.7684883e+18,,1.7685e+18
ETH,2026-01-16,1,pending,,,
ETH,2026-01-16,2,hit,1.7685747e+18,,1.7685783e+18
ETH,2026-01-19,1,pending,,,
ETH,2026-01-19,2,armed,1.7688321e+18,,
ETH,2026-01-20,1,hit,1.7689185e+18,,1.7689194e+18
ETH,2026-01-21,1,hit,1.7690049e+18,,1.7690067e+18
ETH,2026-01-21,2,hit,1.7690139e+18,,1.7690148e+18
ETH,2026-01-21,3,failed,1.7690049e+18,1.7690058e+18,
ETH,2026-01-22,1,hit,1.7690913e+18,,1.7690931e+18
ETH,2026-01-22,2,pending,,,
ETH,2026-01-23,1,hit,1.7691795e+18,,1.7691813e+18
ETH,2026-01-23,2,hit,1.769184e+18,,1.7691894e+18
ETH,2026-01-23,3,failed,1.769184e+18,1.7691867e+18,
ETH,2026-01-26,1,failed,1.7694369e+18,1.7694387e+18,
ETH,2026-01-26,2,failed,1.7694405e+18,1.7694414e+18,
ETH,2026-01-27,1,pending,,,
ETH,2026-01-27,2,failed,1.7695233e+18,1.7695251e+18,
ETH,2026-01-27,3,failed,1.7695305e+18,1.7695314e+18,
ETH,2026-01-28,1,hit,1.7696106e+18,,1.7696115e+18
ETH,2026-01-28,2,pending,,,
ETH,2026-01-28,3,pending,,,
ETH,2026-01-29,1,hit,1.769697e+18,,1.7696979e+18
ETH,2026-01-29,2,pending,,,
ETH,2026-01-29,3,pending,,,
ETH,2026-01-30,1,failed,1.7697843e+18,1.769787e+18,
ETH,2026-01-30,2,failed,1.7697978e+18,1.7697987e+18,
ETH,2026-02-02,1,hit,1.7700435e+18,,1.7700471e+18
ETH,2026-02-02,2,failed,1.7700417e+18,1.7700435e+18,
ETH,2026-02-03,1,hit,1.7701299e+18,,1.7701308e+18
ETH,2026-02-03,2,pending,,,
ETH,2026-02-04,1,pending,,,
ETH,2026-02-04,2,hit,1.7702145e+18,,1.7702154e+18
ETH,2026-02-05,1,failed,1.7703018e+18,1.7703036e+18,
ETH,2026-02-05,2,hit,1.7703036e+18,,1.7703045e+18
ETH,2026-02-06,1,hit,1.7703891e+18,,1.7703945e+18
ETH,2026-02-06,2,pending,,,
ETH,2026-02-09,1,pending,,,
ETH,2026-02-09,2,hit,1.7706492e+18,,1.7706555e+18
ETH,2026-02-10,1,pending,,,
ETH,2026-02-10,2,hit,1.7707329e+18,,1.7707338e+18
ETH,2026-02-11,1,failed,1.7708193e+18,1.7708211e+18,
ETH,2026-02-11,2,hit,1.770822e+18,,1.7708229e+18
ETH,2026-02-12,1,hit,1.7709075e+18,,1.7709129e+18
ETH,2026-02-12,2,pending,,,
ETH,2026-02-13,1,hit,1.770993e+18,,1.7709957e+18
ETH,2026-02-13,2,pending,,,
ETH,2026-02-16,1,failed,1.7712522e+18,1.7712639e+18,
ETH,2026-02-16,2,pending,,,
ETH,2026-02-17,1,failed,1.7713404e+18,1.7713449e+18,
ETH,2026-02-17,2,failed,1.7713377e+18,1.7713404e+18,
ETH,2026-02-18,1,failed,1.7714295e+18,1.7714313e+18,
ETH,2026-02-18,2,hit,1.7714241e+18,,1.771425e+18
ETH,2026-02-19,1,hit,1.7715105e+18,,1.7715141e+18
ETH,2026-02-19,2,pending,,,
ETH,2026-02-20,1,hit,1.7716014e+18,,1.771614e+18
ETH,2026-02-20,2,failed,1.7715969e+18,1.7716032e+18,
ETH,2026-02-23,1,failed,1.7718561e+18,1.7718579e+18,
ETH,2026-02-24,1,hit,1.7719461e+18,,1.7719497e+18
ETH,2026-02-24,2,failed,1.7719425e+18,1.7719452e+18,
ETH,2026-02-25,1,pending,,,
ETH,2026-02-25,2,hit,1.7720289e+18,,1.7720316e+18
ETH,2026-02-26,1,pending,,,
ETH,2026-02-26,2,hit,1.772118e+18,,1.7721198e+18
ETH,2026-02-27,1,failed,1.7722017e+18,1.7722035e+18,
ETH,2026-02-27,2,armed,1.7722035e+18,,
ETH,2026-03-02,1,hit,1.7724627e+18,,1.7724636e+18
ETH,2026-03-02,2,pending,,,
ETH,2026-03-03,1,failed,1.7725491e+18,1.7725527e+18,
ETH,2026-03-03,2,armed,1.7725545e+18,,
ETH,2026-03-04,1,hit,1.7726382e+18,,1.7726391e+18
ETH,2026-03-04,2,pending,,,
ETH,2026-03-05,1,pending,,,
ETH,2026-03-05,2,hit,1.7727201e+18,,1.7727237e+18
ETH,2026-03-06,1,pending,,,
ETH,2026-03-06,2,hit,1.7728065e+18,,1.7728083e+18
ETH,2026-03-09,1,failed,1.7730639e+18,1.7730783e+18,
ETH,2026-03-09,2,pending,,,
ETH,2026-03-10,1,hit,1.7731485e+18,,1.7731503e+18
ETH,2026-03-10,2,armed,1.7731548e+18,,
ETH,2026-03-11,1,hit,1.7732349e+18,,1.7732358e+18
ETH,2026-03-11,2,pending,,,
ETH,2026-03-12,1,failed,1.7733222e+18,1.7733231e+18,
ETH,2026-03-12,2,pending,,,
ETH,2026-03-12,3,pending,,,
ETH,2026-03-13,1,hit,1.7734077e+18,,1.7734086e+18
ETH,2026-03-13,2,failed,1.7734194e+18,1.7734203e+18,
ETH,2026-03-16,1,hit,1.7736669e+18,,1.7736687e+18
ETH,2026-03-17,1,failed,1.7737551e+18,1.7737623e+18,
ETH,2026-03-17,2,pending,,,
ETH,2026-03-18,1,pending,,,
ETH,2026-03-18,2,hit,1.7738397e+18,,1.7738442e+18
ETH,2026-03-19,1,pending,,,
ETH,2026-03-19,2,hit,1.7739261e+18,,1.773927e+18
ETH,2026-03-20,1,hit,1.7740125e+18,,1.7740152e+18
ETH,2026-03-20,2,pending,,,
ETH,2026-03-23,1,failed,1.7742816e+18,1.7742825e+18,
ETH,2026-03-24,1,hit,1.774359e+18,,1.7743725e+18
ETH,2026-03-24,2,pending,,,
ETH,2026-03-24,3,pending,,,
ETH,2026-03-25,1,pending,,,
ETH,2026-03-25,2,armed,1.7744508e+18,,
ETH,2026-03-25,3,pending,,,
ETH,2026-03-26,1,armed,1.7745381e+18,,
ETH,2026-03-26,2,failed,1.7745309e+18,1.7745381e+18,
ETH,2026-03-26,3,failed,1.7745309e+18,1.7745327e+18,
ETH,2026-03-27,1,hit,1.7746191e+18,,1.77462e+18
ETH,2026-03-30,1,pending,,,
ETH,2026-03-30,2,armed,1.7748783e+18,,
ETH,2026-03-31,1,pending,,,
ETH,2026-03-31,2,failed,1.7749674e+18,1.7749755e+18,
ETH,2026-04-01,1,failed,1.7750511e+18,1.7750592e+18,
ETH,2026-04-01,2,armed,1.7750619e+18,,
ETH,2026-04-02,1,hit,1.7751357e+18,,1.7751375e+18
ETH,2026-04-03,1,hit,1.7752221e+18,,1.775223e+18
ETH,2026-04-03,2,pending,,,
ETH,2026-04-03,3,pending,,,
ETH,2026-04-06,1,failed,1.7754813e+18,1.7754885e+18,
ETH,2026-04-06,2,pending,,,
ETH,2026-04-07,1,hit,1.7755686e+18,,1.7755695e+18
ETH,2026-04-07,2,failed,1.7755677e+18,1.7755695e+18,
ETH,2026-04-08,1,failed,1.7756541e+18,1.7756559e+18,
ETH,2026-04-08,2,hit,1.7756559e+18,,1.7756604e+18
ETH,2026-04-09,1,hit,1.7757495e+18,,1.7757504e+18
ETH,2026-04-09,2,hit,1.7757405e+18,,1.7757414e+18
ETH,2026-04-10,1,hit,1.7758296e+18,,1.775844e+18
ETH,2026-04-10,2,pending,,,
ETH,2026-04-13,1,hit,1.7760861e+18,,1.776087e+18
ETH,2026-04-13,2,pending,,,
ETH,2026-04-14,1,pending,,,
ETH,2026-04-14,2,hit,1.7761788e+18,,1.7761797e+18
ETH,2026-04-15,1,hit,1.7762661e+18,,1.7762706e+18
ETH,2026-04-15,2,failed,1.7762607e+18,1.7762625e+18,
ETH,2026-04-16,1,hit,1.776348e+18,,1.7763489e+18
ETH,2026-04-16,2,failed,1.7763453e+18,1.776348e+18,
ETH,2026-04-17,1,pending,,,
ETH,2026-04-17,2,hit,1.7764317e+18,,1.7764326e+18
ETH,2026-04-20,1,failed,1.7766909e+18,1.7766945e+18,
ETH,2026-04-21,1,pending,,,
ETH,2026-04-21,2,hit,1.7767773e+18,,1.7767782e+18
ETH,2026-04-22,1,hit,1.7768637e+18,,1.7768664e+18
ETH,2026-04-23,1,hit,1.7769654e+18,,1.7769663e+18
ETH,2026-04-23,2,failed,1.7769555e+18,1.7769645e+18,
ETH,2026-04-24,1,pending,,,
ETH,2026-04-24,2,pending,,,
ETH,2026-04-27,1,hit,1.7772957e+18,,1.7773029e+18
ETH,2026-04-28,1,failed,1.7773821e+18,1.777392e+18,
ETH,2026-04-28,2,armed,1.7773956e+18,,
ETH,2026-04-29,1,pending,,,
ETH,2026-04-29,2,hit,1.7774685e+18,,1.7774694e+18
ETH,2026-04-29,3,pending,,,
ETH,2026-04-30,1,pending,,,
ETH,2026-04-30,2,armed,1.7775549e+18,,
ETH,2026-04-30,3,failed,1.7775549e+18,1.7775567e+18,
ETH,2026-05-01,1,pending,,,
ETH,2026-05-01,2,hit,1.7776413e+18,,1.7776422e+18
ETH,2026-05-01,3,failed,1.7776413e+18,1.7776422e+18,
ETH,2026-05-04,1,pending,,,
ETH,2026-05-04,2,hit,1.7779041e+18,,1.7779068e+18
ETH,2026-05-05,1,failed,1.7779869e+18,1.7779995e+18,
ETH,2026-05-05,2,pending,,,
ETH,2026-05-05,3,pending,,,
ETH,2026-05-06,1,pending,,,
ETH,2026-05-06,2,hit,1.7780733e+18,,1.7780742e+18
ETH,2026-05-06,3,pending,,,
ETH,2026-05-07,1,hit,1.7781642e+18,,1.7781678e+18
ETH,2026-05-07,2,pending,,,
ETH,2026-05-07,3,pending,,,
ETH,2026-05-08,1,hit,1.7782614e+18,,1.7782623e+18
ETH,2026-05-08,2,hit,1.7782461e+18,,1.778247e+18
ETH,2026-05-08,3,failed,1.7782614e+18,1.7782623e+18,
ETH,2026-05-11,1,failed,1.7785098e+18,1.7785134e+18,
ETH,2026-05-11,2,armed,1.7785215e+18,,
ETH,2026-05-12,1,armed,1.7785944e+18,,
ETH,2026-05-12,2,pending,,,
ETH,2026-05-12,3,pending,,,
ETH,2026-05-13,1,pending,,,
ETH,2026-05-13,2,hit,1.7786781e+18,,1.7786799e+18
ETH,2026-05-13,3,pending,,,
ETH,2026-05-14,1,failed,1.7787672e+18,1.7787681e+18,
ETH,2026-05-14,2,failed,1.7787645e+18,1.7787672e+18,
ETH,2026-05-14,3,failed,1.7787645e+18,1.7787699e+18,
ETH,2026-05-15,1,hit,1.7788527e+18,,1.7788536e+18
ETH,2026-05-15,2,pending,,,
ETH,2026-05-15,3,pending,,,
ETH,2026-05-18,1,hit,1.7791119e+18,,1.7791137e+18
ETH,2026-05-19,1,pending,,,
ETH,2026-05-19,2,failed,1.7791974e+18,1.7791992e+18,
ETH,2026-05-20,1,failed,1.7792829e+18,1.7792847e+18,
ETH,2026-05-20,2,pending,,,
ETH,2026-05-20,3,pending,,,
ETH,2026-05-21,1,failed,1.7793711e+18,1.779372e+18,
ETH,2026-05-21,2,hit,1.779372e+18,,1.7793765e+18
ETH,2026-05-21,3,failed,1.779372e+18,1.7793765e+18,
ETH,2026-05-22,1,hit,1.7794566e+18,,1.7794602e+18
ETH,2026-05-22,2,failed,1.7794557e+18,1.7794593e+18,
ETH,2026-05-22,3,pending,,,
ETH,2026-05-25,1,pending,,,
ETH,2026-05-25,2,hit,1.7797194e+18,,1.7797284e+18
ETH,2026-05-25,3,armed,1.7797284e+18,,
ETH,2026-05-26,1,failed,1.7798022e+18,1.7798049e+18,
ETH,2026-05-26,2,failed,1.7798058e+18,1.7798067e+18,
ETH,2026-05-26,3,pending,,,
ETH,2026-05-27,1,hit,1.7798877e+18,,1.7798886e+18
ETH,2026-05-27,2,pending,,,
ETH,2026-05-28,1,hit,1.7799777e+18,,1.7799903e+18
ETH,2026-05-28,2,pending,,,
ETH,2026-05-29,1,failed,1.7800605e+18,1.7800677e+18,
ETH,2026-05-29,2,hit,1.7800677e+18,,1.7800686e+18
ETH,2026-06-01,1,hit,1.7803197e+18,,1.7803233e+18
ETH,2026-06-01,2,pending,,,
ETH,2026-06-02,1,hit,1.7804106e+18,,1.7804115e+18
ETH,2026-06-02,2,pending,,,
ETH,2026-06-03,1,hit,1.780497e+18,,1.7805024e+18
ETH,2026-06-03,2,pending,,,
ETH,2026-06-04,1,failed,1.7805789e+18,1.7805951e+18,
ETH,2026-06-04,2,pending,,,
ETH,2026-06-05,1,hit,1.7806671e+18,,1.780668e+18
ETH,2026-06-08,1,failed,1.7809245e+18,1.7809272e+18,
ETH,2026-06-08,2,armed,1.7809389e+18,,
ETH,2026-06-09,1,hit,1.7810136e+18,,1.7810154e+18
ETH,2026-06-09,2,pending,,,
ETH,2026-06-10,1,hit,1.7810991e+18,,1.7811072e+18
ETH,2026-06-10,2,pending,,,
ETH,2026-06-11,1,hit,1.7811999e+18,,1.7812008e+18
ETH,2026-06-12,1,hit,1.7812701e+18,,1.781271e+18
ETH,2026-06-12,2,failed,1.7812773e+18,1.7812791e+18,
ETH,2026-06-15,1,hit,1.7815293e+18,,1.7815302e+18
ETH,2026-06-15,2,pending,,,
ETH,2026-06-16,1,failed,1.7816157e+18,1.7816202e+18,
ETH,2026-06-16,2,armed,1.7816193e+18,,
ETH,2026-06-17,1,pending,,,
ETH,2026-06-17,2,hit,1.781703e+18,,1.7817066e+18
ETH,2026-06-18,1,pending,,,
ETH,2026-06-18,2,hit,1.7817903e+18,,1.7817966e+18
ETH,2026-06-19,1,pending,,,
ETH,2026-06-19,2,failed,1.7818857e+18,1.7818884e+18,
ETH,2026-06-22,1,hit,1.7821467e+18,,1.7821494e+18
ETH,2026-06-22,2,hit,1.7821359e+18,,1.7821368e+18
ETH,2026-06-23,1,failed,1.7822205e+18,1.7822241e+18,
ETH,2026-06-24,1,pending,,,
ETH,2026-06-24,2,hit,1.7823069e+18,,1.7823078e+18
ETH,2026-06-25,1,pending,,,
ETH,2026-06-25,2,hit,1.7823951e+18,,1.782396e+18
ETH,2026-06-26,1,pending,,,
ETH,2026-06-26,2,hit,1.7824824e+18,,1.7824842e+18
ETH,2026-06-29,1,hit,1.7827533e+18,,1.7827542e+18
ETH,2026-06-29,2,hit,1.7827407e+18,,1.7827425e+18
ETH,2026-06-30,1,armed,1.7828253e+18,,
ETH,2026-06-30,2,pending,,,
ETH,2026-07-01,1,pending,,,
ETH,2026-07-01,2,hit,1.7829117e+18,,1.7829126e+18
ETH,2026-07-02,1,hit,1.7829981e+18,,1.7829999e+18
ETH,2026-07-02,2,pending,,,
ETH,2026-07-03,1,pending,,,
ETH,2026-07-03,2,failed,1.7830845e+18,1.7830863e+18,
ETH,2026-07-06,1,hit,1.7833509e+18,,1.7833536e+18
ETH,2026-07-06,2,hit,1.7833437e+18,,1.7833446e+18
ETH,2026-07-07,1,armed,1.7834418e+18,,
ETH,2026-07-07,2,failed,1.7834301e+18,1.7834364e+18,
ETH,2026-07-08,1,pending,,,
ETH,2026-07-08,2,failed,1.7835237e+18,1.7835291e+18,
ETH,2026-07-09,1,pending,,,
ETH,2026-07-09,2,hit,1.7836065e+18,,1.7836128e+18
ETH,2026-07-10,1,failed,1.783692e+18,1.7836929e+18,
ETH,2026-07-10,2,armed,1.7836893e+18,,
ETH,2026-07-13,1,hit,1.7839485e+18,,1.7839494e+18
ETH,2026-07-13,2,pending,,,
ETH,2026-07-14,1,hit,1.7840349e+18,,1.7840358e+18
ETH,2026-07-14,2,pending,,,
ETH,2026-07-15,1,hit,1.7841213e+18,,1.7841222e+18
ETH,2026-07-15,2,pending,,,
ETH,2026-07-16,1,failed,1.7842158e+18,1.7842176e+18,
ETH,2026-07-16,2,failed,1.7842149e+18,1.7842158e+18,
ETH,2026-07-17,1,armed,1.7843085e+18,,
ETH,2026-07-17,2,failed,1.7842941e+18,1.7842977e+18,
ETH,2026-07-20,1,armed,1.7845632e+18,,
ETH,2026-07-20,2,hit,1.7845533e+18,,1.7845542e+18
ETH,2026-07-21,1,pending,,,
ETH,2026-07-21,2,failed,1.7846397e+18,1.7846415e+18,
ETH,2026-07-22,1,pending,,,
ETH,2026-07-22,2,hit,1.7847279e+18,,1.7847288e+18
ETH,2026-07-23,1,pending,,,
ETH,2026-07-23,2,hit,1.7848125e+18,,1.7848134e+18
SOL,2022-01-19,1,failed,1.6426089e+18,1.6426125e+18,
SOL,2022-01-20,1,hit,1.6426881e+18,,1.6426917e+18
SOL,2022-01-20,2,pending,,,
SOL,2022-01-21,1,failed,1.6427781e+18,1.6427799e+18,
SOL,2022-01-24,1,hit,1.6430337e+18,,1.6430355e+18
SOL,2022-01-24,2,pending,,,
SOL,2022-01-25,1,failed,1.6431228e+18,1.6431246e+18,
SOL,2022-01-25,2,hit,1.6431318e+18,,1.6431327e+18
SOL,2022-01-26,1,hit,1.6432065e+18,,1.6432074e+18
SOL,2022-01-26,2,pending,,,
SOL,2022-01-27,1,armed,1.6433037e+18,,
SOL,2022-01-27,2,hit,1.6432929e+18,,1.6432938e+18
SOL,2022-01-28,1,failed,1.6433793e+18,1.6433811e+18,
SOL,2022-01-28,2,pending,,,
SOL,2022-01-31,1,pending,,,
SOL,2022-01-31,2,hit,1.6436385e+18,,1.643643e+18
SOL,2022-02-01,1,pending,,,
SOL,2022-02-01,2,failed,1.6437249e+18,1.6437267e+18,
SOL,2022-02-02,1,hit,1.6438113e+18,,1.6438122e+18
SOL,2022-02-02,2,pending,,,
SOL,2022-02-03,1,pending,,,
SOL,2022-02-03,2,hit,1.6438995e+18,,1.6439022e+18
SOL,2022-02-04,1,hit,1.6439886e+18,,1.6439922e+18
SOL,2022-02-04,2,failed,1.6439841e+18,1.6439877e+18,
SOL,2022-02-07,1,pending,,,
SOL,2022-02-07,2,hit,1.6442433e+18,,1.644246e+18
SOL,2022-02-08,1,failed,1.6443315e+18,1.6443333e+18,
SOL,2022-02-08,2,hit,1.6443297e+18,,1.6443333e+18
SOL,2022-02-09,1,hit,1.6444161e+18,,1.6444215e+18
SOL,2022-02-09,2,pending,,,
SOL,2022-02-10,1,hit,1.6445025e+18,,1.6445034e+18
SOL,2022-02-10,2,pending,,,
SOL,2022-02-11,1,failed,1.6445889e+18,1.6445979e+18,
SOL,2022-02-11,2,hit,1.6445961e+18,,1.6445979e+18
SOL,2022-02-14,1,hit,1.6448481e+18,,1.644849e+18
SOL,2022-02-14,2,pending,,,
SOL,2022-02-14,3,armed,1.6448517e+18,,
SOL,2022-02-15,1,armed,1.6449462e+18,,
SOL,2022-02-15,2,pending,,,
SOL,2022-02-16,1,armed,1.6450209e+18,,
SOL,2022-02-16,2,pending,,,
SOL,2022-02-17,1,pending,,,
SOL,2022-02-17,2,hit,1.6451073e+18,,1.64511e+18
SOL,2022-02-18,1,pending,,,
SOL,2022-02-18,2,hit,1.6451955e+18,,1.6451973e+18
SOL,2022-02-21,1,hit,1.6454529e+18,,1.6454565e+18
SOL,2022-02-21,2,armed,1.6454673e+18,,
SOL,2022-02-22,1,failed,1.645542e+18,1.6455465e+18,
SOL,2022-02-22,2,armed,1.6455465e+18,,
SOL,2022-02-22,3,failed,1.645542e+18,1.6455429e+18,
SOL,2022-02-23,1,pending,,,
SOL,2022-02-23,2,pending,,,
SOL,2022-02-24,1,pending,,,
SOL,2022-02-25,1,hit,1.6457985e+18,,1.6458012e+18
SOL,2022-02-25,2,failed,1.6458057e+18,1.6458066e+18,
SOL,2022-02-28,1,hit,1.6460586e+18,,1.6460595e+18
SOL,2022-03-01,1,hit,1.6461441e+18,,1.646145e+18
SOL,2022-03-02,1,pending,,,
SOL,2022-03-02,2,hit,1.6462305e+18,,1.6462314e+18
SOL,2022-03-02,3,pending,,,
SOL,2022-03-03,1,hit,1.6463178e+18,,1.6463205e+18
SOL,2022-03-03,2,pending,,,
SOL,2022-03-04,1,failed,1.6464141e+18,1.6464159e+18,
SOL,2022-03-04,2,pending,,,
SOL,2022-03-07,1,hit,1.6466625e+18,,1.6466634e+18
SOL,2022-03-07,2,armed,1.6466733e+18,,
SOL,2022-03-08,1,pending,,,
SOL,2022-03-08,2,hit,1.6467489e+18,,1.6467579e+18
SOL,2022-03-08,3,pending,,,
SOL,2022-03-09,1,failed,1.6468371e+18,1.6468506e+18,
SOL,2022-03-09,2,pending,,,
SOL,2022-03-10,1,hit,1.6469217e+18,,1.6469235e+18
SOL,2022-03-11,1,pending,,,
SOL,2022-03-11,2,hit,1.6470081e+18,,1.647009e+18
SOL,2022-03-11,3,pending,,,
SOL,2022-03-14,1,failed,1.64727e+18,1.6472781e+18,
SOL,2022-03-14,2,pending,,,
SOL,2022-03-15,1,hit,1.6473609e+18,,1.6473618e+18
SOL,2022-03-15,2,failed,1.6473519e+18,1.6473555e+18,
SOL,2022-03-16,1,armed,1.6474365e+18,,
SOL,2022-03-16,2,pending,,,
SOL,2022-03-17,1,pending,,,
SOL,2022-03-17,2,hit,1.6475229e+18,,1.6475238e+18
SOL,2022-03-18,1,pending,,,
SOL,2022-03-18,2,hit,1.6476093e+18,,1.6476165e+18
SOL,2022-03-21,1,hit,1.647882e+18,,1.6478847e+18
SOL,2022-03-21,2,failed,1.6478685e+18,1.647873e+18,
SOL,2022-03-22,1,armed,1.6479585e+18,,
SOL,2022-03-22,2,failed,1.6479549e+18,1.6479567e+18,
SOL,2022-03-22,3,failed,1.6479585e+18,1.6479594e+18,
SOL,2022-03-23,1,pending,,,
SOL,2022-03-23,2,hit,1.6480413e+18,,1.6480422e+18
SOL,2022-03-24,1,failed,1.6481367e+18,1.6481448e+18,
SOL,2022-03-24,2,failed,1.6481277e+18,1.6481304e+18,
SOL,2022-03-24,3,armed,1.6481367e+18,,
SOL,2022-03-25,1,hit,1.6482141e+18,,1.6482159e+18
SOL,2022-03-25,2,pending,,,
SOL,2022-03-28,1,failed,1.6484796e+18,1.6484823e+18,
SOL,2022-03-28,2,failed,1.6484832e+18,1.6484886e+18,
SOL,2022-03-29,1,hit,1.6485597e+18,,1.6485606e+18
SOL,2022-03-30,1,pending,,,
SOL,2022-03-30,2,hit,1.6486461e+18,,1.648647e+18
SOL,2022-03-31,1,failed,1.6487388e+18,1.6487406e+18,
SOL,2022-03-31,2,hit,1.6487334e+18,,1.6487352e+18
SOL,2022-03-31,3,hit,1.6487388e+18,,1.648746e+18
SOL,2022-04-01,1,hit,1.6488189e+18,,1.6488198e+18
SOL,2022-04-01,2,pending,,,
SOL,2022-04-04,1,hit,1.6490781e+18,,1.6490853e+18
SOL,2022-04-04,2,pending,,,
SOL,2022-04-05,1,hit,1.6491681e+18,,1.6491699e+18
SOL,2022-04-05,2,pending,,,
SOL,2022-04-06,1,pending,,,
SOL,2022-04-06,2,hit,1.6492527e+18,,1.6492536e+18
SOL,2022-04-07,1,pending,,,
SOL,2022-04-07,2,pending,,,
SOL,2022-04-08,1,failed,1.6494237e+18,1.6494282e+18,
SOL,2022-04-08,2,failed,1.6494282e+18,1.6494381e+18,
SOL,2022-04-11,1,pending,,,
SOL,2022-04-11,2,armed,1.6496829e+18,,
SOL,2022-04-12,1,hit,1.6497693e+18,,1.6497702e+18
SOL,2022-04-12,2,failed,1.6497738e+18,1.6497765e+18,
SOL,2022-04-12,3,failed,1.6497693e+18,1.6497702e+18,
SOL,2022-04-13,1,hit,1.6498584e+18,,1.6498629e+18
SOL,2022-04-14,1,hit,1.6499448e+18,,1.6499457e+18
SOL,2022-04-14,2,failed,1.6499421e+18,1.6499439e+18,
SOL,2022-04-15,1,failed,1.6500375e+18,1.6500393e+18,
SOL,2022-04-15,2,hit,1.6500285e+18,,1.6500312e+18
SOL,2022-04-18,1,hit,1.6502877e+18,,1.6503021e+18
SOL,2022-04-18,2,pending,,,
SOL,2022-04-19,1,pending,,,
SOL,2022-04-19,2,hit,1.6503741e+18,,1.650375e+18
SOL,2022-04-20,1,hit,1.6504623e+18,,1.6504632e+18
SOL,2022-04-20,2,pending,,,
SOL,2022-04-21,1,hit,1.6505469e+18,,1.6505478e+18
SOL,2022-04-21,2,pending,,,
SOL,2022-04-21,3,pending,,,
SOL,2022-04-22,1,pending,,,
SOL,2022-04-22,2,hit,1.6506333e+18,,1.6506351e+18
SOL,2022-04-25,1,hit,1.650897e+18,,1.6509051e+18
SOL,2022-04-25,2,pending,,,
SOL,2022-04-26,1,hit,1.6509789e+18,,1.6509807e+18
SOL,2022-04-26,2,pending,,,
SOL,2022-04-27,1,pending,,,
SOL,2022-04-27,2,failed,1.6510653e+18,1.6510671e+18,
SOL,2022-04-27,3,pending,,,
SOL,2022-04-28,1,armed,1.6511688e+18,,
SOL,2022-04-28,2,hit,1.6511517e+18,,1.6511535e+18
SOL,2022-04-29,1,hit,1.6512507e+18,,1.6512516e+18
SOL,2022-04-29,2,failed,1.6512408e+18,1.6512507e+18,
SOL,2022-05-02,1,failed,1.6514973e+18,1.6515117e+18,
SOL,2022-05-02,2,armed,1.6515126e+18,,
SOL,2022-05-03,1,hit,1.6515855e+18,,1.6515963e+18
SOL,2022-05-03,2,pending,,,
SOL,2022-05-04,1,pending,,,
SOL,2022-05-04,2,pending,,,
SOL,2022-05-05,1,hit,1.6517583e+18,,1.6517601e+18
SOL,2022-05-05,2,pending,,,
SOL,2022-05-06,1,failed,1.6518429e+18,1.6518447e+18,
SOL,2022-05-06,2,failed,1.6518447e+18,1.6518483e+18,
SOL,2022-05-09,1,pending,,,
SOL,2022-05-09,2,hit,1.6521021e+18,,1.652103e+18
SOL,2022-05-10,1,failed,1.6521885e+18,1.6521903e+18,
SOL,2022-05-10,2,hit,1.652193e+18,,1.6521957e+18
SOL,2022-05-10,3,hit,1.6521885e+18,,1.6521957e+18
SOL,2022-05-11,1,hit,1.6522749e+18,,1.6522758e+18
SOL,2022-05-11,2,pending,,,
SOL,2022-05-12,1,hit,1.6523613e+18,,1.6523676e+18
SOL,2022-05-12,2,pending,,,
SOL,2022-05-13,1,hit,1.6524504e+18,,1.6524513e+18
SOL,2022-05-13,2,failed,1.6524477e+18,1.6524504e+18,
SOL,2022-05-16,1,failed,1.6527132e+18,1.6527168e+18,
SOL,2022-05-16,2,failed,1.6527069e+18,1.6527096e+18,
SOL,2022-05-17,1,failed,1.6527951e+18,1.6527969e+18,
SOL,2022-05-17,2,armed,1.6527987e+18,,
SOL,2022-05-18,1,hit,1.6528797e+18,,1.6528806e+18
SOL,2022-05-19,1,armed,1.6529733e+18,,
SOL,2022-05-19,2,pending,,,
SOL,2022-05-20,1,pending,,,
SOL,2022-05-20,2,hit,1.6530525e+18,,1.6530552e+18
SOL,2022-05-20,3,pending,,,
SOL,2022-05-23,1,pending,,,
SOL,2022-05-23,2,hit,1.6533117e+18,,1.6533153e+18
SOL,2022-05-23,3,pending,,,
SOL,2022-05-24,1,hit,1.6533981e+18,,1.653399e+18
SOL,2022-05-24,2,failed,1.6534089e+18,1.6534098e+18,
SOL,2022-05-25,1,pending,,,
SOL,2022-05-25,2,pending,,,
SOL,2022-05-26,1,hit,1.6535709e+18,,1.6535718e+18
SOL,2022-05-27,1,armed,1.6536735e+18,,
SOL,2022-05-27,2,failed,1.6536573e+18,1.6536735e+18,
SOL,2022-05-30,1,hit,1.6539165e+18,,1.6539174e+18
SOL,2022-05-30,2,pending,,,
SOL,2022-05-31,1,hit,1.6540029e+18,,1.6540047e+18
SOL,2022-05-31,2,pending,,,
SOL,2022-06-01,1,pending,,,
SOL,2022-06-01,2,hit,1.6540938e+18,,1.6540947e+18
SOL,2022-06-02,1,pending,,,
SOL,2022-06-02,2,armed,1.6541757e+18,,
SOL,2022-06-02,3,pending,,,
SOL,2022-06-03,1,hit,1.6542621e+18,,1.654263e+18
SOL,2022-06-06,1,pending,,,
SOL,2022-06-06,2,pending,,,
SOL,2022-06-07,1,pending,,,
SOL,2022-06-07,2,armed,1.6546086e+18,,
SOL,2022-06-08,1,pending,,,
SOL,2022-06-08,2,failed,1.6546968e+18,1.6547103e+18,
SOL,2022-06-09,1,pending,,,
SOL,2022-06-09,2,hit,1.6547805e+18,,1.6547814e+18
SOL,2022-06-09,3,pending,,,
SOL,2022-06-10,1,pending,,,
SOL,2022-06-10,2,hit,1.6548669e+18,,1.6548678e+18
SOL,2022-06-13,1,failed,1.6551288e+18,1.6551315e+18,
SOL,2022-06-13,2,pending,,,
SOL,2022-06-14,1,pending,,,
SOL,2022-06-15,1,hit,1.6552989e+18,,1.6553007e+18
SOL,2022-06-16,1,failed,1.655388e+18,1.6553925e+18,
SOL,2022-06-16,2,failed,1.6553853e+18,1.655388e+18,
SOL,2022-06-17,1,pending,,,
SOL,2022-06-17,2,failed,1.6554717e+18,1.6554735e+18,
SOL,2022-06-17,3,pending,,,
SOL,2022-06-20,1,failed,1.6557336e+18,1.6557354e+18,
SOL,2022-06-20,2,pending,,,
SOL,2022-06-21,1,pending,,,
SOL,2022-06-21,2,hit,1.6558227e+18,,1.6558236e+18
SOL,2022-06-22,1,pending,,,
SOL,2022-06-22,2,hit,1.6559046e+18,,1.6559082e+18
SOL,2022-06-23,1,hit,1.6559964e+18,,1.6559973e+18
SOL,2022-06-23,2,failed,1.6559901e+18,1.6559964e+18,
SOL,2022-06-23,3,armed,1.6559973e+18,,
SOL,2022-06-24,1,hit,1.6560765e+18,,1.6560774e+18
SOL,2022-06-27,1,hit,1.6563375e+18,,1.6563384e+18
SOL,2022-06-27,2,pending,,,
SOL,2022-06-28,1,failed,1.6564239e+18,1.6564257e+18,
SOL,2022-06-28,2,hit,1.6564266e+18,,1.6564275e+18
SOL,2022-06-28,3,hit,1.6564239e+18,,1.6564275e+18
SOL,2022-06-29,1,pending,,,
SOL,2022-06-29,2,failed,1.6565103e+18,1.6565121e+18,
SOL,2022-06-30,1,hit,1.6565967e+18,,1.6565976e+18
SOL,2022-07-01,1,failed,1.6566831e+18,1.6566858e+18,
SOL,2022-07-01,2,pending,,,
SOL,2022-07-04,1,pending,,,
SOL,2022-07-04,2,hit,1.6569477e+18,,1.6569549e+18
SOL,2022-07-05,1,armed,1.6570269e+18,,
SOL,2022-07-05,2,armed,1.6570431e+18,,
SOL,2022-07-06,1,pending,,,
SOL,2022-07-06,2,pending,,,
SOL,2022-07-07,1,failed,1.6572006e+18,1.6572015e+18,
SOL,2022-07-07,2,hit,1.6572024e+18,,1.6572033e+18
SOL,2022-07-08,1,failed,1.6572861e+18,1.6572915e+18,
SOL,2022-07-08,2,hit,1.6572951e+18,,1.657296e+18
SOL,2022-07-11,1,failed,1.657548e+18,1.6575579e+18,
SOL,2022-07-11,2,pending,,,
SOL,2022-07-12,1,armed,1.6576317e+18,,
SOL,2022-07-12,2,pending,,,
SOL,2022-07-13,1,pending,,,
SOL,2022-07-13,2,pending,,,
SOL,2022-07-14,1,hit,1.6578108e+18,,1.6578135e+18
SOL,2022-07-14,2,pending,,,
SOL,2022-07-15,1,hit,1.6579026e+18,,1.6579044e+18
SOL,2022-07-15,2,pending,,,
SOL,2022-07-18,1,hit,1.6581654e+18,,1.6581663e+18
SOL,2022-07-18,2,pending,,,
SOL,2022-07-19,1,hit,1.6582365e+18,,1.6582374e+18
SOL,2022-07-19,2,pending,,,
SOL,2022-07-19,3,failed,1.6582365e+18,1.6582374e+18,
SOL,2022-07-20,1,hit,1.6583346e+18,,1.6583355e+18
SOL,2022-07-20,2,failed,1.6583238e+18,1.6583256e+18,
SOL,2022-07-21,1,failed,1.6584147e+18,1.6584165e+18,
SOL,2022-07-21,2,hit,1.6584201e+18,,1.658421e+18
SOL,2022-07-22,1,hit,1.6584957e+18,,1.6584984e+18
SOL,2022-07-22,2,pending,,,
SOL,2022-07-25,1,failed,1.6587567e+18,1.6587585e+18,
SOL,2022-07-25,2,pending,,,
SOL,2022-07-26,1,pending,,,
SOL,2022-07-26,2,failed,1.6588413e+18,1.6588476e+18,
SOL,2022-07-27,1,hit,1.6589277e+18,,1.6589295e+18
SOL,2022-07-27,2,pending,,,
SOL,2022-07-28,1,hit,1.6590141e+18,,1.6590159e+18
SOL,2022-07-28,2,failed,1.659015e+18,1.6590159e+18,
SOL,2022-07-29,1,pending,,,
SOL,2022-07-29,2,hit,1.6591023e+18,,1.659105e+18
SOL,2022-08-01,1,hit,1.6593597e+18,,1.6593606e+18
SOL,2022-08-01,2,failed,1.6593633e+18,1.6593705e+18,
SOL,2022-08-02,1,hit,1.6594506e+18,,1.6594569e+18
SOL,2022-08-02,2,failed,1.6594461e+18,1.6594506e+18,
SOL,2022-08-03,1,armed,1.6595325e+18,,
SOL,2022-08-04,1,hit,1.6596324e+18,,1.6596333e+18
SOL,2022-08-05,1,hit,1.6597053e+18,,1.6597062e+18
SOL,2022-08-05,2,pending,,,
SOL,2022-08-08,1,pending,,,
SOL,2022-08-08,2,pending,,,
SOL,2022-08-09,1,failed,1.6600509e+18,1.6600545e+18,
SOL,2022-08-09,2,hit,1.6600545e+18,,1.6600554e+18
SOL,2022-08-10,1,hit,1.6601373e+18,,1.6601382e+18
SOL,2022-08-10,2,pending,,,
SOL,2022-08-11,1,armed,1.6602309e+18,,
SOL,2022-08-11,2,pending,,,
SOL,2022-08-12,1,hit,1.6603101e+18,,1.660311e+18
SOL,2022-08-12,2,pending,,,
SOL,2022-08-15,1,pending,,,
SOL,2022-08-15,2,hit,1.6605702e+18,,1.6605792e+18
SOL,2022-08-16,1,armed,1.6606557e+18,,
SOL,2022-08-16,2,pending,,,
SOL,2022-08-17,1,pending,,,
SOL,2022-08-17,2,hit,1.6607421e+18,,1.660743e+18
SOL,2022-08-18,1,pending,,,
SOL,2022-08-18,2,pending,,,
SOL,2022-08-18,3,pending,,,
SOL,2022-08-19,1,pending,,,
SOL,2022-08-19,2,hit,1.6609149e+18,,1.6609275e+18
SOL,2022-08-22,1,hit,1.6611741e+18,,1.661175e+18
SOL,2022-08-23,1,failed,1.6612641e+18,1.6612722e+18,
SOL,2022-08-23,2,hit,1.6612605e+18,,1.6612614e+18
SOL,2022-08-23,3,pending,,,
SOL,2022-08-24,1,failed,1.6613469e+18,1.6613505e+18,
SOL,2022-08-24,2,pending,,,
SOL,2022-08-25,1,pending,,,
SOL,2022-08-26,1,hit,1.6615269e+18,,1.6615278e+18
SOL,2022-08-26,2,hit,1.6615197e+18,,1.6615206e+18
SOL,2022-08-29,1,pending,,,
SOL,2022-08-30,1,pending,,,
SOL,2022-08-30,2,hit,1.6618653e+18,,1.661868e+18
SOL,2022-08-31,1,pending,,,
SOL,2022-08-31,2,armed,1.6619571e+18,,
SOL,2022-08-31,3,pending,,,
SOL,2022-09-01,1,hit,1.6620381e+18,,1.6620417e+18
SOL,2022-09-02,1,armed,1.6621398e+18,,
SOL,2022-09-02,2,hit,1.6621245e+18,,1.6621254e+18
SOL,2022-09-05,1,armed,1.6623873e+18,,
SOL,2022-09-05,2,pending,,,
SOL,2022-09-06,1,failed,1.66248e+18,1.6624845e+18,
SOL,2022-09-06,2,failed,1.6624701e+18,1.6624791e+18,
SOL,2022-09-06,3,hit,1.66248e+18,,1.6624845e+18
SOL,2022-09-07,1,armed,1.6625565e+18,,
SOL,2022-09-07,2,pending,,,
SOL,2022-09-07,3,failed,1.6625565e+18,1.6625682e+18,
SOL,2022-09-08,1,failed,1.6626429e+18,1.6626447e+18,
SOL,2022-09-08,2,hit,1.6626447e+18,,1.6626456e+18
SOL,2022-09-09,1,pending,,,
SOL,2022-09-12,1,armed,1.6629975e+18,,
SOL,2022-09-12,2,pending,,,
SOL,2022-09-13,1,hit,1.6630749e+18,,1.6630758e+18
SOL,2022-09-13,2,pending,,,
SOL,2022-09-14,1,pending,,,
SOL,2022-09-15,1,pending,,,
SOL,2022-09-16,1,pending,,,
SOL,2022-09-16,2,hit,1.6633341e+18,,1.6633368e+18
SOL,2022-09-16,3,pending,,,
SOL,2022-09-19,1,hit,1.6635951e+18,,1.663596e+18
SOL,2022-09-19,2,pending,,,
SOL,2022-09-20,1,hit,1.6636797e+18,,1.6636806e+18
SOL,2022-09-20,2,pending,,,
SOL,2022-09-21,1,failed,1.6637688e+18,1.6637724e+18,
SOL,2022-09-21,2,failed,1.6637679e+18,1.6637706e+18,
SOL,2022-09-21,3,pending,,,
SOL,2022-09-22,1,pending,,,
SOL,2022-09-22,2,pending,,,
SOL,2022-09-23,1,failed,1.6639389e+18,1.6639416e+18,
SOL,2022-09-23,2,failed,1.6639425e+18,1.663956e+18,
SOL,2022-09-26,1,failed,1.6642026e+18,1.6642053e+18,
SOL,2022-09-26,2,pending,,,
SOL,2022-09-27,1,failed,1.6642863e+18,1.6642917e+18,
SOL,2022-09-27,2,hit,1.6642944e+18,,1.6642953e+18
SOL,2022-09-27,3,hit,1.6642863e+18,,1.6642953e+18
SOL,2022-09-28,1,pending,,,
SOL,2022-09-28,2,hit,1.6643709e+18,,1.6643718e+18
SOL,2022-09-29,1,hit,1.6644591e+18,,1.6644609e+18
SOL,2022-09-29,2,hit,1.6644636e+18,,1.6644672e+18
SOL,2022-09-30,1,hit,1.6645464e+18,,1.6645491e+18
SOL,2022-09-30,2,failed,1.6645446e+18,1.6645464e+18,
SOL,2022-10-03,1,hit,1.6648029e+18,,1.6648173e+18
SOL,2022-10-03,2,pending,,,
SOL,2022-10-03,3,armed,1.6648101e+18,,
SOL,2022-10-04,1,pending,,,
SOL,2022-10-04,2,armed,1.6648911e+18,,
SOL,2022-10-05,1,hit,1.6649757e+18,,1.6649766e+18
SOL,2022-10-05,2,pending,,,
SOL,2022-10-06,1,pending,,,
SOL,2022-10-06,2,hit,1.6650621e+18,,1.665063e+18
SOL,2022-10-07,1,pending,,,
SOL,2022-10-07,2,hit,1.6651485e+18,,1.6651494e+18
SOL,2022-10-10,1,pending,,,
SOL,2022-10-10,2,hit,1.6654212e+18,,1.6654221e+18
SOL,2022-10-11,1,pending,,,
SOL,2022-10-11,2,failed,1.665495e+18,1.6655076e+18,
SOL,2022-10-12,1,pending,,,
SOL,2022-10-12,2,armed,1.6655976e+18,,
SOL,2022-10-13,1,hit,1.6656705e+18,,1.665675e+18
SOL,2022-10-13,2,pending,,,
SOL,2022-10-14,1,hit,1.6657587e+18,,1.6657695e+18
SOL,2022-10-14,2,pending,,,
SOL,2022-10-17,1,armed,1.6660125e+18,,
SOL,2022-10-17,2,pending,,,
SOL,2022-10-18,1,armed,1.6661052e+18,,
SOL,2022-10-18,2,pending,,,
SOL,2022-10-19,1,hit,1.6661871e+18,,1.666188e+18
SOL,2022-10-19,2,pending,,,
SOL,2022-10-20,1,pending,,,
SOL,2022-10-20,2,armed,1.6662861e+18,,
SOL,2022-10-21,1,failed,1.6663608e+18,1.6663635e+18,
SOL,2022-10-21,2,failed,1.6663599e+18,1.6663608e+18,
SOL,2022-10-24,1,hit,1.6666173e+18,,1.6666227e+18
SOL,2022-10-24,2,pending,,,
SOL,2022-10-25,1,pending,,,
SOL,2022-10-25,2,hit,1.6667037e+18,,1.6667046e+18
SOL,2022-10-26,1,hit,1.6667901e+18,,1.666791e+18
SOL,2022-10-26,2,pending,,,
SOL,2022-10-27,1,failed,1.6668765e+18,1.6668882e+18,
SOL,2022-10-27,2,armed,1.6668882e+18,,
SOL,2022-10-28,1,hit,1.6669629e+18,,1.6669638e+18
SOL,2022-10-28,2,pending,,,
SOL,2022-10-31,1,hit,1.6672221e+18,,1.6672248e+18
SOL,2022-10-31,2,pending,,,
SOL,2022-11-01,1,pending,,,
SOL,2022-11-01,2,hit,1.6673121e+18,,1.6673256e+18
SOL,2022-11-02,1,failed,1.6674003e+18,1.6674066e+18,
SOL,2022-11-02,2,pending,,,
SOL,2022-11-03,1,failed,1.6674876e+18,1.6674885e+18,
SOL,2022-11-03,2,pending,,,
SOL,2022-11-04,1,hit,1.6675677e+18,,1.6675686e+18
SOL,2022-11-04,2,pending,,,
SOL,2022-11-04,3,failed,1.6675677e+18,1.6675686e+18,
SOL,2022-11-07,1,failed,1.6678305e+18,1.6678368e+18,
SOL,2022-11-07,2,failed,1.6678368e+18,1.6678404e+18,
SOL,2022-11-08,1,hit,1.6679169e+18,,1.6679187e+18
SOL,2022-11-08,2,hit,1.6679241e+18,,1.667925e+18
SOL,2022-11-09,1,pending,,,
SOL,2022-11-10,1,hit,1.6680897e+18,,1.6680906e+18
SOL,2022-11-11,1,hit,1.6681761e+18,,1.668177e+18
SOL,2022-11-11,2,pending,,,
SOL,2022-11-14,1,pending,,,
SOL,2022-11-15,1,pending,,,
SOL,2022-11-15,2,hit,1.6685217e+18,,1.6685226e+18
SOL,2022-11-16,1,hit,1.6686081e+18,,1.668609e+18
SOL,2022-11-16,2,pending,,,
SOL,2022-11-17,1,failed,1.668699e+18,1.6687008e+18,
SOL,2022-11-17,2,hit,1.6686945e+18,,1.6686954e+18
SOL,2022-11-18,1,pending,,,
SOL,2022-11-18,2,hit,1.6687827e+18,,1.6687836e+18
SOL,2022-11-21,1,armed,1.6690455e+18,,
SOL,2022-11-21,2,pending,,,
SOL,2022-11-22,1,hit,1.6691265e+18,,1.6691274e+18
SOL,2022-11-22,2,pending,,,
SOL,2022-11-23,1,armed,1.6692201e+18,,
SOL,2022-11-24,1,pending,,,
SOL,2022-11-24,2,hit,1.6692993e+18,,1.6693038e+18
SOL,2022-11-25,1,armed,1.6693857e+18,,
SOL,2022-11-25,2,pending,,,
SOL,2022-11-28,1,failed,1.6696476e+18,1.6696548e+18,
SOL,2022-11-29,1,failed,1.6697313e+18,1.669734e+18,
SOL,2022-11-29,2,pending,,,
SOL,2022-11-30,1,pending,,,
SOL,2022-11-30,2,hit,1.6698249e+18,,1.6698294e+18
SOL,2022-12-01,1,hit,1.6699041e+18,,1.669905e+18
SOL,2022-12-01,2,pending,,,
SOL,2022-12-02,1,failed,1.6699905e+18,1.6700013e+18,
SOL,2022-12-02,2,pending,,,
SOL,2022-12-05,1,pending,,,
SOL,2022-12-05,2,hit,1.6702497e+18,,1.6702533e+18
SOL,2022-12-06,1,pending,,,
SOL,2022-12-06,2,pending,,,
SOL,2022-12-07,1,pending,,,
SOL,2022-12-07,2,armed,1.670436e+18,,
SOL,2022-12-08,1,hit,1.6705089e+18,,1.6705098e+18
SOL,2022-12-08,2,pending,,,
SOL,2022-12-09,1,failed,1.6705953e+18,1.6706016e+18,
SOL,2022-12-09,2,pending,,,
SOL,2022-12-12,1,pending,,,
SOL,2022-12-13,1,pending,,,
SOL,2022-12-13,2,hit,1.6709409e+18,,1.6709418e+18
SOL,2022-12-14,1,failed,1.6710273e+18,1.6710309e+18,
SOL,2022-12-14,2,hit,1.67103e+18,,1.6710309e+18
SOL,2022-12-15,1,failed,1.6711173e+18,1.67112e+18,
SOL,2022-12-15,2,pending,,,
SOL,2022-12-16,1,hit,1.6712001e+18,,1.671201e+18
SOL,2022-12-19,1,pending,,,
SOL,2022-12-19,2,hit,1.6714593e+18,,1.6714674e+18
SOL,2022-12-20,1,pending,,,
SOL,2022-12-20,2,failed,1.6715457e+18,1.6715502e+18,
SOL,2022-12-20,3,pending,,,
SOL,2022-12-21,1,pending,,,
SOL,2022-12-21,2,armed,1.6716348e+18,,
SOL,2022-12-22,1,hit,1.6717203e+18,,1.6717212e+18
SOL,2022-12-22,2,pending,,,
SOL,2022-12-23,1,pending,,,
SOL,2022-12-23,2,failed,1.6718058e+18,1.6718103e+18,
SOL,2022-12-26,1,hit,1.6720695e+18,,1.6720704e+18
SOL,2022-12-26,2,pending,,,
SOL,2022-12-27,1,hit,1.6721523e+18,,1.6721532e+18
SOL,2022-12-27,2,pending,,,
SOL,2022-12-28,1,failed,1.6722369e+18,1.6722387e+18,
SOL,2022-12-29,1,failed,1.6723233e+18,1.6723251e+18,
SOL,2022-12-30,1,pending,,,
SOL,2022-12-30,2,hit,1.6724214e+18,,1.6724223e+18
SOL,2023-01-02,1,armed,1.6726689e+18,,
SOL,2023-01-03,1,hit,1.6727553e+18,,1.6727562e+18
SOL,2023-01-03,2,pending,,,
SOL,2023-01-03,3,failed,1.6727553e+18,1.6727562e+18,
SOL,2023-01-04,1,pending,,,
SOL,2023-01-04,2,hit,1.6728417e+18,,1.6728426e+18
SOL,2023-01-05,1,failed,1.6729281e+18,1.6729326e+18,
SOL,2023-01-05,2,pending,,,
SOL,2023-01-06,1,armed,1.6730154e+18,,
SOL,2023-01-06,2,pending,,,
SOL,2023-01-09,1,hit,1.6732764e+18,,1.6732791e+18
SOL,2023-01-10,1,pending,,,
SOL,2023-01-10,2,failed,1.6733637e+18,1.6733682e+18,
SOL,2023-01-11,1,hit,1.6734465e+18,,1.6734492e+18
SOL,2023-01-11,2,pending,,,
SOL,2023-01-12,1,hit,1.6735347e+18,,1.6735356e+18
SOL,2023-01-12,2,armed,1.6735464e+18,,
SOL,2023-01-13,1,pending,,,
SOL,2023-01-13,2,armed,1.6736193e+18,,
SOL,2023-01-16,1,hit,1.6738785e+18,,1.6738821e+18
SOL,2023-01-17,1,pending,,,
SOL,2023-01-17,2,failed,1.6739649e+18,1.6739667e+18,
SOL,2023-01-18,1,hit,1.6740576e+18,,1.6740585e+18
SOL,2023-01-18,2,hit,1.6740513e+18,,1.6740549e+18
SOL,2023-01-19,1,hit,1.6741377e+18,,1.6741386e+18
SOL,2023-01-20,1,hit,1.6742268e+18,,1.6742331e+18
SOL,2023-01-20,2,failed,1.6742241e+18,1.6742313e+18,
SOL,2023-01-23,1,hit,1.6744833e+18,,1.674486e+18
SOL,2023-01-23,2,armed,1.6744968e+18,,
SOL,2023-01-24,1,hit,1.6745697e+18,,1.6745706e+18
SOL,2023-01-24,2,pending,,,
SOL,2023-01-25,1,pending,,,
SOL,2023-01-25,2,pending,,,
SOL,2023-01-26,1,pending,,,
SOL,2023-01-26,2,armed,1.6747488e+18,,
SOL,2023-01-27,1,failed,1.6748289e+18,1.6748316e+18,
SOL,2023-01-27,2,hit,1.6748316e+18,,1.6748424e+18
SOL,2023-01-30,1,pending,,,
SOL,2023-01-31,1,hit,1.6751745e+18,,1.6751754e+18
SOL,2023-01-31,2,pending,,,
SOL,2023-02-01,1,hit,1.6752663e+18,,1.6752744e+18
SOL,2023-02-01,2,pending,,,
SOL,2023-02-02,1,hit,1.6753581e+18,,1.6753626e+18
SOL,2023-02-03,1,failed,1.6754337e+18,1.6754355e+18,
SOL,2023-02-03,2,hit,1.6754355e+18,,1.6754364e+18
SOL,2023-02-06,1,armed,1.6756992e+18,,
SOL,2023-02-06,2,failed,1.6756974e+18,1.6756992e+18,
SOL,2023-02-07,1,hit,1.6757928e+18,,1.6757937e+18
SOL,2023-02-07,2,pending,,,
SOL,2023-02-08,1,failed,1.6758657e+18,1.6758675e+18,
SOL,2023-02-08,2,failed,1.6758675e+18,1.6758693e+18,
SOL,2023-02-10,1,pending,,,
SOL,2023-02-13,1,hit,1.6762995e+18,,1.6763004e+18
SOL,2023-02-13,2,hit,1.6763094e+18,,1.6763103e+18
SOL,2023-02-14,1,hit,1.6763868e+18,,1.6763877e+18
SOL,2023-02-15,1,failed,1.6764732e+18,1.6764867e+18,
SOL,2023-02-15,2,failed,1.6764777e+18,1.6764804e+18,
SOL,2023-02-16,1,hit,1.6765569e+18,,1.6765578e+18
SOL,2023-02-16,2,armed,1.6765731e+18,,
SOL,2023-02-17,1,hit,1.6766451e+18,,1.6766487e+18
SOL,2023-02-17,2,pending,,,
SOL,2023-02-17,3,failed,1.6766451e+18,1.6766487e+18,
SOL,2023-02-20,1,failed,1.6769088e+18,1.6769097e+18,
SOL,2023-02-20,2,pending,,,
SOL,2023-02-21,1,hit,1.6769925e+18,,1.676997e+18
SOL,2023-02-22,1,armed,1.6770771e+18,,
SOL,2023-02-22,2,pending,,,
SOL,2023-02-23,1,armed,1.6771653e+18,,
SOL,2023-02-23,2,failed,1.6771617e+18,1.6771653e+18,
SOL,2023-02-24,1,hit,1.6772481e+18,,1.6772517e+18
SOL,2023-02-24,2,pending,,,
SOL,2023-02-27,1,hit,1.6775082e+18,,1.6775109e+18
SOL,2023-02-27,2,hit,1.6775217e+18,,1.6775226e+18
SOL,2023-02-28,1,hit,1.6775937e+18,,1.6775946e+18
SOL,2023-02-28,2,pending,,,
SOL,2023-03-01,1,failed,1.6776855e+18,1.6776873e+18,
SOL,2023-03-01,2,pending,,,
SOL,2023-03-02,1,hit,1.6777665e+18,,1.6777674e+18
SOL,2023-03-03,1,armed,1.6778529e+18,,
SOL,2023-03-06,1,pending,,,
SOL,2023-03-06,2,hit,1.678113e+18,,1.6781184e+18
SOL,2023-03-07,1,failed,1.6782021e+18,1.6782039e+18,
SOL,2023-03-07,2,pending,,,
SOL,2023-03-09,1,hit,1.6783794e+18,,1.6783803e+18
SOL,2023-03-09,2,failed,1.6783713e+18,1.6783794e+18,
SOL,2023-03-10,1,hit,1.6784577e+18,,1.6784586e+18
SOL,2023-03-10,2,pending,,,
SOL,2023-03-13,1,failed,1.6787151e+18,1.678716e+18,
SOL,2023-03-14,1,pending,,,
SOL,2023-03-14,2,hit,1.6787997e+18,,1.6788006e+18
SOL,2023-03-15,1,hit,1.6788915e+18,,1.6788942e+18
SOL,2023-03-15,2,failed,1.6788861e+18,1.6788888e+18,
SOL,2023-03-16,1,failed,1.6789734e+18,1.6789743e+18,
SOL,2023-03-16,2,pending,,,
SOL,2023-03-17,1,pending,,,
SOL,2023-03-20,1,failed,1.6793181e+18,1.6793199e+18,
SOL,2023-03-20,2,hit,1.6793226e+18,,1.6793352e+18
SOL,2023-03-20,3,hit,1.6793181e+18,,1.6793352e+18
SOL,2023-03-21,1,pending,,,
SOL,2023-03-21,2,failed,1.6794045e+18,1.6794216e+18,
SOL,2023-03-22,1,pending,,,
SOL,2023-03-22,2,hit,1.6794918e+18,,1.6794927e+18
SOL,2023-03-23,1,pending,,,
SOL,2023-03-23,2,failed,1.6795836e+18,1.6795845e+18,
SOL,2023-03-24,1,hit,1.6796673e+18,,1.67967e+18
SOL,2023-03-24,2,pending,,,
SOL,2023-03-27,1,hit,1.6799229e+18,,1.6799274e+18
SOL,2023-03-27,2,pending,,,
SOL,2023-03-28,1,hit,1.6800129e+18,,1.6800138e+18
SOL,2023-03-28,2,failed,1.6800102e+18,1.6800129e+18,
SOL,2023-03-28,3,failed,1.6800129e+18,1.6800138e+18,
SOL,2023-03-29,1,failed,1.6800993e+18,1.680102e+18,
SOL,2023-03-29,2,pending,,,
SOL,2023-03-30,1,hit,1.6801857e+18,,1.6801929e+18
SOL,2023-03-30,2,pending,,,
SOL,2023-03-31,1,pending,,,
SOL,2023-03-31,2,hit,1.6802694e+18,,1.6802721e+18
SOL,2023-04-03,1,hit,1.6805277e+18,,1.680534e+18
SOL,2023-04-03,2,pending,,,
SOL,2023-04-04,1,failed,1.6806141e+18,1.6806159e+18,
SOL,2023-04-04,2,armed,1.6806141e+18,,
SOL,2023-04-05,1,pending,,,
SOL,2023-04-05,2,hit,1.6807041e+18,,1.6807068e+18
SOL,2023-04-06,1,armed,1.6807941e+18,,
SOL,2023-04-06,2,failed,1.6807887e+18,1.6807914e+18,
SOL,2023-04-07,1,pending,,,
SOL,2023-04-07,2,armed,1.6808733e+18,,
SOL,2023-04-10,1,hit,1.6811325e+18,,1.6811352e+18
SOL,2023-04-10,2,hit,1.681146e+18,,1.6811469e+18
SOL,2023-04-11,1,hit,1.6812225e+18,,1.6812234e+18
SOL,2023-04-11,2,pending,,,
SOL,2023-04-11,3,failed,1.6812225e+18,1.6812234e+18,
SOL,2023-04-12,1,hit,1.6813053e+18,,1.6813062e+18
SOL,2023-04-12,2,pending,,,
SOL,2023-04-13,1,hit,1.6813917e+18,,1.6813926e+18
SOL,2023-04-13,2,pending,,,
SOL,2023-04-14,1,hit,1.6814781e+18,,1.6814844e+18
SOL,2023-04-14,2,pending,,,
SOL,2023-04-17,1,pending,,,
SOL,2023-04-17,2,hit,1.6817427e+18,,1.6817463e+18
SOL,2023-04-18,1,armed,1.6818408e+18,,
SOL,2023-04-18,2,pending,,,
SOL,2023-04-19,1,failed,1.6819101e+18,1.6819137e+18,
SOL,2023-04-19,2,pending,,,
SOL,2023-04-20,1,failed,1.6819965e+18,1.6820055e+18,
SOL,2023-04-20,2,hit,1.6820064e+18,,1.6820073e+18
SOL,2023-04-21,1,failed,1.6820847e+18,1.6820856e+18,
SOL,2023-04-21,2,hit,1.682091e+18,,1.6820946e+18
SOL,2023-04-24,1,failed,1.6823421e+18,1.6823439e+18,
SOL,2023-04-24,2,pending,,,
SOL,2023-04-25,1,pending,,,
SOL,2023-04-25,2,pending,,,
SOL,2023-04-26,1,hit,1.6825149e+18,,1.6825158e+18
SOL,2023-04-26,2,pending,,,
SOL,2023-04-26,3,failed,1.6825149e+18,1.6825158e+18,
SOL,2023-04-27,1,failed,1.6826013e+18,1.6826049e+18,
SOL,2023-04-27,2,hit,1.6826094e+18,,1.6826112e+18
SOL,2023-04-28,1,failed,1.6826895e+18,1.6826913e+18,
SOL,2023-04-28,2,hit,1.6826877e+18,,1.6826886e+18
SOL,2023-05-01,1,hit,1.6829487e+18,,1.682955e+18
SOL,2023-05-01,2,pending,,,
SOL,2023-05-02,1,hit,1.6830378e+18,,1.6830387e+18
SOL,2023-05-02,2,failed,1.6830351e+18,1.6830378e+18,
SOL,2023-05-03,1,pending,,,
SOL,2023-05-03,2,hit,1.6831197e+18,,1.6831278e+18
SOL,2023-05-04,1,pending,,,
SOL,2023-05-04,2,hit,1.683207e+18,,1.6832079e+18
SOL,2023-05-05,1,hit,1.6832952e+18,,1.683306e+18
SOL,2023-05-05,2,failed,1.6832925e+18,1.6832952e+18,
SOL,2023-05-05,3,failed,1.6833042e+18,1.6833069e+18,
SOL,2023-05-08,1,armed,1.6835688e+18,,
SOL,2023-05-08,2,failed,1.6835526e+18,1.6835553e+18,
SOL,2023-05-09,1,hit,1.6836417e+18,,1.6836453e+18
SOL,2023-05-10,1,hit,1.6837245e+18,,1.6837254e+18
SOL,2023-05-10,2,armed,1.6837398e+18,,
SOL,2023-05-11,1,hit,1.6838118e+18,,1.6838262e+18
SOL,2023-05-11,2,pending,,,
SOL,2023-05-12,1,pending,,,
SOL,2023-05-12,2,hit,1.6838973e+18,,1.6838982e+18
SOL,2023-05-15,1,armed,1.6841565e+18,,
SOL,2023-05-15,2,pending,,,
SOL,2023-05-16,1,pending,,,
SOL,2023-05-16,2,pending,,,
SOL,2023-05-17,1,pending,,,
SOL,2023-05-17,2,failed,1.6843311e+18,1.684332e+18,
SOL,2023-05-18,1,hit,1.6844157e+18,,1.6844166e+18
SOL,2023-05-18,2,pending,,,
SOL,2023-05-19,1,hit,1.6845048e+18,,1.6845075e+18
SOL,2023-05-19,2,pending,,,
SOL,2023-05-22,1,failed,1.6847631e+18,1.6847649e+18,
SOL,2023-05-22,2,armed,1.6847766e+18,,
SOL,2023-05-22,3,hit,1.6847631e+18,,1.6847766e+18
SOL,2023-05-23,1,failed,1.6848477e+18,1.6848549e+18,
SOL,2023-05-23,2,armed,1.6848612e+18,,
SOL,2023-05-24,1,hit,1.684935e+18,,1.6849359e+18
SOL,2023-05-25,1,failed,1.6850205e+18,1.6850286e+18,
SOL,2023-05-25,2,armed,1.6850349e+18,,
SOL,2023-05-25,3,hit,1.6850205e+18,,1.6850349e+18
SOL,2023-05-26,1,pending,,,
SOL,2023-05-26,2,hit,1.6851069e+18,,1.6851087e+18
SOL,2023-05-29,1,hit,1.6853679e+18,,1.685376e+18
SOL,2023-05-29,2,pending,,,
SOL,2023-05-30,1,failed,1.6854597e+18,1.6854651e+18,
SOL,2023-05-30,2,failed,1.6854525e+18,1.6854552e+18,
SOL,2023-05-31,1,armed,1.6855425e+18,,
SOL,2023-06-01,1,failed,1.6856253e+18,1.685628e+18,
SOL,2023-06-01,2,failed,1.685628e+18,1.6856388e+18,
SOL,2023-06-02,1,armed,1.6857117e+18,,
SOL,2023-06-02,2,pending,,,
SOL,2023-06-05,1,hit,1.6859781e+18,,1.685979e+18
SOL,2023-06-05,2,pending,,,
SOL,2023-06-06,1,failed,1.6860573e+18,1.6860609e+18,
SOL,2023-06-06,2,hit,1.6860636e+18,,1.6860681e+18
SOL,2023-06-07,1,hit,1.6861437e+18,,1.6861482e+18
SOL,2023-06-07,2,pending,,,
SOL,2023-06-08,1,hit,1.6862301e+18,,1.6862355e+18
SOL,2023-06-08,2,armed,1.6862463e+18,,
SOL,2023-06-08,3,failed,1.6862301e+18,1.6862364e+18,
SOL,2023-06-09,1,hit,1.6863165e+18,,1.6863219e+18
SOL,2023-06-09,2,pending,,,
SOL,2023-06-12,1,armed,1.6865901e+18,,
SOL,2023-06-12,2,pending,,,
SOL,2023-06-13,1,hit,1.6866621e+18,,1.6866657e+18
SOL,2023-06-14,1,pending,,,
SOL,2023-06-14,2,hit,1.6867647e+18,,1.6867656e+18
SOL,2023-06-15,1,failed,1.6868349e+18,1.6868367e+18,
SOL,2023-06-15,2,pending,,,
SOL,2023-06-16,1,pending,,,
SOL,2023-06-16,2,hit,1.6869213e+18,,1.6869285e+18
SOL,2023-06-19,1,hit,1.6871805e+18,,1.6871814e+18
SOL,2023-06-19,2,pending,,,
SOL,2023-06-19,3,pending,,,
SOL,2023-06-20,1,hit,1.6872795e+18,,1.6872831e+18
SOL,2023-06-20,2,hit,1.6872696e+18,,1.6872714e+18
SOL,2023-06-21,1,hit,1.6873587e+18,,1.687365e+18
SOL,2023-06-21,2,failed,1.6873533e+18,1.6873587e+18,
SOL,2023-06-22,1,failed,1.6874397e+18,1.6874451e+18,
SOL,2023-06-22,2,pending,,,
SOL,2023-06-23,1,hit,1.6875261e+18,,1.687527e+18
SOL,2023-06-23,2,hit,1.6875342e+18,,1.6875351e+18
SOL,2023-06-26,1,failed,1.6877871e+18,1.6877907e+18,
SOL,2023-06-26,2,hit,1.6877907e+18,,1.6877988e+18
SOL,2023-06-27,1,pending,,,
SOL,2023-06-27,2,pending,,,
SOL,2023-06-27,3,pending,,,
SOL,2023-06-28,1,failed,1.6879617e+18,1.6879635e+18,
SOL,2023-06-28,2,pending,,,
SOL,2023-06-29,1,pending,,,
SOL,2023-06-30,1,hit,1.6881309e+18,,1.6881318e+18
SOL,2023-06-30,2,failed,1.6881336e+18,1.6881345e+18,
SOL,2023-06-30,3,hit,1.6881309e+18,,1.6881336e+18
SOL,2023-07-03,1,hit,1.6883901e+18,,1.6883928e+18
SOL,2023-07-03,2,pending,,,
SOL,2023-07-04,1,pending,,,
SOL,2023-07-04,2,hit,1.6884765e+18,,1.688481e+18
SOL,2023-07-05,1,failed,1.6885638e+18,1.6885782e+18,
SOL,2023-07-05,2,pending,,,
SOL,2023-07-06,1,armed,1.6886664e+18,,
SOL,2023-07-06,2,hit,1.688652e+18,,1.6886538e+18
SOL,2023-07-07,1,hit,1.6887357e+18,,1.6887366e+18
SOL,2023-07-07,2,pending,,,
SOL,2023-07-10,1,armed,1.6890003e+18,,
SOL,2023-07-10,2,pending,,,
SOL,2023-07-11,1,failed,1.6890849e+18,1.6890858e+18,
SOL,2023-07-11,2,pending,,,
SOL,2023-07-12,1,pending,,,
SOL,2023-07-12,2,hit,1.6891677e+18,,1.6891686e+18
SOL,2023-07-13,1,failed,1.6892541e+18,1.6892622e+18,
SOL,2023-07-13,2,hit,1.6892622e+18,,1.6892631e+18
SOL,2023-07-14,1,failed,1.6893405e+18,1.6893486e+18,
SOL,2023-07-17,1,pending,,,
SOL,2023-07-17,2,hit,1.6896078e+18,,1.6896141e+18
SOL,2023-07-18,1,pending,,,
SOL,2023-07-18,2,failed,1.6896969e+18,1.6896987e+18,
SOL,2023-07-19,1,pending,,,
SOL,2023-07-19,2,failed,1.6897743e+18,1.6897761e+18,
SOL,2023-07-20,1,pending,,,
SOL,2023-07-20,2,hit,1.6898589e+18,,1.6898598e+18
SOL,2023-07-20,3,pending,,,
SOL,2023-07-21,1,hit,1.6899453e+18,,1.6899624e+18
SOL,2023-07-21,2,pending,,,
SOL,2023-07-24,1,pending,,,
SOL,2023-07-24,2,armed,1.6902063e+18,,
SOL,2023-07-25,1,failed,1.6902909e+18,1.6902927e+18,
SOL,2023-07-25,2,hit,1.6902927e+18,,1.6902945e+18
SOL,2023-07-26,1,pending,,,
SOL,2023-07-26,2,hit,1.6903773e+18,,1.6903845e+18
SOL,2023-07-27,1,failed,1.6904682e+18,1.6904709e+18,
SOL,2023-07-27,2,armed,1.6904736e+18,,
SOL,2023-07-27,3,pending,,,
SOL,2023-07-28,1,hit,1.6905501e+18,,1.6905564e+18
SOL,2023-07-28,2,pending,,,
SOL,2023-07-31,1,hit,1.6908165e+18,,1.6908183e+18
SOL,2023-07-31,2,failed,1.6908093e+18,1.690812e+18,
SOL,2023-08-01,1,failed,1.6909011e+18,1.6909065e+18,
SOL,2023-08-01,2,pending,,,
SOL,2023-08-02,1,pending,,,
SOL,2023-08-02,2,hit,1.6909857e+18,,1.6909956e+18
SOL,2023-08-03,1,hit,1.6910712e+18,,1.6910721e+18
SOL,2023-08-03,2,pending,,,
SOL,2023-08-04,1,hit,1.6911549e+18,,1.6911567e+18
SOL,2023-08-04,2,pending,,,
SOL,2023-08-07,1,pending,,,
SOL,2023-08-07,2,hit,1.691415e+18,,1.6914249e+18
SOL,2023-08-08,1,pending,,,
SOL,2023-08-08,2,failed,1.6915005e+18,1.6915023e+18,
SOL,2023-08-09,1,pending,,,
SOL,2023-08-09,2,hit,1.6915869e+18,,1.6915896e+18
SOL,2023-08-09,3,pending,,,
SOL,2023-08-10,1,hit,1.6916733e+18,,1.6916742e+18
SOL,2023-08-10,2,pending,,,
SOL,2023-08-11,1,armed,1.6917723e+18,,
SOL,2023-08-11,2,failed,1.6917624e+18,1.6917723e+18,
SOL,2023-08-14,1,hit,1.6920243e+18,,1.6920306e+18
SOL,2023-08-14,2,failed,1.6920189e+18,1.6920243e+18,
SOL,2023-08-14,3,failed,1.6920306e+18,1.6920315e+18,
SOL,2023-08-15,1,armed,1.6921143e+18,,
SOL,2023-08-15,2,pending,,,
SOL,2023-08-16,1,pending,,,
SOL,2023-08-16,2,hit,1.6921917e+18,,1.6921926e+18
SOL,2023-08-17,1,failed,1.6922781e+18,1.6922871e+18,
SOL,2023-08-17,2,failed,1.6922889e+18,1.6922907e+18,
SOL,2023-08-18,1,pending,,,
SOL,2023-08-18,2,hit,1.6923645e+18,,1.6923744e+18
SOL,2023-08-18,3,pending,,,
SOL,2023-08-21,1,pending,,,
SOL,2023-08-21,2,failed,1.6926237e+18,1.6926264e+18,
SOL,2023-08-22,1,hit,1.692711e+18,,1.6927128e+18
SOL,2023-08-22,2,pending,,,
SOL,2023-08-23,1,hit,1.6928073e+18,,1.6928082e+18
SOL,2023-08-23,2,hit,1.6927965e+18,,1.6927974e+18
SOL,2023-08-24,1,hit,1.6928829e+18,,1.6928883e+18
SOL,2023-08-24,2,pending,,,
SOL,2023-08-25,1,failed,1.6929693e+18,1.6929747e+18,
SOL,2023-08-25,2,hit,1.692972e+18,,1.6929747e+18
SOL,2023-08-28,1,pending,,,
SOL,2023-08-28,2,armed,1.6932285e+18,,
SOL,2023-08-29,1,pending,,,
SOL,2023-08-29,2,hit,1.6933194e+18,,1.6933203e+18
SOL,2023-08-30,1,hit,1.6934031e+18,,1.6934049e+18
SOL,2023-08-30,2,pending,,,
SOL,2023-08-31,1,hit,1.6934877e+18,,1.6934913e+18
SOL,2023-08-31,2,pending,,,
SOL,2023-09-01,1,hit,1.6935741e+18,,1.6935759e+18
SOL,2023-09-01,2,pending,,,
SOL,2023-09-04,1,failed,1.6938342e+18,1.6938396e+18,
SOL,2023-09-04,2,hit,1.6938333e+18,,1.6938405e+18
SOL,2023-09-05,1,hit,1.6939197e+18,,1.6939215e+18
SOL,2023-09-05,2,pending,,,
SOL,2023-09-05,3,failed,1.6939197e+18,1.6939224e+18,
SOL,2023-09-06,1,armed,1.6940088e+18,,
SOL,2023-09-06,2,pending,,,
SOL,2023-09-07,1,hit,1.6940925e+18,,1.6941051e+18
SOL,2023-09-07,2,pending,,,
SOL,2023-09-08,1,failed,1.6941798e+18,1.6941897e+18,
SOL,2023-09-08,2,pending,,,
SOL,2023-09-11,1,pending,,,
SOL,2023-09-11,2,hit,1.6944381e+18,,1.6944399e+18
SOL,2023-09-12,1,pending,,,
SOL,2023-09-13,1,failed,1.6946163e+18,1.6946262e+18,
SOL,2023-09-13,2,pending,,,
SOL,2023-09-14,1,pending,,,
SOL,2023-09-15,1,hit,1.6947837e+18,,1.6947891e+18
SOL,2023-09-15,2,pending,,,
SOL,2023-09-18,1,hit,1.6950429e+18,,1.6950438e+18
SOL,2023-09-18,2,pending,,,
SOL,2023-09-18,3,failed,1.6950429e+18,1.6950483e+18,
SOL,2023-09-19,1,hit,1.6951293e+18,,1.6951302e+18
SOL,2023-09-19,2,pending,,,
SOL,2023-09-20,1,hit,1.6952175e+18,,1.6952202e+18
SOL,2023-09-20,2,failed,1.6952166e+18,1.6952175e+18,
SOL,2023-09-21,1,armed,1.6953165e+18,,
SOL,2023-09-21,2,failed,1.695303e+18,1.695312e+18,
SOL,2023-09-22,1,pending,,,
SOL,2023-09-22,2,armed,1.6953993e+18,,
SOL,2023-09-22,3,pending,,,
SOL,2023-09-25,1,pending,,,
SOL,2023-09-26,1,armed,1.6957386e+18,,
SOL,2023-09-26,2,pending,,,
SOL,2023-09-27,1,pending,,,
SOL,2023-09-27,2,pending,,,
SOL,2023-09-28,1,pending,,,
SOL,2023-09-28,2,hit,1.6959069e+18,,1.6959132e+18
SOL,2023-09-29,1,pending,,,
SOL,2023-09-29,2,hit,1.6959933e+18,,1.6959987e+18
SOL,2023-10-02,1,failed,1.6962561e+18,1.6962579e+18,
SOL,2023-10-02,2,failed,1.6962525e+18,1.6962561e+18,
SOL,2023-10-03,1,pending,,,
SOL,2023-10-03,2,failed,1.6963398e+18,1.6963416e+18,
SOL,2023-10-04,1,hit,1.6964271e+18,,1.6964298e+18
SOL,2023-10-05,1,hit,1.6965189e+18,,1.6965198e+18
SOL,2023-10-05,2,pending,,,
SOL,2023-10-06,1,hit,1.6966053e+18,,1.6966143e+18
SOL,2023-10-06,2,pending,,,
SOL,2023-10-09,1,failed,1.696869e+18,1.6968744e+18,
SOL,2023-10-09,2,failed,1.6968573e+18,1.696869e+18,
SOL,2023-10-10,1,failed,1.6969473e+18,1.69695e+18,
SOL,2023-10-11,1,hit,1.6970382e+18,,1.6970391e+18
SOL,2023-10-11,2,pending,,,
SOL,2023-10-12,1,failed,1.6971282e+18,1.6971336e+18,
SOL,2023-10-12,2,pending,,,
SOL,2023-10-13,1,hit,1.6972029e+18,,1.6972038e+18
SOL,2023-10-13,2,pending,,,
SOL,2023-10-13,3,armed,1.6972029e+18,,
SOL,2023-10-16,1,hit,1.6974621e+18,,1.697463e+18
SOL,2023-10-16,2,failed,1.6974621e+18,1.697463e+18,
SOL,2023-10-17,1,hit,1.6975494e+18,,1.6975512e+18
SOL,2023-10-17,2,armed,1.6975611e+18,,
SOL,2023-10-18,1,pending,,,
SOL,2023-10-18,2,hit,1.6976349e+18,,1.6976358e+18
SOL,2023-10-19,1,failed,1.6977276e+18,1.6977285e+18,
SOL,2023-10-20,1,failed,1.697814e+18,1.6978167e+18,
SOL,2023-10-20,2,pending,,,
SOL,2023-10-23,1,pending,,,
SOL,2023-10-23,2,hit,1.6980678e+18,,1.698075e+18
SOL,2023-10-24,1,hit,1.6981596e+18,,1.6981605e+18
SOL,2023-10-25,1,pending,,,
SOL,2023-10-25,2,hit,1.6982397e+18,,1.6982406e+18
SOL,2023-10-26,1,failed,1.6983261e+18,1.6983315e+18,
SOL,2023-10-26,2,hit,1.6983315e+18,,1.6983387e+18
SOL,2023-10-27,1,failed,1.6984125e+18,1.6984161e+18,
SOL,2023-10-27,2,hit,1.6984161e+18,,1.6984269e+18
SOL,2023-10-30,1,failed,1.6986816e+18,1.6986861e+18,
SOL,2023-10-31,1,armed,1.6987581e+18,,
SOL,2023-10-31,2,pending,,,
SOL,2023-11-01,1,pending,,,
SOL,2023-11-01,2,hit,1.6988445e+18,,1.6988481e+18
SOL,2023-11-02,1,pending,,,
SOL,2023-11-03,1,pending,,,
SOL,2023-11-03,2,pending,,,
SOL,2023-11-06,1,armed,1.6992882e+18,,
SOL,2023-11-06,2,failed,1.6992837e+18,1.6992873e+18,
SOL,2023-11-07,1,pending,,,
SOL,2023-11-07,2,hit,1.69938e+18,,1.6993809e+18
SOL,2023-11-08,1,armed,1.6994547e+18,,
SOL,2023-11-08,2,pending,,,
SOL,2023-11-09,1,hit,1.6995402e+18,,1.6995411e+18
SOL,2023-11-10,1,hit,1.6996347e+18,,1.6996392e+18
SOL,2023-11-13,1,hit,1.6998867e+18,,1.6998876e+18
SOL,2023-11-13,2,pending,,,
SOL,2023-11-14,1,pending,,,
SOL,2023-11-15,1,armed,1.7000577e+18,,
SOL,2023-11-15,2,pending,,,
SOL,2023-11-16,1,hit,1.7001441e+18,,1.700145e+18
SOL,2023-11-16,2,pending,,,
SOL,2023-11-17,1,hit,1.7002305e+18,,1.7002323e+18
SOL,2023-11-17,2,pending,,,
SOL,2023-11-20,1,hit,1.7004897e+18,,1.7004942e+18
SOL,2023-11-20,2,pending,,,
SOL,2023-11-21,1,hit,1.7005761e+18,,1.700577e+18
SOL,2023-11-21,2,pending,,,
SOL,2023-11-22,1,hit,1.7006625e+18,,1.7006634e+18
SOL,2023-11-23,1,hit,1.7007498e+18,,1.7007516e+18
SOL,2023-11-23,2,pending,,,
SOL,2023-11-24,1,pending,,,
SOL,2023-11-24,2,failed,1.7008398e+18,1.7008452e+18,
SOL,2023-11-27,1,pending,,,
SOL,2023-11-27,2,hit,1.7010954e+18,,1.7010963e+18
SOL,2023-11-28,1,hit,1.7011809e+18,,1.7011899e+18
SOL,2023-11-28,2,pending,,,
SOL,2023-11-28,3,failed,1.7011809e+18,1.7011899e+18,
SOL,2023-11-29,1,armed,1.7012691e+18,,
SOL,2023-11-29,2,pending,,,
SOL,2023-11-30,1,pending,,,
SOL,2023-11-30,2,hit,1.7013537e+18,,1.7013627e+18
SOL,2023-11-30,3,pending,,,
SOL,2023-12-01,1,pending,,,
SOL,2023-12-01,2,armed,1.7014401e+18,,
SOL,2023-12-04,1,pending,,,
SOL,2023-12-04,2,pending,,,
SOL,2023-12-05,1,hit,1.7017866e+18,,1.7018001e+18
SOL,2023-12-05,2,pending,,,
SOL,2023-12-06,1,pending,,,
SOL,2023-12-06,2,failed,1.7018847e+18,1.7018883e+18,
SOL,2023-12-07,1,hit,1.701963e+18,,1.7019639e+18
SOL,2023-12-07,2,failed,1.701963e+18,1.7019639e+18,
SOL,2023-12-08,1,failed,1.7020458e+18,1.7020584e+18,
SOL,2023-12-08,2,pending,,,
SOL,2023-12-11,1,failed,1.7023104e+18,1.7023194e+18,
SOL,2023-12-12,1,hit,1.7023905e+18,,1.7023914e+18
SOL,2023-12-12,2,pending,,,
SOL,2023-12-13,1,pending,,,
SOL,2023-12-13,2,armed,1.7024769e+18,,
SOL,2023-12-14,1,hit,1.7025633e+18,,1.7025642e+18
SOL,2023-12-14,2,failed,1.7025741e+18,1.7025777e+18,
SOL,2023-12-15,1,pending,,,
SOL,2023-12-15,2,hit,1.7026497e+18,,1.7026569e+18
SOL,2023-12-18,1,pending,,,
SOL,2023-12-18,2,hit,1.7029089e+18,,1.7029098e+18
SOL,2023-12-19,1,hit,1.7029953e+18,,1.7029962e+18
SOL,2023-12-19,2,pending,,,
SOL,2023-12-20,1,pending,,,
SOL,2023-12-20,2,hit,1.7030826e+18,,1.7030853e+18
SOL,2023-12-21,1,hit,1.7031753e+18,,1.7031798e+18
SOL,2023-12-21,2,failed,1.703169e+18,1.7031726e+18,
SOL,2023-12-21,3,failed,1.7031753e+18,1.703178e+18,
SOL,2023-12-22,1,failed,1.7032545e+18,1.7032581e+18,
SOL,2023-12-22,2,hit,1.7032581e+18,,1.7032608e+18
SOL,2023-12-25,1,pending,,,
SOL,2023-12-25,2,hit,1.7035137e+18,,1.7035164e+18
SOL,2023-12-26,1,hit,1.7036001e+18,,1.7036064e+18
SOL,2023-12-26,2,pending,,,
SOL,2023-12-27,1,hit,1.7036865e+18,,1.7036874e+18
SOL,2023-12-27,2,pending,,,
SOL,2023-12-28,1,hit,1.7037729e+18,,1.7037738e+18
SOL,2023-12-28,2,pending,,,
SOL,2023-12-29,1,pending,,,
SOL,2023-12-29,2,hit,1.7038656e+18,,1.7038719e+18
SOL,2024-01-01,1,hit,1.704123e+18,,1.7041239e+18
SOL,2024-01-01,2,pending,,,
SOL,2024-01-01,3,failed,1.7041257e+18,1.7041266e+18,
SOL,2024-01-02,1,failed,1.7042049e+18,1.7042067e+18,
SOL,2024-01-02,2,hit,1.7042085e+18,,1.7042094e+18
SOL,2024-01-03,1,failed,1.7042976e+18,1.7043003e+18,
SOL,2024-01-04,1,hit,1.7043777e+18,,1.7043804e+18
SOL,2024-01-04,2,pending,,,
SOL,2024-01-05,1,hit,1.7044641e+18,,1.7044668e+18
SOL,2024-01-08,1,failed,1.7047278e+18,1.7047296e+18,
SOL,2024-01-08,2,hit,1.7047242e+18,,1.7047377e+18
SOL,2024-01-09,1,pending,,,
SOL,2024-01-09,2,hit,1.7048097e+18,,1.7048106e+18
SOL,2024-01-10,1,failed,1.7048961e+18,1.7049024e+18,
SOL,2024-01-10,2,hit,1.7049087e+18,,1.7049105e+18
SOL,2024-01-11,1,failed,1.7049834e+18,1.7049843e+18,
SOL,2024-01-11,2,pending,,,
SOL,2024-01-12,1,hit,1.7050734e+18,,1.7050743e+18
SOL,2024-01-12,2,failed,1.7050689e+18,1.7050734e+18,
SOL,2024-01-15,1,hit,1.7053281e+18,,1.7053308e+18
SOL,2024-01-15,2,pending,,,
SOL,2024-01-16,1,hit,1.7054145e+18,,1.7054154e+18
SOL,2024-01-16,2,pending,,,
SOL,2024-01-17,1,pending,,,
SOL,2024-01-17,2,pending,,,
SOL,2024-01-18,1,hit,1.7055918e+18,,1.7055945e+18
SOL,2024-01-19,1,hit,1.7056737e+18,,1.7056782e+18
SOL,2024-01-19,2,pending,,,
SOL,2024-01-22,1,hit,1.7059419e+18,,1.7059428e+18
SOL,2024-01-22,2,pending,,,
SOL,2024-01-23,1,pending,,,
SOL,2024-01-23,2,hit,1.706022e+18,,1.7060229e+18
SOL,2024-01-24,1,hit,1.7061057e+18,,1.7061084e+18
SOL,2024-01-24,2,pending,,,
SOL,2024-01-25,1,hit,1.7061975e+18,,1.7061984e+18
SOL,2024-01-25,2,pending,,,
SOL,2024-01-26,1,pending,,,
SOL,2024-01-26,2,hit,1.7062848e+18,,1.7062866e+18
SOL,2024-01-29,1,hit,1.7065431e+18,,1.706544e+18
SOL,2024-01-29,2,pending,,,
SOL,2024-01-30,1,failed,1.7066241e+18,1.706625e+18,
SOL,2024-01-30,2,pending,,,
SOL,2024-01-31,1,hit,1.7067123e+18,,1.7067159e+18
SOL,2024-01-31,2,pending,,,
SOL,2024-02-01,1,hit,1.7067969e+18,,1.7067978e+18
SOL,2024-02-01,2,pending,,,
SOL,2024-02-02,1,pending,,,
SOL,2024-02-05,1,armed,1.7071461e+18,,
SOL,2024-02-05,2,pending,,,
SOL,2024-02-05,3,pending,,,
SOL,2024-02-06,1,hit,1.7072352e+18,,1.707246e+18
SOL,2024-02-06,2,failed,1.7072289e+18,1.7072307e+18,
SOL,2024-02-06,3,failed,1.7072352e+18,1.707246e+18,
SOL,2024-02-07,1,hit,1.7073252e+18,,1.707327e+18
SOL,2024-02-07,2,pending,,,
SOL,2024-02-07,3,failed,1.7073252e+18,1.707327e+18,
SOL,2024-02-08,1,pending,,,
SOL,2024-02-08,2,hit,1.7074017e+18,,1.7074026e+18
SOL,2024-02-09,1,hit,1.707489e+18,,1.7074908e+18
SOL,2024-02-09,2,pending,,,
SOL,2024-02-12,1,pending,,,
SOL,2024-02-13,1,pending,,,
SOL,2024-02-13,2,hit,1.7078337e+18,,1.7078346e+18
SOL,2024-02-14,1,hit,1.7079201e+18,,1.707921e+18
SOL,2024-02-14,2,pending,,,
SOL,2024-02-14,3,failed,1.7079201e+18,1.707921e+18,
SOL,2024-02-15,1,failed,1.7080065e+18,1.7080083e+18,
SOL,2024-02-15,2,pending,,,
SOL,2024-02-16,1,hit,1.7080929e+18,,1.7080938e+18
SOL,2024-02-16,2,pending,,,
SOL,2024-02-19,1,hit,1.7083521e+18,,1.708353e+18
SOL,2024-02-19,2,pending,,,
SOL,2024-02-20,1,pending,,,
SOL,2024-02-20,2,hit,1.7084385e+18,,1.7084403e+18
SOL,2024-02-21,1,hit,1.7085249e+18,,1.7085258e+18
SOL,2024-02-22,1,pending,,,
SOL,2024-02-22,2,hit,1.7086113e+18,,1.7086122e+18
SOL,2024-02-23,1,hit,1.7086977e+18,,1.7086986e+18
SOL,2024-02-23,2,failed,1.7086977e+18,1.7086986e+18,
SOL,2024-02-26,1,hit,1.7089569e+18,,1.7089578e+18
SOL,2024-02-26,2,pending,,,
SOL,2024-02-27,1,pending,,,
SOL,2024-02-27,2,hit,1.7090433e+18,,1.7090442e+18
SOL,2024-02-28,1,hit,1.7091297e+18,,1.7091351e+18
SOL,2024-02-29,1,hit,1.7092161e+18,,1.709217e+18
SOL,2024-02-29,2,failed,1.7092242e+18,1.709226e+18,
SOL,2024-02-29,3,failed,1.7092161e+18,1.709217e+18,
SOL,2024-03-01,1,hit,1.7093025e+18,,1.7093115e+18
SOL,2024-03-01,2,pending,,,
SOL,2024-03-04,1,hit,1.7095617e+18,,1.7095707e+18
SOL,2024-03-04,2,pending,,,
SOL,2024-03-05,1,hit,1.7096499e+18,,1.7096508e+18
SOL,2024-03-05,2,failed,1.7096571e+18,1.709658e+18,
SOL,2024-03-05,3,failed,1.7096499e+18,1.7096508e+18,
SOL,2024-03-06,1,failed,1.7097354e+18,1.7097417e+18,
SOL,2024-03-07,1,hit,1.7098209e+18,,1.7098218e+18
SOL,2024-03-08,1,hit,1.7099082e+18,,1.7099091e+18
SOL,2024-03-11,1,failed,1.7101629e+18,1.7101656e+18,
SOL,2024-03-11,2,failed,1.7101656e+18,1.7101674e+18,
SOL,2024-03-11,3,pending,,,
SOL,2024-03-12,1,pending,,,
SOL,2024-03-12,2,hit,1.7102529e+18,,1.7102538e+18
SOL,2024-03-13,1,pending,,,
SOL,2024-03-13,2,hit,1.710342e+18,,1.7103429e+18
SOL,2024-03-14,1,pending,,,
SOL,2024-03-14,2,hit,1.7104221e+18,,1.7104248e+18
SOL,2024-03-14,3,pending,,,
SOL,2024-03-15,1,hit,1.7105103e+18,,1.7105112e+18
SOL,2024-03-15,2,pending,,,
SOL,2024-03-18,1,pending,,,
SOL,2024-03-18,2,hit,1.7107677e+18,,1.7107695e+18
SOL,2024-03-18,3,pending,,,
SOL,2024-03-19,1,pending,,,
SOL,2024-03-19,2,armed,1.7108541e+18,,
SOL,2024-03-20,1,hit,1.7109495e+18,,1.7109522e+18
SOL,2024-03-20,2,pending,,,
SOL,2024-03-21,1,hit,1.7110287e+18,,1.7110377e+18
SOL,2024-03-21,2,pending,,,
SOL,2024-03-22,1,hit,1.7111133e+18,,1.7111151e+18
SOL,2024-03-22,2,pending,,,
SOL,2024-03-25,1,failed,1.7113734e+18,1.7113752e+18,
SOL,2024-03-25,2,hit,1.7113752e+18,,1.711377e+18
SOL,2024-03-26,1,pending,,,
SOL,2024-03-26,2,hit,1.7114589e+18,,1.7114706e+18
SOL,2024-03-26,3,pending,,,
SOL,2024-03-27,1,failed,1.7115453e+18,1.711548e+18,
SOL,2024-03-27,2,hit,1.711548e+18,,1.7115489e+18
SOL,2024-03-28,1,failed,1.7116317e+18,1.7116362e+18,
SOL,2024-03-28,2,armed,1.7116362e+18,,
SOL,2024-03-29,1,armed,1.7117199e+18,,
SOL,2024-03-29,2,pending,,,
SOL,2024-04-01,1,hit,1.7119818e+18,,1.7119827e+18
SOL,2024-04-02,1,failed,1.7120646e+18,1.7120673e+18,
SOL,2024-04-02,2,failed,1.7120673e+18,1.7120736e+18,
SOL,2024-04-03,1,armed,1.7121501e+18,,
SOL,2024-04-04,1,pending,,,
SOL,2024-04-04,2,hit,1.7122365e+18,,1.7122374e+18
SOL,2024-04-05,1,hit,1.7123229e+18,,1.7123256e+18
SOL,2024-04-05,2,pending,,,
SOL,2024-04-08,1,armed,1.7125821e+18,,
SOL,2024-04-08,2,pending,,,
SOL,2024-04-09,1,hit,1.7126685e+18,,1.7126703e+18
SOL,2024-04-09,2,pending,,,
SOL,2024-04-10,1,hit,1.7127549e+18,,1.7127558e+18
SOL,2024-04-10,2,pending,,,
SOL,2024-04-11,1,hit,1.7128413e+18,,1.7128422e+18
SOL,2024-04-11,2,pending,,,
SOL,2024-04-12,1,hit,1.7129277e+18,,1.7129286e+18
SOL,2024-04-12,2,pending,,,
SOL,2024-04-15,1,hit,1.7131869e+18,,1.7131878e+18
SOL,2024-04-16,1,pending,,,
SOL,2024-04-16,2,hit,1.7132733e+18,,1.7132742e+18
SOL,2024-04-17,1,pending,,,
SOL,2024-04-18,1,hit,1.7134497e+18,,1.7134506e+18
SOL,2024-04-18,2,pending,,,
SOL,2024-04-18,3,failed,1.7134497e+18,1.7134506e+18,
SOL,2024-04-19,1,pending,,,
SOL,2024-04-19,2,hit,1.7135325e+18,,1.7135334e+18
SOL,2024-04-19,3,pending,,,
SOL,2024-04-22,1,failed,1.7137917e+18,1.7137989e+18,
SOL,2024-04-22,2,failed,1.7137989e+18,1.7138025e+18,
SOL,2024-04-23,1,pending,,,
SOL,2024-04-23,2,hit,1.7138817e+18,,1.7138853e+18
SOL,2024-04-24,1,hit,1.7139645e+18,,1.7139699e+18
SOL,2024-04-24,2,pending,,,
SOL,2024-04-25,1,failed,1.7140509e+18,1.7140527e+18,
SOL,2024-04-25,2,hit,1.7140545e+18,,1.7140554e+18
SOL,2024-04-26,1,failed,1.7141409e+18,1.7141427e+18,
SOL,2024-04-26,2,hit,1.7141373e+18,,1.7141382e+18
SOL,2024-04-29,1,failed,1.71441e+18,1.7144118e+18,
SOL,2024-04-29,2,failed,1.7143965e+18,1.71441e+18,
SOL,2024-04-30,1,failed,1.7144856e+18,1.7144883e+18,
SOL,2024-04-30,2,failed,1.7144829e+18,1.7144856e+18,
SOL,2024-05-01,1,failed,1.7145702e+18,1.714581e+18,
SOL,2024-05-02,1,hit,1.7146629e+18,,1.7146638e+18
SOL,2024-05-02,2,failed,1.7146584e+18,1.7146611e+18,
SOL,2024-05-02,3,armed,1.7146629e+18,,
SOL,2024-05-03,1,pending,,,
SOL,2024-05-03,2,hit,1.7147421e+18,,1.714743e+18
SOL,2024-05-06,1,failed,1.7150049e+18,1.7150076e+18,
SOL,2024-05-07,1,failed,1.7150922e+18,1.715094e+18,
SOL,2024-05-07,2,failed,1.7150877e+18,1.7150904e+18,
SOL,2024-05-08,1,hit,1.7151786e+18,,1.7151795e+18
SOL,2024-05-08,2,pending,,,
SOL,2024-05-09,1,hit,1.7152605e+18,,1.7152677e+18
SOL,2024-05-09,2,pending,,,
SOL,2024-05-10,1,hit,1.7153469e+18,,1.7153478e+18
SOL,2024-05-10,2,pending,,,
SOL,2024-05-13,1,pending,,,
SOL,2024-05-13,2,hit,1.7156061e+18,,1.7156169e+18
SOL,2024-05-14,1,failed,1.7156961e+18,1.715697e+18,
SOL,2024-05-14,2,pending,,,
SOL,2024-05-15,1,pending,,,
SOL,2024-05-15,2,hit,1.7157789e+18,,1.7157798e+18
SOL,2024-05-16,1,hit,1.7158716e+18,,1.7158725e+18
SOL,2024-05-16,2,pending,,,
SOL,2024-05-17,1,failed,1.7159634e+18,1.7159652e+18,
SOL,2024-05-17,2,failed,1.7159535e+18,1.715958e+18,
SOL,2024-05-17,3,armed,1.7159634e+18,,
SOL,2024-05-20,1,hit,1.716219e+18,,1.7162226e+18
SOL,2024-05-20,2,pending,,,
SOL,2024-05-20,3,failed,1.7162226e+18,1.7162235e+18,
SOL,2024-05-21,1,hit,1.7162973e+18,,1.7163e+18
SOL,2024-05-22,1,failed,1.7163837e+18,1.7163855e+18,
SOL,2024-05-22,2,armed,1.7163855e+18,,
SOL,2024-05-23,1,pending,,,
SOL,2024-05-23,2,hit,1.7164701e+18,,1.7164728e+18
SOL,2024-05-24,1,failed,1.7165592e+18,1.716561e+18,
SOL,2024-05-27,1,hit,1.7168175e+18,,1.7168184e+18
SOL,2024-05-28,1,pending,,,
SOL,2024-05-28,2,hit,1.7169021e+18,,1.716903e+18
SOL,2024-05-29,1,failed,1.7169993e+18,1.7170011e+18,
SOL,2024-05-29,2,failed,1.7169885e+18,1.7169993e+18,
SOL,2024-05-30,1,hit,1.7170749e+18,,1.7170785e+18
SOL,2024-05-30,2,pending,,,
SOL,2024-05-31,1,hit,1.7171613e+18,,1.7171622e+18
SOL,2024-05-31,2,hit,1.7171649e+18,,1.7171712e+18
SOL,2024-05-31,3,hit,1.7171613e+18,,1.7171649e+18
SOL,2024-06-03,1,hit,1.7174205e+18,,1.7174223e+18
SOL,2024-06-03,2,pending,,,
SOL,2024-06-04,1,pending,,,
SOL,2024-06-04,2,hit,1.7175078e+18,,1.7175168e+18
SOL,2024-06-04,3,failed,1.7175168e+18,1.7175177e+18,
SOL,2024-06-05,1,failed,1.7175969e+18,1.7175987e+18,
SOL,2024-06-05,2,failed,1.7175933e+18,1.7175969e+18,
SOL,2024-06-05,3,armed,1.7176023e+18,,
SOL,2024-06-06,1,armed,1.7176797e+18,,
SOL,2024-06-06,2,pending,,,
SOL,2024-06-06,3,pending,,,
SOL,2024-06-07,1,pending,,,
SOL,2024-06-07,2,hit,1.7177661e+18,,1.7177742e+18
SOL,2024-06-07,3,pending,,,
SOL,2024-06-10,1,failed,1.7180352e+18,1.718037e+18,
SOL,2024-06-10,2,failed,1.7180253e+18,1.7180307e+18,
SOL,2024-06-10,3,armed,1.7180352e+18,,
SOL,2024-06-11,1,hit,1.7181135e+18,,1.7181207e+18
SOL,2024-06-11,2,pending,,,
SOL,2024-06-11,3,pending,,,
SOL,2024-06-12,1,pending,,,
SOL,2024-06-12,2,hit,1.7181981e+18,,1.718199e+18
SOL,2024-06-13,1,armed,1.718289e+18,,
SOL,2024-06-13,2,failed,1.7182854e+18,1.718289e+18,
SOL,2024-06-14,1,hit,1.7183709e+18,,1.7183745e+18
SOL,2024-06-14,2,pending,,,
SOL,2024-06-17,1,failed,1.7186319e+18,1.7186355e+18,
SOL,2024-06-17,2,failed,1.7186355e+18,1.7186382e+18,
SOL,2024-06-18,1,hit,1.7187165e+18,,1.7187336e+18
SOL,2024-06-18,2,pending,,,
SOL,2024-06-19,1,hit,1.7188065e+18,,1.7188074e+18
SOL,2024-06-19,2,failed,1.7188029e+18,1.7188065e+18,
SOL,2024-06-20,1,hit,1.7188893e+18,,1.7188902e+18
SOL,2024-06-20,2,pending,,,
SOL,2024-06-21,1,pending,,,
SOL,2024-06-21,2,hit,1.7189757e+18,,1.7189766e+18
SOL,2024-06-24,1,hit,1.7192367e+18,,1.7192376e+18
SOL,2024-06-24,2,failed,1.7192349e+18,1.7192367e+18,
SOL,2024-06-25,1,hit,1.7193258e+18,,1.7193303e+18
SOL,2024-06-25,2,armed,1.7193303e+18,,
SOL,2024-06-26,1,failed,1.7194077e+18,1.7194095e+18,
SOL,2024-06-26,2,pending,,,
SOL,2024-06-26,3,pending,,,
SOL,2024-06-27,1,pending,,,
SOL,2024-06-27,2,hit,1.7194941e+18,,1.719495e+18
SOL,2024-06-27,3,failed,1.7194941e+18,1.719495e+18,
SOL,2024-06-28,1,armed,1.7195832e+18,,
SOL,2024-06-28,2,pending,,,
SOL,2024-07-01,1,hit,1.7198397e+18,,1.7198406e+18
SOL,2024-07-01,2,pending,,,
SOL,2024-07-02,1,armed,1.7199288e+18,,
SOL,2024-07-02,2,hit,1.7199261e+18,,1.719927e+18
SOL,2024-07-02,3,armed,1.7199261e+18,,
SOL,2024-07-03,1,hit,1.7200125e+18,,1.7200179e+18
SOL,2024-07-03,2,pending,,,
SOL,2024-07-04,1,failed,1.7200998e+18,1.7201016e+18,
SOL,2024-07-04,2,failed,1.7200989e+18,1.7200998e+18,
SOL,2024-07-05,1,pending,,,
SOL,2024-07-08,1,pending,,,
SOL,2024-07-09,1,failed,1.7205372e+18,1.7205417e+18,
SOL,2024-07-10,1,failed,1.7206209e+18,1.7206281e+18,
SOL,2024-07-10,2,pending,,,
SOL,2024-07-11,1,hit,1.7207073e+18,,1.7207127e+18
SOL,2024-07-11,2,pending,,,
SOL,2024-07-12,1,hit,1.7207901e+18,,1.720791e+18
SOL,2024-07-12,2,pending,,,
SOL,2024-07-15,1,pending,,,
SOL,2024-07-15,2,hit,1.7210493e+18,,1.7210619e+18
SOL,2024-07-16,1,failed,1.7211357e+18,1.7211447e+18,
SOL,2024-07-16,2,hit,1.7211456e+18,,1.7211465e+18
SOL,2024-07-17,1,failed,1.721223e+18,1.7212248e+18,
SOL,2024-07-17,2,failed,1.7212248e+18,1.7212293e+18,
SOL,2024-07-18,1,failed,1.7213085e+18,1.7213148e+18,
SOL,2024-07-18,2,armed,1.7213148e+18,,
SOL,2024-07-18,3,failed,1.7213085e+18,1.7213094e+18,
SOL,2024-07-19,1,hit,1.7213949e+18,,1.7213976e+18
SOL,2024-07-19,2,pending,,,
SOL,2024-07-22,1,armed,1.7216712e+18,,
SOL,2024-07-22,2,pending,,,
SOL,2024-07-23,1,failed,1.7217423e+18,1.7217441e+18,
SOL,2024-07-23,2,hit,1.721745e+18,,1.7217459e+18
SOL,2024-07-24,1,hit,1.7218278e+18,,1.7218305e+18
SOL,2024-07-24,2,pending,,,
SOL,2024-07-24,3,failed,1.7218332e+18,1.7218431e+18,
SOL,2024-07-25,1,hit,1.7219178e+18,,1.7219196e+18
SOL,2024-07-25,2,failed,1.7219133e+18,1.7219151e+18,
SOL,2024-07-26,1,hit,1.7220006e+18,,1.7220015e+18
SOL,2024-07-26,2,failed,1.7220024e+18,1.7220033e+18,
SOL,2024-07-29,1,hit,1.722267e+18,,1.7222715e+18
SOL,2024-07-29,2,failed,1.7222589e+18,1.7222625e+18,
SOL,2024-07-30,1,hit,1.722348e+18,,1.7223597e+18
SOL,2024-07-30,2,failed,1.7223453e+18,1.722348e+18,
SOL,2024-07-31,1,failed,1.7224326e+18,1.7224362e+18,
SOL,2024-07-31,2,pending,,,
SOL,2024-08-01,1,hit,1.7225244e+18,,1.7225253e+18
SOL,2024-08-01,2,failed,1.7225181e+18,1.7225226e+18,
SOL,2024-08-02,1,pending,,,
SOL,2024-08-02,2,failed,1.7226045e+18,1.7226063e+18,
SOL,2024-08-05,1,hit,1.7228655e+18,,1.7228664e+18
SOL,2024-08-06,1,hit,1.7229546e+18,,1.7229555e+18
SOL,2024-08-06,2,hit,1.7229501e+18,,1.7229519e+18
SOL,2024-08-07,1,hit,1.723041e+18,,1.7230536e+18
SOL,2024-08-07,2,failed,1.7230365e+18,1.723041e+18,
SOL,2024-08-08,1,hit,1.7231229e+18,,1.7231238e+18
SOL,2024-08-08,2,pending,,,
SOL,2024-08-08,3,failed,1.7231238e+18,1.7231274e+18,
SOL,2024-08-09,1,armed,1.7232093e+18,,
SOL,2024-08-09,2,pending,,,
SOL,2024-08-12,1,hit,1.7234685e+18,,1.7234712e+18
SOL,2024-08-12,2,pending,,,
SOL,2024-08-13,1,pending,,,
SOL,2024-08-13,2,hit,1.7235549e+18,,1.7235567e+18
SOL,2024-08-14,1,hit,1.7236431e+18,,1.7236449e+18
SOL,2024-08-14,2,hit,1.7236413e+18,,1.7236422e+18
SOL,2024-08-15,1,pending,,,
SOL,2024-08-15,2,hit,1.7237286e+18,,1.7237358e+18
SOL,2024-08-16,1,hit,1.7238141e+18,,1.7238222e+18
SOL,2024-08-16,2,pending,,,
SOL,2024-08-19,1,failed,1.7240778e+18,1.7240796e+18,
SOL,2024-08-19,2,armed,1.7240733e+18,,
SOL,2024-08-20,1,hit,1.7241633e+18,,1.7241642e+18
SOL,2024-08-20,2,pending,,,
SOL,2024-08-21,1,pending,,,
SOL,2024-08-22,1,hit,1.7243325e+18,,1.7243361e+18
SOL,2024-08-22,2,pending,,,
SOL,2024-08-23,1,failed,1.7244225e+18,1.7244252e+18,
SOL,2024-08-23,2,pending,,,
SOL,2024-08-23,3,failed,1.7244225e+18,1.724436e+18,
SOL,2024-08-26,1,hit,1.7246781e+18,,1.7246826e+18
SOL,2024-08-27,1,pending,,,
SOL,2024-08-27,2,failed,1.7247645e+18,1.7247654e+18,
SOL,2024-08-28,1,hit,1.7248527e+18,,1.7248536e+18
SOL,2024-08-28,2,pending,,,
SOL,2024-08-29,1,failed,1.7249454e+18,1.724949e+18,
SOL,2024-08-29,2,armed,1.7249517e+18,,
SOL,2024-08-29,3,hit,1.7249454e+18,,1.7249517e+18
SOL,2024-08-30,1,hit,1.7250237e+18,,1.7250246e+18
SOL,2024-08-30,2,hit,1.7250291e+18,,1.72503e+18
SOL,2024-09-02,1,failed,1.7252829e+18,1.7252847e+18,
SOL,2024-09-03,1,hit,1.7253711e+18,,1.725372e+18
SOL,2024-09-03,2,pending,,,
SOL,2024-09-04,1,hit,1.7254611e+18,,1.725462e+18
SOL,2024-09-04,2,pending,,,
SOL,2024-09-05,1,hit,1.7255421e+18,,1.725543e+18
SOL,2024-09-05,2,armed,1.7255502e+18,,
SOL,2024-09-06,1,hit,1.7256321e+18,,1.725633e+18
SOL,2024-09-06,2,failed,1.7256285e+18,1.7256321e+18,
SOL,2024-09-09,1,hit,1.7258985e+18,,1.7259012e+18
SOL,2024-09-09,2,hit,1.7258877e+18,,1.7258931e+18
SOL,2024-09-10,1,hit,1.7259741e+18,,1.725975e+18
SOL,2024-09-10,2,failed,1.7259786e+18,1.725984e+18,
SOL,2024-09-11,1,hit,1.7260632e+18,,1.7260659e+18
SOL,2024-09-11,2,failed,1.7260605e+18,1.7260623e+18,
SOL,2024-09-12,1,pending,,,
SOL,2024-09-12,2,failed,1.7261505e+18,1.7261559e+18,
SOL,2024-09-13,1,hit,1.7262333e+18,,1.7262342e+18
SOL,2024-09-13,2,hit,1.7262369e+18,,1.7262414e+18
SOL,2024-09-16,1,hit,1.726497e+18,,1.7264988e+18
SOL,2024-09-16,2,failed,1.7264952e+18,1.726497e+18,
SOL,2024-09-17,1,hit,1.7265789e+18,,1.7265798e+18
SOL,2024-09-17,2,failed,1.7265816e+18,1.7265825e+18,
SOL,2024-09-18,1,hit,1.7266671e+18,,1.7266716e+18
SOL,2024-09-18,2,pending,,,
SOL,2024-09-19,1,hit,1.7267517e+18,,1.7267607e+18
SOL,2024-09-19,2,pending,,,
SOL,2024-09-19,3,failed,1.7267517e+18,1.7267526e+18,
SOL,2024-09-20,1,pending,,,
SOL,2024-09-23,1,hit,1.7271009e+18,,1.7271018e+18
SOL,2024-09-24,1,hit,1.7271873e+18,,1.7271882e+18
SOL,2024-09-24,2,pending,,,
SOL,2024-09-25,1,pending,,,
SOL,2024-09-25,2,failed,1.7272737e+18,1.7272854e+18,
SOL,2024-09-26,1,hit,1.7273601e+18,,1.727361e+18
SOL,2024-09-27,1,failed,1.7274447e+18,1.7274456e+18,
SOL,2024-09-27,2,hit,1.7274465e+18,,1.7274474e+18
SOL,2024-09-30,1,failed,1.7277021e+18,1.727712e+18,
SOL,2024-09-30,2,armed,1.727712e+18,,
SOL,2024-10-01,1,hit,1.7277885e+18,,1.7277921e+18
SOL,2024-10-01,2,pending,,,
SOL,2024-10-02,1,pending,,,
SOL,2024-10-02,2,hit,1.7278749e+18,,1.7278758e+18
SOL,2024-10-03,1,failed,1.7279613e+18,1.7279622e+18,
SOL,2024-10-03,2,pending,,,
SOL,2024-10-04,1,failed,1.7280477e+18,1.7280513e+18,
SOL,2024-10-04,2,failed,1.7280513e+18,1.7280549e+18,
SOL,2024-10-04,3,failed,1.7280594e+18,1.7280612e+18,
SOL,2024-10-07,1,failed,1.7283069e+18,1.7283096e+18,
SOL,2024-10-07,2,failed,1.7283123e+18,1.7283141e+18,
SOL,2024-10-08,1,pending,,,
SOL,2024-10-08,2,hit,1.7283933e+18,,1.7283942e+18
SOL,2024-10-09,1,hit,1.7284797e+18,,1.7284806e+18
SOL,2024-10-09,2,pending,,,
SOL,2024-10-10,1,hit,1.7285661e+18,,1.7285679e+18
SOL,2024-10-10,2,pending,,,
SOL,2024-10-11,1,hit,1.7286525e+18,,1.7286534e+18
SOL,2024-10-11,2,pending,,,
SOL,2024-10-11,3,failed,1.7286534e+18,1.7286552e+18,
SOL,2024-10-14,1,pending,,,
SOL,2024-10-14,2,hit,1.7289153e+18,,1.7289198e+18
SOL,2024-10-15,1,pending,,,
SOL,2024-10-16,1,pending,,,
SOL,2024-10-16,2,failed,1.7290863e+18,1.7290881e+18,
SOL,2024-10-17,1,hit,1.7291862e+18,,1.7291871e+18
SOL,2024-10-17,2,pending,,,
SOL,2024-10-18,1,pending,,,
SOL,2024-10-18,2,hit,1.7292627e+18,,1.7292735e+18
SOL,2024-10-21,1,hit,1.7295165e+18,,1.7295183e+18
SOL,2024-10-21,2,pending,,,
SOL,2024-10-22,1,failed,1.7296047e+18,1.7296065e+18,
SOL,2024-10-22,2,hit,1.7296065e+18,,1.7296092e+18
SOL,2024-10-23,1,failed,1.7297028e+18,1.7297046e+18,
SOL,2024-10-23,2,failed,1.7296902e+18,1.7296983e+18,
SOL,2024-10-24,1,hit,1.7297757e+18,,1.7297766e+18
SOL,2024-10-24,2,pending,,,
SOL,2024-10-25,1,hit,1.7298774e+18,,1.7298783e+18
SOL,2024-10-25,2,failed,1.7298648e+18,1.729872e+18,
SOL,2024-10-28,1,armed,1.730124e+18,,
SOL,2024-10-28,2,failed,1.7301213e+18,1.730124e+18,
SOL,2024-10-29,1,armed,1.7302185e+18,,
SOL,2024-10-29,2,failed,1.7302077e+18,1.7302185e+18,
SOL,2024-10-30,1,failed,1.7302941e+18,1.7302968e+18,
SOL,2024-10-30,2,hit,1.7302968e+18,,1.7302977e+18
SOL,2024-10-31,1,pending,,,
SOL,2024-10-31,2,hit,1.7303805e+18,,1.7303832e+18
SOL,2024-11-01,1,hit,1.7304669e+18,,1.7304678e+18
SOL,2024-11-01,2,hit,1.7304759e+18,,1.7304768e+18
SOL,2024-11-04,1,hit,1.7307297e+18,,1.7307333e+18
SOL,2024-11-04,2,pending,,,
SOL,2024-11-05,1,hit,1.730817e+18,,1.7308179e+18
SOL,2024-11-05,2,pending,,,
SOL,2024-11-05,3,failed,1.730817e+18,1.7308179e+18,
SOL,2024-11-06,1,failed,1.7309052e+18,1.7309196e+18,
SOL,2024-11-06,2,pending,,,
SOL,2024-11-07,1,pending,,,
SOL,2024-11-07,2,hit,1.7309898e+18,,1.7309943e+18
SOL,2024-11-08,1,failed,1.7310843e+18,1.7310906e+18,
SOL,2024-11-08,2,failed,1.7310753e+18,1.7310771e+18,
SOL,2024-11-11,1,pending,,,
SOL,2024-11-11,2,failed,1.7313381e+18,1.7313444e+18,
SOL,2024-11-12,1,failed,1.7314218e+18,1.7314281e+18,
SOL,2024-11-12,2,pending,,,
SOL,2024-11-13,1,hit,1.7315082e+18,,1.7315091e+18
SOL,2024-11-13,2,pending,,,
SOL,2024-11-14,1,pending,,,
SOL,2024-11-14,2,hit,1.7315937e+18,,1.7315955e+18
SOL,2024-11-15,1,pending,,,
SOL,2024-11-15,2,hit,1.7316837e+18,,1.7316855e+18
SOL,2024-11-15,3,pending,,,
SOL,2024-11-18,1,pending,,,
SOL,2024-11-18,2,hit,1.7319393e+18,,1.7319402e+18
SOL,2024-11-19,1,hit,1.7320257e+18,,1.7320266e+18
SOL,2024-11-19,2,pending,,,
SOL,2024-11-20,1,hit,1.7321202e+18,,1.7321256e+18
SOL,2024-11-20,2,hit,1.7321121e+18,,1.732113e+18
SOL,2024-11-21,1,hit,1.7321985e+18,,1.7322012e+18
SOL,2024-11-21,2,pending,,,
SOL,2024-11-21,3,failed,1.7321985e+18,1.7322012e+18,
SOL,2024-11-22,1,hit,1.7322849e+18,,1.7322858e+18
SOL,2024-11-22,2,pending,,,
SOL,2024-11-25,1,hit,1.7325468e+18,,1.7325477e+18
SOL,2024-11-25,2,pending,,,
SOL,2024-11-26,1,pending,,,
SOL,2024-11-26,2,hit,1.7326305e+18,,1.7326341e+18
SOL,2024-11-27,1,pending,,,
SOL,2024-11-27,2,hit,1.7327169e+18,,1.7327178e+18
SOL,2024-11-28,1,failed,1.7328033e+18,1.7328096e+18,
SOL,2024-11-28,2,failed,1.7328096e+18,1.732815e+18,
SOL,2024-11-29,1,failed,1.7328933e+18,1.732896e+18,
SOL,2024-11-29,2,armed,1.7328987e+18,,
SOL,2024-12-02,1,failed,1.7331624e+18,1.7331642e+18,
SOL,2024-12-03,1,hit,1.7332353e+18,,1.7332362e+18
SOL,2024-12-03,2,armed,1.7332515e+18,,
SOL,2024-12-04,1,hit,1.7333307e+18,,1.7333316e+18
SOL,2024-12-04,2,hit,1.7333253e+18,,1.7333262e+18
SOL,2024-12-05,1,pending,,,
SOL,2024-12-06,1,hit,1.7334954e+18,,1.7334999e+18
SOL,2024-12-06,2,pending,,,
SOL,2024-12-09,1,armed,1.7337591e+18,,
SOL,2024-12-09,2,failed,1.7337537e+18,1.7337582e+18,
SOL,2024-12-10,1,hit,1.733841e+18,,1.7338419e+18
SOL,2024-12-10,2,hit,1.7338464e+18,,1.7338491e+18
SOL,2024-12-11,1,hit,1.7339265e+18,,1.7339292e+18
SOL,2024-12-11,2,pending,,,
SOL,2024-12-11,3,failed,1.7339292e+18,1.7339301e+18,
SOL,2024-12-12,1,failed,1.7340165e+18,1.7340201e+18,
SOL,2024-12-12,2,failed,1.7340255e+18,1.7340291e+18,
SOL,2024-12-13,1,pending,,,
SOL,2024-12-13,2,failed,1.7341002e+18,1.7341029e+18,
SOL,2024-12-16,1,pending,,,
SOL,2024-12-16,2,hit,1.7343585e+18,,1.7343711e+18
SOL,2024-12-17,1,hit,1.7344449e+18,,1.7344467e+18
SOL,2024-12-17,2,hit,1.7344611e+18,,1.734462e+18
SOL,2024-12-18,1,failed,1.7345313e+18,1.7345358e+18,
SOL,2024-12-19,1,failed,1.7346177e+18,1.7346204e+18,
SOL,2024-12-19,2,hit,1.7346204e+18,,1.7346222e+18
SOL,2024-12-20,1,hit,1.7347041e+18,,1.734705e+18
SOL,2024-12-23,1,failed,1.7349633e+18,1.7349669e+18,
SOL,2024-12-23,2,pending,,,
SOL,2024-12-24,1,pending,,,
SOL,2024-12-24,2,hit,1.7350497e+18,,1.7350506e+18
SOL,2024-12-25,1,pending,,,
SOL,2024-12-25,2,armed,1.7351361e+18,,
SOL,2024-12-26,1,failed,1.7352243e+18,1.7352315e+18,
SOL,2024-12-27,1,pending,,,
SOL,2024-12-27,2,hit,1.7353107e+18,,1.7353134e+18
SOL,2024-12-30,1,pending,,,
SOL,2024-12-30,2,hit,1.7355681e+18,,1.7355699e+18
SOL,2024-12-30,3,pending,,,
SOL,2024-12-31,1,hit,1.7356545e+18,,1.7356554e+18
SOL,2024-12-31,2,pending,,,
SOL,2025-01-01,1,failed,1.7357463e+18,1.7357517e+18,
SOL,2025-01-01,2,pending,,,
SOL,2025-01-02,1,pending,,,
SOL,2025-01-02,2,armed,1.7358273e+18,,
SOL,2025-01-02,3,pending,,,
SOL,2025-01-03,1,hit,1.7359146e+18,,1.7359227e+18
SOL,2025-01-03,2,pending,,,
SOL,2025-01-03,3,failed,1.7359146e+18,1.7359155e+18,
SOL,2025-01-06,1,pending,,,
SOL,2025-01-06,2,hit,1.7361729e+18,,1.7361747e+18
SOL,2025-01-07,1,hit,1.736262e+18,,1.7362629e+18
SOL,2025-01-07,2,pending,,,
SOL,2025-01-08,1,hit,1.7363556e+18,,1.7363565e+18
SOL,2025-01-09,1,hit,1.7364321e+18,,1.736433e+18
SOL,2025-01-10,1,pending,,,
SOL,2025-01-13,1,failed,1.7367795e+18,1.7367813e+18,
SOL,2025-01-14,1,pending,,,
SOL,2025-01-14,2,pending,,,
SOL,2025-01-15,1,hit,1.7369505e+18,,1.7369514e+18
SOL,2025-01-15,2,pending,,,
SOL,2025-01-16,1,hit,1.7370369e+18,,1.7370387e+18
SOL,2025-01-16,2,pending,,,
SOL,2025-01-17,1,failed,1.7371233e+18,1.7371251e+18,
SOL,2025-01-17,2,failed,1.7371251e+18,1.7371323e+18,
SOL,2025-01-17,3,armed,1.7371233e+18,,
SOL,2025-01-20,1,failed,1.7373897e+18,1.7373924e+18,
SOL,2025-01-20,2,failed,1.7373825e+18,1.7373897e+18,
SOL,2025-01-21,1,failed,1.7374698e+18,1.7374716e+18,
SOL,2025-01-22,1,failed,1.7375562e+18,1.737558e+18,
SOL,2025-01-23,1,pending,,,
SOL,2025-01-23,2,hit,1.7376435e+18,,1.7376444e+18
SOL,2025-01-24,1,pending,,,
SOL,2025-01-24,2,hit,1.7377281e+18,,1.737729e+18
SOL,2025-01-27,1,failed,1.7379873e+18,1.7379891e+18,
SOL,2025-01-28,1,pending,,,
SOL,2025-01-28,2,failed,1.7380737e+18,1.7380782e+18,
SOL,2025-01-29,1,failed,1.73817e+18,1.7381709e+18,
SOL,2025-01-29,2,failed,1.7381637e+18,1.7381673e+18,
SOL,2025-01-30,1,hit,1.7382492e+18,,1.7382501e+18
SOL,2025-01-30,2,pending,,,
SOL,2025-01-30,3,failed,1.7382492e+18,1.7382501e+18,
SOL,2025-01-31,1,failed,1.7383356e+18,1.7383374e+18,
SOL,2025-01-31,2,pending,,,
SOL,2025-02-03,1,hit,1.7385921e+18,,1.738593e+18
SOL,2025-02-04,1,failed,1.7386857e+18,1.7386884e+18,
SOL,2025-02-04,2,failed,1.7386785e+18,1.7386803e+18,
SOL,2025-02-05,1,hit,1.7387712e+18,,1.7387721e+18
SOL,2025-02-05,2,hit,1.7387658e+18,,1.7387667e+18
SOL,2025-02-06,1,hit,1.7388531e+18,,1.738854e+18
SOL,2025-02-06,2,pending,,,
SOL,2025-02-07,1,hit,1.7389377e+18,,1.7389386e+18
SOL,2025-02-10,1,hit,1.7391969e+18,,1.7391978e+18
SOL,2025-02-10,2,pending,,,
SOL,2025-02-11,1,hit,1.7392833e+18,,1.7392842e+18
SOL,2025-02-11,2,pending,,,
SOL,2025-02-12,1,pending,,,
SOL,2025-02-12,2,hit,1.7393697e+18,,1.7393706e+18
SOL,2025-02-13,1,hit,1.7394561e+18,,1.739457e+18
SOL,2025-02-14,1,pending,,,
SOL,2025-02-14,2,hit,1.7395443e+18,,1.7395524e+18
SOL,2025-02-17,1,failed,1.7398017e+18,1.7398026e+18,
SOL,2025-02-18,1,pending,,,
SOL,2025-02-19,1,failed,1.7399772e+18,1.7399799e+18,
SOL,2025-02-19,2,pending,,,
SOL,2025-02-20,1,failed,1.7400636e+18,1.7400753e+18,
SOL,2025-02-20,2,hit,1.7400609e+18,,1.7400618e+18
SOL,2025-02-21,1,pending,,,
SOL,2025-02-21,2,hit,1.7401491e+18,,1.7401518e+18
SOL,2025-02-24,1,hit,1.7404065e+18,,1.7404101e+18
SOL,2025-02-25,1,hit,1.7405001e+18,,1.7405019e+18
SOL,2025-02-25,2,hit,1.7404947e+18,,1.7404974e+18
SOL,2025-02-26,1,failed,1.740582e+18,1.7405919e+18,
SOL,2025-02-26,2,failed,1.7405793e+18,1.740582e+18,
SOL,2025-02-27,1,armed,1.7406657e+18,,
SOL,2025-02-27,2,pending,,,
SOL,2025-02-28,1,hit,1.7407521e+18,,1.740753e+18
SOL,2025-02-28,2,pending,,,
SOL,2025-02-28,3,failed,1.7407521e+18,1.740753e+18,
SOL,2025-03-03,1,hit,1.7410122e+18,,1.741014e+18
SOL,2025-03-04,1,failed,1.7410995e+18,1.7411004e+18,
SOL,2025-03-04,2,failed,1.7410977e+18,1.7410995e+18,
SOL,2025-03-05,1,hit,1.7411841e+18,,1.7411886e+18
SOL,2025-03-06,1,failed,1.7412723e+18,1.7412741e+18,
SOL,2025-03-06,2,failed,1.741275e+18,1.7412786e+18,
SOL,2025-03-07,1,hit,1.7413569e+18,,1.7413578e+18
SOL,2025-03-07,2,failed,1.7413668e+18,1.7413695e+18,
SOL,2025-03-10,1,hit,1.7416152e+18,,1.7416161e+18
SOL,2025-03-10,2,pending,,,
SOL,2025-03-11,1,failed,1.7417106e+18,1.7417142e+18,
SOL,2025-03-11,2,hit,1.7416989e+18,,1.7417043e+18
SOL,2025-03-12,1,hit,1.7417853e+18,,1.7417862e+18
SOL,2025-03-12,2,armed,1.7417907e+18,,
SOL,2025-03-12,3,hit,1.7417853e+18,,1.7417907e+18
SOL,2025-03-13,1,hit,1.7418717e+18,,1.7418834e+18
SOL,2025-03-13,2,pending,,,
SOL,2025-03-14,1,hit,1.741959e+18,,1.7419608e+18
SOL,2025-03-14,2,pending,,,
SOL,2025-03-14,3,failed,1.7419608e+18,1.7419635e+18,
SOL,2025-03-17,1,armed,1.7422173e+18,,
SOL,2025-03-17,2,pending,,,
SOL,2025-03-18,1,hit,1.7423037e+18,,1.7423055e+18
SOL,2025-03-18,2,pending,,,
SOL,2025-03-19,1,hit,1.7423919e+18,,1.7423928e+18
SOL,2025-03-19,2,failed,1.7423901e+18,1.7423919e+18,
SOL,2025-03-19,3,failed,1.7423928e+18,1.7423937e+18,
SOL,2025-03-20,1,failed,1.7424774e+18,1.742481e+18,
SOL,2025-03-20,2,failed,1.742481e+18,1.7424846e+18,
SOL,2025-03-21,1,failed,1.7425647e+18,1.7425737e+18,
SOL,2025-03-21,2,hit,1.7425728e+18,,1.7425746e+18
SOL,2025-03-24,1,failed,1.7428221e+18,1.7428248e+18,
SOL,2025-03-24,2,failed,1.7428248e+18,1.7428266e+18,
SOL,2025-03-25,1,pending,,,
SOL,2025-03-25,2,hit,1.7429094e+18,,1.7429121e+18
SOL,2025-03-26,1,hit,1.7429958e+18,,1.7429976e+18
SOL,2025-03-26,2,pending,,,
SOL,2025-03-27,1,pending,,,
SOL,2025-03-27,2,failed,1.7430831e+18,1.7430867e+18,
SOL,2025-03-28,1,pending,,,
SOL,2025-03-28,2,armed,1.7431704e+18,,
SOL,2025-03-31,1,hit,1.7434269e+18,,1.7434278e+18
SOL,2025-03-31,2,pending,,,
SOL,2025-04-01,1,hit,1.7435205e+18,,1.7435214e+18
SOL,2025-04-01,2,pending,,,
SOL,2025-04-02,1,pending,,,
SOL,2025-04-02,2,hit,1.7436015e+18,,1.7436042e+18
SOL,2025-04-03,1,hit,1.7436861e+18,,1.743687e+18
SOL,2025-04-03,2,pending,,,
SOL,2025-04-04,1,hit,1.7437788e+18,,1.7437797e+18
SOL,2025-04-04,2,pending,,,
SOL,2025-04-07,1,hit,1.7440317e+18,,1.7440344e+18
SOL,2025-04-08,1,hit,1.7441181e+18,,1.7441262e+18
SOL,2025-04-08,2,pending,,,
SOL,2025-04-09,1,hit,1.7442045e+18,,1.7442063e+18
SOL,2025-04-09,2,pending,,,
SOL,2025-04-10,1,hit,1.7442909e+18,,1.7443008e+18
SOL,2025-04-10,2,failed,1.7442963e+18,1.7442972e+18,
SOL,2025-04-11,1,hit,1.7443791e+18,,1.74438e+18
SOL,2025-04-11,2,pending,,,
SOL,2025-04-11,3,failed,1.7443791e+18,1.74438e+18,
SOL,2025-04-14,1,failed,1.7446365e+18,1.7446383e+18,
SOL,2025-04-15,1,hit,1.7447274e+18,,1.7447382e+18
SOL,2025-04-15,2,pending,,,
SOL,2025-04-16,1,hit,1.7448093e+18,,1.7448102e+18
SOL,2025-04-16,2,failed,1.7448174e+18,1.7448255e+18,
SOL,2025-04-17,1,armed,1.7449074e+18,,
SOL,2025-04-17,2,hit,1.7448984e+18,,1.7449002e+18
SOL,2025-04-18,1,hit,1.7449875e+18,,1.7449893e+18
SOL,2025-04-18,2,pending,,,
SOL,2025-04-21,1,failed,1.7452413e+18,1.7452458e+18,
SOL,2025-04-21,2,failed,1.7452458e+18,1.745253e+18,
SOL,2025-04-22,1,hit,1.7453277e+18,,1.7453313e+18
SOL,2025-04-22,2,pending,,,
SOL,2025-04-22,3,failed,1.7453313e+18,1.7453331e+18,
SOL,2025-04-23,1,hit,1.7454159e+18,,1.7454168e+18
SOL,2025-04-23,2,pending,,,
SOL,2025-04-24,1,pending,,,
SOL,2025-04-24,2,hit,1.7455005e+18,,1.7455131e+18
SOL,2025-04-25,1,hit,1.7455959e+18,,1.7455977e+18
SOL,2025-04-25,2,failed,1.7455905e+18,1.745595e+18,
SOL,2025-04-28,1,hit,1.745847e+18,,1.7458515e+18
SOL,2025-04-28,2,pending,,,
SOL,2025-04-29,1,pending,,,
SOL,2025-04-29,2,failed,1.7459325e+18,1.7459442e+18,
SOL,2025-04-29,3,pending,,,
SOL,2025-04-30,1,hit,1.7460189e+18,,1.7460198e+18
SOL,2025-04-30,2,pending,,,
SOL,2025-05-01,1,pending,,,
SOL,2025-05-01,2,failed,1.7461053e+18,1.746108e+18,
SOL,2025-05-02,1,pending,,,
SOL,2025-05-02,2,hit,1.7461953e+18,,1.7461962e+18
SOL,2025-05-05,1,hit,1.7464599e+18,,1.7464608e+18
SOL,2025-05-05,2,pending,,,
SOL,2025-05-06,1,armed,1.7465418e+18,,
SOL,2025-05-06,2,hit,1.7465373e+18,,1.7465382e+18
SOL,2025-05-06,3,failed,1.7465418e+18,1.7465526e+18,
SOL,2025-05-07,1,pending,,,
SOL,2025-05-07,2,hit,1.7466237e+18,,1.7466246e+18
SOL,2025-05-07,3,pending,,,
SOL,2025-05-08,1,hit,1.746711e+18,,1.7467146e+18
SOL,2025-05-08,2,failed,1.7467146e+18,1.7467155e+18,
SOL,2025-05-09,1,armed,1.7467974e+18,,
SOL,2025-05-09,2,pending,,,
SOL,2025-05-12,1,hit,1.7470719e+18,,1.7470728e+18
SOL,2025-05-13,1,hit,1.7471421e+18,,1.747152e+18
SOL,2025-05-14,1,hit,1.7472285e+18,,1.747233e+18
SOL,2025-05-14,2,pending,,,
SOL,2025-05-15,1,hit,1.7473167e+18,,1.7473194e+18
SOL,2025-05-15,2,armed,1.7473284e+18,,
SOL,2025-05-16,1,pending,,,
SOL,2025-05-16,2,failed,1.7474013e+18,1.7474067e+18,
SOL,2025-05-19,1,failed,1.7476605e+18,1.7476623e+18,
SOL,2025-05-19,2,armed,1.7476722e+18,,
SOL,2025-05-20,1,hit,1.7477469e+18,,1.7477505e+18
SOL,2025-05-20,2,armed,1.7477613e+18,,
SOL,2025-05-21,1,hit,1.7478396e+18,,1.7478459e+18
SOL,2025-05-21,2,failed,1.7478333e+18,1.7478351e+18,
SOL,2025-05-22,1,pending,,,
SOL,2025-05-22,2,failed,1.7479197e+18,1.7479251e+18,
SOL,2025-05-23,1,failed,1.7480061e+18,1.7480079e+18,
SOL,2025-05-23,2,hit,1.7480079e+18,,1.7480088e+18
SOL,2025-05-26,1,pending,,,
SOL,2025-05-26,2,hit,1.748268e+18,,1.7482788e+18
SOL,2025-05-26,3,pending,,,
SOL,2025-05-27,1,hit,1.7483517e+18,,1.7483526e+18
SOL,2025-05-27,2,pending,,,
SOL,2025-05-27,3,pending,,,
SOL,2025-05-28,1,hit,1.7484408e+18,,1.7484444e+18
SOL,2025-05-28,2,pending,,,
SOL,2025-05-29,1,pending,,,
SOL,2025-05-29,2,hit,1.7485254e+18,,1.748529e+18
SOL,2025-05-30,1,pending,,,
SOL,2025-06-02,1,hit,1.7488728e+18,,1.7488737e+18
SOL,2025-06-03,1,pending,,,
SOL,2025-06-03,2,failed,1.7489565e+18,1.7489601e+18,
SOL,2025-06-04,1,failed,1.7490465e+18,1.7490492e+18,
SOL,2025-06-04,2,failed,1.7490447e+18,1.7490465e+18,
SOL,2025-06-05,1,hit,1.749132e+18,,1.7491329e+18
SOL,2025-06-05,2,hit,1.7491293e+18,,1.7491302e+18
SOL,2025-06-06,1,armed,1.7492157e+18,,
SOL,2025-06-06,2,pending,,,
SOL,2025-06-06,3,failed,1.7492157e+18,1.7492166e+18,
SOL,2025-06-09,1,failed,1.7494749e+18,1.7494866e+18,
SOL,2025-06-09,2,armed,1.7494866e+18,,
SOL,2025-06-10,1,failed,1.7495613e+18,1.7495631e+18,
SOL,2025-06-11,1,armed,1.7496648e+18,,
SOL,2025-06-11,2,hit,1.7496477e+18,,1.7496486e+18
SOL,2025-06-12,1,hit,1.7497341e+18,,1.7497377e+18
SOL,2025-06-12,2,failed,1.749744e+18,1.7497458e+18,
SOL,2025-06-13,1,failed,1.7498214e+18,1.7498223e+18,
SOL,2025-06-16,1,pending,,,
SOL,2025-06-16,2,failed,1.7500797e+18,1.7500842e+18,
SOL,2025-06-16,3,pending,,,
SOL,2025-06-17,1,hit,1.7501661e+18,,1.7501778e+18
SOL,2025-06-17,2,pending,,,
SOL,2025-06-18,1,pending,,,
SOL,2025-06-18,2,hit,1.7502525e+18,,1.7502534e+18
SOL,2025-06-19,1,hit,1.7503389e+18,,1.7503407e+18
SOL,2025-06-19,2,pending,,,
SOL,2025-06-20,1,hit,1.7504253e+18,,1.7504262e+18
SOL,2025-06-20,2,pending,,,
SOL,2025-06-23,1,failed,1.7506863e+18,1.7506926e+18,
SOL,2025-06-23,2,failed,1.7506854e+18,1.7506863e+18,
SOL,2025-06-23,3,pending,,,
SOL,2025-06-24,1,failed,1.7507718e+18,1.7507763e+18,
SOL,2025-06-24,2,failed,1.7507754e+18,1.7507799e+18,
SOL,2025-06-25,1,hit,1.7508618e+18,,1.7508627e+18
SOL,2025-06-25,2,failed,1.7508573e+18,1.7508618e+18,
SOL,2025-06-26,1,hit,1.7509437e+18,,1.7509464e+18
SOL,2025-06-26,2,pending,,,
SOL,2025-06-27,1,failed,1.751031e+18,1.7510328e+18,
SOL,2025-06-27,2,failed,1.7510391e+18,1.7510463e+18,
SOL,2025-06-30,1,pending,,,
SOL,2025-06-30,2,hit,1.7512974e+18,,1.7512983e+18
SOL,2025-07-01,1,armed,1.7513757e+18,,
SOL,2025-07-01,2,pending,,,
SOL,2025-07-02,1,hit,1.7514639e+18,,1.7514666e+18
SOL,2025-07-02,2,pending,,,
SOL,2025-07-03,1,hit,1.7515485e+18,,1.7515557e+18
SOL,2025-07-03,2,pending,,,
SOL,2025-07-04,1,hit,1.7516367e+18,,1.7516376e+18
SOL,2025-07-04,2,pending,,,
SOL,2025-07-07,1,failed,1.7518941e+18,1.7518968e+18,
SOL,2025-07-07,2,failed,1.7518968e+18,1.7518995e+18,
SOL,2025-07-08,1,failed,1.7519805e+18,1.7519868e+18,
SOL,2025-07-08,2,failed,1.7519868e+18,1.7519958e+18,
SOL,2025-07-08,3,pending,,,
SOL,2025-07-09,1,pending,,,
SOL,2025-07-09,2,hit,1.7520669e+18,,1.7520795e+18
SOL,2025-07-10,1,failed,1.7521578e+18,1.752165e+18,
SOL,2025-07-10,2,failed,1.7521542e+18,1.752156e+18,
SOL,2025-07-11,1,hit,1.7522397e+18,,1.7522406e+18
SOL,2025-07-11,2,pending,,,
SOL,2025-07-14,1,failed,1.7524989e+18,1.7525061e+18,
SOL,2025-07-14,2,failed,1.7525088e+18,1.7525124e+18,
SOL,2025-07-14,3,pending,,,
SOL,2025-07-15,1,failed,1.7525916e+18,1.7525934e+18,
SOL,2025-07-15,2,hit,1.7525853e+18,,1.7525862e+18
SOL,2025-07-16,1,pending,,,
SOL,2025-07-16,2,hit,1.7526726e+18,,1.7526771e+18
SOL,2025-07-17,1,pending,,,
SOL,2025-07-18,1,hit,1.752849e+18,,1.7528499e+18
SOL,2025-07-21,1,hit,1.7531082e+18,,1.7531109e+18
SOL,2025-07-21,2,failed,1.7531037e+18,1.7531055e+18,
SOL,2025-07-21,3,failed,1.7531082e+18,1.7531091e+18,
SOL,2025-07-22,1,failed,1.7531928e+18,1.7531964e+18,
SOL,2025-07-22,2,hit,1.7531901e+18,,1.7531973e+18
SOL,2025-07-23,1,hit,1.7532765e+18,,1.7532774e+18
SOL,2025-07-24,1,hit,1.7533656e+18,,1.7533665e+18
SOL,2025-07-24,2,failed,1.7533692e+18,1.7533737e+18,
SOL,2025-07-25,1,hit,1.7534493e+18,,1.7534538e+18
SOL,2025-07-25,2,pending,,,
SOL,2025-07-28,1,hit,1.7537094e+18,,1.753713e+18
SOL,2025-07-28,2,pending,,,
SOL,2025-07-29,1,hit,1.7537985e+18,,1.7538012e+18
SOL,2025-07-29,2,hit,1.7537949e+18,,1.7537958e+18
SOL,2025-07-30,1,armed,1.7538849e+18,,
SOL,2025-07-30,2,failed,1.7538822e+18,1.7538849e+18,
SOL,2025-07-31,1,hit,1.7539686e+18,,1.7539722e+18
SOL,2025-07-31,2,pending,,,
SOL,2025-08-01,1,pending,,,
SOL,2025-08-01,2,hit,1.754055e+18,,1.7540568e+18
SOL,2025-08-04,1,hit,1.7543133e+18,,1.7543151e+18
SOL,2025-08-04,2,pending,,,
SOL,2025-08-05,1,hit,1.7543997e+18,,1.7544006e+18
SOL,2025-08-05,2,pending,,,
SOL,2025-08-06,1,hit,1.7544897e+18,,1.7544951e+18
SOL,2025-08-06,2,pending,,,
SOL,2025-08-06,3,failed,1.7544897e+18,1.7544915e+18,
SOL,2025-08-07,1,hit,1.7545797e+18,,1.7545851e+18
SOL,2025-08-07,2,pending,,,
SOL,2025-08-08,1,hit,1.7546661e+18,,1.7546679e+18
SOL,2025-08-08,2,failed,1.7546616e+18,1.7546643e+18,
SOL,2025-08-11,1,hit,1.7549181e+18,,1.754919e+18
SOL,2025-08-11,2,pending,,,
SOL,2025-08-12,1,hit,1.7550045e+18,,1.7550126e+18
SOL,2025-08-12,2,pending,,,
SOL,2025-08-13,1,failed,1.7550918e+18,1.7550927e+18,
SOL,2025-08-14,1,hit,1.7551773e+18,,1.7551782e+18
SOL,2025-08-14,2,pending,,,
SOL,2025-08-15,1,pending,,,
SOL,2025-08-15,2,hit,1.7552637e+18,,1.7552655e+18
SOL,2025-08-18,1,failed,1.7555256e+18,1.7555292e+18,
SOL,2025-08-19,1,hit,1.7556138e+18,,1.7556156e+18
SOL,2025-08-19,2,pending,,,
SOL,2025-08-20,1,hit,1.7557029e+18,,1.7557038e+18
SOL,2025-08-20,2,failed,1.7556984e+18,1.7557011e+18,
SOL,2025-08-21,1,pending,,,
SOL,2025-08-21,2,hit,1.7557893e+18,,1.7557902e+18
SOL,2025-08-22,1,hit,1.7558703e+18,,1.7558721e+18
SOL,2025-08-22,2,hit,1.7558685e+18,,1.7558694e+18
SOL,2025-08-25,1,pending,,,
SOL,2025-08-25,2,failed,1.7561304e+18,1.7561376e+18,
SOL,2025-08-26,1,hit,1.7562141e+18,,1.7562195e+18
SOL,2025-08-26,2,pending,,,
SOL,2025-08-27,1,failed,1.7563005e+18,1.7563059e+18,
SOL,2025-08-27,2,armed,1.756305e+18,,
SOL,2025-08-28,1,failed,1.7563896e+18,1.7563905e+18,
SOL,2025-08-28,2,pending,,,
SOL,2025-08-29,1,armed,1.7564832e+18,,
SOL,2025-08-29,2,failed,1.7564733e+18,1.7564832e+18,
SOL,2025-09-01,1,failed,1.7567334e+18,1.7567406e+18,
SOL,2025-09-01,2,armed,1.7567415e+18,,
SOL,2025-09-02,1,hit,1.7568207e+18,,1.7568234e+18
SOL,2025-09-02,2,pending,,,
SOL,2025-09-02,3,armed,1.7568351e+18,,
SOL,2025-09-03,1,failed,1.7569071e+18,1.7569089e+18,
SOL,2025-09-03,2,armed,1.7569179e+18,,
SOL,2025-09-04,1,hit,1.7569953e+18,,1.756998e+18
SOL,2025-09-04,2,failed,1.7569917e+18,1.7569953e+18,
SOL,2025-09-05,1,failed,1.7570844e+18,1.7570862e+18,
SOL,2025-09-05,2,hit,1.7570781e+18,,1.757079e+18
SOL,2025-09-08,1,failed,1.7573391e+18,1.7573436e+18,
SOL,2025-09-08,2,failed,1.7573373e+18,1.7573391e+18,
SOL,2025-09-09,1,hit,1.7574282e+18,,1.7574291e+18
SOL,2025-09-09,2,pending,,,
SOL,2025-09-10,1,pending,,,
SOL,2025-09-10,2,armed,1.7575101e+18,,
SOL,2025-09-11,1,failed,1.7575965e+18,1.7575983e+18,
SOL,2025-09-11,2,hit,1.7575974e+18,,1.7575983e+18
SOL,2025-09-12,1,failed,1.7576847e+18,1.7576874e+18,
SOL,2025-09-12,2,failed,1.7576829e+18,1.7576847e+18,
SOL,2025-09-15,1,hit,1.7579421e+18,,1.7579556e+18
SOL,2025-09-15,2,pending,,,
SOL,2025-09-16,1,hit,1.7580285e+18,,1.7580303e+18
SOL,2025-09-16,2,armed,1.7580384e+18,,
SOL,2025-09-17,1,pending,,,
SOL,2025-09-17,2,hit,1.7581212e+18,,1.7581257e+18
SOL,2025-09-18,1,hit,1.7582013e+18,,1.7582022e+18
SOL,2025-09-18,2,pending,,,
SOL,2025-09-19,1,armed,1.758294e+18,,
SOL,2025-09-19,2,failed,1.7582877e+18,1.758294e+18,
SOL,2025-09-22,1,armed,1.7585541e+18,,
SOL,2025-09-23,1,failed,1.7586387e+18,1.7586468e+18,
SOL,2025-09-23,2,failed,1.7586468e+18,1.7586477e+18,
SOL,2025-09-24,1,armed,1.7587242e+18,,
SOL,2025-09-24,2,hit,1.7587197e+18,,1.7587206e+18
SOL,2025-09-25,1,pending,,,
SOL,2025-09-25,2,hit,1.7588061e+18,,1.7588079e+18
SOL,2025-09-26,1,hit,1.7589033e+18,,1.7589051e+18
SOL,2025-09-26,2,pending,,,
SOL,2025-09-29,1,failed,1.7591517e+18,1.7591535e+18,
SOL,2025-09-29,2,hit,1.7591571e+18,,1.759158e+18
SOL,2025-09-30,1,failed,1.7592381e+18,1.7592399e+18,
SOL,2025-10-01,1,pending,,,
SOL,2025-10-01,2,hit,1.7593245e+18,,1.7593254e+18
SOL,2025-10-02,1,failed,1.7594163e+18,1.7594199e+18,
SOL,2025-10-02,2,armed,1.7594208e+18,,
SOL,2025-10-03,1,pending,,,
SOL,2025-10-03,2,hit,1.7595054e+18,,1.7595072e+18
SOL,2025-10-06,1,armed,1.7597646e+18,,
SOL,2025-10-06,2,pending,,,
SOL,2025-10-06,3,pending,,,
SOL,2025-10-07,1,hit,1.7598447e+18,,1.7598456e+18
SOL,2025-10-07,2,pending,,,
SOL,2025-10-08,1,hit,1.7599437e+18,,1.7599464e+18
SOL,2025-10-08,2,failed,1.7599311e+18,1.7599329e+18,
SOL,2025-10-09,1,hit,1.7600184e+18,,1.7600247e+18
SOL,2025-10-10,1,failed,1.7601039e+18,1.7601084e+18,
SOL,2025-10-10,2,hit,1.7601084e+18,,1.7601093e+18
SOL,2025-10-13,1,hit,1.7603631e+18,,1.760373e+18
SOL,2025-10-13,2,pending,,,
SOL,2025-10-14,1,failed,1.7604477e+18,1.7604513e+18,
SOL,2025-10-15,1,failed,1.7605377e+18,1.7605395e+18,
SOL,2025-10-15,2,failed,1.7605341e+18,1.7605377e+18,
SOL,2025-10-16,1,failed,1.760625e+18,1.7606259e+18,
SOL,2025-10-16,2,hit,1.7606205e+18,,1.7606223e+18
SOL,2025-10-17,1,armed,1.7607168e+18,,
SOL,2025-10-17,2,failed,1.7607069e+18,1.7607168e+18,
SOL,2025-10-20,1,hit,1.7609661e+18,,1.7609787e+18
SOL,2025-10-20,2,failed,1.7609679e+18,1.7609733e+18,
SOL,2025-10-21,1,failed,1.7610543e+18,1.7610561e+18,
SOL,2025-10-21,2,hit,1.7610588e+18,,1.7610597e+18
SOL,2025-10-22,1,failed,1.7611389e+18,1.7611434e+18,
SOL,2025-10-22,2,hit,1.7611434e+18,,1.7611443e+18
SOL,2025-10-23,1,hit,1.7612253e+18,,1.7612262e+18
SOL,2025-10-23,2,pending,,,
SOL,2025-10-23,3,failed,1.7612253e+18,1.7612271e+18,
SOL,2025-10-24,1,hit,1.7613135e+18,,1.7613162e+18
SOL,2025-10-24,2,failed,1.7613117e+18,1.7613135e+18,
SOL,2025-10-27,1,hit,1.7615727e+18,,1.7615745e+18
SOL,2025-10-27,2,armed,1.7615844e+18,,
SOL,2025-10-28,1,failed,1.7616663e+18,1.7616708e+18,
SOL,2025-10-28,2,failed,1.7616573e+18,1.7616627e+18,
SOL,2025-10-29,1,hit,1.7617437e+18,,1.7617446e+18
SOL,2025-10-30,1,hit,1.7618301e+18,,1.761831e+18
SOL,2025-10-30,2,pending,,,
SOL,2025-10-31,1,hit,1.7619228e+18,,1.7619237e+18
SOL,2025-10-31,2,pending,,,
SOL,2025-10-31,3,armed,1.7619228e+18,,
SOL,2025-11-03,1,hit,1.7621838e+18,,1.7621847e+18
SOL,2025-11-03,2,failed,1.762182e+18,1.7621838e+18,
SOL,2025-11-04,1,failed,1.7622666e+18,1.7622675e+18,
SOL,2025-11-04,2,failed,1.7622684e+18,1.762272e+18,
SOL,2025-11-05,1,armed,1.7623575e+18,,
SOL,2025-11-05,2,failed,1.762353e+18,1.7623575e+18,
SOL,2025-11-05,3,failed,1.7623566e+18,1.7623584e+18,
SOL,2025-11-06,1,hit,1.7624439e+18,,1.7624448e+18
SOL,2025-11-07,1,hit,1.7625249e+18,,1.7625267e+18
SOL,2025-11-07,2,pending,,,
SOL,2025-11-10,1,pending,,,
SOL,2025-11-10,2,hit,1.7627859e+18,,1.7627868e+18
SOL,2025-11-11,1,hit,1.7628705e+18,,1.7628723e+18
SOL,2025-11-11,2,pending,,,
SOL,2025-11-12,1,failed,1.7629569e+18,1.7629596e+18,
SOL,2025-11-12,2,hit,1.7629569e+18,,1.7629641e+18
SOL,2025-11-13,1,pending,,,
SOL,2025-11-13,2,hit,1.7630433e+18,,1.7630451e+18
SOL,2025-11-13,3,pending,,,
SOL,2025-11-14,1,hit,1.7631315e+18,,1.7631324e+18
SOL,2025-11-14,2,pending,,,
SOL,2025-11-17,1,hit,1.7633952e+18,,1.7633961e+18
SOL,2025-11-17,2,pending,,,
SOL,2025-11-18,1,armed,1.7634789e+18,,
SOL,2025-11-18,2,failed,1.763478e+18,1.7634789e+18,
SOL,2025-11-18,3,failed,1.7634789e+18,1.7634798e+18,
SOL,2025-11-19,1,pending,,,
SOL,2025-11-19,2,failed,1.7635617e+18,1.7635653e+18,
SOL,2025-11-20,1,hit,1.7636481e+18,,1.7636553e+18
SOL,2025-11-20,2,pending,,,
SOL,2025-11-21,1,pending,,,
SOL,2025-11-21,2,failed,1.7637399e+18,1.7637444e+18,
SOL,2025-11-24,1,pending,,,
SOL,2025-11-24,2,hit,1.7639964e+18,,1.7639973e+18
SOL,2025-11-25,1,hit,1.7640801e+18,,1.7640819e+18
SOL,2025-11-25,2,pending,,,
SOL,2025-11-26,1,pending,,,
SOL,2025-11-26,2,hit,1.7641665e+18,,1.7641791e+18
SOL,2025-11-27,1,pending,,,
SOL,2025-11-27,2,pending,,,
SOL,2025-11-28,1,hit,1.7643474e+18,,1.7643501e+18
SOL,2025-11-28,2,hit,1.7643393e+18,,1.7643402e+18
SOL,2025-12-01,1,armed,1.764603e+18,,
SOL,2025-12-01,2,pending,,,
SOL,2025-12-02,1,hit,1.7646849e+18,,1.7646858e+18
SOL,2025-12-02,2,pending,,,
SOL,2025-12-02,3,failed,1.7646849e+18,1.7646858e+18,
SOL,2025-12-03,1,failed,1.7647713e+18,1.7647731e+18,
SOL,2025-12-03,2,failed,1.7647731e+18,1.764774e+18,
SOL,2025-12-04,1,failed,1.7648604e+18,1.7648631e+18,
SOL,2025-12-04,2,failed,1.7648613e+18,1.7648694e+18,
SOL,2025-12-05,1,pending,,,
SOL,2025-12-05,2,hit,1.7649459e+18,,1.7649531e+18
SOL,2025-12-08,1,hit,1.7652069e+18,,1.7652204e+18
SOL,2025-12-08,2,failed,1.7652033e+18,1.765206e+18,
SOL,2025-12-09,1,hit,1.7652942e+18,,1.7652951e+18
SOL,2025-12-09,2,failed,1.7652897e+18,1.7652942e+18,
SOL,2025-12-10,1,hit,1.7653761e+18,,1.7653815e+18
SOL,2025-12-10,2,pending,,,
SOL,2025-12-11,1,failed,1.7654634e+18,1.765467e+18,
SOL,2025-12-12,1,pending,,,
SOL,2025-12-12,2,hit,1.7655525e+18,,1.7655534e+18
SOL,2025-12-12,3,pending,,,
SOL,2025-12-15,1,failed,1.7658081e+18,1.7658108e+18,
SOL,2025-12-15,2,hit,1.7658126e+18,,1.7658135e+18
SOL,2025-12-15,3,hit,1.7658081e+18,,1.7658126e+18
SOL,2025-12-16,1,failed,1.7659008e+18,1.7659035e+18,
SOL,2025-12-16,2,failed,1.7658945e+18,1.7659008e+18,
SOL,2025-12-16,3,hit,1.7659008e+18,,1.7659062e+18
SOL,2025-12-17,1,hit,1.765989e+18,,1.7659899e+18
SOL,2025-12-17,2,hit,1.7659809e+18,,1.7659836e+18
SOL,2025-12-18,1,hit,1.7660673e+18,,1.7660682e+18
SOL,2025-12-18,2,hit,1.766079e+18,,1.7660844e+18
SOL,2025-12-19,1,hit,1.7661537e+18,,1.7661555e+18
SOL,2025-12-22,1,armed,1.76643e+18,,
SOL,2025-12-22,2,armed,1.7664129e+18,,
SOL,2025-12-23,1,hit,1.7664993e+18,,1.7665002e+18
SOL,2025-12-23,2,failed,1.7665083e+18,1.7665128e+18,
SOL,2025-12-24,1,failed,1.7665866e+18,1.7665929e+18,
SOL,2025-12-24,2,armed,1.7665911e+18,,
SOL,2025-12-25,1,failed,1.766673e+18,1.7666766e+18,
SOL,2025-12-25,2,hit,1.7666766e+18,,1.7666775e+18
SOL,2025-12-26,1,hit,1.7667585e+18,,1.7667594e+18
SOL,2025-12-29,1,pending,,,
SOL,2025-12-29,2,hit,1.7670177e+18,,1.7670258e+18
SOL,2025-12-30,1,hit,1.7671068e+18,,1.7671104e+18
SOL,2025-12-30,2,pending,,,
SOL,2025-12-31,1,failed,1.7671905e+18,1.7671923e+18,
SOL,2025-12-31,2,hit,1.7671923e+18,,1.7671995e+18
SOL,2026-01-01,1,pending,,,
SOL,2026-01-01,2,hit,1.7672769e+18,,1.7672778e+18
SOL,2026-01-02,1,hit,1.7673714e+18,,1.7673732e+18
SOL,2026-01-02,2,failed,1.7673642e+18,1.767366e+18,
SOL,2026-01-05,1,failed,1.7676279e+18,1.7676342e+18,
SOL,2026-01-05,2,hit,1.7676225e+18,,1.7676234e+18
SOL,2026-01-06,1,hit,1.7677179e+18,,1.7677224e+18
SOL,2026-01-06,2,hit,1.7677089e+18,,1.7677098e+18
SOL,2026-01-07,1,hit,1.7677998e+18,,1.7678007e+18
SOL,2026-01-07,2,failed,1.767798e+18,1.7677989e+18,
SOL,2026-01-08,1,hit,1.7678826e+18,,1.7678835e+18
SOL,2026-01-08,2,hit,1.7678853e+18,,1.767888e+18
SOL,2026-01-09,1,hit,1.7679726e+18,,1.7679735e+18
SOL,2026-01-09,2,failed,1.7679708e+18,1.7679726e+18,
SOL,2026-01-12,1,failed,1.7682282e+18,1.76823e+18,
SOL,2026-01-12,2,failed,1.7682273e+18,1.7682282e+18,
SOL,2026-01-13,1,failed,1.7683182e+18,1.7683191e+18,
SOL,2026-01-13,2,failed,1.7683146e+18,1.7683164e+18,
SOL,2026-01-14,1,hit,1.7684001e+18,,1.768401e+18
SOL,2026-01-14,2,pending,,,
SOL,2026-01-15,1,failed,1.7684865e+18,1.7684883e+18,
SOL,2026-01-15,2,hit,1.768491e+18,,1.7684919e+18
SOL,2026-01-16,1,hit,1.7685774e+18,,1.7685783e+18
SOL,2026-01-16,2,pending,,,
SOL,2026-01-19,1,armed,1.7688321e+18,,
SOL,2026-01-20,1,pending,,,
SOL,2026-01-20,2,hit,1.7689185e+18,,1.7689221e+18
SOL,2026-01-21,1,hit,1.7690049e+18,,1.7690112e+18
SOL,2026-01-21,2,hit,1.7690139e+18,,1.7690148e+18
SOL,2026-01-22,1,hit,1.7690913e+18,,1.7690922e+18
SOL,2026-01-22,2,pending,,,
SOL,2026-01-23,1,hit,1.7691795e+18,,1.7691804e+18
SOL,2026-01-23,2,failed,1.7691849e+18,1.7691858e+18,
SOL,2026-01-26,1,pending,,,
SOL,2026-01-26,2,armed,1.7694396e+18,,
SOL,2026-01-27,1,failed,1.7695251e+18,1.7695296e+18,
SOL,2026-01-27,2,hit,1.7695242e+18,,1.7695296e+18
SOL,2026-01-28,1,hit,1.7696097e+18,,1.7696106e+18
SOL,2026-01-28,2,pending,,,
SOL,2026-01-29,1,hit,1.7696979e+18,,1.7696997e+18
SOL,2026-01-29,2,pending,,,
SOL,2026-01-30,1,failed,1.7697825e+18,1.769787e+18,
SOL,2026-01-30,2,failed,1.769787e+18,1.7697879e+18,
SOL,2026-02-02,1,hit,1.7700435e+18,,1.7700444e+18
SOL,2026-02-02,2,pending,,,
SOL,2026-02-02,3,failed,1.7700435e+18,1.7700453e+18,
SOL,2026-02-03,1,hit,1.7701299e+18,,1.7701308e+18
SOL,2026-02-03,2,pending,,,
SOL,2026-02-04,1,pending,,,
SOL,2026-02-04,2,hit,1.7702145e+18,,1.7702172e+18
SOL,2026-02-05,1,pending,,,
SOL,2026-02-05,2,failed,1.7703009e+18,1.7703027e+18,
SOL,2026-02-06,1,hit,1.7703873e+18,,1.7703882e+18
SOL,2026-02-06,2,pending,,,
SOL,2026-02-06,3,failed,1.7703873e+18,1.7703891e+18,
SOL,2026-02-09,1,failed,1.7706465e+18,1.7706492e+18,
SOL,2026-02-09,2,hit,1.7706555e+18,,1.7706591e+18
SOL,2026-02-10,1,failed,1.7707347e+18,1.7707401e+18,
SOL,2026-02-10,2,failed,1.7707329e+18,1.77075e+18,
SOL,2026-02-11,1,failed,1.7708193e+18,1.7708211e+18,
SOL,2026-02-11,2,hit,1.770822e+18,,1.7708229e+18
SOL,2026-02-12,1,hit,1.7709093e+18,,1.7709129e+18
SOL,2026-02-12,2,pending,,,
SOL,2026-02-13,1,hit,1.770993e+18,,1.7709939e+18
SOL,2026-02-13,2,pending,,,
SOL,2026-02-13,3,failed,1.7709957e+18,1.7709966e+18,
SOL,2026-02-16,1,hit,1.7712513e+18,,1.7712522e+18
SOL,2026-02-16,2,pending,,,
SOL,2026-02-17,1,hit,1.7713395e+18,,1.7713404e+18
SOL,2026-02-17,2,pending,,,
SOL,2026-02-18,1,failed,1.7714295e+18,1.7714313e+18,
SOL,2026-02-18,2,hit,1.7714241e+18,,1.771425e+18
SOL,2026-02-19,1,hit,1.7715105e+18,,1.7715114e+18
SOL,2026-02-19,2,hit,1.7715213e+18,,1.7715267e+18
SOL,2026-02-20,1,armed,1.7716131e+18,,
SOL,2026-02-20,2,failed,1.7715969e+18,1.7716014e+18,
SOL,2026-02-23,1,hit,1.771857e+18,,1.7718678e+18
SOL,2026-02-23,2,pending,,,
SOL,2026-02-24,1,hit,1.7719461e+18,,1.7719497e+18
SOL,2026-02-24,2,failed,1.7719425e+18,1.7719461e+18,
SOL,2026-02-25,1,pending,,,
SOL,2026-02-25,2,hit,1.7720289e+18,,1.7720343e+18
SOL,2026-02-26,1,hit,1.7721171e+18,,1.7721189e+18
SOL,2026-02-26,2,pending,,,
SOL,2026-02-27,1,pending,,,
SOL,2026-02-27,2,hit,1.7722026e+18,,1.7722035e+18
SOL,2026-03-02,1,hit,1.7724609e+18,,1.7724618e+18
SOL,2026-03-03,1,failed,1.7725491e+18,1.7725527e+18,
SOL,2026-03-03,2,hit,1.7725527e+18,,1.7725554e+18
SOL,2026-03-04,1,hit,1.7726337e+18,,1.7726382e+18
SOL,2026-03-04,2,pending,,,
SOL,2026-03-05,1,hit,1.772721e+18,,1.7727246e+18
SOL,2026-03-05,2,pending,,,
SOL,2026-03-06,1,pending,,,
SOL,2026-03-06,2,hit,1.7728065e+18,,1.7728191e+18
SOL,2026-03-09,1,hit,1.7730621e+18,,1.773063e+18
SOL,2026-03-09,2,pending,,,
SOL,2026-03-09,3,failed,1.773063e+18,1.7730639e+18,
SOL,2026-03-10,1,pending,,,
SOL,2026-03-10,2,hit,1.7731485e+18,,1.7731494e+18
SOL,2026-03-11,1,hit,1.7732349e+18,,1.7732358e+18
SOL,2026-03-11,2,pending,,,
SOL,2026-03-12,1,armed,1.7733258e+18,,
SOL,2026-03-12,2,failed,1.7733213e+18,1.7733258e+18,
SOL,2026-03-13,1,hit,1.7734077e+18,,1.7734086e+18
SOL,2026-03-13,2,failed,1.7734077e+18,1.7734095e+18,
SOL,2026-03-16,1,hit,1.7736678e+18,,1.7736705e+18
SOL,2026-03-16,2,failed,1.7736723e+18,1.7736741e+18,
SOL,2026-03-16,3,armed,1.7736705e+18,,
SOL,2026-03-17,1,pending,,,
SOL,2026-03-18,1,hit,1.7738397e+18,,1.7738451e+18
SOL,2026-03-18,2,pending,,,
SOL,2026-03-19,1,pending,,,
SOL,2026-03-19,2,hit,1.7739261e+18,,1.773927e+18
SOL,2026-03-20,1,pending,,,
SOL,2026-03-20,2,hit,1.7740152e+18,,1.7740161e+18
SOL,2026-03-23,1,hit,1.7742717e+18,,1.7742726e+18
SOL,2026-03-24,1,hit,1.774359e+18,,1.7743608e+18
SOL,2026-03-24,2,pending,,,
SOL,2026-03-25,1,failed,1.7744445e+18,1.7744481e+18,
SOL,2026-03-25,2,armed,1.774449e+18,,
SOL,2026-03-25,3,pending,,,
SOL,2026-03-26,1,hit,1.7745381e+18,,1.7745399e+18
SOL,2026-03-27,1,failed,1.7746254e+18,1.7746281e+18,
SOL,2026-03-27,2,armed,1.7746335e+18,,
SOL,2026-03-30,1,pending,,,
SOL,2026-03-30,2,failed,1.7748819e+18,1.7748855e+18,
SOL,2026-03-30,3,pending,,,
SOL,2026-03-31,1,hit,1.7749638e+18,,1.7749647e+18
SOL,2026-03-31,2,pending,,,
SOL,2026-04-01,1,failed,1.7750511e+18,1.7750574e+18,
SOL,2026-04-01,2,hit,1.7750574e+18,,1.7750619e+18
SOL,2026-04-02,1,failed,1.7751357e+18,1.7751411e+18,
SOL,2026-04-02,2,armed,1.7751411e+18,,
SOL,2026-04-03,1,failed,1.7752221e+18,1.7752293e+18,
SOL,2026-04-03,2,armed,1.7752338e+18,,
SOL,2026-04-06,1,hit,1.7754867e+18,,1.7754948e+18
SOL,2026-04-06,2,pending,,,
SOL,2026-04-07,1,hit,1.7755686e+18,,1.7755704e+18
SOL,2026-04-07,2,hit,1.7755839e+18,,1.7755848e+18
SOL,2026-04-08,1,failed,1.7756595e+18,1.7756631e+18,
SOL,2026-04-08,2,failed,1.7756541e+18,1.7756559e+18,
SOL,2026-04-09,1,hit,1.7757423e+18,,1.775745e+18
SOL,2026-04-09,2,failed,1.7757414e+18,1.7757432e+18,
SOL,2026-04-10,1,pending,,,
SOL,2026-04-13,1,pending,,,
SOL,2026-04-13,2,hit,1.7760861e+18,,1.7760888e+18
SOL,2026-04-14,1,hit,1.7761725e+18,,1.7761743e+18
SOL,2026-04-15,1,failed,1.7762607e+18,1.7762634e+18,
SOL,2026-04-15,2,failed,1.7762598e+18,1.7762607e+18,
SOL,2026-04-16,1,hit,1.776348e+18,,1.7763489e+18
SOL,2026-04-16,2,hit,1.7763453e+18,,1.7763462e+18
SOL,2026-04-17,1,pending,,,
SOL,2026-04-17,2,hit,1.7764317e+18,,1.7764326e+18
SOL,2026-04-20,1,failed,1.7766972e+18,1.776699e+18,
SOL,2026-04-20,2,failed,1.7767008e+18,1.7767044e+18,
SOL,2026-04-21,1,hit,1.7767818e+18,,1.7767827e+18
SOL,2026-04-21,2,armed,1.7767926e+18,,
SOL,2026-04-22,1,hit,1.7768637e+18,,1.7768655e+18
SOL,2026-04-22,2,pending,,,
SOL,2026-04-22,3,failed,1.7768655e+18,1.7768673e+18,
SOL,2026-04-23,1,armed,1.7769654e+18,,
SOL,2026-04-23,2,hit,1.7769555e+18,,1.7769564e+18
SOL,2026-04-24,1,failed,1.7770365e+18,1.7770401e+18,
SOL,2026-04-24,2,hit,1.7770392e+18,,1.7770401e+18
SOL,2026-04-24,3,pending,,,
SOL,2026-04-27,1,armed,1.7773029e+18,,
SOL,2026-04-27,2,failed,1.7773011e+18,1.7773029e+18,
SOL,2026-04-28,1,failed,1.7773866e+18,1.7773983e+18,
SOL,2026-04-28,2,failed,1.7773839e+18,1.7773866e+18,
SOL,2026-04-29,1,pending,,,
SOL,2026-04-29,2,hit,1.7774694e+18,,1.7774757e+18
SOL,2026-04-30,1,armed,1.7775702e+18,,
SOL,2026-04-30,2,armed,1.7775549e+18,,
SOL,2026-05-01,1,armed,1.7776548e+18,,
SOL,2026-05-01,2,failed,1.7776413e+18,1.7776548e+18,
SOL,2026-05-04,1,pending,,,
SOL,2026-05-04,2,hit,1.7779005e+18,,1.7779068e+18
SOL,2026-05-05,1,hit,1.7779869e+18,,1.7779878e+18
SOL,2026-05-05,2,pending,,,
SOL,2026-05-05,3,armed,1.7779869e+18,,
SOL,2026-05-06,1,pending,,,
SOL,2026-05-07,1,hit,1.7781597e+18,,1.7781615e+18
SOL,2026-05-07,2,pending,,,
SOL,2026-05-08,1,failed,1.7782515e+18,1.7782542e+18,
SOL,2026-05-08,2,hit,1.7782461e+18,,1.778247e+18
SOL,2026-05-11,1,failed,1.7785098e+18,1.7785134e+18,
SOL,2026-05-11,2,hit,1.7785152e+18,,1.7785161e+18
SOL,2026-05-12,1,hit,1.778598e+18,,1.7785998e+18
SOL,2026-05-12,2,failed,1.7785917e+18,1.7785998e+18,
SOL,2026-05-13,1,pending,,,
SOL,2026-05-13,2,hit,1.7786781e+18,,1.778679e+18
SOL,2026-05-14,1,pending,,,
SOL,2026-05-14,2,failed,1.7787645e+18,1.7787672e+18,
SOL,2026-05-15,1,hit,1.7788527e+18,,1.7788536e+18
SOL,2026-05-15,2,pending,,,
SOL,2026-05-18,1,failed,1.7791101e+18,1.7791119e+18,
SOL,2026-05-19,1,failed,1.7791965e+18,1.7792028e+18,
SOL,2026-05-19,2,failed,1.7792028e+18,1.7792091e+18,
SOL,2026-05-20,1,hit,1.7792883e+18,,1.779291e+18
SOL,2026-05-20,2,pending,,,
SOL,2026-05-21,1,failed,1.7793711e+18,1.779372e+18,
SOL,2026-05-21,2,hit,1.7793765e+18,,1.7793846e+18
SOL,2026-05-22,1,pending,,,
SOL,2026-05-22,2,failed,1.7794557e+18,1.7794593e+18,
SOL,2026-05-25,1,pending,,,
SOL,2026-05-25,2,hit,1.7797176e+18,,1.7797194e+18
SOL,2026-05-26,1,failed,1.7798022e+18,1.779804e+18,
SOL,2026-05-26,2,failed,1.7798058e+18,1.7798067e+18,
SOL,2026-05-27,1,hit,1.7798886e+18,,1.7798895e+18
SOL,2026-05-27,2,hit,1.7798949e+18,,1.7798958e+18
SOL,2026-05-28,1,failed,1.779975e+18,1.7799759e+18,
SOL,2026-05-28,2,pending,,,
SOL,2026-05-29,1,failed,1.7800605e+18,1.7800677e+18,
SOL,2026-05-29,2,hit,1.7800677e+18,,1.7800686e+18
SOL,2026-06-01,1,hit,1.7803197e+18,,1.7803278e+18
SOL,2026-06-01,2,armed,1.7803359e+18,,
SOL,2026-06-02,1,hit,1.7804097e+18,,1.7804106e+18
SOL,2026-06-02,2,failed,1.780407e+18,1.7804106e+18,
SOL,2026-06-03,1,hit,1.7804934e+18,,1.780497e+18
SOL,2026-06-03,2,pending,,,
SOL,2026-06-04,1,pending,,,
SOL,2026-06-04,2,pending,,,
SOL,2026-06-05,1,pending,,,
SOL,2026-06-05,2,hit,1.7806671e+18,,1.7806752e+18
SOL,2026-06-09,1,hit,1.7810118e+18,,1.7810154e+18
SOL,2026-06-09,2,pending,,,
SOL,2026-06-10,1,hit,1.7810973e+18,,1.7810982e+18
SOL,2026-06-10,2,pending,,,
SOL,2026-06-11,1,hit,1.7811999e+18,,1.7812008e+18
SOL,2026-06-11,2,failed,1.7811837e+18,1.7811999e+18,
SOL,2026-06-11,3,failed,1.7811999e+18,1.7812008e+18,
SOL,2026-06-12,1,pending,,,
SOL,2026-06-12,2,hit,1.7812746e+18,,1.7812764e+18
SOL,2026-06-15,1,pending,,,
SOL,2026-06-15,2,hit,1.7815293e+18,,1.7815383e+18
SOL,2026-06-16,1,hit,1.7816157e+18,,1.7816193e+18
SOL,2026-06-16,2,pending,,,
SOL,2026-06-17,1,hit,1.7817021e+18,,1.781712e+18
SOL,2026-06-17,2,pending,,,
SOL,2026-06-18,1,failed,1.7817885e+18,1.7817966e+18,
SOL,2026-06-18,2,hit,1.7817903e+18,,1.7817957e+18
SOL,2026-06-19,1,pending,,,
SOL,2026-06-19,2,pending,,,
SOL,2026-06-22,1,armed,1.7821386e+18,,
SOL,2026-06-22,2,failed,1.7821359e+18,1.7821386e+18,
SOL,2026-06-23,1,failed,1.7822241e+18,1.7822277e+18,
SOL,2026-06-23,2,pending,,,
SOL,2026-06-24,1,pending,,,
SOL,2026-06-24,2,hit,1.7823069e+18,,1.7823141e+18
SOL,2026-06-25,1,pending,,,
SOL,2026-06-25,2,hit,1.7823951e+18,,1.782396e+18
SOL,2026-06-26,1,pending,,,
SOL,2026-06-26,2,hit,1.7824824e+18,,1.7824833e+18
SOL,2026-06-29,1,failed,1.7827389e+18,1.7827407e+18,
SOL,2026-06-29,2,pending,,,
SOL,2026-06-30,1,failed,1.7828253e+18,1.7828298e+18,
SOL,2026-06-30,2,failed,1.7828298e+18,1.7828316e+18,
SOL,2026-07-01,1,pending,,,
SOL,2026-07-01,2,hit,1.7829126e+18,,1.7829144e+18
SOL,2026-07-02,1,pending,,,
SOL,2026-07-02,2,pending,,,
SOL,2026-07-03,1,pending,,,
SOL,2026-07-03,2,armed,1.7830881e+18,,
SOL,2026-07-03,3,pending,,,
SOL,2026-07-06,1,hit,1.7833509e+18,,1.7833545e+18
SOL,2026-07-06,2,hit,1.7833437e+18,,1.7833446e+18
SOL,2026-07-07,1,pending,,,
SOL,2026-07-07,2,hit,1.7834364e+18,,1.7834382e+18
SOL,2026-07-08,1,hit,1.7835165e+18,,1.7835174e+18
SOL,2026-07-09,1,failed,1.7836146e+18,1.7836191e+18,
SOL,2026-07-09,2,armed,1.7836029e+18,,
SOL,2026-07-10,1,hit,1.7836929e+18,,1.7836938e+18
SOL,2026-07-10,2,pending,,,
SOL,2026-07-13,1,hit,1.7839494e+18,,1.7839503e+18
SOL,2026-07-13,2,pending,,,
SOL,2026-07-14,1,hit,1.7840349e+18,,1.7840358e+18
SOL,2026-07-14,2,pending,,,
SOL,2026-07-14,3,failed,1.7840349e+18,1.7840358e+18,
SOL,2026-07-15,1,armed,1.7841339e+18,,
SOL,2026-07-15,2,hit,1.7841213e+18,,1.7841222e+18
SOL,2026-07-16,1,failed,1.7842113e+18,1.7842149e+18,
SOL,2026-07-16,2,armed,1.7842248e+18,,
SOL,2026-07-17,1,hit,1.7843067e+18,,1.7843085e+18
SOL,2026-07-17,2,failed,1.7842941e+18,1.7842977e+18,
SOL,2026-07-20,1,armed,1.7845632e+18,,
SOL,2026-07-20,2,hit,1.7845533e+18,,1.784556e+18
SOL,2026-07-20,3,failed,1.7845632e+18,1.7845641e+18,
SOL,2026-07-21,1,armed,1.7846568e+18,,
SOL,2026-07-21,2,hit,1.7846397e+18,,1.7846424e+18
SOL,2026-07-22,1,hit,1.7847261e+18,,1.784727e+18
SOL,2026-07-22,2,hit,1.7847333e+18,,1.7847342e+18
SOL,2026-07-23,1,pending,,,
SOL,2026-07-23,2,hit,1.7848125e+18,,1.7848134e+18
XRP,2022-01-11,1,hit,1.6419105e+18,,1.6419114e+18
XRP,2022-01-11,2,hit,1.6419195e+18,,1.6419204e+18
XRP,2022-01-12,1,pending,,,
XRP,2022-01-13,1,hit,1.6420878e+18,,1.6420941e+18
XRP,2022-01-13,2,failed,1.6420833e+18,1.6420878e+18,
XRP,2022-01-14,1,hit,1.6421697e+18,,1.6421706e+18
XRP,2022-01-14,2,pending,,,
XRP,2022-01-17,1,hit,1.6424352e+18,,1.6424361e+18
XRP,2022-01-17,2,pending,,,
XRP,2022-01-18,1,pending,,,
XRP,2022-01-18,2,pending,,,
XRP,2022-01-19,1,failed,1.6426026e+18,1.6426089e+18,
XRP,2022-01-19,2,failed,1.6426089e+18,1.6426116e+18,
XRP,2022-01-20,1,hit,1.6426881e+18,,1.6426899e+18
XRP,2022-01-20,2,pending,,,
XRP,2022-01-21,1,failed,1.6427799e+18,1.6427871e+18,
XRP,2022-01-24,1,pending,,,
XRP,2022-01-25,1,failed,1.6431228e+18,1.6431246e+18,
XRP,2022-01-25,2,hit,1.6431318e+18,,1.6431372e+18
XRP,2022-01-26,1,hit,1.6432065e+18,,1.6432074e+18
XRP,2022-01-26,2,pending,,,
XRP,2022-01-27,1,armed,1.6433055e+18,,
XRP,2022-01-27,2,failed,1.6432929e+18,1.6433037e+18,
XRP,2022-01-28,1,pending,,,
XRP,2022-01-31,1,pending,,,
XRP,2022-01-31,2,hit,1.6436385e+18,,1.6436439e+18
XRP,2022-02-01,1,failed,1.6437267e+18,1.6437312e+18,
XRP,2022-02-01,2,armed,1.6437321e+18,,
XRP,2022-02-02,1,hit,1.6438113e+18,,1.6438122e+18
XRP,2022-02-02,2,pending,,,
XRP,2022-02-03,1,pending,,,
XRP,2022-02-03,2,hit,1.6439022e+18,,1.6439031e+18
XRP,2022-02-04,1,hit,1.6439886e+18,,1.6439913e+18
XRP,2022-02-04,2,failed,1.6439841e+18,1.6439877e+18,
XRP,2022-02-07,1,failed,1.6442433e+18,1.644246e+18,
XRP,2022-02-08,1,pending,,,
XRP,2022-02-08,2,failed,1.6443306e+18,1.6443315e+18,
XRP,2022-02-09,1,pending,,,
XRP,2022-02-09,2,failed,1.6444197e+18,1.6444215e+18,
XRP,2022-02-10,1,hit,1.6445025e+18,,1.6445034e+18
XRP,2022-02-10,2,pending,,,
XRP,2022-02-11,1,hit,1.6445898e+18,,1.6445907e+18
XRP,2022-02-14,1,failed,1.6448481e+18,1.6448607e+18,
XRP,2022-02-14,2,armed,1.6448607e+18,,
XRP,2022-02-15,1,armed,1.6449354e+18,,
XRP,2022-02-15,2,pending,,,
XRP,2022-02-16,1,armed,1.6450209e+18,,
XRP,2022-02-16,2,pending,,,
XRP,2022-02-17,1,pending,,,
XRP,2022-02-17,2,hit,1.6451073e+18,,1.6451082e+18
XRP,2022-02-18,1,hit,1.6451955e+18,,1.6452e+18
XRP,2022-02-21,1,hit,1.6454529e+18,,1.6454538e+18
XRP,2022-02-21,2,hit,1.6454673e+18,,1.6454682e+18
XRP,2022-02-22,1,hit,1.6455465e+18,,1.6455474e+18
XRP,2022-02-23,1,pending,,,
XRP,2022-02-23,2,hit,1.6456284e+18,,1.6456329e+18
XRP,2022-02-24,1,hit,1.6457148e+18,,1.6457193e+18
XRP,2022-02-24,2,pending,,,
XRP,2022-02-25,1,failed,1.6458003e+18,1.6458048e+18,
XRP,2022-02-25,2,failed,1.6458057e+18,1.6458066e+18,
XRP,2022-02-28,1,pending,,,
XRP,2022-02-28,2,hit,1.6460586e+18,,1.6460604e+18
XRP,2022-03-01,1,hit,1.6461477e+18,,1.6461495e+18
XRP,2022-03-01,2,failed,1.6461441e+18,1.6461459e+18,
XRP,2022-03-02,1,pending,,,
XRP,2022-03-02,2,failed,1.6462305e+18,1.6462332e+18,
XRP,2022-03-03,1,hit,1.6463187e+18,,1.6463223e+18
XRP,2022-03-03,2,failed,1.6463169e+18,1.6463205e+18,
XRP,2022-03-04,1,failed,1.6464141e+18,1.6464195e+18,
XRP,2022-03-04,2,failed,1.6464069e+18,1.6464123e+18,
XRP,2022-03-07,1,pending,,,
XRP,2022-03-07,2,armed,1.6466724e+18,,
XRP,2022-03-08,1,pending,,,
XRP,2022-03-08,2,failed,1.6467543e+18,1.6467624e+18,
XRP,2022-03-09,1,hit,1.6468353e+18,,1.6468407e+18
XRP,2022-03-10,1,armed,1.6469217e+18,,
XRP,2022-03-10,2,pending,,,
XRP,2022-03-11,1,pending,,,
XRP,2022-03-11,2,hit,1.6470099e+18,,1.6470117e+18
XRP,2022-03-14,1,pending,,,
XRP,2022-03-14,2,armed,1.6472745e+18,,
XRP,2022-03-15,1,pending,,,
XRP,2022-03-16,1,failed,1.6474365e+18,1.647441e+18,
XRP,2022-03-16,2,failed,1.6474464e+18,1.6474482e+18,
XRP,2022-03-17,1,pending,,,
XRP,2022-03-17,2,hit,1.6475229e+18,,1.6475238e+18
XRP,2022-03-18,1,pending,,,
XRP,2022-03-18,2,hit,1.6476093e+18,,1.6476129e+18
XRP,2022-03-21,1,failed,1.647873e+18,1.6478784e+18,
XRP,2022-03-21,2,armed,1.6478856e+18,,
XRP,2022-03-22,1,pending,,,
XRP,2022-03-22,2,armed,1.6479666e+18,,
XRP,2022-03-23,1,pending,,,
XRP,2022-03-23,2,hit,1.6480422e+18,,1.6480503e+18
XRP,2022-03-24,1,hit,1.648134e+18,,1.6481367e+18
XRP,2022-03-24,2,pending,,,
XRP,2022-03-25,1,hit,1.6482276e+18,,1.6482285e+18
XRP,2022-03-25,2,failed,1.648215e+18,1.6482222e+18,
XRP,2022-03-28,1,hit,1.6484733e+18,,1.6484742e+18
XRP,2022-03-28,2,pending,,,
XRP,2022-03-29,1,hit,1.6485597e+18,,1.6485696e+18
XRP,2022-03-29,2,pending,,,
XRP,2022-03-30,1,failed,1.6486542e+18,1.648656e+18,
XRP,2022-03-30,2,armed,1.6486632e+18,,
XRP,2022-03-31,1,pending,,,
XRP,2022-03-31,2,hit,1.6487334e+18,,1.6487352e+18
XRP,2022-04-01,1,hit,1.6488189e+18,,1.6488261e+18
XRP,2022-04-01,2,pending,,,
XRP,2022-04-04,1,hit,1.6490853e+18,,1.6490898e+18
XRP,2022-04-04,2,pending,,,
XRP,2022-04-05,1,hit,1.6491645e+18,,1.6491681e+18
XRP,2022-04-05,2,armed,1.6491798e+18,,
XRP,2022-04-06,1,pending,,,
XRP,2022-04-07,1,pending,,,
XRP,2022-04-08,1,failed,1.6494237e+18,1.6494282e+18,
XRP,2022-04-08,2,failed,1.6494282e+18,1.6494381e+18,
XRP,2022-04-11,1,failed,1.6496856e+18,1.6496928e+18,
XRP,2022-04-11,2,failed,1.6496928e+18,1.6496973e+18,
XRP,2022-04-12,1,failed,1.6497693e+18,1.6497738e+18,
XRP,2022-04-12,2,armed,1.6497738e+18,,
XRP,2022-04-13,1,hit,1.6498575e+18,,1.6498584e+18
XRP,2022-04-13,2,pending,,,
XRP,2022-04-14,1,hit,1.6499448e+18,,1.6499457e+18
XRP,2022-04-14,2,hit,1.6499421e+18,,1.649943e+18
XRP,2022-04-15,1,pending,,,
XRP,2022-04-18,1,hit,1.6502877e+18,,1.6503021e+18
XRP,2022-04-18,2,pending,,,
XRP,2022-04-19,1,pending,,,
XRP,2022-04-20,1,hit,1.6504605e+18,,1.6504623e+18
XRP,2022-04-20,2,pending,,,
XRP,2022-04-21,1,hit,1.6505478e+18,,1.6505487e+18
XRP,2022-04-21,2,pending,,,
XRP,2022-04-22,1,pending,,,
XRP,2022-04-25,1,armed,1.6508979e+18,,
XRP,2022-04-26,1,hit,1.6509798e+18,,1.6509834e+18
XRP,2022-04-26,2,pending,,,
XRP,2022-04-27,1,failed,1.6510662e+18,1.6510689e+18,
XRP,2022-04-27,2,pending,,,
XRP,2022-04-28,1,pending,,,
XRP,2022-04-28,2,hit,1.6511517e+18,,1.6511553e+18
XRP,2022-04-29,1,armed,1.6512507e+18,,
XRP,2022-04-29,2,failed,1.6512381e+18,1.6512507e+18,
XRP,2022-05-02,1,hit,1.6514973e+18,,1.6514982e+18
XRP,2022-05-02,2,armed,1.6515126e+18,,
XRP,2022-05-03,1,hit,1.6515837e+18,,1.6515945e+18
XRP,2022-05-03,2,pending,,,
XRP,2022-05-04,1,pending,,,
XRP,2022-05-05,1,hit,1.6517574e+18,,1.6517619e+18
XRP,2022-05-05,2,pending,,,
XRP,2022-05-06,1,failed,1.6518429e+18,1.6518447e+18,
XRP,2022-05-06,2,pending,,,
XRP,2022-05-09,1,failed,1.6521039e+18,1.6521057e+18,
XRP,2022-05-09,2,hit,1.6521111e+18,,1.6521147e+18
XRP,2022-05-10,1,failed,1.6521885e+18,1.6521894e+18,
XRP,2022-05-10,2,hit,1.6521939e+18,,1.6521957e+18
XRP,2022-05-11,1,hit,1.6522749e+18,,1.6522758e+18
XRP,2022-05-12,1,hit,1.6523676e+18,,1.6523685e+18
XRP,2022-05-12,2,pending,,,
XRP,2022-05-13,1,pending,,,
XRP,2022-05-16,1,failed,1.6527096e+18,1.6527105e+18,
XRP,2022-05-16,2,pending,,,
XRP,2022-05-17,1,failed,1.6527951e+18,1.6527969e+18,
XRP,2022-05-17,2,hit,1.6527987e+18,,1.6528014e+18
XRP,2022-05-18,1,hit,1.6528797e+18,,1.6528815e+18
XRP,2022-05-18,2,pending,,,
XRP,2022-05-19,1,hit,1.6529742e+18,,1.6529751e+18
XRP,2022-05-19,2,pending,,,
XRP,2022-05-20,1,pending,,,
XRP,2022-05-20,2,hit,1.6530525e+18,,1.653057e+18
XRP,2022-05-23,1,hit,1.6533135e+18,,1.6533234e+18
XRP,2022-05-23,2,hit,1.6533279e+18,,1.6533288e+18
XRP,2022-05-24,1,hit,1.6533981e+18,,1.6534008e+18
XRP,2022-05-24,2,pending,,,
XRP,2022-05-25,1,armed,1.6534845e+18,,
XRP,2022-05-25,2,pending,,,
XRP,2022-05-26,1,failed,1.6535718e+18,1.6535736e+18,
XRP,2022-05-26,2,hit,1.6535745e+18,,1.6535817e+18
XRP,2022-05-27,1,hit,1.6536627e+18,,1.6536726e+18
XRP,2022-05-27,2,failed,1.6536573e+18,1.6536627e+18,
XRP,2022-05-30,1,failed,1.653921e+18,1.6539219e+18,
XRP,2022-05-31,1,hit,1.6540047e+18,,1.6540056e+18
XRP,2022-06-01,1,failed,1.6540902e+18,1.6540929e+18,
XRP,2022-06-01,2,hit,1.6540947e+18,,1.6541001e+18
XRP,2022-06-02,1,armed,1.6541838e+18,,
XRP,2022-06-02,2,failed,1.6541757e+18,1.6541838e+18,
XRP,2022-06-03,1,hit,1.6542621e+18,,1.654263e+18
XRP,2022-06-06,1,pending,,,
XRP,2022-06-06,2,failed,1.6545294e+18,1.6545312e+18,
XRP,2022-06-07,1,pending,,,
XRP,2022-06-07,2,hit,1.6546086e+18,,1.6546131e+18
XRP,2022-06-08,1,pending,,,
XRP,2022-06-08,2,armed,1.654695e+18,,
XRP,2022-06-09,1,pending,,,
XRP,2022-06-09,2,hit,1.6547805e+18,,1.6547814e+18
XRP,2022-06-10,1,pending,,,
XRP,2022-06-10,2,hit,1.6548669e+18,,1.6548678e+18
XRP,2022-06-13,1,failed,1.6551261e+18,1.6551279e+18,
XRP,2022-06-14,1,hit,1.6552125e+18,,1.6552197e+18
XRP,2022-06-14,2,pending,,,
XRP,2022-06-15,1,failed,1.6552989e+18,1.6553115e+18,
XRP,2022-06-16,1,failed,1.6553889e+18,1.6553925e+18,
XRP,2022-06-16,2,pending,,,
XRP,2022-06-17,1,pending,,,
XRP,2022-06-20,1,hit,1.6557309e+18,,1.655748e+18
XRP,2022-06-20,2,pending,,,
XRP,2022-06-21,1,pending,,,
XRP,2022-06-21,2,hit,1.6558191e+18,,1.65582e+18
XRP,2022-06-22,1,pending,,,
XRP,2022-06-22,2,pending,,,
XRP,2022-06-23,1,pending,,,
XRP,2022-06-23,2,pending,,,
XRP,2022-06-24,1,hit,1.6560792e+18,,1.6560846e+18
XRP,2022-06-27,1,hit,1.6563375e+18,,1.6563384e+18
XRP,2022-06-27,2,pending,,,
XRP,2022-06-28,1,failed,1.6564239e+18,1.6564266e+18,
XRP,2022-06-28,2,armed,1.6564266e+18,,
XRP,2022-06-29,1,pending,,,
XRP,2022-06-29,2,failed,1.6565103e+18,1.6565121e+18,
XRP,2022-06-30,1,failed,1.6565967e+18,1.656603e+18,
XRP,2022-07-04,1,failed,1.6569423e+18,1.6569477e+18,
XRP,2022-07-04,2,armed,1.6569567e+18,,
XRP,2022-07-05,1,hit,1.6570269e+18,,1.6570278e+18
XRP,2022-07-05,2,pending,,,
XRP,2022-07-06,1,pending,,,
XRP,2022-07-07,1,pending,,,
XRP,2022-07-07,2,hit,1.6572015e+18,,1.6572042e+18
XRP,2022-07-08,1,hit,1.6572861e+18,,1.657287e+18
XRP,2022-07-08,2,failed,1.6572906e+18,1.6572969e+18,
XRP,2022-07-11,1,pending,,,
XRP,2022-07-11,2,pending,,,
XRP,2022-07-12,1,pending,,,
XRP,2022-07-12,2,failed,1.6576344e+18,1.6576353e+18,
XRP,2022-07-13,1,pending,,,
XRP,2022-07-13,2,hit,1.6577181e+18,,1.657719e+18
XRP,2022-07-14,1,pending,,,
XRP,2022-07-15,1,hit,1.657899e+18,,1.6578999e+18
XRP,2022-07-15,2,pending,,,
XRP,2022-07-18,1,hit,1.6581663e+18,,1.6581672e+18
XRP,2022-07-18,2,pending,,,
XRP,2022-07-19,1,hit,1.6582365e+18,,1.6582473e+18
XRP,2022-07-19,2,pending,,,
XRP,2022-07-20,1,failed,1.6583256e+18,1.6583292e+18,
XRP,2022-07-20,2,failed,1.6583301e+18,1.6583346e+18,
XRP,2022-07-21,1,failed,1.6584138e+18,1.6584174e+18,
XRP,2022-07-21,2,armed,1.658421e+18,,
XRP,2022-07-22,1,hit,1.6584957e+18,,1.6584966e+18
XRP,2022-07-22,2,pending,,,
XRP,2022-07-25,1,pending,,,
XRP,2022-07-25,2,pending,,,
XRP,2022-07-26,1,pending,,,
XRP,2022-07-26,2,hit,1.6588413e+18,,1.6588458e+18
XRP,2022-07-27,1,hit,1.6589277e+18,,1.6589304e+18
XRP,2022-07-27,2,pending,,,
XRP,2022-07-28,1,failed,1.6590168e+18,1.6590204e+18,
XRP,2022-07-28,2,hit,1.6590222e+18,,1.6590231e+18
XRP,2022-07-29,1,failed,1.6591005e+18,1.6591041e+18,
XRP,2022-07-29,2,failed,1.6591041e+18,1.6591113e+18,
XRP,2022-08-01,1,armed,1.659375e+18,,
XRP,2022-08-01,2,hit,1.6593633e+18,,1.6593651e+18
XRP,2022-08-02,1,pending,,,
XRP,2022-08-02,2,hit,1.6594461e+18,,1.659447e+18
XRP,2022-08-03,1,pending,,,
XRP,2022-08-03,2,pending,,,
XRP,2022-08-04,1,hit,1.6596234e+18,,1.6596243e+18
XRP,2022-08-04,2,failed,1.6596207e+18,1.6596234e+18,
XRP,2022-08-05,1,hit,1.6597053e+18,,1.6597134e+18
XRP,2022-08-05,2,pending,,,
XRP,2022-08-08,1,failed,1.6599699e+18,1.6599726e+18,
XRP,2022-08-08,2,armed,1.6599726e+18,,
XRP,2022-08-09,1,failed,1.6600527e+18,1.6600536e+18,
XRP,2022-08-09,2,armed,1.6600536e+18,,
XRP,2022-08-10,1,hit,1.6601373e+18,,1.6601382e+18
XRP,2022-08-10,2,pending,,,
XRP,2022-08-11,1,hit,1.6602291e+18,,1.6602372e+18
XRP,2022-08-11,2,hit,1.6602237e+18,,1.6602246e+18
XRP,2022-08-12,1,pending,,,
XRP,2022-08-12,2,pending,,,
XRP,2022-08-15,1,pending,,,
XRP,2022-08-15,2,hit,1.660572e+18,,1.6605828e+18
XRP,2022-08-16,1,armed,1.6606557e+18,,
XRP,2022-08-16,2,pending,,,
XRP,2022-08-17,1,pending,,,
XRP,2022-08-17,2,hit,1.6607421e+18,,1.660743e+18
XRP,2022-08-18,1,pending,,,
XRP,2022-08-19,1,failed,1.6609293e+18,1.6609311e+18,
XRP,2022-08-22,1,pending,,,
XRP,2022-08-22,2,failed,1.6611777e+18,1.6611822e+18,
XRP,2022-08-23,1,pending,,,
XRP,2022-08-23,2,pending,,,
XRP,2022-08-24,1,pending,,,
XRP,2022-08-24,2,pending,,,
XRP,2022-08-25,1,armed,1.6614414e+18,,
XRP,2022-08-25,2,pending,,,
XRP,2022-08-26,1,hit,1.6615251e+18,,1.661526e+18
XRP,2022-08-29,1,pending,,,
XRP,2022-08-30,1,pending,,,
XRP,2022-08-30,2,hit,1.6618653e+18,,1.6618689e+18
XRP,2022-08-31,1,pending,,,
XRP,2022-08-31,2,hit,1.6619544e+18,,1.6619589e+18
XRP,2022-09-01,1,pending,,,
XRP,2022-09-01,2,hit,1.6620444e+18,,1.6620462e+18
XRP,2022-09-02,1,armed,1.662138e+18,,
XRP,2022-09-02,2,failed,1.6621245e+18,1.6621371e+18,
XRP,2022-09-05,1,armed,1.66239e+18,,
XRP,2022-09-05,2,pending,,,
XRP,2022-09-06,1,pending,,,
XRP,2022-09-06,2,hit,1.6624728e+18,,1.6624737e+18
XRP,2022-09-07,1,armed,1.6625673e+18,,
XRP,2022-09-07,2,pending,,,
XRP,2022-09-08,1,failed,1.6626429e+18,1.6626447e+18,
XRP,2022-09-08,2,pending,,,
XRP,2022-09-09,1,hit,1.6627293e+18,,1.6627464e+18
XRP,2022-09-09,2,pending,,,
XRP,2022-09-12,1,pending,,,
XRP,2022-09-12,2,failed,1.6629885e+18,1.6629975e+18,
XRP,2022-09-13,1,hit,1.6630749e+18,,1.6630758e+18
XRP,2022-09-13,2,pending,,,
XRP,2022-09-14,1,pending,,,
XRP,2022-09-14,2,pending,,,
XRP,2022-09-15,1,hit,1.6632486e+18,,1.6632522e+18
XRP,2022-09-15,2,pending,,,
XRP,2022-09-16,1,hit,1.6633395e+18,,1.6633476e+18
XRP,2022-09-16,2,failed,1.6633359e+18,1.6633395e+18,
XRP,2022-09-19,1,hit,1.663596e+18,,1.6635987e+18
XRP,2022-09-19,2,pending,,,
XRP,2022-09-20,1,failed,1.6636806e+18,1.6636842e+18,
XRP,2022-09-20,2,failed,1.6636797e+18,1.6636806e+18,
XRP,2022-09-21,1,pending,,,
XRP,2022-09-22,1,hit,1.6638525e+18,,1.6638534e+18
XRP,2022-09-22,2,pending,,,
XRP,2022-09-23,1,failed,1.6639389e+18,1.6639416e+18,
XRP,2022-09-23,2,failed,1.6639416e+18,1.663947e+18,
XRP,2022-09-26,1,pending,,,
XRP,2022-09-26,2,pending,,,
XRP,2022-09-27,1,failed,1.6642845e+18,1.6642953e+18,
XRP,2022-09-27,2,hit,1.6642944e+18,,1.6642953e+18
XRP,2022-09-28,1,pending,,,
XRP,2022-09-28,2,hit,1.6643709e+18,,1.6643763e+18
XRP,2022-09-29,1,hit,1.6644573e+18,,1.6644591e+18
XRP,2022-09-29,2,pending,,,
XRP,2022-09-30,1,failed,1.6645491e+18,1.6645545e+18,
XRP,2022-09-30,2,failed,1.6645446e+18,1.6645464e+18,
XRP,2022-10-03,1,hit,1.6648029e+18,,1.6648074e+18
XRP,2022-10-03,2,pending,,,
XRP,2022-10-04,1,pending,,,
XRP,2022-10-04,2,armed,1.6648902e+18,,
XRP,2022-10-05,1,pending,,,
XRP,2022-10-05,2,hit,1.6649784e+18,,1.6649802e+18
XRP,2022-10-06,1,pending,,,
XRP,2022-10-06,2,pending,,,
XRP,2022-10-07,1,failed,1.6651485e+18,1.6651503e+18,
XRP,2022-10-07,2,failed,1.6651512e+18,1.6651575e+18,
XRP,2022-10-10,1,failed,1.6654077e+18,1.665414e+18,
XRP,2022-10-10,2,pending,,,
XRP,2022-10-11,1,failed,1.6654941e+18,1.6654968e+18,
XRP,2022-10-11,2,pending,,,
XRP,2022-10-12,1,failed,1.6655886e+18,1.665594e+18,
XRP,2022-10-12,2,failed,1.6655805e+18,1.6655886e+18,
XRP,2022-10-13,1,hit,1.6656669e+18,,1.6656696e+18
XRP,2022-10-14,1,failed,1.6657641e+18,1.665765e+18,
XRP,2022-10-14,2,failed,1.6657533e+18,1.6657569e+18,
XRP,2022-10-17,1,hit,1.6660125e+18,,1.6660143e+18
XRP,2022-10-17,2,pending,,,
XRP,2022-10-18,1,hit,1.6661007e+18,,1.6661034e+18
XRP,2022-10-19,1,pending,,,
XRP,2022-10-19,2,armed,1.6661952e+18,,
XRP,2022-10-20,1,pending,,,
XRP,2022-10-20,2,hit,1.6662825e+18,,1.6662861e+18
XRP,2022-10-21,1,failed,1.6663608e+18,1.6663644e+18,
XRP,2022-10-21,2,pending,,,
XRP,2022-10-24,1,failed,1.6666218e+18,1.6666236e+18,
XRP,2022-10-24,2,pending,,,
XRP,2022-10-25,1,pending,,,
XRP,2022-10-25,2,hit,1.6667037e+18,,1.6667055e+18
XRP,2022-10-26,1,pending,,,
XRP,2022-10-26,2,failed,1.6667991e+18,1.6668018e+18,
XRP,2022-10-27,1,failed,1.6668765e+18,1.6668792e+18,
XRP,2022-10-27,2,hit,1.6668792e+18,,1.6668819e+18
XRP,2022-10-28,1,hit,1.6669629e+18,,1.6669755e+18
XRP,2022-10-28,2,pending,,,
XRP,2022-10-31,1,armed,1.6672248e+18,,
XRP,2022-10-31,2,failed,1.6672221e+18,1.6672248e+18,
XRP,2022-11-01,1,pending,,,
XRP,2022-11-01,2,failed,1.6673085e+18,1.6673247e+18,
XRP,2022-11-02,1,pending,,,
XRP,2022-11-03,1,pending,,,
XRP,2022-11-03,2,pending,,,
XRP,2022-11-04,1,hit,1.6675677e+18,,1.6675704e+18
XRP,2022-11-07,1,armed,1.6678476e+18,,
XRP,2022-11-07,2,failed,1.6678377e+18,1.6678395e+18,
XRP,2022-11-08,1,failed,1.6679169e+18,1.6679241e+18,
XRP,2022-11-09,1,failed,1.6680033e+18,1.6680042e+18,
XRP,2022-11-10,1,hit,1.6680897e+18,,1.6680906e+18
XRP,2022-11-11,1,hit,1.6681761e+18,,1.668177e+18
XRP,2022-11-11,2,pending,,,
XRP,2022-11-14,1,hit,1.6684353e+18,,1.6684371e+18
XRP,2022-11-14,2,pending,,,
XRP,2022-11-15,1,hit,1.6685262e+18,,1.6685289e+18
XRP,2022-11-15,2,armed,1.6685379e+18,,
XRP,2022-11-16,1,hit,1.6686099e+18,,1.6686117e+18
XRP,2022-11-17,1,pending,,,
XRP,2022-11-17,2,failed,1.6686954e+18,1.6686963e+18,
XRP,2022-11-18,1,pending,,,
XRP,2022-11-18,2,hit,1.6687818e+18,,1.6687827e+18
XRP,2022-11-21,1,pending,,,
XRP,2022-11-21,2,pending,,,
XRP,2022-11-22,1,hit,1.6691265e+18,,1.6691301e+18
XRP,2022-11-22,2,pending,,,
XRP,2022-11-23,1,pending,,,
XRP,2022-11-23,2,failed,1.6692192e+18,1.669221e+18,
XRP,2022-11-24,1,pending,,,
XRP,2022-11-24,2,hit,1.6692993e+18,,1.6693002e+18
XRP,2022-11-25,1,hit,1.6693857e+18,,1.6693947e+18
XRP,2022-11-25,2,pending,,,
XRP,2022-11-28,1,failed,1.6696458e+18,1.6696494e+18,
XRP,2022-11-28,2,pending,,,
XRP,2022-11-29,1,pending,,,
XRP,2022-11-29,2,failed,1.6697385e+18,1.6697484e+18,
XRP,2022-11-30,1,failed,1.6698177e+18,1.6698294e+18,
XRP,2022-11-30,2,hit,1.6698294e+18,,1.6698303e+18
XRP,2022-12-01,1,hit,1.6699041e+18,,1.669905e+18
XRP,2022-12-01,2,pending,,,
XRP,2022-12-02,1,armed,1.6699905e+18,,
XRP,2022-12-02,2,pending,,,
XRP,2022-12-05,1,failed,1.6702515e+18,1.6702533e+18,
XRP,2022-12-05,2,pending,,,
XRP,2022-12-06,1,pending,,,
XRP,2022-12-06,2,pending,,,
XRP,2022-12-07,1,armed,1.6704225e+18,,
XRP,2022-12-08,1,armed,1.6705251e+18,,
XRP,2022-12-08,2,pending,,,
XRP,2022-12-09,1,hit,1.6705953e+18,,1.6705962e+18
XRP,2022-12-09,2,pending,,,
XRP,2022-12-12,1,pending,,,
XRP,2022-12-12,2,pending,,,
XRP,2022-12-13,1,hit,1.6709409e+18,,1.6709418e+18
XRP,2022-12-14,1,armed,1.6710444e+18,,
XRP,2022-12-14,2,pending,,,
XRP,2022-12-15,1,pending,,,
XRP,2022-12-15,2,hit,1.6711272e+18,,1.6711299e+18
XRP,2022-12-16,1,hit,1.6712082e+18,,1.6712136e+18
XRP,2022-12-19,1,pending,,,
XRP,2022-12-19,2,failed,1.6714593e+18,1.6714611e+18,
XRP,2022-12-20,1,failed,1.6715511e+18,1.6715538e+18,
XRP,2022-12-20,2,pending,,,
XRP,2022-12-21,1,pending,,,
XRP,2022-12-21,2,pending,,,
XRP,2022-12-22,1,armed,1.6717203e+18,,
XRP,2022-12-22,2,pending,,,
XRP,2022-12-23,1,pending,,,
XRP,2022-12-23,2,hit,1.6718076e+18,,1.671813e+18
XRP,2022-12-26,1,pending,,,
XRP,2022-12-26,2,hit,1.6720641e+18,,1.6720731e+18
XRP,2022-12-27,1,pending,,,
XRP,2022-12-28,1,hit,1.6722369e+18,,1.6722387e+18
XRP,2022-12-28,2,pending,,,
XRP,2022-12-29,1,pending,,,
XRP,2022-12-30,1,pending,,,
XRP,2022-12-30,2,hit,1.6724232e+18,,1.6724259e+18
XRP,2023-01-02,1,hit,1.6726743e+18,,1.6726752e+18
XRP,2023-01-03,1,pending,,,
XRP,2023-01-03,2,pending,,,
XRP,2023-01-04,1,armed,1.6728588e+18,,
XRP,2023-01-04,2,pending,,,
XRP,2023-01-05,1,failed,1.6729299e+18,1.6729308e+18,
XRP,2023-01-05,2,pending,,,
XRP,2023-01-06,1,armed,1.6730289e+18,,
XRP,2023-01-06,2,pending,,,
XRP,2023-01-09,1,pending,,,
XRP,2023-01-09,2,failed,1.6732791e+18,1.6732899e+18,
XRP,2023-01-10,1,pending,,,
XRP,2023-01-10,2,hit,1.6733601e+18,,1.6733637e+18
XRP,2023-01-11,1,pending,,,
XRP,2023-01-11,2,hit,1.6734474e+18,,1.6734483e+18
XRP,2023-01-12,1,hit,1.6735347e+18,,1.6735356e+18
XRP,2023-01-12,2,armed,1.6735464e+18,,
XRP,2023-01-13,1,pending,,,
XRP,2023-01-13,2,armed,1.6736355e+18,,
XRP,2023-01-16,1,failed,1.6738821e+18,1.6738857e+18,
XRP,2023-01-17,1,failed,1.6739721e+18,1.673973e+18,
XRP,2023-01-17,2,hit,1.6739802e+18,,1.673982e+18
XRP,2023-01-18,1,hit,1.6740576e+18,,1.6740585e+18
XRP,2023-01-18,2,failed,1.6740513e+18,1.6740567e+18,
XRP,2023-01-20,1,hit,1.6742331e+18,,1.674234e+18
XRP,2023-01-20,2,failed,1.6742241e+18,1.6742331e+18,
XRP,2023-01-23,1,pending,,,
XRP,2023-01-24,1,failed,1.6745706e+18,1.6745742e+18,
XRP,2023-01-24,2,pending,,,
XRP,2023-01-25,1,pending,,,
XRP,2023-01-25,2,pending,,,
XRP,2023-01-26,1,pending,,,
XRP,2023-01-26,2,hit,1.6747488e+18,,1.6747497e+18
XRP,2023-01-27,1,pending,,,
XRP,2023-01-27,2,hit,1.6748406e+18,,1.6748424e+18
XRP,2023-01-30,1,armed,1.6750935e+18,,
XRP,2023-01-30,2,pending,,,
XRP,2023-01-31,1,armed,1.6751763e+18,,
XRP,2023-01-31,2,pending,,,
XRP,2023-02-01,1,hit,1.6752672e+18,,1.6752753e+18
XRP,2023-02-01,2,pending,,,
XRP,2023-02-02,1,failed,1.67535e+18,1.6753563e+18,
XRP,2023-02-02,2,hit,1.6753626e+18,,1.6753635e+18
XRP,2023-02-03,1,hit,1.6754337e+18,,1.6754346e+18
XRP,2023-02-03,2,pending,,,
XRP,2023-02-06,1,hit,1.6756992e+18,,1.675701e+18
XRP,2023-02-06,2,pending,,,
XRP,2023-02-07,1,failed,1.6757928e+18,1.6757946e+18,
XRP,2023-02-07,2,pending,,,
XRP,2023-02-08,1,hit,1.6758693e+18,,1.6758711e+18
XRP,2023-02-08,2,pending,,,
XRP,2023-02-09,1,hit,1.675953e+18,,1.6759539e+18
XRP,2023-02-09,2,pending,,,
XRP,2023-02-10,1,pending,,,
XRP,2023-02-10,2,hit,1.6760439e+18,,1.6760448e+18
XRP,2023-02-13,1,failed,1.6763004e+18,1.676304e+18,
XRP,2023-02-13,2,pending,,,
XRP,2023-02-14,1,pending,,,
XRP,2023-02-14,2,hit,1.6763859e+18,,1.6763868e+18
XRP,2023-02-15,1,pending,,,
XRP,2023-02-15,2,pending,,,
XRP,2023-02-16,1,failed,1.6765578e+18,1.6765605e+18,
XRP,2023-02-16,2,hit,1.6765623e+18,,1.6765632e+18
XRP,2023-02-17,1,failed,1.6766451e+18,1.676646e+18,
XRP,2023-02-17,2,pending,,,
XRP,2023-02-20,1,hit,1.6769025e+18,,1.6769034e+18
XRP,2023-02-20,2,pending,,,
XRP,2023-02-21,1,pending,,,
XRP,2023-02-21,2,hit,1.6769925e+18,,1.6769943e+18
XRP,2023-02-22,1,failed,1.6770753e+18,1.677078e+18,
XRP,2023-02-22,2,hit,1.677078e+18,,1.6770825e+18
XRP,2023-02-23,1,hit,1.6771653e+18,,1.6771716e+18
XRP,2023-02-23,2,pending,,,
XRP,2023-02-24,1,hit,1.6772481e+18,,1.677249e+18
XRP,2023-02-24,2,pending,,,
XRP,2023-02-27,1,hit,1.6775073e+18,,1.6775082e+18
XRP,2023-02-27,2,pending,,,
XRP,2023-02-28,1,failed,1.6775937e+18,1.6776072e+18,
XRP,2023-02-28,2,hit,1.677609e+18,,1.6776099e+18
XRP,2023-03-01,1,armed,1.6776972e+18,,
XRP,2023-03-01,2,failed,1.6776801e+18,1.6776855e+18,
XRP,2023-03-02,1,pending,,,
XRP,2023-03-02,2,failed,1.6777665e+18,1.6777836e+18,
XRP,2023-03-03,1,pending,,,
XRP,2023-03-06,1,pending,,,
XRP,2023-03-06,2,hit,1.678113e+18,,1.6781184e+18
XRP,2023-03-07,1,pending,,,
XRP,2023-03-07,2,hit,1.6781994e+18,,1.6782003e+18
XRP,2023-03-08,1,failed,1.6782849e+18,1.6782867e+18,
XRP,2023-03-08,2,pending,,,
XRP,2023-03-09,1,pending,,,
XRP,2023-03-10,1,pending,,,
XRP,2023-03-10,2,pending,,,
XRP,2023-03-13,1,failed,1.6787151e+18,1.678716e+18,
XRP,2023-03-14,1,pending,,,
XRP,2023-03-14,2,hit,1.6787997e+18,,1.6788006e+18
XRP,2023-03-15,1,hit,1.6788888e+18,,1.6788915e+18
XRP,2023-03-15,2,pending,,,
XRP,2023-03-16,1,failed,1.6789734e+18,1.6789752e+18,
XRP,2023-03-16,2,pending,,,
XRP,2023-03-17,1,failed,1.6790607e+18,1.6790616e+18,
XRP,2023-03-20,1,pending,,,
XRP,2023-03-20,2,hit,1.6793199e+18,,1.6793316e+18
XRP,2023-03-21,1,pending,,,
XRP,2023-03-21,2,hit,1.6794045e+18,,1.6794054e+18
XRP,2023-03-22,1,hit,1.679499e+18,,1.6794999e+18
XRP,2023-03-23,1,failed,1.6795908e+18,1.6795917e+18,
XRP,2023-03-24,1,failed,1.67967e+18,1.6796745e+18,
XRP,2023-03-24,2,pending,,,
XRP,2023-03-27,1,hit,1.6799229e+18,,1.6799238e+18
XRP,2023-03-28,1,hit,1.6800147e+18,,1.6800156e+18
XRP,2023-03-28,2,pending,,,
XRP,2023-03-29,1,pending,,,
XRP,2023-03-29,2,hit,1.6800957e+18,,1.6800966e+18
XRP,2023-03-30,1,hit,1.6801821e+18,,1.6801965e+18
XRP,2023-03-30,2,pending,,,
XRP,2023-03-31,1,failed,1.6802775e+18,1.6802802e+18,
XRP,2023-03-31,2,armed,1.6802694e+18,,
XRP,2023-04-03,1,pending,,,
XRP,2023-04-03,2,pending,,,
XRP,2023-04-04,1,hit,1.6806141e+18,,1.680615e+18
XRP,2023-04-04,2,pending,,,
XRP,2023-04-05,1,pending,,,
XRP,2023-04-05,2,hit,1.6807041e+18,,1.6807095e+18
XRP,2023-04-06,1,hit,1.6807905e+18,,1.680795e+18
XRP,2023-04-06,2,failed,1.6807887e+18,1.6807905e+18,
XRP,2023-04-07,1,pending,,,
XRP,2023-04-07,2,armed,1.6808886e+18,,
XRP,2023-04-10,1,hit,1.681146e+18,,1.6811469e+18
XRP,2023-04-11,1,pending,,,
XRP,2023-04-11,2,hit,1.6812243e+18,,1.6812252e+18
XRP,2023-04-12,1,pending,,,
XRP,2023-04-12,2,pending,,,
XRP,2023-04-13,1,failed,1.6813971e+18,1.6814052e+18,
XRP,2023-04-13,2,pending,,,
XRP,2023-04-14,1,hit,1.6814781e+18,,1.6814853e+18
XRP,2023-04-17,1,pending,,,
XRP,2023-04-17,2,hit,1.6817463e+18,,1.6817472e+18
XRP,2023-04-18,1,failed,1.6818237e+18,1.6818345e+18,
XRP,2023-04-18,2,hit,1.6818255e+18,,1.6818264e+18
XRP,2023-04-19,1,failed,1.6819155e+18,1.6819191e+18,
XRP,2023-04-20,1,hit,1.6819965e+18,,1.6819992e+18
XRP,2023-04-20,2,hit,1.6820055e+18,,1.6820073e+18
XRP,2023-04-21,1,pending,,,
XRP,2023-04-21,2,hit,1.6820892e+18,,1.6820901e+18
XRP,2023-04-24,1,hit,1.6823421e+18,,1.6823538e+18
XRP,2023-04-24,2,pending,,,
XRP,2023-04-25,1,armed,1.6824456e+18,,
XRP,2023-04-25,2,pending,,,
XRP,2023-04-26,1,armed,1.6825149e+18,,
XRP,2023-04-26,2,pending,,,
XRP,2023-04-27,1,pending,,,
XRP,2023-04-27,2,hit,1.6826094e+18,,1.6826175e+18
XRP,2023-04-28,1,hit,1.6826895e+18,,1.6826904e+18
XRP,2023-05-01,1,armed,1.682955e+18,,
XRP,2023-05-01,2,pending,,,
XRP,2023-05-02,1,pending,,,
XRP,2023-05-02,2,armed,1.6830468e+18,,
XRP,2023-05-03,1,pending,,,
XRP,2023-05-03,2,armed,1.6831197e+18,,
XRP,2023-05-04,1,pending,,,
XRP,2023-05-04,2,armed,1.6832079e+18,,
XRP,2023-05-05,1,hit,1.6832925e+18,,1.6832934e+18
XRP,2023-05-08,1,pending,,,
XRP,2023-05-09,1,pending,,,
XRP,2023-05-09,2,pending,,,
XRP,2023-05-10,1,hit,1.6837245e+18,,1.6837254e+18
XRP,2023-05-10,2,armed,1.6837398e+18,,
XRP,2023-05-11,1,hit,1.6838136e+18,,1.6838163e+18
XRP,2023-05-11,2,pending,,,
XRP,2023-05-12,1,pending,,,
XRP,2023-05-12,2,pending,,,
XRP,2023-05-15,1,pending,,,
XRP,2023-05-15,2,failed,1.6841601e+18,1.6841646e+18,
XRP,2023-05-16,1,armed,1.6842456e+18,,
XRP,2023-05-16,2,pending,,,
XRP,2023-05-17,1,hit,1.6843329e+18,,1.6843347e+18
XRP,2023-05-17,2,pending,,,
XRP,2023-05-18,1,hit,1.6844229e+18,,1.6844319e+18
XRP,2023-05-18,2,pending,,,
XRP,2023-05-19,1,pending,,,
XRP,2023-05-19,2,hit,1.6845084e+18,,1.6845093e+18
XRP,2023-05-22,1,pending,,,
XRP,2023-05-22,2,hit,1.6847649e+18,,1.6847694e+18
XRP,2023-05-23,1,hit,1.6848495e+18,,1.6848612e+18
XRP,2023-05-23,2,pending,,,
XRP,2023-05-24,1,pending,,,
XRP,2023-05-24,2,hit,1.6849368e+18,,1.6849458e+18
XRP,2023-05-25,1,pending,,,
XRP,2023-05-25,2,armed,1.6850286e+18,,
XRP,2023-05-26,1,pending,,,
XRP,2023-05-29,1,failed,1.685376e+18,1.6853805e+18,
XRP,2023-05-29,2,failed,1.6853697e+18,1.6853715e+18,
XRP,2023-05-30,1,hit,1.6854525e+18,,1.6854579e+18
XRP,2023-05-30,2,hit,1.6854633e+18,,1.6854642e+18
XRP,2023-05-31,1,armed,1.6855434e+18,,
XRP,2023-05-31,2,pending,,,
XRP,2023-06-01,1,pending,,,
XRP,2023-06-01,2,pending,,,
XRP,2023-06-02,1,pending,,,
XRP,2023-06-02,2,armed,1.6857189e+18,,
XRP,2023-06-05,1,hit,1.685979e+18,,1.6859799e+18
XRP,2023-06-05,2,failed,1.6859763e+18,1.6859781e+18,
XRP,2023-06-06,1,failed,1.6860573e+18,1.68606e+18,
XRP,2023-06-06,2,hit,1.6860609e+18,,1.6860618e+18
XRP,2023-06-07,1,hit,1.6861437e+18,,1.6861455e+18
XRP,2023-06-07,2,pending,,,
XRP,2023-06-08,1,hit,1.6862301e+18,,1.6862391e+18
XRP,2023-06-08,2,pending,,,
XRP,2023-06-09,1,pending,,,
XRP,2023-06-09,2,hit,1.6863165e+18,,1.6863174e+18
XRP,2023-06-12,1,pending,,,
XRP,2023-06-13,1,hit,1.6866621e+18,,1.686663e+18
XRP,2023-06-13,2,pending,,,
XRP,2023-06-14,1,armed,1.6867494e+18,,
XRP,2023-06-14,2,pending,,,
XRP,2023-06-15,1,hit,1.6868358e+18,,1.6868367e+18
XRP,2023-06-16,1,pending,,,
XRP,2023-06-16,2,armed,1.6869366e+18,,
XRP,2023-06-19,1,failed,1.6871805e+18,1.687185e+18,
XRP,2023-06-19,2,failed,1.6871886e+18,1.6871904e+18,
XRP,2023-06-20,1,hit,1.6872696e+18,,1.6872705e+18
XRP,2023-06-21,1,failed,1.6873605e+18,1.6873677e+18,
XRP,2023-06-21,2,pending,,,
XRP,2023-06-22,1,failed,1.6874406e+18,1.6874451e+18,
XRP,2023-06-22,2,pending,,,
XRP,2023-06-23,1,hit,1.687527e+18,,1.6875279e+18
XRP,2023-06-23,2,hit,1.6875351e+18,,1.6875432e+18
XRP,2023-06-26,1,pending,,,
XRP,2023-06-26,2,hit,1.6877988e+18,,1.6877997e+18
XRP,2023-06-27,1,pending,,,
XRP,2023-06-27,2,hit,1.6878798e+18,,1.6878807e+18
XRP,2023-06-28,1,armed,1.6879725e+18,,
XRP,2023-06-28,2,pending,,,
XRP,2023-06-29,1,pending,,,
XRP,2023-06-29,2,hit,1.6880445e+18,,1.6880598e+18
XRP,2023-06-30,1,failed,1.6881309e+18,1.6881327e+18,
XRP,2023-06-30,2,hit,1.6881327e+18,,1.6881336e+18
XRP,2023-07-03,1,failed,1.6883901e+18,1.6884054e+18,
XRP,2023-07-03,2,armed,1.6884054e+18,,
XRP,2023-07-04,1,failed,1.6884855e+18,1.6884936e+18,
XRP,2023-07-04,2,pending,,,
XRP,2023-07-05,1,pending,,,
XRP,2023-07-05,2,pending,,,
XRP,2023-07-06,1,pending,,,
XRP,2023-07-06,2,hit,1.6886511e+18,,1.6886529e+18
XRP,2023-07-07,1,pending,,,
XRP,2023-07-07,2,pending,,,
XRP,2023-07-10,1,armed,1.6889958e+18,,
XRP,2023-07-10,2,pending,,,
XRP,2023-07-11,1,pending,,,
XRP,2023-07-11,2,pending,,,
XRP,2023-07-12,1,hit,1.6891695e+18,,1.6891785e+18
XRP,2023-07-12,2,pending,,,
XRP,2023-07-13,1,pending,,,
XRP,2023-07-13,2,hit,1.6892622e+18,,1.6892631e+18
XRP,2023-07-14,1,pending,,,
XRP,2023-07-17,1,hit,1.6896006e+18,,1.6896105e+18
XRP,2023-07-17,2,failed,1.6896141e+18,1.689615e+18,
XRP,2023-07-18,1,pending,,,
XRP,2023-07-18,2,armed,1.6896861e+18,,
XRP,2023-07-19,1,pending,,,
XRP,2023-07-19,2,pending,,,
XRP,2023-07-20,1,failed,1.6898589e+18,1.6898625e+18,
XRP,2023-07-20,2,armed,1.6898643e+18,,
XRP,2023-07-21,1,pending,,,
XRP,2023-07-21,2,pending,,,
XRP,2023-07-24,1,pending,,,
XRP,2023-07-24,2,failed,1.6902108e+18,1.6902153e+18,
XRP,2023-07-25,1,pending,,,
XRP,2023-07-25,2,hit,1.6902918e+18,,1.6902927e+18
XRP,2023-07-26,1,pending,,,
XRP,2023-07-26,2,armed,1.6903773e+18,,
XRP,2023-07-27,1,hit,1.6904736e+18,,1.6904763e+18
XRP,2023-07-27,2,failed,1.6904637e+18,1.6904736e+18,
XRP,2023-07-28,1,hit,1.6905501e+18,,1.6905546e+18
XRP,2023-07-28,2,pending,,,
XRP,2023-07-31,1,hit,1.6908156e+18,,1.6908183e+18
XRP,2023-07-31,2,failed,1.6908093e+18,1.690812e+18,
XRP,2023-08-01,1,pending,,,
XRP,2023-08-01,2,armed,1.6908957e+18,,
XRP,2023-08-02,1,pending,,,
XRP,2023-08-02,2,hit,1.6909857e+18,,1.6909956e+18
XRP,2023-08-03,1,armed,1.6910739e+18,,
XRP,2023-08-03,2,pending,,,
XRP,2023-08-04,1,hit,1.6911549e+18,,1.6911558e+18
XRP,2023-08-04,2,pending,,,
XRP,2023-08-07,1,pending,,,
XRP,2023-08-08,1,pending,,,
XRP,2023-08-08,2,hit,1.6915005e+18,,1.6915014e+18
XRP,2023-08-09,1,hit,1.6915869e+18,,1.6915878e+18
XRP,2023-08-09,2,pending,,,
XRP,2023-08-10,1,hit,1.6916733e+18,,1.6916742e+18
XRP,2023-08-10,2,pending,,,
XRP,2023-08-11,1,hit,1.6917687e+18,,1.6917723e+18
XRP,2023-08-11,2,pending,,,
XRP,2023-08-14,1,armed,1.6920225e+18,,
XRP,2023-08-14,2,pending,,,
XRP,2023-08-15,1,armed,1.6921143e+18,,
XRP,2023-08-15,2,pending,,,
XRP,2023-08-16,1,hit,1.6921917e+18,,1.6921926e+18
XRP,2023-08-17,1,pending,,,
XRP,2023-08-17,2,hit,1.692288e+18,,1.6922889e+18
XRP,2023-08-18,1,pending,,,
XRP,2023-08-18,2,failed,1.6923645e+18,1.6923717e+18,
XRP,2023-08-21,1,pending,,,
XRP,2023-08-21,2,hit,1.6926318e+18,,1.6926327e+18
XRP,2023-08-22,1,hit,1.6927128e+18,,1.6927263e+18
XRP,2023-08-22,2,pending,,,
XRP,2023-08-23,1,hit,1.6927992e+18,,1.6928019e+18
XRP,2023-08-23,2,pending,,,
XRP,2023-08-24,1,hit,1.6928838e+18,,1.6928874e+18
XRP,2023-08-24,2,pending,,,
XRP,2023-08-25,1,failed,1.6929711e+18,1.692972e+18,
XRP,2023-08-25,2,pending,,,
XRP,2023-08-28,1,pending,,,
XRP,2023-08-28,2,armed,1.6932303e+18,,
XRP,2023-08-29,1,pending,,,
XRP,2023-08-29,2,hit,1.6933185e+18,,1.6933194e+18
XRP,2023-08-30,1,failed,1.6934031e+18,1.6934049e+18,
XRP,2023-08-30,2,failed,1.6934013e+18,1.6934031e+18,
XRP,2023-08-31,1,hit,1.6934913e+18,,1.6934931e+18
XRP,2023-08-31,2,pending,,,
XRP,2023-09-01,1,hit,1.6935804e+18,,1.6935876e+18
XRP,2023-09-01,2,pending,,,
XRP,2023-09-04,1,armed,1.6938477e+18,,
XRP,2023-09-04,2,failed,1.6938405e+18,1.6938432e+18,
XRP,2023-09-05,1,pending,,,
XRP,2023-09-05,2,failed,1.6939224e+18,1.6939269e+18,
XRP,2023-09-06,1,pending,,,
XRP,2023-09-07,1,armed,1.6941033e+18,,
XRP,2023-09-07,2,pending,,,
XRP,2023-09-08,1,armed,1.6941798e+18,,
XRP,2023-09-08,2,pending,,,
XRP,2023-09-11,1,armed,1.6944381e+18,,
XRP,2023-09-12,1,pending,,,
XRP,2023-09-12,2,armed,1.6945272e+18,,
XRP,2023-09-13,1,pending,,,
XRP,2023-09-13,2,hit,1.6946109e+18,,1.6946118e+18
XRP,2023-09-14,1,pending,,,
XRP,2023-09-14,2,armed,1.6947018e+18,,
XRP,2023-09-15,1,failed,1.69479e+18,1.6947918e+18,
XRP,2023-09-15,2,armed,1.6947972e+18,,
XRP,2023-09-18,1,failed,1.6950447e+18,1.69506e+18,
XRP,2023-09-18,2,armed,1.69506e+18,,
XRP,2023-09-19,1,pending,,,
XRP,2023-09-19,2,armed,1.6951374e+18,,
XRP,2023-09-20,1,armed,1.6952256e+18,,
XRP,2023-09-20,2,failed,1.6952157e+18,1.6952247e+18,
XRP,2023-09-21,1,armed,1.6953165e+18,,
XRP,2023-09-21,2,pending,,,
XRP,2023-09-22,1,hit,1.6953885e+18,,1.6954056e+18
XRP,2023-09-22,2,pending,,,
XRP,2023-09-25,1,pending,,,
XRP,2023-09-25,2,hit,1.6956558e+18,,1.6956585e+18
XRP,2023-09-26,1,pending,,,
XRP,2023-09-26,2,pending,,,
XRP,2023-09-27,1,pending,,,
XRP,2023-09-27,2,armed,1.6958259e+18,,
XRP,2023-09-28,1,pending,,,
XRP,2023-09-28,2,hit,1.6959123e+18,,1.6959186e+18
XRP,2023-09-29,1,pending,,,
XRP,2023-09-29,2,hit,1.6959933e+18,,1.6959942e+18
XRP,2023-10-02,1,failed,1.6962624e+18,1.6962687e+18,
XRP,2023-10-02,2,failed,1.6962552e+18,1.6962561e+18,
XRP,2023-10-03,1,pending,,,
XRP,2023-10-03,2,failed,1.6963407e+18,1.6963479e+18,
XRP,2023-10-04,1,pending,,,
XRP,2023-10-04,2,failed,1.6964352e+18,1.6964388e+18,
XRP,2023-10-05,1,hit,1.6965207e+18,,1.6965216e+18
XRP,2023-10-06,1,armed,1.6966062e+18,,
XRP,2023-10-06,2,failed,1.6965981e+18,1.6966053e+18,
XRP,2023-10-09,1,failed,1.6968573e+18,1.6968681e+18,
XRP,2023-10-10,1,failed,1.6969455e+18,1.6969482e+18,
XRP,2023-10-10,2,pending,,,
XRP,2023-10-11,1,failed,1.6970436e+18,1.6970445e+18,
XRP,2023-10-11,2,pending,,,
XRP,2023-10-12,1,hit,1.6971165e+18,,1.6971183e+18
XRP,2023-10-13,1,hit,1.6972029e+18,,1.6972047e+18
XRP,2023-10-13,2,pending,,,
XRP,2023-10-16,1,failed,1.697463e+18,1.6974657e+18,
XRP,2023-10-16,2,pending,,,
XRP,2023-10-17,1,armed,1.6975512e+18,,
XRP,2023-10-17,2,pending,,,
XRP,2023-10-18,1,armed,1.6976511e+18,,
XRP,2023-10-18,2,armed,1.6976349e+18,,
XRP,2023-10-19,1,hit,1.6977276e+18,,1.697733e+18
XRP,2023-10-19,2,pending,,,
XRP,2023-10-20,1,hit,1.6978158e+18,,1.6978167e+18
XRP,2023-10-23,1,failed,1.698075e+18,1.6980768e+18,
XRP,2023-10-23,2,failed,1.6980678e+18,1.698075e+18,
XRP,2023-10-24,1,failed,1.6981623e+18,1.6981632e+18,
XRP,2023-10-24,2,hit,1.6981533e+18,,1.6981542e+18
XRP,2023-10-25,1,pending,,,
XRP,2023-10-25,2,failed,1.6982505e+18,1.6982514e+18,
XRP,2023-10-26,1,failed,1.6983261e+18,1.698327e+18,
XRP,2023-10-26,2,hit,1.6983288e+18,,1.6983315e+18
XRP,2023-10-27,1,hit,1.6984125e+18,,1.6984224e+18
XRP,2023-10-27,2,hit,1.6984269e+18,,1.6984287e+18
XRP,2023-10-30,1,pending,,,
XRP,2023-10-30,2,hit,1.6986735e+18,,1.6986744e+18
XRP,2023-10-31,1,failed,1.6987599e+18,1.6987743e+18,
XRP,2023-11-01,1,hit,1.6988499e+18,,1.6988508e+18
XRP,2023-11-01,2,pending,,,
XRP,2023-11-02,1,hit,1.6989309e+18,,1.6989372e+18
XRP,2023-11-02,2,pending,,,
XRP,2023-11-03,1,pending,,,
XRP,2023-11-03,2,hit,1.6990173e+18,,1.69902e+18
XRP,2023-11-06,1,armed,1.6992873e+18,,
XRP,2023-11-06,2,failed,1.6992801e+18,1.6992873e+18,
XRP,2023-11-07,1,pending,,,
XRP,2023-11-08,1,hit,1.6994529e+18,,1.6994547e+18
XRP,2023-11-08,2,pending,,,
XRP,2023-11-09,1,hit,1.6995465e+18,,1.6995474e+18
XRP,2023-11-09,2,hit,1.6995393e+18,,1.6995411e+18
XRP,2023-11-10,1,failed,1.6996338e+18,1.6996365e+18,
XRP,2023-11-10,2,failed,1.6996257e+18,1.6996329e+18,
XRP,2023-11-13,1,failed,1.6998867e+18,1.699893e+18,
XRP,2023-11-13,2,pending,,,
XRP,2023-11-14,1,hit,1.6999848e+18,,1.6999857e+18
XRP,2023-11-15,1,pending,,,
XRP,2023-11-15,2,armed,1.7000748e+18,,
XRP,2023-11-16,1,hit,1.7001441e+18,,1.7001504e+18
XRP,2023-11-16,2,pending,,,
XRP,2023-11-17,1,hit,1.7002305e+18,,1.7002323e+18
XRP,2023-11-17,2,pending,,,
XRP,2023-11-20,1,hit,1.7004897e+18,,1.7004996e+18
XRP,2023-11-20,2,pending,,,
XRP,2023-11-21,1,hit,1.7005761e+18,,1.700577e+18
XRP,2023-11-21,2,pending,,,
XRP,2023-11-22,1,hit,1.700676e+18,,1.7006769e+18
XRP,2023-11-23,1,pending,,,
XRP,2023-11-23,2,armed,1.7007561e+18,,
XRP,2023-11-24,1,failed,1.7008362e+18,1.7008389e+18,
XRP,2023-11-24,2,hit,1.7008389e+18,,1.7008398e+18
XRP,2023-11-27,1,pending,,,
XRP,2023-11-27,2,hit,1.7010954e+18,,1.7011008e+18
XRP,2023-11-28,1,hit,1.7011809e+18,,1.7011818e+18
XRP,2023-11-28,2,pending,,,
XRP,2023-11-29,1,hit,1.7012691e+18,,1.70127e+18
XRP,2023-11-29,2,pending,,,
XRP,2023-11-30,1,pending,,,
XRP,2023-11-30,2,armed,1.7013537e+18,,
XRP,2023-12-01,1,hit,1.7014482e+18,,1.7014491e+18
XRP,2023-12-01,2,failed,1.7014446e+18,1.7014473e+18,
XRP,2023-12-04,1,hit,1.7016993e+18,,1.7017002e+18
XRP,2023-12-05,1,failed,1.7017857e+18,1.7017902e+18,
XRP,2023-12-06,1,pending,,,
XRP,2023-12-06,2,pending,,,
XRP,2023-12-08,1,failed,1.7020449e+18,1.7020467e+18,
XRP,2023-12-08,2,hit,1.7020494e+18,,1.7020512e+18
XRP,2023-12-11,1,hit,1.702305e+18,,1.7023185e+18
XRP,2023-12-12,1,hit,1.7023932e+18,,1.7023941e+18
XRP,2023-12-12,2,pending,,,
XRP,2023-12-13,1,hit,1.7024769e+18,,1.7024805e+18
XRP,2023-12-14,1,hit,1.7025633e+18,,1.7025642e+18
XRP,2023-12-14,2,pending,,,
XRP,2023-12-15,1,pending,,,
XRP,2023-12-15,2,armed,1.7026497e+18,,
XRP,2023-12-18,1,pending,,,
XRP,2023-12-18,2,hit,1.7029089e+18,,1.7029098e+18
XRP,2023-12-19,1,hit,1.702998e+18,,1.7030088e+18
XRP,2023-12-19,2,pending,,,
XRP,2023-12-20,1,pending,,,
XRP,2023-12-20,2,hit,1.7030817e+18,,1.7030826e+18
XRP,2023-12-21,1,pending,,,
XRP,2023-12-21,2,armed,1.7031681e+18,,
XRP,2023-12-22,1,failed,1.7032554e+18,1.7032572e+18,
XRP,2023-12-22,2,failed,1.7032626e+18,1.7032635e+18,
XRP,2023-12-25,1,armed,1.7035137e+18,,
XRP,2023-12-25,2,pending,,,
XRP,2023-12-26,1,hit,1.7036001e+18,,1.7036064e+18
XRP,2023-12-27,1,pending,,,
XRP,2023-12-27,2,hit,1.7036865e+18,,1.7036919e+18
XRP,2023-12-28,1,hit,1.7037738e+18,,1.7037747e+18
XRP,2023-12-28,2,pending,,,
XRP,2023-12-29,1,failed,1.7038611e+18,1.7038638e+18,
XRP,2023-12-29,2,hit,1.7038647e+18,,1.7038656e+18
XRP,2024-01-01,1,hit,1.704123e+18,,1.7041239e+18
XRP,2024-01-01,2,pending,,,
XRP,2024-01-02,1,failed,1.7042049e+18,1.7042076e+18,
XRP,2024-01-02,2,hit,1.7042067e+18,,1.7042076e+18
XRP,2024-01-03,1,pending,,,
XRP,2024-01-04,1,hit,1.7043786e+18,,1.7043795e+18
XRP,2024-01-05,1,hit,1.7044641e+18,,1.704465e+18
XRP,2024-01-08,1,hit,1.7047368e+18,,1.7047386e+18
XRP,2024-01-09,1,pending,,,
XRP,2024-01-09,2,failed,1.7048097e+18,1.7048124e+18,
XRP,2024-01-10,1,pending,,,
XRP,2024-01-11,1,hit,1.7049834e+18,,1.7049879e+18
XRP,2024-01-11,2,pending,,,
XRP,2024-01-12,1,hit,1.7050743e+18,,1.7050788e+18
XRP,2024-01-12,2,failed,1.7050698e+18,1.7050707e+18,
XRP,2024-01-15,1,hit,1.705329e+18,,1.7053299e+18
XRP,2024-01-15,2,armed,1.7053434e+18,,
XRP,2024-01-16,1,hit,1.7054145e+18,,1.7054163e+18
XRP,2024-01-16,2,pending,,,
XRP,2024-01-17,1,pending,,,
XRP,2024-01-17,2,hit,1.7055009e+18,,1.705509e+18
XRP,2024-01-18,1,failed,1.7055873e+18,1.7055963e+18,
XRP,2024-01-18,2,hit,1.7055963e+18,,1.7055972e+18
XRP,2024-01-19,1,hit,1.7056737e+18,,1.7056764e+18
XRP,2024-01-19,2,pending,,,
XRP,2024-01-22,1,hit,1.7059338e+18,,1.7059374e+18
XRP,2024-01-23,1,failed,1.7060193e+18,1.706022e+18,
XRP,2024-01-23,2,failed,1.7060247e+18,1.7060265e+18,
XRP,2024-01-24,1,pending,,,
XRP,2024-01-24,2,pending,,,
XRP,2024-01-25,1,failed,1.7062029e+18,1.7062065e+18,
XRP,2024-01-25,2,hit,1.7062065e+18,,1.7062074e+18
XRP,2024-01-26,1,pending,,,
XRP,2024-01-26,2,hit,1.7062875e+18,,1.7062929e+18
XRP,2024-01-29,1,hit,1.7065467e+18,,1.7065494e+18
XRP,2024-01-29,2,failed,1.7065377e+18,1.706544e+18,
XRP,2024-01-30,1,armed,1.7066241e+18,,
XRP,2024-01-30,2,pending,,,
XRP,2024-01-31,1,failed,1.7067186e+18,1.7067213e+18,
XRP,2024-01-31,2,failed,1.7067105e+18,1.7067177e+18,
XRP,2024-02-01,1,hit,1.7068086e+18,,1.7068095e+18
XRP,2024-02-02,1,hit,1.7068833e+18,,1.7068842e+18
XRP,2024-02-02,2,pending,,,
XRP,2024-02-05,1,failed,1.7071488e+18,1.7071524e+18,
XRP,2024-02-05,2,failed,1.7071434e+18,1.707147e+18,
XRP,2024-02-06,1,armed,1.707246e+18,,
XRP,2024-02-06,2,pending,,,
XRP,2024-02-07,1,hit,1.7073252e+18,,1.707327e+18
XRP,2024-02-07,2,pending,,,
XRP,2024-02-08,1,pending,,,
XRP,2024-02-08,2,hit,1.7074017e+18,,1.7074026e+18
XRP,2024-02-09,1,pending,,,
XRP,2024-02-12,1,pending,,,
XRP,2024-02-12,2,hit,1.7077491e+18,,1.70775e+18
XRP,2024-02-13,1,pending,,,
XRP,2024-02-13,2,hit,1.7078337e+18,,1.7078364e+18
XRP,2024-02-14,1,hit,1.7079201e+18,,1.707921e+18
XRP,2024-02-14,2,pending,,,
XRP,2024-02-15,1,pending,,,
XRP,2024-02-15,2,pending,,,
XRP,2024-02-16,1,hit,1.7080929e+18,,1.7080956e+18
XRP,2024-02-16,2,pending,,,
XRP,2024-02-19,1,failed,1.7083611e+18,1.708362e+18,
XRP,2024-02-19,2,failed,1.7083548e+18,1.7083602e+18,
XRP,2024-02-20,1,pending,,,
XRP,2024-02-20,2,hit,1.7084403e+18,,1.708443e+18
XRP,2024-02-21,1,pending,,,
XRP,2024-02-21,2,failed,1.7085258e+18,1.7085294e+18,
XRP,2024-02-22,1,pending,,,
XRP,2024-02-22,2,pending,,,
XRP,2024-02-23,1,failed,1.7087049e+18,1.7087076e+18,
XRP,2024-02-23,2,failed,1.7087004e+18,1.7087022e+18,
XRP,2024-02-26,1,pending,,,
XRP,2024-02-27,1,hit,1.7090433e+18,,1.7090469e+18
XRP,2024-02-27,2,pending,,,
XRP,2024-02-28,1,hit,1.7091423e+18,,1.7091432e+18
XRP,2024-02-28,2,hit,1.7091297e+18,,1.7091378e+18
XRP,2024-02-29,1,hit,1.7092161e+18,,1.7092224e+18
XRP,2024-03-01,1,failed,1.709307e+18,1.7093133e+18,
XRP,2024-03-01,2,pending,,,
XRP,2024-03-04,1,hit,1.7095716e+18,,1.7095752e+18
XRP,2024-03-04,2,pending,,,
XRP,2024-03-05,1,pending,,,
XRP,2024-03-05,2,hit,1.7096481e+18,,1.709649e+18
XRP,2024-03-06,1,failed,1.7097363e+18,1.7097426e+18,
XRP,2024-03-07,1,pending,,,
XRP,2024-03-07,2,armed,1.7098218e+18,,
XRP,2024-03-08,1,hit,1.70991e+18,,1.7099127e+18
XRP,2024-03-08,2,pending,,,
XRP,2024-03-11,1,hit,1.7101719e+18,,1.7101728e+18
XRP,2024-03-11,2,failed,1.7101656e+18,1.7101701e+18,
XRP,2024-03-12,1,pending,,,
XRP,2024-03-12,2,hit,1.7102511e+18,,1.7102637e+18
XRP,2024-03-13,1,hit,1.7103366e+18,,1.7103375e+18
XRP,2024-03-13,2,pending,,,
XRP,2024-03-14,1,pending,,,
XRP,2024-03-14,2,failed,1.7104248e+18,1.7104284e+18,
XRP,2024-03-15,1,pending,,,
XRP,2024-03-15,2,failed,1.7105193e+18,1.7105202e+18,
XRP,2024-03-18,1,pending,,,
XRP,2024-03-18,2,hit,1.7107677e+18,,1.7107731e+18
XRP,2024-03-19,1,pending,,,
XRP,2024-03-19,2,armed,1.7108541e+18,,
XRP,2024-03-20,1,hit,1.7109522e+18,,1.7109531e+18
XRP,2024-03-20,2,pending,,,
XRP,2024-03-21,1,pending,,,
XRP,2024-03-21,2,hit,1.7110287e+18,,1.7110296e+18
XRP,2024-03-22,1,armed,1.7111133e+18,,
XRP,2024-03-22,2,pending,,,
XRP,2024-03-25,1,pending,,,
XRP,2024-03-25,2,hit,1.7113752e+18,,1.7113761e+18
XRP,2024-03-26,1,pending,,,
XRP,2024-03-26,2,hit,1.7114607e+18,,1.7114616e+18
XRP,2024-03-27,1,failed,1.7115453e+18,1.711548e+18,
XRP,2024-03-27,2,hit,1.711548e+18,,1.7115552e+18
XRP,2024-03-28,1,failed,1.7116317e+18,1.7116326e+18,
XRP,2024-03-28,2,hit,1.7116452e+18,,1.7116461e+18
XRP,2024-03-29,1,hit,1.7117217e+18,,1.7117226e+18
XRP,2024-03-29,2,pending,,,
XRP,2024-04-01,1,failed,1.7119773e+18,1.7119827e+18,
XRP,2024-04-01,2,failed,1.7119845e+18,1.7119908e+18,
XRP,2024-04-02,1,pending,,,
XRP,2024-04-02,2,failed,1.7120682e+18,1.7120736e+18,
XRP,2024-04-03,1,pending,,,
XRP,2024-04-03,2,hit,1.712151e+18,,1.7121519e+18
XRP,2024-04-04,1,pending,,,
XRP,2024-04-04,2,hit,1.7122365e+18,,1.7122374e+18
XRP,2024-04-05,1,pending,,,
XRP,2024-04-08,1,pending,,,
XRP,2024-04-08,2,hit,1.7125848e+18,,1.7125857e+18
XRP,2024-04-09,1,hit,1.7126685e+18,,1.7126694e+18
XRP,2024-04-09,2,hit,1.7126739e+18,,1.7126829e+18
XRP,2024-04-10,1,hit,1.7127549e+18,,1.7127558e+18
XRP,2024-04-10,2,armed,1.7127684e+18,,
XRP,2024-04-11,1,failed,1.7128413e+18,1.7128458e+18,
XRP,2024-04-11,2,failed,1.7128458e+18,1.7128557e+18,
XRP,2024-04-12,1,hit,1.7129277e+18,,1.7129286e+18
XRP,2024-04-12,2,pending,,,
XRP,2024-04-15,1,pending,,,
XRP,2024-04-15,2,hit,1.7131896e+18,,1.7131905e+18
XRP,2024-04-16,1,pending,,,
XRP,2024-04-16,2,failed,1.7132733e+18,1.7132868e+18,
XRP,2024-04-17,1,failed,1.7133642e+18,1.713375e+18,
XRP,2024-04-17,2,failed,1.7133606e+18,1.7133642e+18,
XRP,2024-04-18,1,hit,1.7134497e+18,,1.7134506e+18
XRP,2024-04-18,2,failed,1.7134461e+18,1.7134497e+18,
XRP,2024-04-19,1,failed,1.7135415e+18,1.7135442e+18,
XRP,2024-04-19,2,failed,1.7135325e+18,1.7135415e+18,
XRP,2024-04-22,1,hit,1.7138007e+18,,1.7138025e+18
XRP,2024-04-22,2,pending,,,
XRP,2024-04-23,1,pending,,,
XRP,2024-04-23,2,pending,,,
XRP,2024-04-24,1,hit,1.7139645e+18,,1.7139654e+18
XRP,2024-04-24,2,pending,,,
XRP,2024-04-25,1,failed,1.7140509e+18,1.7140536e+18,
XRP,2024-04-25,2,hit,1.7140545e+18,,1.7140554e+18
XRP,2024-04-26,1,failed,1.7141409e+18,1.7141427e+18,
XRP,2024-04-26,2,failed,1.7141373e+18,1.71414e+18,
XRP,2024-04-29,1,pending,,,
XRP,2024-04-29,2,hit,1.714401e+18,,1.7144019e+18
XRP,2024-04-30,1,failed,1.7144856e+18,1.7144883e+18,
XRP,2024-04-30,2,failed,1.7144892e+18,1.714491e+18,
XRP,2024-05-01,1,hit,1.7145801e+18,,1.7145846e+18
XRP,2024-05-01,2,pending,,,
XRP,2024-05-03,1,pending,,,
XRP,2024-05-03,2,hit,1.7147421e+18,,1.714743e+18
XRP,2024-05-06,1,failed,1.7150013e+18,1.7150112e+18,
XRP,2024-05-06,2,hit,1.7150112e+18,,1.7150121e+18
XRP,2024-05-07,1,pending,,,
XRP,2024-05-07,2,armed,1.715094e+18,,
XRP,2024-05-08,1,hit,1.7151741e+18,,1.715175e+18
XRP,2024-05-08,2,pending,,,
XRP,2024-05-09,1,hit,1.7152686e+18,,1.7152713e+18
XRP,2024-05-09,2,pending,,,
XRP,2024-05-10,1,hit,1.7153478e+18,,1.7153514e+18
XRP,2024-05-10,2,pending,,,
XRP,2024-05-13,1,pending,,,
XRP,2024-05-13,2,hit,1.715616e+18,,1.7156178e+18
XRP,2024-05-14,1,failed,1.7156925e+18,1.7157015e+18,
XRP,2024-05-14,2,pending,,,
XRP,2024-05-15,1,pending,,,
XRP,2024-05-15,2,hit,1.7157789e+18,,1.7157807e+18
XRP,2024-05-16,1,failed,1.7158653e+18,1.7158734e+18,
XRP,2024-05-16,2,hit,1.715877e+18,,1.7158779e+18
XRP,2024-05-17,1,hit,1.715958e+18,,1.7159589e+18
XRP,2024-05-17,2,pending,,,
XRP,2024-05-20,1,hit,1.7162235e+18,,1.7162271e+18
XRP,2024-05-20,2,pending,,,
XRP,2024-05-21,1,pending,,,
XRP,2024-05-21,2,failed,1.7162991e+18,1.7163e+18,
XRP,2024-05-22,1,hit,1.7163837e+18,,1.7163846e+18
XRP,2024-05-22,2,pending,,,
XRP,2024-05-23,1,failed,1.7164719e+18,1.7164728e+18,
XRP,2024-05-23,2,failed,1.7164701e+18,1.7164719e+18,
XRP,2024-05-24,1,hit,1.7165565e+18,,1.7165574e+18
XRP,2024-05-27,1,pending,,,
XRP,2024-05-27,2,hit,1.7168157e+18,,1.7168166e+18
XRP,2024-05-28,1,armed,1.7169048e+18,,
XRP,2024-05-28,2,pending,,,
XRP,2024-05-29,1,armed,1.716993e+18,,
XRP,2024-05-29,2,failed,1.7169885e+18,1.7169984e+18,
XRP,2024-05-30,1,armed,1.7170848e+18,,
XRP,2024-05-31,1,pending,,,
XRP,2024-05-31,2,failed,1.717164e+18,1.7171676e+18,
XRP,2024-06-03,1,hit,1.7174205e+18,,1.7174214e+18
XRP,2024-06-03,2,pending,,,
XRP,2024-06-04,1,pending,,,
XRP,2024-06-04,2,hit,1.7175069e+18,,1.7175087e+18
XRP,2024-06-05,1,pending,,,
XRP,2024-06-05,2,pending,,,
XRP,2024-06-06,1,armed,1.7176923e+18,,
XRP,2024-06-06,2,failed,1.7176842e+18,1.7176923e+18,
XRP,2024-06-07,1,pending,,,
XRP,2024-06-07,2,hit,1.7177796e+18,,1.7177805e+18
XRP,2024-06-10,1,hit,1.7180298e+18,,1.7180307e+18
XRP,2024-06-10,2,pending,,,
XRP,2024-06-11,1,hit,1.7181207e+18,,1.7181216e+18
XRP,2024-06-12,1,pending,,,
XRP,2024-06-12,2,hit,1.7181981e+18,,1.718199e+18
XRP,2024-06-13,1,armed,1.7182935e+18,,
XRP,2024-06-13,2,pending,,,
XRP,2024-06-14,1,hit,1.7183781e+18,,1.7183799e+18
XRP,2024-06-14,2,failed,1.7183718e+18,1.7183754e+18,
XRP,2024-06-14,3,hit,1.7183718e+18,,1.7183781e+18
XRP,2024-06-17,1,hit,1.7186301e+18,,1.718631e+18
XRP,2024-06-18,1,pending,,,
XRP,2024-06-19,1,failed,1.7188074e+18,1.7188146e+18,
XRP,2024-06-19,2,pending,,,
XRP,2024-06-20,1,hit,1.7188893e+18,,1.7188902e+18
XRP,2024-06-20,2,pending,,,
XRP,2024-06-21,1,pending,,,
XRP,2024-06-21,2,hit,1.7189757e+18,,1.7189766e+18
XRP,2024-06-24,1,hit,1.7192367e+18,,1.7192376e+18
XRP,2024-06-24,2,armed,1.7192448e+18,,
XRP,2024-06-25,1,failed,1.7193258e+18,1.7193285e+18,
XRP,2024-06-25,2,pending,,,
XRP,2024-06-26,1,hit,1.7194131e+18,,1.7194149e+18
XRP,2024-06-26,2,pending,,,
XRP,2024-06-26,3,pending,,,
XRP,2024-06-27,1,pending,,,
XRP,2024-06-27,2,armed,1.7194941e+18,,
XRP,2024-06-28,1,hit,1.7195805e+18,,1.7195886e+18
XRP,2024-06-28,2,pending,,,
XRP,2024-07-01,1,failed,1.7198397e+18,1.7198541e+18,
XRP,2024-07-01,2,armed,1.7198541e+18,,
XRP,2024-07-02,1,armed,1.7199297e+18,,
XRP,2024-07-02,2,pending,,,
XRP,2024-07-03,1,hit,1.7200125e+18,,1.7200134e+18
XRP,2024-07-03,2,pending,,,
XRP,2024-07-04,1,hit,1.7200989e+18,,1.7200998e+18
XRP,2024-07-05,1,hit,1.7201871e+18,,1.720197e+18
XRP,2024-07-08,1,pending,,,
XRP,2024-07-09,1,failed,1.7205372e+18,1.7205435e+18,
XRP,2024-07-09,2,pending,,,
XRP,2024-07-10,1,hit,1.7206173e+18,,1.7206182e+18
XRP,2024-07-10,2,pending,,,
XRP,2024-07-11,1,hit,1.7207127e+18,,1.7207136e+18
XRP,2024-07-11,2,pending,,,
XRP,2024-07-12,1,pending,,,
XRP,2024-07-12,2,hit,1.7207901e+18,,1.7207955e+18
XRP,2024-07-16,1,pending,,,
XRP,2024-07-16,2,hit,1.7211375e+18,,1.7211393e+18
XRP,2024-07-17,1,armed,1.7212257e+18,,
XRP,2024-07-17,2,failed,1.7212221e+18,1.7212239e+18,
XRP,2024-07-18,1,pending,,,
XRP,2024-07-18,2,hit,1.7213085e+18,,1.7213184e+18
XRP,2024-07-19,1,hit,1.7213985e+18,,1.7214066e+18
XRP,2024-07-19,2,failed,1.7213958e+18,1.7213967e+18,
XRP,2024-07-22,1,failed,1.721655e+18,1.7216568e+18,
XRP,2024-07-22,2,hit,1.7216568e+18,,1.7216631e+18
XRP,2024-07-23,1,failed,1.7217432e+18,1.721745e+18,
XRP,2024-07-23,2,failed,1.7217459e+18,1.7217522e+18,
XRP,2024-07-24,1,failed,1.7218287e+18,1.721835e+18,
XRP,2024-07-24,2,pending,,,
XRP,2024-07-25,1,failed,1.7219196e+18,1.7219223e+18,
XRP,2024-07-25,2,failed,1.7219151e+18,1.7219187e+18,
XRP,2024-07-26,1,pending,,,
XRP,2024-07-26,2,hit,1.7219997e+18,,1.7220015e+18
XRP,2024-07-29,1,hit,1.7222652e+18,,1.722267e+18
XRP,2024-07-29,2,pending,,,
XRP,2024-07-30,1,armed,1.7223588e+18,,
XRP,2024-07-31,1,failed,1.7224317e+18,1.7224335e+18,
XRP,2024-07-31,2,armed,1.7224443e+18,,
XRP,2024-08-01,1,hit,1.722519e+18,,1.7225244e+18
XRP,2024-08-01,2,pending,,,
XRP,2024-08-02,1,hit,1.7226099e+18,,1.7226108e+18
XRP,2024-08-05,1,hit,1.7228637e+18,,1.7228646e+18
XRP,2024-08-06,1,failed,1.7229519e+18,1.7229537e+18,
XRP,2024-08-07,1,hit,1.7230392e+18,,1.723041e+18
XRP,2024-08-07,2,pending,,,
XRP,2024-08-08,1,armed,1.7231373e+18,,
XRP,2024-08-08,2,pending,,,
XRP,2024-08-09,1,hit,1.7232093e+18,,1.7232102e+18
XRP,2024-08-09,2,pending,,,
XRP,2024-08-12,1,pending,,,
XRP,2024-08-13,1,pending,,,
XRP,2024-08-13,2,hit,1.7235675e+18,,1.7235684e+18
XRP,2024-08-14,1,hit,1.7236431e+18,,1.723644e+18
XRP,2024-08-14,2,pending,,,
XRP,2024-08-15,1,armed,1.7237277e+18,,
XRP,2024-08-15,2,failed,1.7237286e+18,1.7237448e+18,
XRP,2024-08-16,1,failed,1.7238141e+18,1.7238312e+18,
XRP,2024-08-16,2,pending,,,
XRP,2024-08-19,1,failed,1.7240733e+18,1.7240877e+18,
XRP,2024-08-19,2,hit,1.7240886e+18,,1.7240895e+18
XRP,2024-08-20,1,hit,1.7241651e+18,,1.724166e+18
XRP,2024-08-20,2,pending,,,
XRP,2024-08-21,1,armed,1.7242614e+18,,
XRP,2024-08-21,2,hit,1.724247e+18,,1.7242479e+18
XRP,2024-08-22,1,hit,1.7243325e+18,,1.7243334e+18
XRP,2024-08-22,2,pending,,,
XRP,2024-08-23,1,hit,1.7244225e+18,,1.7244234e+18
XRP,2024-08-23,2,pending,,,
XRP,2024-08-26,1,hit,1.7246781e+18,,1.7246799e+18
XRP,2024-08-27,1,hit,1.7247645e+18,,1.7247726e+18
XRP,2024-08-27,2,pending,,,
XRP,2024-08-28,1,hit,1.7248509e+18,,1.7248536e+18
XRP,2024-08-28,2,pending,,,
XRP,2024-08-29,1,pending,,,
XRP,2024-08-29,2,pending,,,
XRP,2024-08-30,1,pending,,,
XRP,2024-08-30,2,hit,1.7250273e+18,,1.7250291e+18
XRP,2024-09-02,1,pending,,,
XRP,2024-09-02,2,hit,1.7252919e+18,,1.7253e+18
XRP,2024-09-03,1,hit,1.7253693e+18,,1.7253702e+18
XRP,2024-09-03,2,pending,,,
XRP,2024-09-04,1,hit,1.7254611e+18,,1.725462e+18
XRP,2024-09-04,2,failed,1.7254557e+18,1.7254584e+18,
XRP,2024-09-05,1,pending,,,
XRP,2024-09-05,2,hit,1.7255493e+18,,1.7255502e+18
XRP,2024-09-06,1,hit,1.7256321e+18,,1.7256357e+18
XRP,2024-09-06,2,hit,1.7256285e+18,,1.7256294e+18
XRP,2024-09-09,1,failed,1.7258895e+18,1.7258931e+18,
XRP,2024-09-09,2,hit,1.7258931e+18,,1.725894e+18
XRP,2024-09-10,1,pending,,,
XRP,2024-09-10,2,pending,,,
XRP,2024-09-11,1,hit,1.7260614e+18,,1.7260632e+18
XRP,2024-09-11,2,pending,,,
XRP,2024-09-12,1,pending,,,
XRP,2024-09-12,2,hit,1.7261469e+18,,1.7261478e+18
XRP,2024-09-13,1,pending,,,
XRP,2024-09-16,1,hit,1.7264943e+18,,1.726497e+18
XRP,2024-09-16,2,failed,1.726506e+18,1.7265069e+18,
XRP,2024-09-17,1,hit,1.7265834e+18,,1.7265843e+18
XRP,2024-09-17,2,pending,,,
XRP,2024-09-18,1,hit,1.7266671e+18,,1.726668e+18
XRP,2024-09-18,2,pending,,,
XRP,2024-09-19,1,hit,1.7267517e+18,,1.7267562e+18
XRP,2024-09-19,2,failed,1.7267535e+18,1.7267562e+18,
XRP,2024-09-20,1,hit,1.7268381e+18,,1.7268417e+18
XRP,2024-09-20,2,pending,,,
XRP,2024-09-23,1,hit,1.7271009e+18,,1.7271018e+18
XRP,2024-09-24,1,failed,1.7271882e+18,1.7271999e+18,
XRP,2024-09-24,2,failed,1.7271837e+18,1.7271873e+18,
XRP,2024-09-25,1,hit,1.7272701e+18,,1.7272854e+18
XRP,2024-09-25,2,failed,1.7272737e+18,1.7272782e+18,
XRP,2024-09-26,1,pending,,,
XRP,2024-09-26,2,hit,1.7273565e+18,,1.7273646e+18
XRP,2024-09-27,1,pending,,,
XRP,2024-09-27,2,hit,1.7274465e+18,,1.7274474e+18
XRP,2024-09-30,1,failed,1.7277021e+18,1.7277057e+18,
XRP,2024-09-30,2,hit,1.7277057e+18,,1.727712e+18
XRP,2024-10-01,1,pending,,,
XRP,2024-10-02,1,pending,,,
XRP,2024-10-02,2,pending,,,
XRP,2024-10-03,1,failed,1.7279622e+18,1.7279676e+18,
XRP,2024-10-04,1,failed,1.7280513e+18,1.7280585e+18,
XRP,2024-10-07,1,pending,,,
XRP,2024-10-07,2,hit,1.7283078e+18,,1.7283213e+18
XRP,2024-10-08,1,pending,,,
XRP,2024-10-08,2,hit,1.7283933e+18,,1.7283942e+18
XRP,2024-10-09,1,hit,1.7284797e+18,,1.7284806e+18
XRP,2024-10-09,2,pending,,,
XRP,2024-10-10,1,pending,,,
XRP,2024-10-11,1,armed,1.7286696e+18,,
XRP,2024-10-11,2,pending,,,
XRP,2024-10-14,1,pending,,,
XRP,2024-10-14,2,hit,1.7289144e+18,,1.7289153e+18
XRP,2024-10-15,1,pending,,,
XRP,2024-10-15,2,hit,1.7289981e+18,,1.7290008e+18
XRP,2024-10-16,1,armed,1.7290863e+18,,
XRP,2024-10-16,2,pending,,,
XRP,2024-10-17,1,failed,1.7291862e+18,1.7291871e+18,
XRP,2024-10-17,2,failed,1.7291709e+18,1.7291736e+18,
XRP,2024-10-18,1,failed,1.7292582e+18,1.7292636e+18,
XRP,2024-10-18,2,pending,,,
XRP,2024-10-21,1,hit,1.7295174e+18,,1.7295183e+18
XRP,2024-10-21,2,pending,,,
XRP,2024-10-22,1,failed,1.7296164e+18,1.7296173e+18,
XRP,2024-10-22,2,pending,,,
XRP,2024-10-23,1,hit,1.729701e+18,,1.7297028e+18
XRP,2024-10-23,2,pending,,,
XRP,2024-10-24,1,failed,1.7297757e+18,1.7297865e+18,
XRP,2024-10-24,2,pending,,,
XRP,2024-10-25,1,failed,1.7298639e+18,1.7298648e+18,
XRP,2024-10-25,2,pending,,,
XRP,2024-10-28,1,hit,1.7301249e+18,,1.7301258e+18
XRP,2024-10-28,2,failed,1.7301222e+18,1.730124e+18,
XRP,2024-10-29,1,hit,1.7302203e+18,,1.7302212e+18
XRP,2024-10-29,2,pending,,,
XRP,2024-10-30,1,failed,1.7302959e+18,1.7302968e+18,
XRP,2024-10-30,2,pending,,,
XRP,2024-10-31,1,pending,,,
XRP,2024-10-31,2,hit,1.7303832e+18,,1.7303859e+18
XRP,2024-11-01,1,failed,1.7304741e+18,1.7304768e+18,
XRP,2024-11-04,1,failed,1.7307315e+18,1.7307378e+18,
XRP,2024-11-04,2,failed,1.7307378e+18,1.7307396e+18,
XRP,2024-11-05,1,failed,1.7308179e+18,1.7308206e+18,
XRP,2024-11-05,2,pending,,,
XRP,2024-11-06,1,failed,1.7309052e+18,1.730907e+18,
XRP,2024-11-07,1,failed,1.7309889e+18,1.7309952e+18,
XRP,2024-11-07,2,armed,1.730997e+18,,
XRP,2024-11-08,1,hit,1.7310843e+18,,1.7310861e+18
XRP,2024-11-08,2,failed,1.7310762e+18,1.7310771e+18,
XRP,2024-11-11,1,failed,1.7313345e+18,1.7313381e+18,
XRP,2024-11-11,2,hit,1.731339e+18,,1.7313417e+18
XRP,2024-11-12,1,pending,,,
XRP,2024-11-13,1,pending,,,
XRP,2024-11-14,1,hit,1.7315937e+18,,1.7315946e+18
XRP,2024-11-15,1,hit,1.7316801e+18,,1.7316819e+18
XRP,2024-11-15,2,pending,,,
XRP,2024-11-18,1,hit,1.7319393e+18,,1.7319447e+18
XRP,2024-11-19,1,failed,1.7320257e+18,1.7320302e+18,
XRP,2024-11-19,2,pending,,,
XRP,2024-11-20,1,hit,1.7321202e+18,,1.7321256e+18
XRP,2024-11-20,2,pending,,,
XRP,2024-11-21,1,hit,1.7322129e+18,,1.7322138e+18
XRP,2024-11-21,2,hit,1.7322003e+18,,1.732203e+18
XRP,2024-11-22,1,failed,1.7322939e+18,1.7322957e+18,
XRP,2024-11-25,1,hit,1.7325459e+18,,1.7325468e+18
XRP,2024-11-25,2,failed,1.7325531e+18,1.7325549e+18,
XRP,2024-11-26,1,pending,,,
XRP,2024-11-26,2,hit,1.7326305e+18,,1.7326323e+18
XRP,2024-11-27,1,pending,,,
XRP,2024-11-27,2,hit,1.7327169e+18,,1.7327223e+18
XRP,2024-11-28,1,failed,1.7328033e+18,1.7328069e+18,
XRP,2024-11-28,2,hit,1.7328069e+18,,1.7328096e+18
XRP,2024-11-29,1,hit,1.7328897e+18,,1.7328906e+18
XRP,2024-12-02,1,pending,,,
XRP,2024-12-03,1,hit,1.7332353e+18,,1.7332362e+18
XRP,2024-12-03,2,pending,,,
XRP,2024-12-04,1,hit,1.7333289e+18,,1.7333298e+18
XRP,2024-12-04,2,failed,1.7333235e+18,1.7333244e+18,
XRP,2024-12-05,1,failed,1.733409e+18,1.7334171e+18,
XRP,2024-12-05,2,armed,1.7334171e+18,,
XRP,2024-12-06,1,pending,,,
XRP,2024-12-09,1,failed,1.73376e+18,1.733769e+18,
XRP,2024-12-09,2,pending,,,
XRP,2024-12-10,1,pending,,,
XRP,2024-12-10,2,hit,1.7338446e+18,,1.7338464e+18
XRP,2024-12-11,1,hit,1.7339283e+18,,1.7339292e+18
XRP,2024-12-11,2,failed,1.7339265e+18,1.7339292e+18,
XRP,2024-12-12,1,armed,1.7340129e+18,,
XRP,2024-12-12,2,pending,,,
XRP,2024-12-13,1,hit,1.7340993e+18,,1.7341011e+18
XRP,2024-12-13,2,pending,,,
XRP,2024-12-16,1,pending,,,
XRP,2024-12-16,2,hit,1.7343585e+18,,1.7343594e+18
XRP,2024-12-17,1,hit,1.7344449e+18,,1.7344485e+18
XRP,2024-12-17,2,pending,,,
XRP,2024-12-18,1,pending,,,
XRP,2024-12-18,2,hit,1.734534e+18,,1.7345385e+18
XRP,2024-12-19,1,pending,,,
XRP,2024-12-19,2,hit,1.7346177e+18,,1.7346213e+18
XRP,2024-12-20,1,hit,1.7347041e+18,,1.734705e+18
XRP,2024-12-23,1,hit,1.7349633e+18,,1.7349651e+18
XRP,2024-12-23,2,pending,,,
XRP,2024-12-24,1,pending,,,
XRP,2024-12-24,2,hit,1.7350497e+18,,1.7350506e+18
XRP,2024-12-25,1,failed,1.7351406e+18,1.7351514e+18,
XRP,2024-12-25,2,pending,,,
XRP,2024-12-26,1,failed,1.7352243e+18,1.7352324e+18,
XRP,2024-12-27,1,pending,,,
XRP,2024-12-27,2,hit,1.7353089e+18,,1.7353107e+18
XRP,2024-12-30,1,hit,1.7355807e+18,,1.7355834e+18
XRP,2024-12-30,2,hit,1.7355681e+18,,1.735569e+18
XRP,2024-12-31,1,hit,1.7356545e+18,,1.7356554e+18
XRP,2024-12-31,2,failed,1.7356671e+18,1.7356689e+18,
XRP,2025-01-01,1,hit,1.7357409e+18,,1.7357436e+18
XRP,2025-01-01,2,pending,,,
XRP,2025-01-02,1,failed,1.7358372e+18,1.7358399e+18,
XRP,2025-01-03,1,pending,,,
XRP,2025-01-06,1,failed,1.7361738e+18,1.7361756e+18,
XRP,2025-01-06,2,failed,1.7361729e+18,1.7361738e+18,
XRP,2025-01-07,1,hit,1.736262e+18,,1.7362629e+18
XRP,2025-01-07,2,failed,1.7362593e+18,1.736262e+18,
XRP,2025-01-08,1,hit,1.7363502e+18,,1.7363565e+18
XRP,2025-01-09,1,failed,1.7364321e+18,1.7364366e+18,
XRP,2025-01-09,2,armed,1.7364366e+18,,
XRP,2025-01-10,1,failed,1.7365221e+18,1.7365239e+18,
XRP,2025-01-10,2,hit,1.736532e+18,,1.7365329e+18
XRP,2025-01-13,1,hit,1.7367795e+18,,1.7367813e+18
XRP,2025-01-13,2,pending,,,
XRP,2025-01-14,1,hit,1.7368641e+18,,1.736874e+18
XRP,2025-01-14,2,pending,,,
XRP,2025-01-15,1,hit,1.7369505e+18,,1.7369532e+18
XRP,2025-01-15,2,pending,,,
XRP,2025-01-16,1,hit,1.7370387e+18,,1.7370396e+18
XRP,2025-01-16,2,armed,1.7370459e+18,,
XRP,2025-01-17,1,failed,1.7371233e+18,1.7371278e+18,
XRP,2025-01-17,2,failed,1.7371278e+18,1.7371314e+18,
XRP,2025-01-20,1,hit,1.7373951e+18,,1.737396e+18
XRP,2025-01-20,2,hit,1.7373843e+18,,1.7373852e+18
XRP,2025-01-21,1,hit,1.7374716e+18,,1.7374725e+18
XRP,2025-01-21,2,hit,1.7374797e+18,,1.7374833e+18
XRP,2025-01-22,1,hit,1.7375553e+18,,1.7375598e+18
XRP,2025-01-22,2,pending,,,
XRP,2025-01-23,1,pending,,,
XRP,2025-01-23,2,hit,1.7376426e+18,,1.7376435e+18
XRP,2025-01-24,1,armed,1.7377281e+18,,
XRP,2025-01-24,2,pending,,,
XRP,2025-01-27,1,hit,1.7379891e+18,,1.7379918e+18
XRP,2025-01-28,1,pending,,,
XRP,2025-01-29,1,hit,1.7381673e+18,,1.7381745e+18
XRP,2025-01-29,2,pending,,,
XRP,2025-01-30,1,hit,1.7382474e+18,,1.7382501e+18
XRP,2025-01-30,2,pending,,,
XRP,2025-01-31,1,hit,1.7383482e+18,,1.7383491e+18
XRP,2025-01-31,2,failed,1.7383374e+18,1.738341e+18,
XRP,2025-02-03,1,hit,1.7385939e+18,,1.7385966e+18
XRP,2025-02-04,1,pending,,,
XRP,2025-02-04,2,failed,1.7386785e+18,1.7386794e+18,
XRP,2025-02-05,1,hit,1.7387676e+18,,1.7387721e+18
XRP,2025-02-05,2,pending,,,
XRP,2025-02-06,1,hit,1.738854e+18,,1.7388558e+18
XRP,2025-02-06,2,failed,1.7388513e+18,1.7388531e+18,
XRP,2025-02-07,1,pending,,,
XRP,2025-02-07,2,hit,1.7389377e+18,,1.7389386e+18
XRP,2025-02-10,1,pending,,,
XRP,2025-02-10,2,pending,,,
XRP,2025-02-11,1,hit,1.7392833e+18,,1.7392977e+18
XRP,2025-02-11,2,pending,,,
XRP,2025-02-12,1,armed,1.7393814e+18,,
XRP,2025-02-12,2,hit,1.7393697e+18,,1.7393706e+18
XRP,2025-02-13,1,pending,,,
XRP,2025-02-13,2,failed,1.739457e+18,1.739466e+18,
XRP,2025-02-14,1,hit,1.7395425e+18,,1.7395587e+18
XRP,2025-02-17,1,hit,1.7398071e+18,,1.7398089e+18
XRP,2025-02-17,2,failed,1.7398017e+18,1.7398071e+18,
XRP,2025-02-18,1,hit,1.7398899e+18,,1.7398908e+18
XRP,2025-02-18,2,pending,,,
XRP,2025-02-19,1,pending,,,
XRP,2025-02-19,2,failed,1.7399745e+18,1.7399772e+18,
XRP,2025-02-20,1,pending,,,
XRP,2025-02-20,2,failed,1.7400609e+18,1.7400672e+18,
XRP,2025-02-21,1,hit,1.7401473e+18,,1.7401509e+18
XRP,2025-02-21,2,hit,1.7401527e+18,,1.7401599e+18
XRP,2025-02-24,1,pending,,,
XRP,2025-02-24,2,failed,1.7404092e+18,1.7404101e+18,
XRP,2025-02-25,1,pending,,,
XRP,2025-02-25,2,hit,1.7404929e+18,,1.7404938e+18
XRP,2025-02-26,1,failed,1.740582e+18,1.7405919e+18,
XRP,2025-02-26,2,failed,1.7405793e+18,1.740582e+18,
XRP,2025-02-27,1,hit,1.7406657e+18,,1.7406684e+18
XRP,2025-02-27,2,pending,,,
XRP,2025-02-28,1,pending,,,
XRP,2025-03-03,1,failed,1.7410113e+18,1.7410131e+18,
XRP,2025-03-04,1,failed,1.7410995e+18,1.7411004e+18,
XRP,2025-03-04,2,failed,1.7410977e+18,1.7410995e+18,
XRP,2025-03-05,1,armed,1.7411958e+18,,
XRP,2025-03-05,2,failed,1.7411868e+18,1.7411949e+18,
XRP,2025-03-06,1,pending,,,
XRP,2025-03-06,2,failed,1.7412741e+18,1.7412804e+18,
XRP,2025-03-07,1,hit,1.7413623e+18,,1.7413641e+18
XRP,2025-03-10,1,hit,1.7416125e+18,,1.7416152e+18
XRP,2025-03-10,2,pending,,,
XRP,2025-03-11,1,pending,,,
XRP,2025-03-12,1,failed,1.7417961e+18,1.741797e+18,
XRP,2025-03-12,2,hit,1.741788e+18,,1.7417889e+18
XRP,2025-03-13,1,hit,1.7418834e+18,,1.7418843e+18
XRP,2025-03-13,2,failed,1.7418717e+18,1.7418834e+18,
XRP,2025-03-14,1,hit,1.7419608e+18,,1.7419635e+18
XRP,2025-03-17,1,pending,,,
XRP,2025-03-17,2,armed,1.7422272e+18,,
XRP,2025-03-17,3,failed,1.7422272e+18,1.7422317e+18,
XRP,2025-03-18,1,hit,1.7423037e+18,,1.7423055e+18
XRP,2025-03-18,2,pending,,,
XRP,2025-03-18,3,pending,,,
XRP,2025-03-19,1,hit,1.7423901e+18,,1.742391e+18
XRP,2025-03-19,2,failed,1.7423901e+18,1.742391e+18,
XRP,2025-03-20,1,failed,1.7424765e+18,1.7424801e+18,
XRP,2025-03-20,2,pending,,,
XRP,2025-03-21,1,hit,1.7425764e+18,,1.7425773e+18
XRP,2025-03-21,2,failed,1.7425665e+18,1.7425692e+18,
XRP,2025-03-24,1,pending,,,
XRP,2025-03-24,2,hit,1.7428257e+18,,1.7428266e+18
XRP,2025-03-24,3,armed,1.7428257e+18,,
XRP,2025-03-25,1,failed,1.7429103e+18,1.7429139e+18,
XRP,2025-03-25,2,failed,1.7429094e+18,1.7429103e+18,
XRP,2025-03-25,3,failed,1.7429094e+18,1.7429256e+18,
XRP,2025-03-26,1,hit,1.7429949e+18,,1.7429976e+18
XRP,2025-03-26,2,pending,,,
XRP,2025-03-26,3,pending,,,
XRP,2025-03-27,1,failed,1.7430867e+18,1.743093e+18,
XRP,2025-03-27,2,hit,1.7430822e+18,,1.7430831e+18
XRP,2025-03-27,3,failed,1.7430867e+18,1.7430876e+18,
XRP,2025-03-28,1,pending,,,
XRP,2025-03-28,2,failed,1.7431713e+18,1.7431731e+18,
XRP,2025-03-28,3,pending,,,
XRP,2025-03-31,1,hit,1.7434332e+18,,1.743435e+18
XRP,2025-03-31,2,failed,1.7434287e+18,1.7434305e+18,
XRP,2025-03-31,3,failed,1.7434332e+18,1.743435e+18,
XRP,2025-04-01,1,failed,1.7435133e+18,1.7435169e+18,
XRP,2025-04-01,2,failed,1.7435169e+18,1.7435196e+18,
XRP,2025-04-01,3,failed,1.7435133e+18,1.743516e+18,
XRP,2025-04-02,1,failed,1.7436006e+18,1.7436042e+18,
XRP,2025-04-02,2,hit,1.7436069e+18,,1.7436087e+18
XRP,2025-04-02,3,failed,1.7436069e+18,1.7436087e+18,
XRP,2025-04-03,1,hit,1.7436861e+18,,1.743687e+18
XRP,2025-04-04,1,hit,1.7437725e+18,,1.7437752e+18
XRP,2025-04-04,2,pending,,,
XRP,2025-04-04,3,failed,1.7437725e+18,1.7437752e+18,
XRP,2025-04-07,1,hit,1.7440317e+18,,1.7440344e+18
XRP,2025-04-08,1,failed,1.744119e+18,1.7441226e+18,
XRP,2025-04-09,1,hit,1.7442063e+18,,1.7442126e+18
XRP,2025-04-09,2,pending,,,
XRP,2025-04-10,1,hit,1.744299e+18,,1.7443008e+18
XRP,2025-04-10,2,pending,,,
XRP,2025-04-11,1,failed,1.7443791e+18,1.7443818e+18,
XRP,2025-04-11,2,pending,,,
XRP,2025-04-14,1,failed,1.7446464e+18,1.7446491e+18,
XRP,2025-04-14,2,failed,1.7446419e+18,1.7446437e+18,
XRP,2025-04-15,1,hit,1.7447274e+18,,1.7447382e+18
XRP,2025-04-15,2,pending,,,
XRP,2025-04-16,1,hit,1.7448093e+18,,1.7448102e+18
XRP,2025-04-16,2,failed,1.7448147e+18,1.7448264e+18,
XRP,2025-04-17,1,pending,,,
XRP,2025-04-17,2,hit,1.7448993e+18,,1.7449002e+18
XRP,2025-04-18,1,hit,1.7449821e+18,,1.7449893e+18
XRP,2025-04-18,2,pending,,,
XRP,2025-04-18,3,pending,,,
XRP,2025-04-21,1,hit,1.7452548e+18,,1.7452557e+18
XRP,2025-04-21,2,failed,1.7452458e+18,1.745253e+18,
XRP,2025-04-21,3,pending,,,
XRP,2025-04-22,1,hit,1.7453277e+18,,1.7453295e+18
XRP,2025-04-22,2,pending,,,
XRP,2025-04-22,3,failed,1.7453331e+18,1.745334e+18,
XRP,2025-04-23,1,hit,1.7454168e+18,,1.7454222e+18
XRP,2025-04-23,2,failed,1.7454141e+18,1.7454168e+18,
XRP,2025-04-24,1,pending,,,
XRP,2025-04-24,2,hit,1.7455005e+18,,1.7455059e+18
XRP,2025-04-25,1,failed,1.7455869e+18,1.7455932e+18,
XRP,2025-04-25,2,failed,1.7455932e+18,1.7455977e+18,
XRP,2025-04-25,3,pending,,,
XRP,2025-04-28,1,hit,1.7458488e+18,,1.7458542e+18
XRP,2025-04-28,2,pending,,,
XRP,2025-04-28,3,pending,,,
XRP,2025-04-29,1,armed,1.7459442e+18,,
XRP,2025-04-29,2,failed,1.7459325e+18,1.7459451e+18,
XRP,2025-04-29,3,failed,1.7459442e+18,1.7459451e+18,
XRP,2025-04-30,1,hit,1.7460189e+18,,1.7460198e+18
XRP,2025-04-30,2,pending,,,
XRP,2025-04-30,3,pending,,,
XRP,2025-05-01,1,failed,1.7461053e+18,1.7461071e+18,
XRP,2025-05-01,2,pending,,,
XRP,2025-05-02,1,pending,,,
XRP,2025-05-02,2,hit,1.7461953e+18,,1.7461962e+18
XRP,2025-05-02,3,failed,1.7461953e+18,1.7461962e+18,
XRP,2025-05-05,1,hit,1.7464518e+18,,1.7464527e+18
XRP,2025-05-05,2,pending,,,
XRP,2025-05-05,3,pending,,,
XRP,2025-05-06,1,hit,1.7465418e+18,,1.7465526e+18
XRP,2025-05-06,2,failed,1.7465382e+18,1.7465391e+18,
XRP,2025-05-06,3,failed,1.7465418e+18,1.7465454e+18,
XRP,2025-05-07,1,pending,,,
XRP,2025-05-07,2,hit,1.7466237e+18,,1.7466354e+18
XRP,2025-05-07,3,pending,,,
XRP,2025-05-08,1,hit,1.7467101e+18,,1.7467164e+18
XRP,2025-05-08,2,failed,1.7467164e+18,1.7467173e+18,
XRP,2025-05-09,1,pending,,,
XRP,2025-05-09,2,pending,,,
XRP,2025-05-12,1,hit,1.7470557e+18,,1.7470566e+18
XRP,2025-05-13,1,pending,,,
XRP,2025-05-13,2,failed,1.747143e+18,1.7471457e+18,
XRP,2025-05-14,1,hit,1.7472285e+18,,1.7472294e+18
XRP,2025-05-14,2,pending,,,
XRP,2025-05-15,1,hit,1.7473185e+18,,1.7473203e+18
XRP,2025-05-15,2,armed,1.7473284e+18,,
XRP,2025-05-16,1,pending,,,
XRP,2025-05-16,2,failed,1.7474031e+18,1.7474067e+18,
XRP,2025-05-16,3,armed,1.7474031e+18,,
XRP,2025-05-19,1,failed,1.7476605e+18,1.747665e+18,
XRP,2025-05-19,2,armed,1.7476659e+18,,
XRP,2025-05-19,3,failed,1.7476659e+18,1.7476668e+18,
XRP,2025-05-20,1,failed,1.7477469e+18,1.7477613e+18,
XRP,2025-05-20,2,armed,1.7477631e+18,,
XRP,2025-05-20,3,armed,1.7477631e+18,,
XRP,2025-05-21,1,hit,1.7478351e+18,,1.7478396e+18
XRP,2025-05-21,2,failed,1.7478333e+18,1.7478351e+18,
XRP,2025-05-21,3,failed,1.7478351e+18,1.747836e+18,
XRP,2025-05-22,1,pending,,,
XRP,2025-05-22,2,hit,1.7479197e+18,,1.7479206e+18
XRP,2025-05-22,3,pending,,,
XRP,2025-05-23,1,failed,1.7480061e+18,1.7480088e+18,
XRP,2025-05-23,2,pending,,,
XRP,2025-05-23,3,pending,,,
XRP,2025-05-26,1,pending,,,
XRP,2025-05-26,2,hit,1.748268e+18,,1.7482815e+18
XRP,2025-05-26,3,pending,,,
XRP,2025-05-27,1,hit,1.7483517e+18,,1.7483526e+18
XRP,2025-05-27,2,pending,,,
XRP,2025-05-27,3,failed,1.7483517e+18,1.7483526e+18,
XRP,2025-05-28,1,hit,1.7484408e+18,,1.7484444e+18
XRP,2025-05-28,2,pending,,,
XRP,2025-05-28,3,pending,,,
XRP,2025-05-29,1,pending,,,
XRP,2025-05-29,2,hit,1.7485263e+18,,1.748529e+18
XRP,2025-05-29,3,pending,,,
XRP,2025-05-30,1,pending,,,
XRP,2025-06-02,1,pending,,,
XRP,2025-06-02,2,pending,,,
XRP,2025-06-03,1,failed,1.7489601e+18,1.748961e+18,
XRP,2025-06-03,2,failed,1.7489565e+18,1.7489601e+18,
XRP,2025-06-03,3,failed,1.7489565e+18,1.7489619e+18,
XRP,2025-06-04,1,hit,1.7490429e+18,,1.7490438e+18
XRP,2025-06-04,2,pending,,,
XRP,2025-06-05,1,hit,1.749132e+18,,1.7491338e+18
XRP,2025-06-05,2,hit,1.7491293e+18,,1.7491302e+18
XRP,2025-06-05,3,failed,1.7491293e+18,1.7491302e+18,
XRP,2025-06-06,1,hit,1.7492157e+18,,1.749222e+18
XRP,2025-06-06,2,pending,,,
XRP,2025-06-06,3,failed,1.7492157e+18,1.7492166e+18,
XRP,2025-06-09,1,failed,1.7494749e+18,1.7494866e+18,
XRP,2025-06-09,2,hit,1.7494866e+18,,1.7494875e+18
XRP,2025-06-10,1,armed,1.7495631e+18,,
XRP,2025-06-10,2,pending,,,
XRP,2025-06-10,3,pending,,,
XRP,2025-06-11,1,armed,1.7496648e+18,,
XRP,2025-06-11,2,hit,1.7496522e+18,,1.7496531e+18
XRP,2025-06-12,1,hit,1.7497341e+18,,1.7497503e+18
XRP,2025-06-12,2,pending,,,
XRP,2025-06-13,1,failed,1.7498205e+18,1.7498313e+18,
XRP,2025-06-13,2,pending,,,
XRP,2025-06-16,1,hit,1.7500797e+18,,1.7500806e+18
XRP,2025-06-16,2,failed,1.7500797e+18,1.7500824e+18,
XRP,2025-06-17,1,hit,1.7501742e+18,,1.7501751e+18
XRP,2025-06-18,1,pending,,,
XRP,2025-06-18,2,hit,1.7502525e+18,,1.7502534e+18
XRP,2025-06-18,3,pending,,,
XRP,2025-06-19,1,hit,1.7503416e+18,,1.7503452e+18
XRP,2025-06-19,2,pending,,,
XRP,2025-06-20,1,hit,1.750428e+18,,1.7504289e+18
XRP,2025-06-20,2,failed,1.7504253e+18,1.750428e+18,
XRP,2025-06-23,1,failed,1.7506863e+18,1.7506935e+18,
XRP,2025-06-23,2,failed,1.7506854e+18,1.7506863e+18,
XRP,2025-06-24,1,failed,1.7507709e+18,1.7507763e+18,
XRP,2025-06-24,2,pending,,,
XRP,2025-06-25,1,armed,1.7508654e+18,,
XRP,2025-06-25,2,hit,1.7508582e+18,,1.7508591e+18
XRP,2025-06-26,1,pending,,,
XRP,2025-06-27,1,hit,1.7510301e+18,,1.7510364e+18
XRP,2025-06-27,2,hit,1.75104e+18,,1.7510418e+18
XRP,2025-06-30,1,pending,,,
XRP,2025-06-30,2,hit,1.7512902e+18,,1.7513037e+18
XRP,2025-07-01,1,hit,1.7513757e+18,,1.7513766e+18
XRP,2025-07-01,2,pending,,,
XRP,2025-07-02,1,hit,1.7514621e+18,,1.7514693e+18
XRP,2025-07-02,2,pending,,,
XRP,2025-07-03,1,failed,1.7515485e+18,1.7515512e+18,
XRP,2025-07-03,2,failed,1.7515512e+18,1.7515521e+18,
XRP,2025-07-04,1,hit,1.7516376e+18,,1.7516457e+18
XRP,2025-07-04,2,pending,,,
XRP,2025-07-07,1,pending,,,
XRP,2025-07-07,2,hit,1.751895e+18,,1.7518968e+18
XRP,2025-07-08,1,armed,1.7519949e+18,,
XRP,2025-07-08,2,failed,1.7519841e+18,1.7519949e+18,
XRP,2025-07-09,1,armed,1.7520687e+18,,
XRP,2025-07-09,2,failed,1.7520669e+18,1.7520687e+18,
XRP,2025-07-10,1,hit,1.7521533e+18,,1.752156e+18
XRP,2025-07-10,2,armed,1.752165e+18,,
XRP,2025-07-11,1,hit,1.7522397e+18,,1.7522415e+18
XRP,2025-07-11,2,pending,,,
XRP,2025-07-14,1,failed,1.7525016e+18,1.7525079e+18,
XRP,2025-07-14,2,pending,,,
XRP,2025-07-15,1,failed,1.7525907e+18,1.7525979e+18,
XRP,2025-07-15,2,pending,,,
XRP,2025-07-16,1,pending,,,
XRP,2025-07-16,2,hit,1.7526717e+18,,1.7526726e+18
XRP,2025-07-17,1,armed,1.7527752e+18,,
XRP,2025-07-18,1,failed,1.7528445e+18,1.7528463e+18,
XRP,2025-07-18,2,failed,1.7528463e+18,1.752849e+18,
XRP,2025-07-21,1,hit,1.7531064e+18,,1.7531073e+18
XRP,2025-07-21,2,pending,,,
XRP,2025-07-22,1,failed,1.7531928e+18,1.7531973e+18,
XRP,2025-07-22,2,armed,1.7532063e+18,,
XRP,2025-07-23,1,pending,,,
XRP,2025-07-23,2,hit,1.7532765e+18,,1.7532774e+18
XRP,2025-07-24,1,hit,1.7533683e+18,,1.7533692e+18
XRP,2025-07-25,1,hit,1.7534529e+18,,1.7534547e+18
XRP,2025-07-25,2,pending,,,
XRP,2025-07-28,1,hit,1.7537085e+18,,1.7537094e+18
XRP,2025-07-28,2,pending,,,
XRP,2025-07-29,1,hit,1.7537985e+18,,1.7538012e+18
XRP,2025-07-29,2,pending,,,
XRP,2025-07-30,1,hit,1.7538813e+18,,1.7538867e+18
XRP,2025-07-30,2,pending,,,
XRP,2025-07-31,1,failed,1.7539722e+18,1.7539794e+18,
XRP,2025-07-31,2,pending,,,
XRP,2025-08-01,1,failed,1.7540541e+18,1.7540559e+18,
XRP,2025-08-04,1,hit,1.7543133e+18,,1.7543151e+18
XRP,2025-08-04,2,pending,,,
XRP,2025-08-05,1,pending,,,
XRP,2025-08-06,1,hit,1.7544915e+18,,1.7544924e+18
XRP,2025-08-06,2,pending,,,
XRP,2025-08-07,1,pending,,,
XRP,2025-08-08,1,failed,1.7546589e+18,1.7546616e+18,
XRP,2025-08-08,2,pending,,,
XRP,2025-08-11,1,failed,1.7549181e+18,1.7549199e+18,
XRP,2025-08-11,2,pending,,,
XRP,2025-08-12,1,hit,1.7550045e+18,,1.7550108e+18
XRP,2025-08-12,2,pending,,,
XRP,2025-08-13,1,armed,1.7550954e+18,,
XRP,2025-08-13,2,failed,1.7550918e+18,1.7550927e+18,
XRP,2025-08-14,1,hit,1.7551773e+18,,1.7551782e+18
XRP,2025-08-14,2,pending,,,
XRP,2025-08-15,1,pending,,,
XRP,2025-08-15,2,hit,1.7552655e+18,,1.7552682e+18
XRP,2025-08-18,1,hit,1.7555319e+18,,1.7555382e+18
XRP,2025-08-18,2,pending,,,
XRP,2025-08-19,1,hit,1.7556111e+18,,1.7556138e+18
XRP,2025-08-19,2,pending,,,
XRP,2025-08-20,1,hit,1.7557029e+18,,1.7557038e+18
XRP,2025-08-20,2,hit,1.7556984e+18,,1.7556993e+18
XRP,2025-08-21,1,pending,,,
XRP,2025-08-21,2,failed,1.7557821e+18,1.7557839e+18,
XRP,2025-08-22,1,hit,1.7558703e+18,,1.7558721e+18
XRP,2025-08-22,2,pending,,,
XRP,2025-08-25,1,pending,,,
XRP,2025-08-25,2,pending,,,
XRP,2025-08-26,1,hit,1.7562258e+18,,1.7562294e+18
XRP,2025-08-26,2,pending,,,
XRP,2025-08-27,1,pending,,,
XRP,2025-08-27,2,hit,1.7563023e+18,,1.756305e+18
XRP,2025-08-28,1,hit,1.756395e+18,,1.7564004e+18
XRP,2025-08-28,2,failed,1.7563869e+18,1.7563896e+18,
XRP,2025-08-29,1,hit,1.7564769e+18,,1.7564787e+18
XRP,2025-08-29,2,pending,,,
XRP,2025-09-01,1,failed,1.7567334e+18,1.7567352e+18,
XRP,2025-09-02,1,hit,1.7568207e+18,,1.7568234e+18
XRP,2025-09-02,2,pending,,,
XRP,2025-09-03,1,hit,1.7569071e+18,,1.7569098e+18
XRP,2025-09-04,1,failed,1.7569953e+18,1.7569962e+18,
XRP,2025-09-04,2,pending,,,
XRP,2025-09-05,1,pending,,,
XRP,2025-09-05,2,hit,1.7570781e+18,,1.757079e+18
XRP,2025-09-08,1,pending,,,
XRP,2025-09-08,2,hit,1.7573373e+18,,1.7573418e+18
XRP,2025-09-09,1,hit,1.7574282e+18,,1.7574291e+18
XRP,2025-09-09,2,pending,,,
XRP,2025-09-10,1,pending,,,
XRP,2025-09-10,2,hit,1.7575101e+18,,1.757511e+18
XRP,2025-09-11,1,failed,1.7575965e+18,1.7575992e+18,
XRP,2025-09-11,2,pending,,,
XRP,2025-09-12,1,pending,,,
XRP,2025-09-12,2,hit,1.7576829e+18,,1.7576865e+18
XRP,2025-09-15,1,pending,,,
XRP,2025-09-15,2,hit,1.757943e+18,,1.7579439e+18
XRP,2025-09-16,1,pending,,,
XRP,2025-09-16,2,armed,1.7580429e+18,,
XRP,2025-09-17,1,failed,1.7581311e+18,1.758132e+18,
XRP,2025-09-17,2,pending,,,
XRP,2025-09-18,1,pending,,,
XRP,2025-09-18,2,armed,1.7582175e+18,,
XRP,2025-09-19,1,hit,1.7582931e+18,,1.7582949e+18
XRP,2025-09-19,2,pending,,,
XRP,2025-09-22,1,pending,,,
XRP,2025-09-23,1,armed,1.7586504e+18,,
XRP,2025-09-23,2,failed,1.7586468e+18,1.7586486e+18,
XRP,2025-09-24,1,hit,1.7587233e+18,,1.7587251e+18
XRP,2025-09-25,1,hit,1.7588178e+18,,1.7588196e+18
XRP,2025-09-26,1,failed,1.7588943e+18,1.758897e+18,
XRP,2025-09-26,2,failed,1.7588979e+18,1.7589006e+18,
XRP,2025-09-29,1,pending,,,
XRP,2025-09-29,2,hit,1.7591535e+18,,1.7591544e+18
XRP,2025-09-30,1,hit,1.7592417e+18,,1.7592453e+18
XRP,2025-09-30,2,pending,,,
XRP,2025-10-01,1,pending,,,
XRP,2025-10-01,2,pending,,,
XRP,2025-10-02,1,failed,1.7594172e+18,1.759419e+18,
XRP,2025-10-02,2,hit,1.7594217e+18,,1.7594226e+18
XRP,2025-10-03,1,pending,,,
XRP,2025-10-03,2,hit,1.7595036e+18,,1.7595072e+18
XRP,2025-10-06,1,hit,1.7597592e+18,,1.7597601e+18
XRP,2025-10-06,2,pending,,,
XRP,2025-10-07,1,hit,1.7598447e+18,,1.7598456e+18
XRP,2025-10-07,2,pending,,,
XRP,2025-10-08,1,hit,1.7599428e+18,,1.7599446e+18
XRP,2025-10-08,2,pending,,,
XRP,2025-10-09,1,failed,1.7600211e+18,1.760022e+18,
XRP,2025-10-09,2,failed,1.7600166e+18,1.7600184e+18,
XRP,2025-10-10,1,failed,1.7601039e+18,1.7601066e+18,
XRP,2025-10-10,2,hit,1.7601084e+18,,1.7601093e+18
XRP,2025-10-13,1,hit,1.7603631e+18,,1.760364e+18
XRP,2025-10-13,2,pending,,,
XRP,2025-10-14,1,failed,1.7604477e+18,1.7604567e+18,
XRP,2025-10-14,2,armed,1.7604621e+18,,
XRP,2025-10-15,1,failed,1.7605377e+18,1.7605395e+18,
XRP,2025-10-15,2,failed,1.7605341e+18,1.7605377e+18,
XRP,2025-10-16,1,hit,1.7606214e+18,,1.760625e+18
XRP,2025-10-16,2,pending,,,
XRP,2025-10-17,1,failed,1.7607096e+18,1.7607114e+18,
XRP,2025-10-17,2,failed,1.7607069e+18,1.7607168e+18,
XRP,2025-10-20,1,pending,,,
XRP,2025-10-20,2,failed,1.7609688e+18,1.7609787e+18,
XRP,2025-10-21,1,failed,1.7610525e+18,1.7610561e+18,
XRP,2025-10-22,1,hit,1.7611389e+18,,1.7611398e+18
XRP,2025-10-22,2,pending,,,
XRP,2025-10-23,1,armed,1.7612424e+18,,
XRP,2025-10-23,2,failed,1.7612289e+18,1.7612316e+18,
XRP,2025-10-24,1,pending,,,
XRP,2025-10-24,2,hit,1.7613117e+18,,1.7613126e+18
XRP,2025-10-27,1,pending,,,
XRP,2025-10-27,2,hit,1.7615781e+18,,1.7615817e+18
XRP,2025-10-28,1,failed,1.7616627e+18,1.7616708e+18,
XRP,2025-10-28,2,failed,1.7616573e+18,1.7616609e+18,
XRP,2025-10-29,1,pending,,,
XRP,2025-10-29,2,pending,,,
XRP,2025-10-30,1,hit,1.7618301e+18,,1.761831e+18
XRP,2025-10-30,2,pending,,,
XRP,2025-10-31,1,failed,1.7619237e+18,1.76193e+18,
XRP,2025-10-31,2,failed,1.7619183e+18,1.7619237e+18,
XRP,2025-11-03,1,hit,1.7621838e+18,,1.7621847e+18
XRP,2025-11-04,1,hit,1.7622657e+18,,1.7622666e+18
XRP,2025-11-04,2,failed,1.7622702e+18,1.762272e+18,
XRP,2025-11-05,1,hit,1.7623521e+18,,1.762353e+18
XRP,2025-11-05,2,pending,,,
XRP,2025-11-06,1,hit,1.7624403e+18,,1.7624412e+18
XRP,2025-11-07,1,hit,1.7625249e+18,,1.7625258e+18
XRP,2025-11-07,2,pending,,,
XRP,2025-11-10,1,pending,,,
XRP,2025-11-10,2,pending,,,
XRP,2025-11-11,1,failed,1.7628705e+18,1.7628732e+18,
XRP,2025-11-11,2,failed,1.7628732e+18,1.762875e+18,
XRP,2025-11-12,1,pending,,,
XRP,2025-11-12,2,hit,1.7629587e+18,,1.7629623e+18
XRP,2025-11-13,1,pending,,,
XRP,2025-11-13,2,failed,1.7630433e+18,1.763046e+18,
XRP,2025-11-14,1,hit,1.7631315e+18,,1.7631387e+18
XRP,2025-11-14,2,failed,1.7631297e+18,1.7631315e+18,
XRP,2025-11-17,1,hit,1.7633889e+18,,1.7633898e+18
XRP,2025-11-17,2,pending,,,
XRP,2025-11-18,1,hit,1.7634789e+18,,1.7634798e+18
XRP,2025-11-18,2,pending,,,
XRP,2025-11-19,1,hit,1.7635617e+18,,1.7635626e+18
XRP,2025-11-20,1,failed,1.7636481e+18,1.763649e+18,
XRP,2025-11-20,2,failed,1.763649e+18,1.7636517e+18,
XRP,2025-11-21,1,hit,1.7637345e+18,,1.7637453e+18
XRP,2025-11-24,1,pending,,,
XRP,2025-11-24,2,hit,1.7639937e+18,,1.7639991e+18
XRP,2025-11-25,1,failed,1.7640828e+18,1.7640882e+18,
XRP,2025-11-25,2,pending,,,
XRP,2025-11-26,1,pending,,,
XRP,2025-11-26,2,hit,1.7641782e+18,,1.7641791e+18
XRP,2025-11-27,1,pending,,,
XRP,2025-11-27,2,hit,1.7642529e+18,,1.7642691e+18
XRP,2025-11-28,1,armed,1.7643519e+18,,
XRP,2025-11-28,2,hit,1.7643393e+18,,1.7643402e+18
XRP,2025-12-01,1,armed,1.7646039e+18,,
XRP,2025-12-01,2,failed,1.7645994e+18,1.7646021e+18,
XRP,2025-12-02,1,hit,1.7646849e+18,,1.7646876e+18
XRP,2025-12-02,2,pending,,,
XRP,2025-12-03,1,pending,,,
XRP,2025-12-03,2,failed,1.7647731e+18,1.7647749e+18,
XRP,2025-12-04,1,hit,1.7648577e+18,,1.7648586e+18
XRP,2025-12-04,2,failed,1.764864e+18,1.7648676e+18,
XRP,2025-12-05,1,hit,1.7649477e+18,,1.7649486e+18
XRP,2025-12-05,2,hit,1.7649522e+18,,1.7649558e+18
XRP,2025-12-08,1,failed,1.7652051e+18,1.765206e+18,
XRP,2025-12-09,1,hit,1.7652951e+18,,1.7652969e+18
XRP,2025-12-09,2,hit,1.7652897e+18,,1.7652906e+18
XRP,2025-12-10,1,pending,,,
XRP,2025-12-10,2,pending,,,
XRP,2025-12-11,1,failed,1.7654652e+18,1.765467e+18,
XRP,2025-12-11,2,armed,1.7654787e+18,,
XRP,2025-12-12,1,pending,,,
XRP,2025-12-12,2,hit,1.7655489e+18,,1.7655498e+18
XRP,2025-12-15,1,pending,,,
XRP,2025-12-15,2,hit,1.7658081e+18,,1.765809e+18
XRP,2025-12-16,1,failed,1.7659008e+18,1.7659035e+18,
XRP,2025-12-16,2,pending,,,
XRP,2025-12-17,1,hit,1.7659881e+18,,1.765989e+18
XRP,2025-12-17,2,hit,1.7659836e+18,,1.7659845e+18
XRP,2025-12-18,1,hit,1.7660673e+18,,1.7660727e+18
XRP,2025-12-18,2,hit,1.7660781e+18,,1.766079e+18
XRP,2025-12-19,1,failed,1.7661537e+18,1.7661555e+18,
XRP,2025-12-19,2,failed,1.7661555e+18,1.7661564e+18,
XRP,2025-12-22,1,pending,,,
XRP,2025-12-22,2,failed,1.7664156e+18,1.7664174e+18,
XRP,2025-12-23,1,hit,1.7664993e+18,,1.766502e+18
XRP,2025-12-23,2,pending,,,
XRP,2025-12-24,1,hit,1.7665866e+18,,1.7665884e+18
XRP,2025-12-24,2,failed,1.7665857e+18,1.7665875e+18,
XRP,2025-12-25,1,pending,,,
XRP,2025-12-25,2,hit,1.7666766e+18,,1.7666775e+18
XRP,2025-12-26,1,hit,1.7667603e+18,,1.7667621e+18
XRP,2025-12-26,2,pending,,,
XRP,2025-12-29,1,failed,1.7670195e+18,1.7670258e+18,
XRP,2025-12-29,2,failed,1.7670177e+18,1.7670195e+18,
XRP,2025-12-30,1,armed,1.7671068e+18,,
XRP,2025-12-30,2,pending,,,
XRP,2025-12-31,1,failed,1.7671905e+18,1.7671923e+18,
XRP,2025-12-31,2,hit,1.7671941e+18,,1.7671995e+18
XRP,2026-01-01,1,armed,1.7672769e+18,,
XRP,2026-01-01,2,pending,,,
XRP,2026-01-02,1,hit,1.7673642e+18,,1.767366e+18
XRP,2026-01-02,2,pending,,,
XRP,2026-01-05,1,hit,1.7676243e+18,,1.7676279e+18
XRP,2026-01-05,2,failed,1.7676225e+18,1.7676243e+18,
XRP,2026-01-06,1,hit,1.7677143e+18,,1.7677152e+18
XRP,2026-01-06,2,pending,,,
XRP,2026-01-07,1,hit,1.7677953e+18,,1.7677998e+18
XRP,2026-01-07,2,pending,,,
XRP,2026-01-08,1,hit,1.7678826e+18,,1.7678835e+18
XRP,2026-01-09,1,hit,1.7679726e+18,,1.7679753e+18
XRP,2026-01-09,2,pending,,,
XRP,2026-01-12,1,pending,,,
XRP,2026-01-12,2,hit,1.7682309e+18,,1.7682336e+18
XRP,2026-01-13,1,pending,,,
XRP,2026-01-13,2,hit,1.7683146e+18,,1.7683227e+18
XRP,2026-01-14,1,hit,1.7684001e+18,,1.7684037e+18
XRP,2026-01-14,2,pending,,,
XRP,2026-01-15,1,failed,1.7684865e+18,1.7684883e+18,
XRP,2026-01-15,2,hit,1.7684883e+18,,1.7685e+18
XRP,2026-01-16,1,hit,1.7685729e+18,,1.7685756e+18
XRP,2026-01-16,2,pending,,,
XRP,2026-01-19,1,hit,1.7688402e+18,,1.7688411e+18
XRP,2026-01-19,2,pending,,,
XRP,2026-01-20,1,pending,,,
XRP,2026-01-20,2,hit,1.7689239e+18,,1.7689338e+18
XRP,2026-01-21,1,hit,1.7690049e+18,,1.7690058e+18
XRP,2026-01-21,2,hit,1.7690148e+18,,1.7690157e+18
XRP,2026-01-22,1,hit,1.7690913e+18,,1.7690922e+18
XRP,2026-01-22,2,pending,,,
XRP,2026-01-23,1,hit,1.7691795e+18,,1.7691804e+18
XRP,2026-01-23,2,hit,1.769184e+18,,1.7691849e+18
XRP,2026-01-23,3,failed,1.769184e+18,1.7691849e+18,
XRP,2026-01-26,1,hit,1.7694369e+18,,1.7694378e+18
XRP,2026-01-27,1,failed,1.7695278e+18,1.7695296e+18,
XRP,2026-01-27,2,hit,1.7695305e+18,,1.7695332e+18
XRP,2026-01-27,3,failed,1.7695305e+18,1.7695323e+18,
XRP,2026-01-28,1,armed,1.7696133e+18,,
XRP,2026-01-28,2,pending,,,
XRP,2026-01-28,3,pending,,,
XRP,2026-01-29,1,hit,1.769697e+18,,1.7696979e+18
XRP,2026-01-29,2,pending,,,
XRP,2026-01-29,3,pending,,,
XRP,2026-01-30,1,pending,,,
XRP,2026-01-30,2,failed,1.7697834e+18,1.7697843e+18,
XRP,2026-02-02,1,failed,1.7700498e+18,1.7700543e+18,
XRP,2026-02-03,1,failed,1.7701308e+18,1.7701326e+18,
XRP,2026-02-03,2,failed,1.7701281e+18,1.7701299e+18,
XRP,2026-02-04,1,pending,,,
XRP,2026-02-04,2,hit,1.7702145e+18,,1.7702154e+18
XRP,2026-02-05,1,failed,1.7703027e+18,1.7703036e+18,
XRP,2026-02-05,2,hit,1.7703045e+18,,1.7703054e+18
XRP,2026-02-06,1,hit,1.7703873e+18,,1.7703891e+18
XRP,2026-02-06,2,pending,,,
XRP,2026-02-09,1,pending,,,
XRP,2026-02-09,2,hit,1.7706483e+18,,1.7706492e+18
XRP,2026-02-10,1,failed,1.7707347e+18,1.7707401e+18,
XRP,2026-02-10,2,failed,1.7707329e+18,1.7707347e+18,
XRP,2026-02-11,1,failed,1.7708193e+18,1.7708211e+18,
XRP,2026-02-11,2,hit,1.770822e+18,,1.7708229e+18
XRP,2026-02-12,1,hit,1.7709075e+18,,1.7709129e+18
XRP,2026-02-12,2,pending,,,
XRP,2026-02-13,1,hit,1.770993e+18,,1.7709966e+18
XRP,2026-02-13,2,pending,,,
XRP,2026-02-16,1,hit,1.7712513e+18,,1.7712567e+18
XRP,2026-02-16,2,pending,,,
XRP,2026-02-17,1,hit,1.7713395e+18,,1.7713404e+18
XRP,2026-02-17,2,armed,1.7713449e+18,,
XRP,2026-02-18,1,failed,1.7714295e+18,1.7714313e+18,
XRP,2026-02-18,2,failed,1.771425e+18,1.7714295e+18,
XRP,2026-02-19,1,armed,1.7715105e+18,,
XRP,2026-02-19,2,hit,1.7715258e+18,,1.7715267e+18
XRP,2026-02-20,1,hit,1.7716005e+18,,1.7716014e+18
XRP,2026-02-20,2,failed,1.7715969e+18,1.7716005e+18,
XRP,2026-02-23,1,hit,1.7718561e+18,,1.771857e+18
XRP,2026-02-23,2,pending,,,
XRP,2026-02-24,1,hit,1.7719497e+18,,1.7719533e+18
XRP,2026-02-24,2,hit,1.7719425e+18,,1.7719434e+18
XRP,2026-02-25,1,hit,1.7720289e+18,,1.7720298e+18
XRP,2026-02-26,1,hit,1.7721171e+18,,1.7721189e+18
XRP,2026-02-26,2,pending,,,
XRP,2026-02-27,1,pending,,,
XRP,2026-02-27,2,hit,1.7722017e+18,,1.7722134e+18
XRP,2026-03-02,1,hit,1.7724627e+18,,1.7724636e+18
XRP,2026-03-02,2,pending,,,
XRP,2026-03-03,1,failed,1.7725491e+18,1.7725527e+18,
XRP,2026-03-03,2,armed,1.7725536e+18,,
XRP,2026-03-04,1,hit,1.7726337e+18,,1.7726382e+18
XRP,2026-03-04,2,pending,,,
XRP,2026-03-05,1,hit,1.7727201e+18,,1.772721e+18
XRP,2026-03-05,2,pending,,,
XRP,2026-03-06,1,pending,,,
XRP,2026-03-06,2,hit,1.7728065e+18,,1.7728083e+18
XRP,2026-03-09,1,armed,1.7730639e+18,,
XRP,2026-03-09,2,pending,,,
XRP,2026-03-10,1,failed,1.7731521e+18,1.773153e+18,
XRP,2026-03-11,1,hit,1.7732349e+18,,1.7732358e+18
XRP,2026-03-11,2,pending,,,
XRP,2026-03-12,1,hit,1.7733222e+18,,1.7733267e+18
XRP,2026-03-12,2,pending,,,
XRP,2026-03-13,1,hit,1.7734095e+18,,1.7734113e+18
XRP,2026-03-13,2,armed,1.7734158e+18,,
XRP,2026-03-16,1,hit,1.7736669e+18,,1.7736732e+18
XRP,2026-03-16,2,pending,,,
XRP,2026-03-17,1,failed,1.7737569e+18,1.7737596e+18,
XRP,2026-03-17,2,armed,1.7737596e+18,,
XRP,2026-03-18,1,hit,1.7738397e+18,,1.7738442e+18
XRP,2026-03-18,2,pending,,,
XRP,2026-03-19,1,pending,,,
XRP,2026-03-19,2,hit,1.7739261e+18,,1.7739342e+18
XRP,2026-03-20,1,pending,,,
XRP,2026-03-20,2,hit,1.7740125e+18,,1.7740152e+18
XRP,2026-03-20,3,pending,,,
XRP,2026-03-23,1,hit,1.7742735e+18,,1.7742744e+18
XRP,2026-03-23,2,pending,,,
XRP,2026-03-24,1,hit,1.7743581e+18,,1.7743599e+18
XRP,2026-03-24,2,pending,,,
XRP,2026-03-24,3,pending,,,
XRP,2026-03-25,1,pending,,,
XRP,2026-03-25,2,hit,1.7744508e+18,,1.7744535e+18
XRP,2026-03-25,3,pending,,,
XRP,2026-03-26,1,hit,1.7745372e+18,,1.7745381e+18
XRP,2026-03-27,1,hit,1.7746182e+18,,1.7746191e+18
XRP,2026-03-27,2,armed,1.7746335e+18,,
XRP,2026-03-27,3,failed,1.7746182e+18,1.77462e+18,
XRP,2026-03-30,1,failed,1.7748765e+18,1.774881e+18,
XRP,2026-03-30,2,failed,1.774881e+18,1.7748855e+18,
XRP,2026-03-31,1,hit,1.7749629e+18,,1.7749638e+18
XRP,2026-03-31,2,pending,,,
XRP,2026-03-31,3,failed,1.7749629e+18,1.7749656e+18,
XRP,2026-04-01,1,hit,1.7750511e+18,,1.775052e+18
XRP,2026-04-01,2,pending,,,
XRP,2026-04-01,3,pending,,,
XRP,2026-04-02,1,hit,1.7751357e+18,,1.7751366e+18
XRP,2026-04-03,1,pending,,,
XRP,2026-04-03,2,pending,,,
XRP,2026-04-06,1,pending,,,
XRP,2026-04-06,2,failed,1.7754912e+18,1.7754948e+18,
XRP,2026-04-07,1,failed,1.7755713e+18,1.7755839e+18,
XRP,2026-04-07,2,failed,1.7755677e+18,1.7755695e+18,
XRP,2026-04-07,3,hit,1.7755677e+18,,1.7755713e+18
XRP,2026-04-08,1,hit,1.7756541e+18,,1.775655e+18
XRP,2026-04-09,1,failed,1.775745e+18,1.7757468e+18,
XRP,2026-04-09,2,failed,1.7757405e+18,1.775745e+18,
XRP,2026-04-10,1,pending,,,
XRP,2026-04-10,2,armed,1.7758278e+18,,
XRP,2026-04-13,1,pending,,,
XRP,2026-04-13,2,hit,1.7760861e+18,,1.7760888e+18
XRP,2026-04-14,1,hit,1.7761725e+18,,1.7761743e+18
XRP,2026-04-15,1,pending,,,
XRP,2026-04-15,2,failed,1.7762598e+18,1.7762607e+18,
XRP,2026-04-16,1,failed,1.776348e+18,1.7763525e+18,
XRP,2026-04-16,2,hit,1.7763453e+18,,1.7763462e+18
XRP,2026-04-17,1,pending,,,
XRP,2026-04-17,2,hit,1.7764317e+18,,1.7764326e+18
XRP,2026-04-20,1,pending,,,
XRP,2026-04-20,2,failed,1.7766909e+18,1.7766981e+18,
XRP,2026-04-21,1,failed,1.7767827e+18,1.7767836e+18,
XRP,2026-04-21,2,failed,1.7767773e+18,1.7767827e+18,
XRP,2026-04-22,1,failed,1.7768673e+18,1.7768691e+18,
XRP,2026-04-23,1,pending,,,
XRP,2026-04-23,2,hit,1.7769555e+18,,1.7769564e+18
XRP,2026-04-24,1,failed,1.7770365e+18,1.7770401e+18,
XRP,2026-04-24,2,pending,,,
XRP,2026-04-27,1,hit,1.7772957e+18,,1.7772966e+18
XRP,2026-04-27,2,pending,,,
XRP,2026-04-28,1,hit,1.7773821e+18,,1.7773848e+18
XRP,2026-04-28,2,pending,,,
XRP,2026-04-29,1,pending,,,
XRP,2026-04-29,2,hit,1.7774685e+18,,1.7774694e+18
XRP,2026-04-30,1,failed,1.7775558e+18,1.7775567e+18,
XRP,2026-04-30,2,failed,1.7775567e+18,1.7775693e+18,
XRP,2026-05-01,1,pending,,,
XRP,2026-05-01,2,hit,1.7776413e+18,,1.7776422e+18
XRP,2026-05-04,1,pending,,,
XRP,2026-05-04,2,failed,1.7779068e+18,1.7779086e+18,
XRP,2026-05-05,1,pending,,,
XRP,2026-05-06,1,hit,1.7780733e+18,,1.7780742e+18
XRP,2026-05-06,2,pending,,,
XRP,2026-05-07,1,hit,1.7781615e+18,,1.7781624e+18
XRP,2026-05-07,2,failed,1.7781606e+18,1.7781615e+18,
XRP,2026-05-08,1,failed,1.7782506e+18,1.7782542e+18,
XRP,2026-05-08,2,hit,1.7782461e+18,,1.778247e+18
XRP,2026-05-11,1,pending,,,
XRP,2026-05-11,2,hit,1.7785053e+18,,1.7785134e+18
XRP,2026-05-12,1,hit,1.7785944e+18,,1.7785953e+18
XRP,2026-05-12,2,failed,1.7785917e+18,1.7785944e+18,
XRP,2026-05-13,1,pending,,,
XRP,2026-05-13,2,hit,1.778679e+18,,1.7786799e+18
XRP,2026-05-14,1,pending,,,
XRP,2026-05-14,2,hit,1.7787645e+18,,1.7787699e+18
XRP,2026-05-15,1,hit,1.7788527e+18,,1.7788536e+18
XRP,2026-05-15,2,pending,,,
XRP,2026-05-18,1,pending,,,
XRP,2026-05-18,2,hit,1.779111e+18,,1.7791182e+18
XRP,2026-05-19,1,pending,,,
XRP,2026-05-19,2,hit,1.779201e+18,,1.7792028e+18
XRP,2026-05-20,1,failed,1.7792829e+18,1.7792847e+18,
XRP,2026-05-20,2,pending,,,
XRP,2026-05-21,1,hit,1.7793711e+18,,1.7793729e+18
XRP,2026-05-21,2,failed,1.7793693e+18,1.7793711e+18,
XRP,2026-05-22,1,hit,1.7794593e+18,,1.7794602e+18
XRP,2026-05-22,2,pending,,,
XRP,2026-05-25,1,pending,,,
XRP,2026-05-25,2,armed,1.7797194e+18,,
XRP,2026-05-26,1,hit,1.7798067e+18,,1.7798094e+18
XRP,2026-05-26,2,failed,1.7798058e+18,1.7798067e+18,
XRP,2026-05-27,1,hit,1.7798877e+18,,1.7798886e+18
XRP,2026-05-27,2,hit,1.779894e+18,,1.7798958e+18
XRP,2026-05-28,1,hit,1.7799741e+18,,1.7799831e+18
XRP,2026-05-28,2,pending,,,
XRP,2026-05-29,1,hit,1.7800605e+18,,1.7800614e+18
XRP,2026-05-29,2,hit,1.7800677e+18,,1.7800749e+18
XRP,2026-06-01,1,hit,1.7803197e+18,,1.7803206e+18
XRP,2026-06-02,1,hit,1.7804097e+18,,1.7804106e+18
XRP,2026-06-03,1,pending,,,
XRP,2026-06-04,1,hit,1.7805789e+18,,1.7805861e+18
XRP,2026-06-04,2,pending,,,
XRP,2026-06-05,1,failed,1.7806653e+18,1.780668e+18,
XRP,2026-06-08,1,hit,1.7809245e+18,,1.7809308e+18
XRP,2026-06-08,2,pending,,,
XRP,2026-06-09,1,hit,1.7810154e+18,,1.7810208e+18
XRP,2026-06-09,2,failed,1.7810109e+18,1.7810145e+18,
XRP,2026-06-10,1,hit,1.7810982e+18,,1.7810991e+18
XRP,2026-06-10,2,pending,,,
XRP,2026-06-11,1,armed,1.7811999e+18,,
XRP,2026-06-11,2,failed,1.7811837e+18,1.7811999e+18,
XRP,2026-06-12,1,failed,1.7812701e+18,1.7812764e+18,
XRP,2026-06-12,2,hit,1.7812764e+18,,1.7812773e+18
XRP,2026-06-15,1,pending,,,
XRP,2026-06-15,2,hit,1.7815293e+18,,1.7815374e+18
XRP,2026-06-16,1,failed,1.7816202e+18,1.7816328e+18,
XRP,2026-06-16,2,pending,,,
XRP,2026-06-17,1,hit,1.7817111e+18,,1.7817138e+18
XRP,2026-06-17,2,pending,,,
XRP,2026-06-18,1,pending,,,
XRP,2026-06-18,2,hit,1.7817903e+18,,1.7817921e+18
XRP,2026-06-19,1,pending,,,
XRP,2026-06-19,2,hit,1.7818749e+18,,1.7818767e+18
XRP,2026-06-22,1,hit,1.7821341e+18,,1.782135e+18
XRP,2026-06-23,1,pending,,,
XRP,2026-06-23,2,failed,1.7822286e+18,1.7822304e+18,
XRP,2026-06-24,1,pending,,,
XRP,2026-06-24,2,hit,1.7823069e+18,,1.7823078e+18
XRP,2026-06-25,1,failed,1.7823933e+18,1.7823951e+18,
XRP,2026-06-25,2,hit,1.7823951e+18,,1.782396e+18
XRP,2026-06-26,1,failed,1.7824797e+18,1.7824815e+18,
XRP,2026-06-26,2,failed,1.7824842e+18,1.782486e+18,
XRP,2026-06-29,1,failed,1.7827389e+18,1.7827407e+18,
XRP,2026-06-29,2,hit,1.7827407e+18,,1.7827425e+18
XRP,2026-06-30,1,hit,1.7828253e+18,,1.7828262e+18
XRP,2026-06-30,2,failed,1.7828289e+18,1.7828316e+18,
XRP,2026-07-01,1,pending,,,
XRP,2026-07-01,2,hit,1.7829117e+18,,1.7829126e+18
XRP,2026-07-02,1,hit,1.7829981e+18,,1.7829999e+18
XRP,2026-07-02,2,pending,,,
XRP,2026-07-03,1,hit,1.7830854e+18,,1.7830863e+18
XRP,2026-07-06,1,armed,1.7833536e+18,,
XRP,2026-07-06,2,hit,1.7833437e+18,,1.7833446e+18
XRP,2026-07-07,1,failed,1.7834337e+18,1.7834364e+18,
XRP,2026-07-07,2,armed,1.78344e+18,,
XRP,2026-07-08,1,armed,1.7835318e+18,,
XRP,2026-07-08,2,failed,1.7835237e+18,1.7835291e+18,
XRP,2026-07-09,1,hit,1.7836128e+18,,1.7836137e+18
XRP,2026-07-09,2,pending,,,
XRP,2026-07-10,1,hit,1.7836893e+18,,1.7836938e+18
XRP,2026-07-10,2,pending,,,
XRP,2026-07-13,1,hit,1.7839638e+18,,1.7839656e+18
XRP,2026-07-13,2,pending,,,
XRP,2026-07-14,1,hit,1.7840349e+18,,1.7840358e+18
XRP,2026-07-14,2,pending,,,
XRP,2026-07-15,1,pending,,,
XRP,2026-07-15,2,hit,1.7841213e+18,,1.7841222e+18
XRP,2026-07-16,1,hit,1.7842113e+18,,1.7842122e+18
XRP,2026-07-16,2,armed,1.7842248e+18,,
XRP,2026-07-17,1,hit,1.7843058e+18,,1.7843067e+18
XRP,2026-07-17,2,hit,1.7842941e+18,,1.784295e+18
XRP,2026-07-20,1,hit,1.7845632e+18,,1.7845641e+18
XRP,2026-07-20,2,hit,1.7845533e+18,,1.784556e+18
XRP,2026-07-21,1,pending,,,
XRP,2026-07-21,2,hit,1.7846397e+18,,1.7846406e+18
XRP,2026-07-22,1,pending,,,
XRP,2026-07-22,2,hit,1.7847279e+18,,1.7847297e+18
XRP,2026-07-23,1,pending,,,
XRP,2026-07-23,2,hit,1.7848125e+18,,1.7848134e+18
