coin,date,sc,kind,trig_name,trig,tgt,inv,tag
BTC,2022-01-11,1,SHORT,RND,41750.0,41503.56,41939.820078,lean
BTC,2022-01-11,2,LONG,PDC,41822.49,42248.5,41632.669922,ctx
BTC,2022-01-12,1,SHORT,RND,43250.0,43100.0,43457.542446,lean
BTC,2022-01-12,2,LONG,ONH,43443.6,44254.041415,43236.057554,ctx
BTC,2022-01-13,1,SHORT,RND,43750.0,43422.72,43939.21322,lean
BTC,2022-01-13,2,LONG,PDC,43902.66,44075.42,43713.44678,ctx
BTC,2022-01-14,1,LONG,PDL,42311.22,42560.11,42118.05208,lean
BTC,2022-01-14,2,SHORT,RND,42000.0,41725.95,42193.16792,ctx
BTC,2022-01-17,1,SHORT,RND,42500.0,42300.0,42695.693215,lean
BTC,2022-01-17,2,LONG,PDL,42581.79,43071.66,42386.096785,ctx
BTC,2022-01-18,1,SHORT,RND,41750.0,41540.42,41941.540839,lean
BTC,2022-01-18,2,LONG,PDC,42201.62,42436.66,42010.079161,ctx
BTC,2022-01-19,1,LONG,PDC,42352.12,42560.91,42180.780039,lean
BTC,2022-01-19,2,SHORT,RND,42000.0,41295.403515,42171.339961,ctx
BTC,2022-01-20,1,LONG,ONH,42232.76,42559.13,42054.818461,lean
BTC,2022-01-20,2,SHORT,RND,42000.0,41660.01,42177.941539,ctx
BTC,2022-01-21,1,LONG,RND,38250.0,39050.062352,38064.878067,lean
BTC,2022-01-21,2,SHORT,ONL,37710.0,37322.257648,37895.121933,ctx
BTC,2022-01-24,1,SHORT,ONL,33029.54,33000.0,33195.61221,ctx
BTC,2022-01-25,1,SHORT,RND,36500.0,35735.235455,36667.977402,lean
BTC,2022-01-25,2,LONG,PDC,36660.35,36800.0,36492.372598,ctx
BTC,2022-01-26,1,LONG,RND,37750.0,38248.92,37572.514298,lean
BTC,2022-01-26,2,SHORT,PDH,37545.14,36958.32,37722.625702,ctx
BTC,2022-01-27,1,SHORT,PDL,36234.63,35888.584684,36401.696853,lean
BTC,2022-01-27,2,LONG,RND,36750.0,36809.34,36582.933147,ctx
BTC,2022-01-28,1,SHORT,RND,36250.0,36155.01,36429.944816,ctx
BTC,2022-01-31,1,SHORT,RND,37000.0,36632.61,37171.934255,lean
BTC,2022-01-31,2,LONG,PDL,37351.63,37881.76,37179.695745,ctx
BTC,2022-02-01,1,SHORT,PDC,38466.9,38000.0,38647.556266,lean
BTC,2022-02-01,2,LONG,PDH,38744.0,38750.0,38563.343734,ctx
BTC,2022-02-02,1,SHORT,PDC,38694.59,38196.42,38864.180482,lean
BTC,2022-02-02,2,LONG,RND,38750.0,38889.0,38580.409518,ctx
BTC,2022-02-03,1,SHORT,PDL,36586.95,36250.0,36758.652871,lean
BTC,2022-02-03,2,LONG,RND,36750.0,36896.36,36578.297129,ctx
BTC,2022-02-04,1,LONG,RND,38000.0,38236.08,37820.817686,lean
BTC,2022-02-04,2,SHORT,PDH,37387.0,37311.61,37566.182314,ctx
BTC,2022-02-07,1,SHORT,PDC,42380.87,41763.802956,42568.611509,lean
BTC,2022-02-07,2,LONG,PDH,42656.0,42750.0,42468.258491,ctx
BTC,2022-02-08,1,LONG,RND,43500.0,43839.99,43313.918228,lean
BTC,2022-02-08,2,SHORT,ONL,43105.3,42590.538395,43291.381772,ctx
BTC,2022-02-09,1,SHORT,PDC,44042.99,43297.687779,44223.819762,lean
BTC,2022-02-09,2,LONG,RND,44250.0,44349.23,44069.170238,ctx
BTC,2022-02-10,1,SHORT,PDH,44799.0,44750.0,45012.092028,lean
BTC,2022-02-10,2,LONG,ONH,45177.96,45802.159465,44964.867972,ctx
BTC,2022-02-11,1,LONG,ONH,44047.61,44445.321509,43860.206105,lean
BTC,2022-02-11,2,SHORT,RND,43500.0,43495.44,43687.403895,ctx
BTC,2022-02-14,1,LONG,ONH,42591.49,42760.0,42410.245665,lean
BTC,2022-02-14,2,SHORT,RND,42500.0,42053.66,42681.244335,ctx
BTC,2022-02-15,1,LONG,RND,44250.0,44425.85,44078.910692,ctx
BTC,2022-02-16,1,SHORT,RND,44000.0,43673.92,44187.428482,lean
BTC,2022-02-16,2,LONG,PDC,44544.86,44751.4,44357.431518,ctx
BTC,2022-02-17,1,LONG,RND,43250.0,43307.0,43048.971733,lean
BTC,2022-02-17,2,SHORT,ONL,42900.0,42275.118085,43101.028267,ctx
BTC,2022-02-18,1,LONG,RND,40500.0,40515.7,40323.078645,lean
BTC,2022-02-18,2,SHORT,ONL,40082.09,40073.21,40259.011355,ctx
BTC,2022-02-21,1,LONG,PDL,38000.0,38305.141937,37836.038871,lean
BTC,2022-02-21,2,SHORT,RND,37500.0,37348.49,37663.961129,ctx
BTC,2022-02-22,1,LONG,RND,37750.0,37865.0,37572.506949,lean
BTC,2022-02-22,2,SHORT,PDC,37008.16,36809.679095,37185.653051,ctx
BTC,2022-02-23,1,LONG,ONH,39125.47,39785.299929,38960.703587,lean
BTC,2022-02-23,2,SHORT,RND,39000.0,38429.0,39164.766413,ctx
BTC,2022-02-24,1,SHORT,RND,35250.0,34446.909703,35423.348635,ctx
BTC,2022-02-25,1,SHORT,RND,39250.0,38529.696097,39428.361551,lean
BTC,2022-02-25,2,LONG,ONH,39500.0,39843.0,39321.638449,ctx
BTC,2022-02-28,1,SHORT,RND,38250.0,37699.07,38427.050223,lean
BTC,2022-02-28,2,LONG,ONH,38672.96,39103.154375,38495.909777,ctx
BTC,2022-03-01,1,SHORT,PDH,44225.84,43763.328979,44413.779504,lean
BTC,2022-03-01,2,LONG,ONH,44689.8,44750.0,44501.860496,ctx
BTC,2022-03-02,1,LONG,PDC,44421.2,44750.0,44229.278057,lean
BTC,2022-03-02,2,SHORT,RND,44000.0,43653.63,44191.921943,ctx
BTC,2022-03-03,1,SHORT,RND,43500.0,43334.09,43701.886106,lean
BTC,2022-03-03,2,LONG,PDC,43892.98,44200.01,43691.093894,ctx
BTC,2022-03-04,1,LONG,PDL,41832.28,42426.099781,41636.249333,lean
BTC,2022-03-04,2,SHORT,RND,41500.0,40863.01,41696.030667,ctx
BTC,2022-03-07,1,LONG,ONH,39013.92,39507.405026,38818.663923,lean
BTC,2022-03-07,2,SHORT,RND,38500.0,38420.81,38695.256077,ctx
BTC,2022-03-08,1,LONG,ONH,39226.99,39547.57,39027.075382,lean
BTC,2022-03-08,2,SHORT,RND,38750.0,37988.0,38949.914618,ctx
BTC,2022-03-09,1,LONG,RND,42000.0,42545.45,41811.101126,lean
BTC,2022-03-10,1,SHORT,ONL,38782.14,38656.45,38982.838897,lean
BTC,2022-03-10,2,LONG,RND,39250.0,40179.404852,39049.301103,ctx
BTC,2022-03-11,1,LONG,RND,40000.0,40236.26,39799.655836,lean
BTC,2022-03-11,2,SHORT,PDC,39422.0,38979.150567,39622.344164,ctx
BTC,2022-03-14,1,LONG,RND,39000.0,39299.98,38815.750557,lean
BTC,2022-03-15,1,LONG,RND,38750.0,39486.149714,38569.755776,lean
BTC,2022-03-15,2,SHORT,ONL,38098.33,37803.870286,38278.574224,ctx
BTC,2022-03-16,1,SHORT,RND,40500.0,39887.61,40676.647994,lean
BTC,2022-03-17,1,SHORT,ONL,40500.0,39888.266991,40684.337788,lean
BTC,2022-03-17,2,LONG,RND,40750.0,41114.0,40565.662212,ctx
BTC,2022-03-18,1,SHORT,ONL,40135.04,39567.684418,40311.338339,lean
BTC,2022-03-21,1,SHORT,PDL,40911.0,40495.127421,41071.532696,lean
BTC,2022-03-21,2,LONG,RND,41250.0,41262.11,41089.467304,ctx
BTC,2022-03-22,1,LONG,RND,43000.0,43361.0,42839.671199,lean
BTC,2022-03-23,1,SHORT,RND,42000.0,41751.47,42162.20197,lean
BTC,2022-03-23,2,LONG,PDC,42364.13,42796.722528,42201.92803,ctx
BTC,2022-03-24,1,LONG,RND,43000.0,43025.96,42835.812321,lean
BTC,2022-03-24,2,SHORT,PDC,42882.76,42335.12,43046.947679,ctx
BTC,2022-03-25,1,SHORT,RND,44500.0,44220.89,44673.74215,lean
BTC,2022-03-25,2,LONG,ONH,44664.2,45396.0767,44490.45785,ctx
BTC,2022-03-28,1,LONG,ONH,47650.0,48121.238822,47463.850252,lean
BTC,2022-03-28,2,SHORT,RND,47250.0,46999.0,47436.149748,ctx
BTC,2022-03-29,1,SHORT,PDC,47122.21,47031.670483,47307.444897,lean
BTC,2022-03-29,2,LONG,ONH,47963.24,48000.0,47778.005103,ctx
BTC,2022-03-30,1,SHORT,RND,47250.0,46950.85,47431.616335,lean
BTC,2022-03-30,2,LONG,PDC,47434.8,47580.0,47253.183665,ctx
BTC,2022-03-31,1,LONG,RND,47250.0,47425.21,47064.978239,lean
BTC,2022-03-31,2,SHORT,PDC,47067.99,46850.0,47253.011761,ctx
BTC,2022-04-01,1,LONG,PDL,45200.0,45510.34,45026.456552,lean
BTC,2022-04-01,2,SHORT,RND,45000.0,44254.390577,45173.543448,ctx
BTC,2022-04-04,1,SHORT,ONL,45744.77,45530.92,45925.320558,lean
BTC,2022-04-04,2,LONG,RND,46250.0,46407.35,46069.449442,ctx
BTC,2022-04-05,1,SHORT,PDC,46580.51,46372.05,46761.734247,lean
BTC,2022-04-05,2,LONG,RND,46750.0,46890.71,46568.775753,ctx
BTC,2022-04-06,1,LONG,PDL,45353.81,45497.55,45180.315324,lean
BTC,2022-04-06,2,SHORT,RND,44750.0,44412.0,44923.494676,ctx
BTC,2022-04-07,1,LONG,ONH,43865.27,44581.776517,43690.619318,lean
BTC,2022-04-07,2,SHORT,RND,43750.0,43170.47,43924.650682,ctx
BTC,2022-04-08,1,SHORT,ONL,43260.76,43250.0,43426.753244,lean
BTC,2022-04-08,2,LONG,PDC,43444.19,43900.99,43278.196756,ctx
BTC,2022-04-11,1,LONG,PDL,41868.0,41886.779257,41692.468016,lean
BTC,2022-04-11,2,SHORT,RND,41000.0,40968.11,41175.531984,ctx
BTC,2022-04-12,1,LONG,ONH,40464.0,40500.0,40286.762181,lean
BTC,2022-04-13,1,LONG,RND,39750.0,40074.94,39582.440365,lean
BTC,2022-04-13,2,SHORT,ONL,39555.51,39254.63,39723.069635,ctx
BTC,2022-04-14,1,SHORT,ONL,40851.5,40065.325869,41034.642314,lean
BTC,2022-04-14,2,LONG,RND,41000.0,41147.79,40816.857686,ctx
BTC,2022-04-15,1,LONG,RND,40250.0,40449.96,40079.394938,lean
BTC,2022-04-15,2,SHORT,PDC,39942.38,39766.4,40112.985062,ctx
BTC,2022-04-18,1,LONG,RND,39000.0,39546.17,38820.424498,lean
BTC,2022-04-18,2,SHORT,ONL,38536.51,38160.52099,38716.085502,ctx
BTC,2022-04-19,1,SHORT,ONL,40571.0,39874.025894,40745.273023,lean
BTC,2022-04-19,2,LONG,RND,40750.0,40801.13,40575.726977,ctx
BTC,2022-04-20,1,SHORT,RND,42000.0,41760.0,42167.865029,lean
BTC,2022-04-20,2,LONG,ONH,42199.0,42873.370135,42031.134971,ctx
BTC,2022-04-21,1,LONG,RND,42500.0,42690.0,42330.113995,lean
BTC,2022-04-21,2,SHORT,PDH,42199.0,41647.198644,42368.886005,ctx
BTC,2022-04-22,1,LONG,ONH,40815.6,41392.413338,40642.69857,lean
BTC,2022-04-22,2,SHORT,RND,40500.0,40480.01,40672.90143,ctx
BTC,2022-04-25,1,LONG,PDL,38929.62,39450.13,38751.992199,lean
BTC,2022-04-25,2,SHORT,RND,38750.0,38200.0,38927.627801,ctx
BTC,2022-04-26,1,SHORT,PDC,40426.08,40141.92,40594.397447,lean
BTC,2022-04-26,2,LONG,RND,40500.0,40616.0,40331.682553,ctx
BTC,2022-04-27,1,LONG,ONH,39221.65,39824.440253,39048.667803,lean
BTC,2022-04-27,2,SHORT,RND,39000.0,38209.939747,39172.982197,ctx
BTC,2022-04-28,1,LONG,RND,39750.0,39882.38,39585.949276,lean
BTC,2022-04-28,2,SHORT,PDH,39474.72,39235.72,39638.770724,ctx
BTC,2022-04-29,1,SHORT,ONL,38616.46,37899.75019,38798.557816,lean
BTC,2022-04-29,2,LONG,RND,38750.0,38881.43,38567.902184,ctx
BTC,2022-05-02,1,LONG,PDH,38675.0,39167.34,38516.984519,lean
BTC,2022-05-02,2,SHORT,RND,38500.0,38468.35,38658.015481,ctx
BTC,2022-05-03,1,SHORT,PDC,38525.16,38500.0,38684.350417,lean
BTC,2022-05-03,2,LONG,ONH,38908.56,39167.34,38749.369583,ctx
BTC,2022-05-04,1,SHORT,RND,39000.0,38651.51,39155.900385,lean
BTC,2022-05-04,2,LONG,ONH,39100.0,39729.835131,38944.099615,ctx
BTC,2022-05-05,1,SHORT,ONL,39407.17,38743.502986,39567.740074,lean
BTC,2022-05-05,2,LONG,RND,39500.0,39690.0,39339.429926,ctx
BTC,2022-05-06,1,SHORT,RND,35750.0,35587.1,35909.169302,ctx
BTC,2022-05-09,1,LONG,PDL,33713.95,33850.140369,33557.98635,lean
BTC,2022-05-09,2,SHORT,RND,33000.0,32650.39,33155.96365,ctx
BTC,2022-05-10,1,SHORT,RND,31500.0,30913.468797,31651.879544,ctx
BTC,2022-05-11,1,SHORT,RND,31500.0,31017.1,31701.608463,lean
BTC,2022-05-11,2,LONG,ONH,32162.59,32473.989496,31960.981537,ctx
BTC,2022-05-12,1,LONG,RND,28500.0,29103.94,28333.656799,lean
BTC,2022-05-12,2,SHORT,PDL,27785.0,27696.711728,27951.343201,ctx
BTC,2022-05-13,1,LONG,RND,30750.0,31083.37,30595.719404,lean
BTC,2022-05-13,2,SHORT,PDH,30243.0,29948.103884,30397.280596,ctx
BTC,2022-05-16,1,SHORT,PDL,29480.0,29258.0,29649.192616,lean
BTC,2022-05-16,2,LONG,RND,30000.0,30740.515543,29830.807384,ctx
BTC,2022-05-17,1,LONG,ONH,30788.37,31053.136052,30631.155846,lean
BTC,2022-05-17,2,SHORT,RND,30250.0,29874.01,30407.214154,ctx
BTC,2022-05-18,1,SHORT,RND,29750.0,29682.97,29903.741003,lean
BTC,2022-05-18,2,LONG,PDC,30444.93,30551.038015,30291.188997,ctx
BTC,2022-05-19,1,LONG,ONH,29540.0,30169.468374,29396.585348,lean
BTC,2022-05-19,2,SHORT,RND,29500.0,28830.931626,29643.414652,ctx
BTC,2022-05-20,1,LONG,RND,30500.0,30545.18,30353.674677,lean
BTC,2022-05-20,2,SHORT,PDC,30319.23,29850.51,30465.555323,ctx
BTC,2022-05-23,1,LONG,PDH,30487.99,30500.0,30341.521792,lean
BTC,2022-05-23,2,SHORT,PDC,30293.94,30017.7,30440.408208,ctx
BTC,2022-05-24,1,SHORT,RND,29250.0,29109.15,29377.579457,lean
BTC,2022-05-24,2,LONG,ONH,29439.26,29891.110799,29311.680543,ctx
BTC,2022-05-25,1,LONG,RND,29500.0,29654.58,29360.729986,lean
BTC,2022-05-25,2,SHORT,ONL,29294.21,28759.083268,29433.480014,ctx
BTC,2022-05-26,1,SHORT,ONL,28877.0,28380.27897,29009.454506,lean
BTC,2022-05-26,2,LONG,RND,29000.0,29294.21,28867.545494,ctx
BTC,2022-05-27,1,SHORT,ONL,28643.89,28255.285455,28784.82026,lean
BTC,2022-05-27,2,LONG,RND,29000.0,29201.35,28859.06974,ctx
BTC,2022-05-30,1,LONG,RND,30750.0,30928.71,30612.865677,ctx
BTC,2022-05-31,1,SHORT,RND,31750.0,31734.22,31896.532254,lean
BTC,2022-05-31,2,LONG,ONH,31912.79,32222.0,31766.257746,ctx
BTC,2022-06-01,1,LONG,PDC,31801.04,31982.97,31656.554095,lean
BTC,2022-06-01,2,SHORT,RND,31500.0,31371.45,31644.485905,ctx
BTC,2022-06-02,1,LONG,ONH,30210.18,30250.0,30070.199654,lean
BTC,2022-06-02,2,SHORT,PDC,29805.83,29520.428387,29945.810346,ctx
BTC,2022-06-03,1,SHORT,RND,29750.0,29680.0,29891.715938,lean
BTC,2022-06-06,1,LONG,RND,31500.0,31599.37,31368.243853,lean
BTC,2022-06-07,1,SHORT,RND,29500.0,29218.96,29616.252777,lean
BTC,2022-06-07,2,LONG,PDL,29890.23,30064.012958,29773.977223,ctx
BTC,2022-06-08,1,SHORT,ONL,29843.88,29826.614986,29969.073217,lean
BTC,2022-06-08,2,LONG,RND,30500.0,30995.085014,30374.806783,ctx
BTC,2022-06-09,1,LONG,ONH,30700.0,30931.455266,30564.574586,lean
BTC,2022-06-09,2,SHORT,RND,30250.0,30204.77,30385.425414,ctx
BTC,2022-06-10,1,LONG,PDC,30109.93,30382.8,29983.737544,lean
BTC,2022-06-10,2,SHORT,RND,30000.0,29944.1,30126.192456,ctx
BTC,2022-06-13,1,SHORT,RND,23700.0,23500.0,23829.427089,ctx
BTC,2022-06-14,1,LONG,RND,22000.0,22487.41,21882.658981,lean
BTC,2022-06-14,2,SHORT,PDL,21925.77,21446.968578,22043.111019,ctx
BTC,2022-06-15,1,SHORT,PDL,20846.0,20633.389138,20962.49447,lean
BTC,2022-06-15,2,LONG,RND,21200.0,21720.670862,21083.50553,ctx
BTC,2022-06-16,1,SHORT,RND,21000.0,20852.35,21119.331493,lean
BTC,2022-06-17,1,LONG,RND,21000.0,21365.43,20888.496535,lean
BTC,2022-06-20,1,SHORT,RND,20800.0,20574.0,20912.200903,lean
BTC,2022-06-20,2,LONG,PDH,20815.95,21022.0,20703.749097,ctx
BTC,2022-06-21,1,SHORT,PDC,20573.89,20438.818587,20686.090303,lean
BTC,2022-06-21,2,LONG,RND,21000.0,21090.0,20887.799697,ctx
BTC,2022-06-22,1,SHORT,RND,20500.0,20348.4,20609.502269,lean
BTC,2022-06-22,2,LONG,PDC,20723.52,21003.7,20614.017731,ctx
BTC,2022-06-23,1,LONG,ONH,20812.12,20900.0,20705.892457,lean
BTC,2022-06-23,2,SHORT,RND,20600.0,20143.061466,20706.227543,ctx
BTC,2022-06-24,1,SHORT,PDC,21110.13,20683.2,21221.223597,lean
BTC,2022-06-24,2,LONG,RND,21200.0,21233.0,21088.906403,ctx
BTC,2022-06-27,1,SHORT,RND,21300.0,21038.07,21406.916304,lean
BTC,2022-06-27,2,LONG,ONH,21539.85,21803.492754,21432.933696,ctx
BTC,2022-06-28,1,LONG,RND,21000.0,21212.1,20899.893177,lean
BTC,2022-06-28,2,SHORT,PDC,20742.56,20530.964827,20842.666823,ctx
BTC,2022-06-29,1,LONG,PDL,20202.01,20281.29,20104.129338,lean
BTC,2022-06-29,2,SHORT,RND,20100.0,19854.92,20197.880662,ctx
BTC,2022-06-30,1,SHORT,RND,19100.0,18921.59,19201.72406,lean
BTC,2022-07-01,1,LONG,RND,19200.0,19641.683276,19103.431441,lean
BTC,2022-07-01,2,SHORT,ONL,18740.83,18740.376724,18837.398559,ctx
BTC,2022-07-04,1,SHORT,RND,19800.0,19647.63,19884.657336,lean
BTC,2022-07-04,2,LONG,ONH,19855.7,20201.557569,19771.042664,ctx
BTC,2022-07-05,1,SHORT,RND,19500.0,19478.0,19590.732849,lean
BTC,2022-07-06,1,SHORT,RND,20100.0,19761.25,20186.954498,lean
BTC,2022-07-06,2,LONG,PDC,20175.83,20439.99,20088.875502,ctx
BTC,2022-07-07,1,SHORT,RND,20500.0,20251.68,20580.837993,lean
BTC,2022-07-07,2,LONG,PDC,20564.51,20675.22,20483.672007,ctx
BTC,2022-07-08,1,SHORT,ONL,21317.0,21178.070392,21403.98063,lean
BTC,2022-07-08,2,LONG,RND,21600.0,21624.98,21513.01937,ctx
BTC,2022-07-11,1,SHORT,ONL,20353.72,20059.816631,20442.272151,lean
BTC,2022-07-11,2,LONG,RND,20500.0,20655.0,20411.447849,ctx
BTC,2022-07-12,1,LONG,RND,19800.0,19875.23,19713.960135,lean
BTC,2022-07-12,2,SHORT,ONL,19558.12,19372.380632,19644.159865,ctx
BTC,2022-07-13,1,LONG,ONH,19930.0,20059.42,19839.224299,lean
BTC,2022-07-13,2,SHORT,RND,19800.0,19420.270063,19890.775701,ctx
BTC,2022-07-14,1,SHORT,RND,19700.0,19635.22,19788.112406,ctx
BTC,2022-07-15,1,SHORT,PDC,20588.84,20382.29,20681.151651,lean
BTC,2022-07-15,2,LONG,RND,20800.0,20900.0,20707.688349,ctx
BTC,2022-07-18,1,SHORT,RND,22100.0,21735.48835,22185.247496,lean
BTC,2022-07-18,2,LONG,ONH,22515.0,22531.13165,22429.752504,ctx
BTC,2022-07-19,1,LONG,RND,22000.0,22403.574399,21908.053343,lean
BTC,2022-07-19,2,SHORT,ONL,21556.0,21545.405601,21647.946657,ctx
BTC,2022-07-20,1,SHORT,RND,23700.0,23396.62,23804.900549,lean
BTC,2022-07-20,2,LONG,PDH,23800.0,23888.04,23695.099451,ctx
BTC,2022-07-21,1,SHORT,RND,22600.0,22466.34,22698.679138,lean
BTC,2022-07-21,2,LONG,PDL,22906.19,23066.542646,22807.510862,ctx
BTC,2022-07-22,1,SHORT,RND,23600.0,23442.77,23693.761472,lean
BTC,2022-07-22,2,LONG,ONH,23634.4,24048.133534,23540.638528,ctx
BTC,2022-07-25,1,LONG,PDL,22257.15,22370.385569,22165.192378,lean
BTC,2022-07-25,2,SHORT,RND,21900.0,21737.82,21991.957622,ctx
BTC,2022-07-26,1,LONG,RND,21100.0,21250.0,21013.695363,lean
BTC,2022-07-26,2,SHORT,ONL,20856.48,20687.465029,20942.784637,ctx
BTC,2022-07-27,1,LONG,PDC,21254.67,21347.82,21168.892591,lean
BTC,2022-07-27,2,SHORT,RND,21200.0,20919.46,21285.777409,ctx
BTC,2022-07-28,1,SHORT,PDH,23112.63,23100.0,23200.50936,lean
BTC,2022-07-28,2,LONG,ONH,23460.58,23524.623678,23372.70064,ctx
BTC,2022-07-29,1,SHORT,RND,23700.0,23530.96,23810.094349,lean
BTC,2022-07-29,2,LONG,PDC,23842.93,24199.72,23732.835651,ctx
BTC,2022-08-01,1,SHORT,PDL,23227.31,23200.0,23321.643018,lean
BTC,2022-08-01,2,LONG,PDC,23293.32,23593.45,23198.986982,ctx
BTC,2022-08-02,1,LONG,RND,22900.0,23268.01,22806.468209,lean
BTC,2022-08-02,2,SHORT,PDL,22850.0,22654.37,22943.531791,ctx
BTC,2022-08-03,1,LONG,PDH,23459.89,23471.5,23369.100832,lean
BTC,2022-08-03,2,SHORT,RND,23400.0,22987.79,23490.789168,ctx
BTC,2022-08-04,1,SHORT,PDC,22818.37,22720.0,22908.067797,lean
BTC,2022-08-04,2,LONG,RND,22900.0,23282.0,22810.302203,ctx
BTC,2022-08-05,1,SHORT,RND,23400.0,23223.32,23492.727069,lean
BTC,2022-08-05,2,LONG,ONH,23441.1,23837.85632,23348.372931,ctx
BTC,2022-08-08,1,LONG,ONH,24189.43,24200.0,24099.268656,lean
BTC,2022-08-09,1,LONG,RND,23300.0,23700.700593,23206.404159,lean
BTC,2022-08-09,2,SHORT,ONL,23182.55,23154.25,23276.145841,ctx
BTC,2022-08-10,1,LONG,PDC,23149.95,23265.0,23044.223219,lean
BTC,2022-08-10,2,SHORT,RND,23100.0,22865.0,23205.726781,ctx
BTC,2022-08-11,1,SHORT,PDH,24226.0,24109.742808,24322.348684,lean
BTC,2022-08-11,2,LONG,RND,24600.0,24745.0,24503.651316,ctx
BTC,2022-08-12,1,LONG,RND,23700.0,23852.13,23605.915188,lean
BTC,2022-08-12,2,SHORT,ONL,23583.0,23233.927545,23677.084812,ctx
BTC,2022-08-15,1,SHORT,RND,24000.0,23869.46,24094.560983,lean
BTC,2022-08-15,2,LONG,PDL,24144.0,24305.24,24049.439017,ctx
BTC,2022-08-16,1,SHORT,RND,24000.0,23773.22,24094.715454,lean
BTC,2022-08-16,2,LONG,PDC,24094.82,24247.49,24000.104546,ctx
BTC,2022-08-17,1,LONG,PDC,23854.74,24159.153245,23766.346448,lean
BTC,2022-08-17,2,SHORT,RND,23700.0,23690.79,23788.393552,ctx
BTC,2022-08-18,1,LONG,ONH,23582.35,23950.643183,23493.161461,lean
BTC,2022-08-18,2,SHORT,RND,23500.0,23342.66,23589.188539,ctx
BTC,2022-08-19,1,SHORT,ONL,21261.96,21053.540448,21350.753475,lean
BTC,2022-08-19,2,LONG,RND,21500.0,21882.279552,21411.206525,ctx
BTC,2022-08-22,1,LONG,PDC,21515.61,21661.14596,21427.230866,lean
BTC,2022-08-22,2,SHORT,RND,21200.0,21069.11,21288.379134,ctx
BTC,2022-08-23,1,LONG,RND,21500.0,21548.71,21412.096452,lean
BTC,2022-08-23,2,SHORT,PDC,21399.83,21046.123444,21487.733548,ctx
BTC,2022-08-24,1,LONG,PDC,21529.12,21605.44,21440.551441,lean
BTC,2022-08-24,2,SHORT,RND,21400.0,21145.0,21488.568559,ctx
BTC,2022-08-25,1,SHORT,RND,21700.0,21368.08,21787.906057,lean
BTC,2022-08-25,2,LONG,ONH,21819.88,21900.0,21731.973943,ctx
BTC,2022-08-26,1,SHORT,ONL,21106.31,20769.10854,21196.451741,lean
BTC,2022-08-26,2,LONG,RND,21200.0,21310.15,21109.858259,ctx
BTC,2022-08-29,1,LONG,ONH,20032.15,20171.18,19951.343958,lean
BTC,2022-08-29,2,SHORT,RND,19800.0,19555.61,19880.806042,ctx
BTC,2022-08-30,1,LONG,PDH,20433.62,20576.25,20350.166618,lean
BTC,2022-08-30,2,SHORT,RND,20400.0,20285.73,20483.453382,ctx
BTC,2022-08-31,1,LONG,ONH,20490.0,20576.25,20406.968188,lean
BTC,2022-08-31,2,SHORT,RND,20300.0,19927.298213,20383.031812,ctx
BTC,2022-09-01,1,LONG,RND,20100.0,20292.75,20017.150998,lean
BTC,2022-09-01,2,SHORT,PDC,20050.02,19801.38,20132.869002,ctx
BTC,2022-09-02,1,SHORT,ONL,19957.78,19697.191134,20042.1269,lean
BTC,2022-09-02,2,LONG,RND,20100.0,20131.46,20015.6531,ctx
BTC,2022-09-05,1,LONG,PDC,20000.3,20029.23,19919.38668,lean
BTC,2022-09-05,2,SHORT,RND,19700.0,19633.83,19780.91332,ctx
BTC,2022-09-06,1,LONG,PDH,20057.27,20180.0,19977.375951,lean
BTC,2022-09-06,2,SHORT,RND,19900.0,19796.84,19979.894049,ctx
BTC,2022-09-07,1,LONG,PDC,18790.61,19000.0,18712.965026,lean
BTC,2022-09-07,2,SHORT,RND,18700.0,18649.51,18777.644974,ctx
BTC,2022-09-08,1,SHORT,RND,19300.0,19292.84,19379.368736,lean
BTC,2022-09-08,2,LONG,ONH,19427.0,19464.06,19347.631264,ctx
BTC,2022-09-09,1,SHORT,RND,20900.0,20568.176599,20979.187872,lean
BTC,2022-09-09,2,LONG,ONH,21200.0,21307.263401,21120.812128,ctx
BTC,2022-09-12,1,SHORT,RND,22300.0,21912.348773,22385.800263,lean
BTC,2022-09-12,2,LONG,ONH,22472.68,22713.151227,22386.879737,ctx
BTC,2022-09-13,1,SHORT,RND,22500.0,22488.0,22613.839319,lean
BTC,2022-09-13,2,LONG,ONH,22713.92,23053.990154,22600.080681,ctx
BTC,2022-09-14,1,LONG,ONH,20541.48,20663.460411,20447.599198,lean
BTC,2022-09-14,2,SHORT,RND,20200.0,20173.57,20293.880802,ctx
BTC,2022-09-15,1,SHORT,RND,20100.0,19920.0,20197.008348,lean
BTC,2022-09-15,2,LONG,PDC,20226.71,20393.37,20129.701652,ctx
BTC,2022-09-16,1,LONG,ONH,19890.0,19900.0,19797.471928,lean
BTC,2022-09-16,2,SHORT,PDC,19701.88,19578.0,19794.408072,ctx
BTC,2022-09-19,1,LONG,RND,18700.0,19110.406103,18608.813692,lean
BTC,2022-09-20,1,SHORT,RND,19200.0,19150.0,19293.823034,lean
BTC,2022-09-20,2,LONG,PDC,19537.02,19657.330825,19443.196966,ctx
BTC,2022-09-21,1,LONG,RND,19200.0,19205.93,19115.372483,lean
BTC,2022-09-21,2,SHORT,PDC,18875.0,18785.01,18959.627517,ctx
BTC,2022-09-22,1,LONG,ONH,19285.12,19645.59785,19196.022604,lean
BTC,2022-09-22,2,SHORT,RND,19200.0,18814.02215,19289.097396,ctx
BTC,2022-09-23,1,LONG,RND,18900.0,19284.960488,18809.519895,lean
BTC,2022-09-23,2,SHORT,ONL,18835.0,18440.479512,18925.480105,ctx
BTC,2022-09-26,1,LONG,RND,18900.0,19180.21,18813.82475,lean
BTC,2022-09-26,2,SHORT,PDC,18807.38,18629.2,18893.55525,ctx
BTC,2022-09-27,1,LONG,ONH,20350.0,20615.86878,20267.155261,lean
BTC,2022-09-27,2,SHORT,RND,20200.0,19842.65122,20282.844739,ctx
BTC,2022-09-28,1,SHORT,PDL,18816.32,18575.132631,18897.812293,lean
BTC,2022-09-28,2,LONG,RND,19000.0,19079.13,18918.507707,ctx
BTC,2022-09-29,1,SHORT,PDC,19412.82,19267.0,19494.18025,lean
BTC,2022-09-29,2,LONG,RND,19500.0,19666.48,19418.63975,ctx
BTC,2022-09-30,1,LONG,PDC,19591.51,19645.52,19510.912567,lean
BTC,2022-09-30,2,SHORT,RND,19400.0,19311.99,19480.597433,ctx
BTC,2022-10-03,1,LONG,ONH,19315.0,19395.91,19236.255098,lean
BTC,2022-10-03,2,SHORT,RND,19200.0,19056.8,19278.744902,ctx
BTC,2022-10-04,1,SHORT,RND,19900.0,19719.1,19978.029534,lean
BTC,2022-10-04,2,LONG,ONH,20152.0,20303.137825,20073.970466,ctx
BTC,2022-10-05,1,SHORT,RND,20000.0,19952.12,20077.70753,lean
BTC,2022-10-05,2,LONG,PDC,20337.82,20384.85,20260.11247,ctx
BTC,2022-10-06,1,LONG,PDH,20365.6,20456.6,20288.57854,lean
BTC,2022-10-06,2,SHORT,RND,20200.0,20158.26,20277.02146,ctx
BTC,2022-10-07,1,LONG,RND,20000.0,20054.41,19915.811879,lean
BTC,2022-10-07,2,SHORT,PDC,19960.67,19853.0,20044.858121,ctx
BTC,2022-10-10,1,LONG,PDC,19439.02,19525.0,19363.391335,lean
BTC,2022-10-10,2,SHORT,PDL,19316.04,19300.0,19391.668665,ctx
BTC,2022-10-11,1,LONG,RND,19200.0,19250.96,19129.887563,lean
BTC,2022-10-11,2,SHORT,PDC,19131.87,19020.25,19201.982437,ctx
BTC,2022-10-12,1,LONG,ONH,19203.14,19268.09,19133.213146,lean
BTC,2022-10-12,2,SHORT,RND,19100.0,19060.0,19169.926854,ctx
BTC,2022-10-13,1,LONG,RND,18800.0,18965.88,18722.694084,lean
BTC,2022-10-13,2,SHORT,ONL,18566.66,18392.439059,18643.965916,ctx
BTC,2022-10-14,1,SHORT,PDH,19513.79,19375.13,19587.819247,lean
BTC,2022-10-14,2,LONG,RND,19600.0,19941.719819,19525.970753,ctx
BTC,2022-10-17,1,LONG,RND,19500.0,19545.22,19427.75622,lean
BTC,2022-10-17,2,SHORT,PDH,19425.84,19262.98,19498.08378,ctx
BTC,2022-10-18,1,SHORT,PDC,19549.86,19470.0,19621.921663,lean
BTC,2022-10-18,2,LONG,RND,19600.0,19676.96,19527.938337,ctx
BTC,2022-10-19,1,SHORT,RND,19200.0,19140.01,19270.908031,lean
BTC,2022-10-19,2,LONG,PDC,19327.44,19371.05,19256.531969,ctx
BTC,2022-10-20,1,LONG,ONH,19253.33,19360.16,19183.246514,lean
BTC,2022-10-20,2,SHORT,RND,19200.0,19123.97,19270.083486,ctx
BTC,2022-10-21,1,LONG,PDC,19041.92,19131.39,18972.059478,lean
BTC,2022-10-24,1,SHORT,RND,19400.0,19250.59,19471.719515,lean
BTC,2022-10-24,2,LONG,PDC,19570.4,19695.0,19498.680485,ctx
BTC,2022-10-25,1,SHORT,RND,19300.0,19237.0,19366.255226,lean
BTC,2022-10-25,2,LONG,PDC,19329.72,19377.1,19263.464774,ctx
BTC,2022-10-26,1,SHORT,RND,20600.0,20415.87,20668.827152,lean
BTC,2022-10-26,2,LONG,ONH,20783.27,20929.003377,20714.442848,ctx
BTC,2022-10-27,1,LONG,PDC,20771.59,20907.0,20696.442617,lean
BTC,2022-10-27,2,SHORT,RND,20600.0,20451.71,20675.147383,ctx
BTC,2022-10-28,1,SHORT,ONL,20026.0,19855.69194,20094.153156,ctx
BTC,2022-10-31,1,SHORT,RND,20700.0,20627.48,20774.626023,lean
BTC,2022-10-31,2,LONG,ONH,20845.92,20931.21,20771.293977,ctx
BTC,2022-11-01,1,LONG,ONH,20700.0,20845.92,20630.612164,lean
BTC,2022-11-01,2,SHORT,RND,20500.0,20490.74,20569.387836,ctx
BTC,2022-11-02,1,LONG,PDC,20483.62,20563.36,20414.256275,lean
BTC,2022-11-02,2,SHORT,RND,20400.0,20339.99,20469.363725,ctx
BTC,2022-11-03,1,LONG,PDC,20151.84,20393.32,20085.868216,lean
BTC,2022-11-03,2,SHORT,RND,20100.0,20052.0,20165.971784,ctx
BTC,2022-11-04,1,LONG,RND,20600.0,20688.0,20530.734967,lean
BTC,2022-11-04,2,SHORT,PDH,20393.32,20235.223181,20462.585033,ctx
BTC,2022-11-07,1,SHORT,ONL,20571.52,20426.60207,20643.176699,lean
BTC,2022-11-07,2,LONG,RND,20800.0,20886.13,20728.343301,ctx
BTC,2022-11-08,1,SHORT,RND,19700.0,19392.951896,19770.57888,lean
BTC,2022-11-09,1,SHORT,RND,17600.0,17250.33,17689.430806,lean
BTC,2022-11-10,1,LONG,RND,16700.0,16959.99,16601.264621,lean
BTC,2022-11-11,1,SHORT,RND,17400.0,16971.724004,17491.844142,lean
BTC,2022-11-11,2,LONG,PDC,17601.15,17828.935996,17509.305858,ctx
BTC,2022-11-14,1,SHORT,RND,16800.0,16413.991498,16887.768965,lean
BTC,2022-11-14,2,LONG,ONH,16935.59,16954.28,16847.821035,ctx
BTC,2022-11-15,1,LONG,ONH,16989.0,17190.0,16902.278391,lean
BTC,2022-11-15,2,SHORT,RND,16800.0,16619.46,16886.721609,ctx
BTC,2022-11-16,1,SHORT,ONL,16557.01,16527.72,16642.444266,lean
BTC,2022-11-16,2,LONG,RND,16700.0,16900.57,16614.565734,ctx
BTC,2022-11-17,1,LONG,RND,16600.0,16662.76,16517.568565,lean
BTC,2022-11-17,2,SHORT,ONL,16410.74,16378.61,16493.171435,ctx
BTC,2022-11-18,1,LONG,RND,16800.0,17011.0,16719.439108,lean
BTC,2022-11-18,2,SHORT,PDH,16751.0,16692.56,16831.560892,ctx
BTC,2022-11-21,1,SHORT,RND,16100.0,15897.15,16177.76519,lean
BTC,2022-11-21,2,LONG,PDL,16180.0,16280.23,16102.23481,ctx
BTC,2022-11-22,1,LONG,ONH,15967.76,16204.224752,15888.942553,lean
BTC,2022-11-22,2,SHORT,RND,15800.0,15781.29,15878.817447,ctx
BTC,2022-11-23,1,SHORT,RND,16500.0,16315.0,16577.825244,lean
BTC,2022-11-23,2,LONG,ONH,16677.25,16876.774473,16599.424756,ctx
BTC,2022-11-24,1,SHORT,RND,16500.0,16493.01,16570.035277,lean
BTC,2022-11-24,2,LONG,PDC,16603.11,16706.0,16533.074723,ctx
BTC,2022-11-25,1,SHORT,RND,16500.0,16458.05,16560.897815,lean
BTC,2022-11-25,2,LONG,PDC,16598.95,16625.0,16538.052185,ctx
BTC,2022-11-28,1,LONG,RND,16200.0,16401.0,16139.726501,lean
BTC,2022-11-28,2,SHORT,ONL,16051.9,15904.493669,16112.173499,ctx
BTC,2022-11-29,1,LONG,PDH,16487.04,16500.0,16427.558479,lean
BTC,2022-11-29,2,SHORT,PDC,16212.91,16209.079569,16272.391521,ctx
BTC,2022-11-30,1,LONG,RND,16800.0,17058.751744,16739.676055,lean
BTC,2022-11-30,2,SHORT,PDH,16548.71,16495.728256,16609.033945,ctx
BTC,2022-12-01,1,SHORT,RND,17100.0,17042.37,17156.189209,lean
BTC,2022-12-01,2,LONG,PDC,17163.64,17236.29,17107.450791,ctx
BTC,2022-12-02,1,SHORT,RND,17000.0,16977.37,17058.192229,lean
BTC,2022-12-02,2,LONG,ONH,17065.0,17303.063735,17006.807771,ctx
BTC,2022-12-05,1,LONG,RND,17300.0,17424.25,17245.229326,lean
BTC,2022-12-05,2,SHORT,PDH,17202.84,17105.7,17257.610674,ctx
BTC,2022-12-06,1,LONG,RND,17000.0,17102.97,16943.171709,lean
BTC,2022-12-06,2,SHORT,PDC,16966.35,16906.37,17023.178291,ctx
BTC,2022-12-07,1,LONG,RND,16800.0,16906.37,16745.282926,lean
BTC,2022-12-07,2,SHORT,ONL,16678.83,16538.873654,16733.547074,ctx
BTC,2022-12-08,1,LONG,PDC,16836.64,16890.01,16782.730828,lean
BTC,2022-12-08,2,SHORT,RND,16800.0,16733.49,16853.909172,ctx
BTC,2022-12-09,1,SHORT,PDC,17224.1,17170.85,17279.249778,lean
BTC,2022-12-09,2,LONG,PDH,17299.0,17300.0,17243.850222,ctx
BTC,2022-12-12,1,LONG,RND,17000.0,17071.0,16945.912698,lean
BTC,2022-12-12,2,SHORT,ONL,16871.85,16709.142592,16925.937302,ctx
BTC,2022-12-13,1,SHORT,RND,17400.0,17241.89,17472.585902,lean
BTC,2022-12-13,2,LONG,ONH,17500.0,17765.574211,17427.414098,ctx
BTC,2022-12-14,1,SHORT,RND,17900.0,17774.7,17956.871158,lean
BTC,2022-12-14,2,LONG,ONH,17934.78,18000.0,17877.908842,ctx
BTC,2022-12-15,1,LONG,RND,17700.0,17803.15,17639.713156,lean
BTC,2022-12-15,2,SHORT,PDL,17660.94,17561.0,17721.226844,ctx
BTC,2022-12-16,1,LONG,PDL,17275.51,17294.292093,17219.977409,lean
BTC,2022-12-16,2,SHORT,RND,17000.0,16918.97,17055.532591,ctx
BTC,2022-12-19,1,LONG,ONH,16819.21,16863.26,16761.210939,lean
BTC,2022-12-19,2,SHORT,PDC,16738.21,16700.0,16796.209061,ctx
BTC,2022-12-20,1,LONG,ONH,16880.58,17096.786254,16820.675088,lean
BTC,2022-12-20,2,SHORT,PDH,16815.99,16800.0,16875.894912,ctx
BTC,2022-12-21,1,LONG,PDC,16895.56,16925.49,16840.339511,lean
BTC,2022-12-21,2,SHORT,RND,16800.0,16767.53,16855.220489,ctx
BTC,2022-12-22,1,SHORT,RND,16800.0,16749.64,16854.988796,lean
BTC,2022-12-22,2,LONG,PDC,16824.67,16868.52,16769.681204,ctx
BTC,2022-12-23,1,LONG,ONH,16893.9,16900.0,16839.325357,lean
BTC,2022-12-23,2,SHORT,PDH,16868.52,16821.43,16923.094643,ctx
BTC,2022-12-26,1,SHORT,PDH,16857.96,16832.11,16911.892465,lean
BTC,2022-12-26,2,LONG,RND,16900.0,16924.0,16846.067535,ctx
BTC,2022-12-27,1,SHORT,RND,16800.0,16798.0,16854.212122,lean
BTC,2022-12-27,2,LONG,PDC,16919.39,16944.52,16865.177878,ctx
BTC,2022-12-28,1,LONG,RND,16700.0,16706.36,16646.547056,lean
BTC,2022-12-28,2,SHORT,PDL,16592.37,16559.79,16645.822944,ctx
BTC,2022-12-29,1,LONG,ONH,16630.0,16785.19,16577.055946,lean
BTC,2022-12-29,2,SHORT,RND,16600.0,16547.31,16652.944054,ctx
BTC,2022-12-30,1,SHORT,PDL,16488.91,16429.0,16542.205994,lean
BTC,2022-12-30,2,LONG,RND,16500.0,16633.47,16446.704006,ctx
BTC,2023-01-02,1,LONG,ONH,16772.01,16958.191872,16721.298885,lean
BTC,2023-01-02,2,SHORT,RND,16700.0,16628.0,16750.711115,ctx
BTC,2023-01-03,1,LONG,ONH,16778.4,16799.23,16727.517617,lean
BTC,2023-01-03,2,SHORT,RND,16700.0,16672.87,16750.882383,ctx
BTC,2023-01-04,1,LONG,ONH,16919.0,17049.350302,16868.179935,lean
BTC,2023-01-04,2,SHORT,RND,16800.0,16778.4,16850.820065,ctx
BTC,2023-01-05,1,SHORT,RND,16800.0,16780.75,16845.109932,lean
BTC,2023-01-05,2,LONG,PDC,16850.36,16878.18,16805.250068,ctx
BTC,2023-01-06,1,LONG,PDL,16753.0,16831.85,16707.939621,lean
BTC,2023-01-06,2,SHORT,ONL,16709.88,16700.0,16754.940379,ctx
BTC,2023-01-09,1,SHORT,RND,17200.0,17176.99,17245.852744,lean
BTC,2023-01-09,2,LONG,ONH,17285.48,17463.039472,17239.627256,ctx
BTC,2023-01-10,1,SHORT,RND,17200.0,17178.26,17245.153284,lean
BTC,2023-01-10,2,LONG,ONH,17286.02,17398.8,17240.866716,ctx
BTC,2023-01-11,1,SHORT,RND,17400.0,17366.58,17445.843006,lean
BTC,2023-01-11,2,LONG,PDC,17440.66,17499.0,17394.816994,ctx
BTC,2023-01-12,1,LONG,RND,18300.0,18385.71,18250.459364,ctx
BTC,2023-01-13,1,SHORT,PDC,18846.62,18714.12,18910.440349,lean
BTC,2023-01-13,2,LONG,RND,18900.0,19057.7,18836.179651,ctx
BTC,2023-01-16,1,SHORT,ONL,20666.0,20551.01,20749.919116,lean
BTC,2023-01-16,2,LONG,RND,20800.0,20871.5,20716.080884,ctx
BTC,2023-01-17,1,SHORT,PDC,21185.65,20854.712901,21270.832235,lean
BTC,2023-01-17,2,LONG,RND,21300.0,21352.0,21214.817765,ctx
BTC,2023-01-18,1,SHORT,PDC,21134.81,21103.15,21223.737552,lean
BTC,2023-01-18,2,LONG,RND,21300.0,21377.44,21211.072448,ctx
BTC,2023-01-19,1,LONG,ONH,20874.81,21107.114732,20793.363272,lean
BTC,2023-01-19,2,SHORT,RND,20700.0,20677.47,20781.446728,ctx
BTC,2023-01-20,1,LONG,RND,21100.0,21192.0,21017.168703,lean
BTC,2023-01-20,2,SHORT,PDC,21071.59,20861.28,21154.421297,ctx
BTC,2023-01-23,1,SHORT,RND,22900.0,22707.88,22998.109472,lean
BTC,2023-01-23,2,LONG,ONH,22978.0,23078.71,22879.890528,ctx
BTC,2023-01-24,1,SHORT,PDC,22916.45,22770.0,23017.966767,lean
BTC,2023-01-24,2,LONG,RND,23000.0,23162.2,22898.483233,ctx
BTC,2023-01-25,1,LONG,RND,22700.0,22786.96,22599.298745,lean
BTC,2023-01-25,2,SHORT,PDC,22632.89,22462.93,22733.591255,ctx
BTC,2023-01-26,1,LONG,ONH,23282.47,23591.433371,23181.654278,lean
BTC,2023-01-26,2,SHORT,RND,23100.0,23060.94,23200.815722,ctx
BTC,2023-01-27,1,SHORT,RND,22900.0,22850.01,23000.591497,lean
BTC,2023-01-27,2,LONG,PDC,23009.65,23100.0,22909.058503,ctx
BTC,2023-01-30,1,SHORT,PDL,22967.76,22962.68,23061.089716,lean
BTC,2023-01-30,2,LONG,RND,23100.0,23511.808676,23006.670284,ctx
BTC,2023-01-31,1,LONG,RND,22900.0,22996.84,22811.193504,lean
BTC,2023-01-31,2,SHORT,PDC,22826.15,22703.61,22914.956496,ctx
BTC,2023-02-01,1,SHORT,ONL,22919.33,22714.77,23007.144377,lean
BTC,2023-02-01,2,LONG,RND,23100.0,23125.13,23012.185623,ctx
BTC,2023-02-02,1,SHORT,RND,23800.0,23732.66,23887.528932,lean
BTC,2023-02-02,2,LONG,PDH,23812.66,24209.228349,23725.131068,ctx
BTC,2023-02-03,1,SHORT,RND,23500.0,23488.94,23589.747452,lean
BTC,2023-02-03,2,LONG,ONH,23595.5,23943.571441,23505.752548,ctx
BTC,2023-02-06,1,LONG,RND,22900.0,22932.91,22822.988829,lean
BTC,2023-02-06,2,SHORT,PDL,22743.0,22628.13,22820.011171,ctx
BTC,2023-02-07,1,LONG,ONH,23064.56,23158.25,22993.545291,lean
BTC,2023-02-07,2,SHORT,RND,23000.0,22762.52,23071.014709,ctx
BTC,2023-02-08,1,SHORT,RND,23100.0,23085.89,23178.699218,lean
BTC,2023-02-08,2,LONG,PDC,23240.46,23350.25,23161.760782,ctx
BTC,2023-02-09,1,LONG,PDC,22963.0,23011.39,22890.304473,lean
BTC,2023-02-09,2,SHORT,RND,22700.0,22665.85,22772.695527,ctx
BTC,2023-02-10,1,LONG,PDC,21796.35,21938.16,21714.605082,lean
BTC,2023-02-10,2,SHORT,RND,21700.0,21688.0,21781.744918,ctx
BTC,2023-02-13,1,LONG,RND,21700.0,21783.54,21620.618617,lean
BTC,2023-02-13,2,SHORT,PDL,21630.0,21433.0,21709.381383,ctx
BTC,2023-02-14,1,SHORT,PDC,21773.97,21633.08,21848.24742,lean
BTC,2023-02-14,2,LONG,PDH,21894.99,21897.0,21820.71258,ctx
BTC,2023-02-15,1,LONG,RND,22800.0,22916.98,22720.415278,ctx
BTC,2023-02-16,1,SHORT,PDH,24380.0,24324.05,24469.71005,lean
BTC,2023-02-16,2,LONG,RND,24600.0,24905.0,24510.28995,ctx
BTC,2023-02-17,1,LONG,RND,23900.0,24096.7,23815.69078,lean
BTC,2023-02-17,2,SHORT,PDC,23517.72,23505.25,23602.02922,ctx
BTC,2023-02-20,1,LONG,ONH,24983.71,25192.0,24896.40265,lean
BTC,2023-02-20,2,SHORT,RND,24800.0,24408.545701,24887.30735,ctx
BTC,2023-02-21,1,LONG,PDC,24842.2,25063.578696,24750.147422,lean
BTC,2023-02-21,2,SHORT,RND,24600.0,24488.0,24692.052578,ctx
BTC,2023-02-22,1,LONG,PDL,24148.34,24452.16,24063.599592,lean
BTC,2023-02-22,2,SHORT,RND,24100.0,23855.55,24184.740408,ctx
BTC,2023-02-23,1,SHORT,RND,23900.0,23608.0,23989.60699,lean
BTC,2023-02-23,2,LONG,PDC,24182.21,24330.255953,24092.60301,ctx
BTC,2023-02-24,1,SHORT,ONL,23754.03,23608.0,23832.403871,lean
BTC,2023-02-24,2,LONG,RND,23900.0,23940.2,23821.626129,ctx
BTC,2023-02-27,1,LONG,PDC,23554.85,23644.65,23463.208454,lean
BTC,2023-02-27,2,SHORT,RND,23400.0,23332.65,23491.641546,ctx
BTC,2023-02-28,1,SHORT,ONL,23200.0,23106.77,23285.798463,lean
BTC,2023-02-28,2,LONG,PDC,23492.09,23500.0,23406.291537,ctx
BTC,2023-03-01,1,LONG,ONH,24000.0,24109.750174,23917.039249,lean
BTC,2023-03-01,2,SHORT,RND,23700.0,23600.0,23782.960751,ctx
BTC,2023-03-02,1,LONG,RND,23400.0,23628.97,23327.41201,lean
BTC,2023-03-02,2,SHORT,ONL,23319.0,23020.03,23391.58799,ctx
BTC,2023-03-03,1,SHORT,ONL,21971.13,21965.705708,22054.33592,lean
BTC,2023-03-03,2,LONG,RND,22400.0,22742.294292,22316.79408,ctx
BTC,2023-03-06,1,SHORT,ONL,22258.0,22189.22,22330.272532,lean
BTC,2023-03-06,2,LONG,RND,22400.0,22430.24,22327.727468,ctx
BTC,2023-03-07,1,SHORT,ONL,22321.0,22258.0,22389.843325,lean
BTC,2023-03-07,2,LONG,RND,22400.0,22410.0,22331.156675,ctx
BTC,2023-03-08,1,LONG,PDC,22197.96,22287.0,22126.834592,lean
BTC,2023-03-08,2,SHORT,RND,22000.0,21927.0,22071.125408,ctx
BTC,2023-03-09,1,SHORT,RND,21600.0,21580.0,21670.420091,lean
BTC,2023-03-09,2,LONG,PDC,21705.44,21838.12,21635.019909,ctx
BTC,2023-03-10,1,LONG,PDL,20042.72,20330.389288,19957.940153,lean
BTC,2023-03-10,2,SHORT,RND,19900.0,19549.09,19984.779847,ctx
BTC,2023-03-13,1,LONG,PDH,22150.0,22528.305906,22059.64302,lean
BTC,2023-03-13,2,SHORT,RND,22100.0,21997.11,22190.35698,ctx
BTC,2023-03-14,1,SHORT,RND,24700.0,24500.0,24837.000189,lean
BTC,2023-03-14,2,LONG,ONH,24820.0,25382.374216,24682.999811,ctx
BTC,2023-03-15,1,SHORT,PDC,24670.41,24255.0,24785.461224,lean
BTC,2023-03-15,2,LONG,RND,24800.0,25074.24,24684.948776,ctx
BTC,2023-03-16,1,SHORT,RND,24800.0,24303.343608,24911.702084,lean
BTC,2023-03-16,2,LONG,ONH,25066.32,25196.97,24954.617916,ctx
BTC,2023-03-17,1,LONG,ONH,26970.0,27000.0,26855.017915,ctx
BTC,2023-03-20,1,LONG,RND,28250.0,28390.1,28125.539398,lean
BTC,2023-03-20,2,SHORT,PDC,27972.87,27608.113858,28097.330602,ctx
BTC,2023-03-21,1,SHORT,RND,28000.0,27717.01,28115.579476,lean
BTC,2023-03-21,2,LONG,ONH,28177.0,28472.0,28061.420524,ctx
BTC,2023-03-22,1,SHORT,PDC,28105.47,28000.0,28220.024792,lean
BTC,2023-03-22,2,LONG,ONH,28288.0,28438.55,28173.445208,ctx
BTC,2023-03-23,1,LONG,ONH,27738.27,28072.175397,27633.774558,lean
BTC,2023-03-23,2,SHORT,RND,27500.0,27250.97,27604.495442,ctx
BTC,2023-03-24,1,SHORT,RND,28000.0,27934.48,28125.89569,lean
BTC,2023-03-24,2,LONG,PDC,28295.41,28438.0,28169.51431,ctx
BTC,2023-03-27,1,SHORT,ONL,27666.0,27417.76,27785.626439,lean
BTC,2023-03-27,2,LONG,PDC,27968.05,28000.0,27848.423561,ctx
BTC,2023-03-28,1,LONG,PDC,27124.91,27255.0,27004.750325,lean
BTC,2023-03-28,2,SHORT,RND,27000.0,26631.78,27120.159675,ctx
BTC,2023-03-29,1,LONG,ONH,28650.0,28814.240002,28551.375,lean
BTC,2023-03-29,2,SHORT,RND,28250.0,27893.739998,28348.625,ctx
BTC,2023-03-30,1,SHORT,PDC,28348.6,28130.094392,28458.891916,lean
BTC,2023-03-30,2,LONG,PDH,28650.0,28750.0,28539.708084,ctx
BTC,2023-03-31,1,SHORT,PDL,27686.0,27511.71,27795.046665,lean
BTC,2023-03-31,2,LONG,RND,28000.0,28028.53,27890.953335,ctx
BTC,2023-04-03,1,SHORT,RND,28250.0,28171.87,28357.640172,lean
BTC,2023-04-03,2,LONG,ONH,28500.99,28530.0,28393.349828,ctx
BTC,2023-04-04,1,LONG,ONH,28444.44,28500.99,28349.151745,lean
BTC,2023-04-04,2,SHORT,RND,28250.0,27844.841476,28345.288255,ctx
BTC,2023-04-05,1,LONG,ONH,28775.0,28975.233572,28684.817092,lean
BTC,2023-04-05,2,SHORT,RND,28500.0,28444.44,28590.182908,ctx
BTC,2023-04-06,1,LONG,RND,28000.0,28170.01,27905.645379,lean
BTC,2023-04-06,2,SHORT,PDL,27805.1,27711.0,27899.454621,ctx
BTC,2023-04-07,1,SHORT,ONL,27766.94,27750.0,27849.018875,lean
BTC,2023-04-07,2,LONG,PDC,28033.82,28100.0,27951.741125,ctx
BTC,2023-04-10,1,SHORT,RND,28250.0,28196.61,28332.927776,lean
BTC,2023-04-10,2,LONG,PDC,28323.76,28530.0,28240.832224,ctx
BTC,2023-04-11,1,LONG,ONH,30430.0,30540.045991,30326.093716,lean
BTC,2023-04-11,2,SHORT,RND,30000.0,29770.0,30103.906284,ctx
BTC,2023-04-12,1,LONG,PDC,30200.42,30350.07,30106.200466,lean
BTC,2023-04-12,2,SHORT,RND,30000.0,29811.82,30094.219534,ctx
BTC,2023-04-13,1,LONG,RND,30250.0,30374.87,30156.754938,lean
BTC,2023-04-13,2,SHORT,PDC,29888.07,29796.21,29981.315062,ctx
BTC,2023-04-14,1,SHORT,RND,30750.0,30595.0,30844.760571,lean
BTC,2023-04-14,2,LONG,ONH,31000.0,31244.105998,30905.239429,ctx
BTC,2023-04-17,1,SHORT,RND,29500.0,29366.0,29596.737286,ctx
BTC,2023-04-18,1,SHORT,PDH,30316.06,29966.475753,30404.798767,lean
BTC,2023-04-18,2,LONG,ONH,30381.68,30500.0,30292.941233,ctx
BTC,2023-04-19,1,SHORT,RND,29250.0,29096.78,29343.324524,lean
BTC,2023-04-20,1,LONG,PDC,28797.1,29016.692531,28709.3366,lean
BTC,2023-04-21,1,LONG,PDC,28243.65,28374.02,28152.646066,lean
BTC,2023-04-21,2,SHORT,PDL,28010.0,28000.0,28101.003934,ctx
BTC,2023-04-24,1,SHORT,RND,27500.0,27311.25,27595.603347,lean
BTC,2023-04-24,2,LONG,PDC,27590.6,27816.85,27494.996653,ctx
BTC,2023-04-25,1,LONG,RND,27500.0,27510.93,27411.356965,lean
BTC,2023-04-25,2,SHORT,ONL,27192.0,26977.292502,27280.643035,ctx
BTC,2023-04-26,1,LONG,RND,29000.0,29138.83,28856.559983,lean
BTC,2023-04-26,2,SHORT,PDH,28399.99,28300.79,28543.430017,ctx
BTC,2023-04-27,1,LONG,RND,29000.0,29420.165515,28895.866675,ctx
BTC,2023-04-28,1,SHORT,ONL,29137.76,28801.495764,29230.730908,lean
BTC,2023-04-28,2,LONG,RND,29250.0,29472.77,29157.029092,ctx
BTC,2023-05-01,1,SHORT,RND,28500.0,28250.15,28592.545556,lean
BTC,2023-05-02,1,LONG,ONH,28164.55,28531.659116,28068.800904,lean
BTC,2023-05-02,2,SHORT,PDC,28068.26,28000.0,28164.009096,ctx
BTC,2023-05-03,1,LONG,PDC,28669.86,28815.43,28562.53283,lean
BTC,2023-05-03,2,SHORT,RND,28500.0,28336.3,28607.32717,ctx
BTC,2023-05-04,1,LONG,RND,29250.0,29266.66,29158.109916,lean
BTC,2023-05-04,2,SHORT,PDC,29026.16,28923.52,29118.050084,ctx
BTC,2023-05-05,1,LONG,RND,29250.0,29379.83,29161.409423,lean
BTC,2023-05-05,2,SHORT,PDC,28838.16,28748.0,28926.750577,ctx
BTC,2023-05-08,1,SHORT,ONL,27577.01,27447.339662,27681.313644,lean
BTC,2023-05-08,2,LONG,RND,28000.0,28395.23,27895.696356,ctx
BTC,2023-05-09,1,SHORT,PDC,27668.79,27437.32,27759.221102,lean
BTC,2023-05-09,2,LONG,ONH,27749.34,27750.0,27658.908898,ctx
BTC,2023-05-10,1,LONG,RND,27750.0,27818.0,27638.226924,lean
BTC,2023-05-10,2,SHORT,PDC,27628.27,27474.91,27740.043076,ctx
BTC,2023-05-11,1,SHORT,ONL,27257.98,26933.618873,27359.120956,lean
BTC,2023-05-11,2,LONG,RND,27500.0,27598.75,27398.859044,ctx
BTC,2023-05-12,1,SHORT,RND,26250.0,26120.74,26354.149402,lean
BTC,2023-05-12,2,LONG,PDL,26702.05,26834.040542,26597.900598,ctx
BTC,2023-05-15,1,LONG,ONH,27550.03,27740.866205,27463.29867,lean
BTC,2023-05-15,2,SHORT,RND,27250.0,27200.0,27336.73133,ctx
BTC,2023-05-16,1,SHORT,RND,27000.0,26852.11,27082.893611,lean
BTC,2023-05-16,2,LONG,PDC,27162.14,27368.0,27079.246389,ctx
BTC,2023-05-17,1,SHORT,ONL,26573.62,26253.135176,26656.009605,lean
BTC,2023-05-17,2,LONG,RND,26750.0,26852.11,26667.610395,ctx
BTC,2023-05-18,1,SHORT,ONL,27152.29,27021.676183,27233.138675,lean
BTC,2023-05-18,2,LONG,PDC,27405.61,27485.33,27324.761325,ctx
BTC,2023-05-19,1,SHORT,PDC,26821.28,26750.0,26907.096202,lean
BTC,2023-05-19,2,LONG,ONH,26960.24,27256.36561,26874.423798,ctx
BTC,2023-05-22,1,LONG,ONH,26913.14,27195.017452,26834.231974,lean
BTC,2023-05-22,2,SHORT,RND,26750.0,26747.78,26828.908026,ctx
BTC,2023-05-23,1,SHORT,RND,27250.0,27099.89,27325.780446,lean
BTC,2023-05-23,2,LONG,ONH,27495.83,27691.002084,27420.049554,ctx
BTC,2023-05-24,1,LONG,RND,26750.0,26798.11,26681.382334,lean
BTC,2023-05-24,2,SHORT,ONL,26613.0,26422.024224,26681.617666,ctx
BTC,2023-05-25,1,LONG,PDC,26329.01,26406.0,26244.768844,lean
BTC,2023-05-25,2,SHORT,RND,26250.0,26080.5,26334.241156,ctx
BTC,2023-05-26,1,SHORT,ONL,26327.24,26146.587248,26395.104875,lean
BTC,2023-05-26,2,LONG,PDC,26473.79,26500.0,26405.925125,ctx
BTC,2023-05-29,1,SHORT,ONL,27745.78,27511.542519,27831.993032,lean
BTC,2023-05-29,2,LONG,RND,28000.0,28065.0,27913.786968,ctx
BTC,2023-05-30,1,SHORT,RND,28000.0,27736.4,28077.899405,lean
BTC,2023-05-30,2,LONG,ONH,28038.59,28384.930558,27960.690595,ctx
BTC,2023-05-31,1,SHORT,RND,27000.0,26968.49,27076.46315,lean
BTC,2023-06-01,1,LONG,RND,27000.0,27210.35,26930.28086,lean
BTC,2023-06-01,2,SHORT,PDL,26839.01,26605.05,26908.72914,ctx
BTC,2023-06-02,1,SHORT,PDC,26817.93,26795.711265,26889.724015,lean
BTC,2023-06-02,2,LONG,ONH,27213.0,27250.0,27141.205985,ctx
BTC,2023-06-05,1,SHORT,RND,26750.0,26668.0,26817.870888,lean
BTC,2023-06-05,2,LONG,PDL,26951.0,27090.120811,26883.129112,ctx
BTC,2023-06-06,1,SHORT,ONL,25601.0,25388.0,25694.756116,lean
BTC,2023-06-06,2,LONG,PDC,25728.2,25750.0,25634.443884,ctx
BTC,2023-06-07,1,LONG,RND,27000.0,27230.08,26897.472759,ctx
BTC,2023-06-08,1,LONG,RND,26500.0,26523.93,26413.913997,lean
BTC,2023-06-08,2,SHORT,PDC,26339.34,26132.4,26425.426003,ctx
BTC,2023-06-09,1,SHORT,RND,26500.0,26498.61,26586.606552,lean
BTC,2023-06-09,2,LONG,ONH,26685.43,26810.0,26598.823448,ctx
BTC,2023-06-12,1,SHORT,PDC,25925.55,25634.7,26013.989682,lean
BTC,2023-06-12,2,LONG,RND,26000.0,26106.48,25911.560318,ctx
BTC,2023-06-13,1,SHORT,PDH,26106.48,25905.19,26191.075686,lean
BTC,2023-06-13,2,LONG,RND,26250.0,26272.25,26165.404314,ctx
BTC,2023-06-14,1,SHORT,PDC,25934.25,25808.1,26017.812811,lean
BTC,2023-06-14,2,LONG,RND,26000.0,26055.99,25916.437189,ctx
BTC,2023-06-15,1,SHORT,RND,25000.0,24820.56,25080.515594,lean
BTC,2023-06-15,2,LONG,PDC,25128.6,25206.52,25048.084406,ctx
BTC,2023-06-16,1,SHORT,ONL,25440.39,25109.942285,25518.511653,lean
BTC,2023-06-16,2,LONG,RND,25500.0,25598.49,25421.878347,ctx
BTC,2023-06-19,1,LONG,ONH,26478.87,26500.0,26384.44323,lean
BTC,2023-06-19,2,SHORT,PDC,26339.97,26255.85,26434.39677,ctx
BTC,2023-06-20,1,LONG,RND,27000.0,27068.09,26921.370114,lean
BTC,2023-06-20,2,SHORT,PDC,26844.35,26702.47,26922.979886,ctx
BTC,2023-06-21,1,LONG,RND,29000.0,29221.99,28904.140594,lean
BTC,2023-06-22,1,LONG,PDC,29993.89,30000.0,29875.746716,lean
BTC,2023-06-22,2,SHORT,ONL,29840.09,29376.664675,29958.233284,ctx
BTC,2023-06-23,1,SHORT,PDC,29884.92,29800.0,29991.374248,lean
BTC,2023-06-23,2,LONG,ONH,30195.0,30250.0,30088.545752,ctx
BTC,2023-06-26,1,LONG,PDC,30462.66,30580.0,30349.780852,lean
BTC,2023-06-26,2,SHORT,PDL,30277.49,30250.0,30390.369148,ctx
BTC,2023-06-27,1,LONG,RND,30750.0,30786.99,30640.305505,lean
BTC,2023-06-27,2,SHORT,PDH,30666.0,30267.99,30775.694495,ctx
BTC,2023-06-28,1,SHORT,RND,30250.0,30226.17,30361.023565,lean
BTC,2023-06-28,2,LONG,PDC,30692.44,30736.24,30581.416435,ctx
BTC,2023-06-29,1,LONG,PDH,30709.74,30750.0,30614.861775,ctx
BTC,2023-06-30,1,LONG,RND,31000.0,31282.0,30903.954937,lean
BTC,2023-06-30,2,SHORT,PDH,30843.98,30461.799707,30940.025063,ctx
BTC,2023-07-03,1,SHORT,PDC,30617.03,30425.47,30724.371003,lean
BTC,2023-07-03,2,LONG,RND,30750.0,30791.0,30642.658997,ctx
BTC,2023-07-04,1,SHORT,RND,31000.0,30867.68,31099.725749,lean
BTC,2023-07-04,2,LONG,PDC,31156.2,31350.69,31056.474251,ctx
BTC,2023-07-05,1,SHORT,ONL,30350.0,29971.383478,30442.767826,lean
BTC,2023-07-05,2,LONG,RND,30500.0,30620.0,30407.232174,ctx
BTC,2023-07-06,1,LONG,PDH,30878.07,31283.865719,30784.359489,lean
BTC,2023-07-06,2,SHORT,RND,30750.0,30504.81,30843.710511,ctx
BTC,2023-07-07,1,LONG,ONH,30300.0,30524.817049,30212.974918,lean
BTC,2023-07-07,2,SHORT,RND,30000.0,29895.43,30087.025082,ctx
BTC,2023-07-10,1,LONG,ONH,30245.9,30250.0,30164.377778,lean
BTC,2023-07-10,2,SHORT,PDC,30160.71,30061.12,30242.232222,ctx
BTC,2023-07-11,1,SHORT,ONL,30190.0,30030.663301,30270.06715,lean
BTC,2023-07-11,2,LONG,PDC,30411.57,30500.0,30331.50285,ctx
BTC,2023-07-12,1,SHORT,RND,30750.0,30622.1,30832.812278,lean
BTC,2023-07-12,2,LONG,PDH,30813.63,30849.01,30730.817722,ctx
BTC,2023-07-13,1,SHORT,RND,30500.0,30380.0,30574.693513,lean
BTC,2023-07-13,2,LONG,ONH,30637.06,30892.559728,30562.366487,ctx
BTC,2023-07-14,1,SHORT,ONL,31075.25,30806.484743,31161.629698,lean
BTC,2023-07-14,2,LONG,RND,31250.0,31454.23,31163.620302,ctx
BTC,2023-07-17,1,LONG,PDC,30231.99,30250.0,30146.66203,lean
BTC,2023-07-17,2,SHORT,PDL,30064.29,29965.39,30149.61797,ctx
BTC,2023-07-18,1,SHORT,ONL,29810.0,29659.2,29889.071572,lean
BTC,2023-07-18,2,LONG,RND,30000.0,30138.0,29920.928428,ctx
BTC,2023-07-19,1,SHORT,RND,30000.0,29859.13,30081.99923,lean
BTC,2023-07-19,2,LONG,ONH,30189.09,30239.78,30107.09077,ctx
BTC,2023-07-20,1,LONG,ONH,30417.46,30638.501845,30341.688176,lean
BTC,2023-07-20,2,SHORT,RND,30250.0,30189.09,30325.771824,ctx
BTC,2023-07-21,1,LONG,PDC,29800.0,29953.01,29721.815221,lean
BTC,2023-07-21,2,SHORT,RND,29750.0,29726.34,29828.184779,ctx
BTC,2023-07-24,1,SHORT,RND,29250.0,29000.0,29326.214003,ctx
BTC,2023-07-25,1,SHORT,ONL,29047.65,28861.9,29121.200772,lean
BTC,2023-07-25,2,LONG,PDC,29176.5,29250.0,29102.949228,ctx
BTC,2023-07-26,1,SHORT,ONL,29096.94,29047.65,29170.064758,lean
BTC,2023-07-26,2,LONG,PDC,29228.91,29250.0,29155.785242,ctx
BTC,2023-07-27,1,LONG,ONH,29567.49,29690.0,29495.130258,lean
BTC,2023-07-27,2,SHORT,RND,29500.0,29351.96,29572.359742,ctx
BTC,2023-07-28,1,LONG,PDC,29222.78,29250.0,29150.738718,lean
BTC,2023-07-28,2,SHORT,ONL,29123.12,29083.85,29195.161282,ctx
BTC,2023-07-31,1,SHORT,PDC,29281.09,29150.0,29349.014315,lean
BTC,2023-07-31,2,LONG,PDH,29449.0,29500.0,29381.075685,ctx
BTC,2023-08-01,1,SHORT,RND,28750.0,28720.0,28818.297087,lean
BTC,2023-08-01,2,LONG,PDL,29101.8,29180.909739,29033.502913,ctx
BTC,2023-08-02,1,LONG,PDC,29705.99,29739.25,29637.749115,lean
BTC,2023-08-02,2,SHORT,RND,29500.0,29244.032537,29568.240885,ctx
BTC,2023-08-03,1,LONG,PDC,29186.01,29250.0,29117.539058,lean
BTC,2023-08-03,2,SHORT,ONL,28968.0,28927.5,29036.470942,ctx
BTC,2023-08-04,1,LONG,PDC,29193.64,29250.0,29127.877337,lean
BTC,2023-08-04,2,SHORT,ONL,29100.0,28968.0,29165.762663,ctx
BTC,2023-08-07,1,LONG,PDH,29205.09,29229.62,29140.113766,lean
BTC,2023-08-07,2,SHORT,PDC,29088.42,29018.25,29153.396234,ctx
BTC,2023-08-08,1,SHORT,PDH,29276.78,29211.06,29342.030181,lean
BTC,2023-08-08,2,LONG,ONH,29441.96,29500.0,29376.709819,ctx
BTC,2023-08-09,1,LONG,ONH,29914.19,30000.0,29846.550206,lean
BTC,2023-08-09,2,SHORT,PDC,29770.42,29613.0,29838.059794,ctx
BTC,2023-08-10,1,LONG,PDC,29581.99,29660.06,29516.11026,lean
BTC,2023-08-10,2,SHORT,RND,29500.0,29476.0,29565.87974,ctx
BTC,2023-08-11,1,SHORT,ONL,29350.0,29320.2,29413.728498,lean
BTC,2023-08-11,2,LONG,PDC,29455.75,29498.17,29392.021502,ctx
BTC,2023-08-14,1,LONG,PDH,29474.65,29495.76,29409.412595,lean
BTC,2023-08-14,2,SHORT,PDC,29303.84,29272.32,29369.077405,ctx
BTC,2023-08-15,1,SHORT,ONL,29351.33,29250.0,29415.004799,lean
BTC,2023-08-15,2,LONG,PDC,29430.93,29471.31,29367.255201,ctx
BTC,2023-08-16,1,LONG,PDC,29200.0,29250.0,29137.95116,lean
BTC,2023-08-16,2,SHORT,ONL,29100.0,29059.6,29162.04884,ctx
BTC,2023-08-17,1,LONG,PDL,28723.08,28730.51,28659.096525,lean
BTC,2023-08-17,2,SHORT,RND,28500.0,28342.0,28563.983475,ctx
BTC,2023-08-18,1,LONG,RND,26500.0,26623.41,26424.85703,lean
BTC,2023-08-21,1,LONG,PDC,26189.99,26225.19,26116.070332,lean
BTC,2023-08-21,2,SHORT,RND,26000.0,25971.05,26073.919668,ctx
BTC,2023-08-22,1,LONG,PDC,26126.92,26196.01,26062.510768,ctx
BTC,2023-08-23,1,LONG,RND,26000.0,26056.0,25934.780374,lean
BTC,2023-08-23,2,SHORT,ONL,25643.46,25635.131745,25708.679626,ctx
BTC,2023-08-24,1,SHORT,PDC,26432.72,26300.01,26509.491213,lean
BTC,2023-08-24,2,LONG,RND,26500.0,26577.87,26423.228787,ctx
BTC,2023-08-25,1,LONG,PDC,26180.05,26207.15,26114.052951,lean
BTC,2023-08-25,2,SHORT,RND,26000.0,25974.22,26065.997049,ctx
BTC,2023-08-28,1,SHORT,RND,26000.0,25966.11,26066.138783,lean
BTC,2023-08-28,2,LONG,PDC,26101.77,26109.0,26035.631217,ctx
BTC,2023-08-29,1,SHORT,ONL,25922.0,25864.5,25987.845669,lean
BTC,2023-08-29,2,LONG,RND,26000.0,26120.0,25934.154331,ctx
BTC,2023-08-30,1,SHORT,ONL,27280.99,27250.0,27397.150782,lean
BTC,2023-08-30,2,LONG,PDC,27716.34,27779.12,27600.179218,ctx
BTC,2023-08-31,1,SHORT,PDC,27299.99,27250.0,27397.236367,lean
BTC,2023-08-31,2,LONG,ONH,27587.51,27757.77638,27490.263633,ctx
BTC,2023-09-01,1,SHORT,RND,26000.0,25940.78,26101.434778,lean
BTC,2023-09-01,2,LONG,ONH,26100.0,26520.852299,25998.565222,ctx
BTC,2023-09-04,1,LONG,PDC,25971.21,26000.0,25873.807709,lean
BTC,2023-09-04,2,SHORT,ONL,25865.57,25800.0,25962.972291,ctx
BTC,2023-09-05,1,LONG,PDC,25826.02,25874.97,25731.907418,lean
BTC,2023-09-05,2,SHORT,RND,25750.0,25631.21,25844.112582,ctx
BTC,2023-09-06,1,SHORT,ONL,25715.16,25562.62,25793.872514,lean
BTC,2023-09-06,2,LONG,RND,25750.0,25792.1,25671.287486,ctx
BTC,2023-09-07,1,LONG,RND,25750.0,25759.95,25666.998802,lean
BTC,2023-09-07,2,SHORT,ONL,25691.07,25372.51,25774.071198,ctx
BTC,2023-09-08,1,SHORT,RND,25750.0,25647.26,25818.883938,ctx
BTC,2023-09-11,1,SHORT,ONL,25577.3,25570.57,25642.443879,lean
BTC,2023-09-11,2,LONG,PDC,25841.61,25905.274767,25776.466121,ctx
BTC,2023-09-12,1,SHORT,RND,26000.0,25900.69,26098.391592,lean
BTC,2023-09-12,2,LONG,ONH,26331.38,26558.150763,26232.988408,ctx
BTC,2023-09-13,1,LONG,ONH,26247.79,26250.0,26168.300753,lean
BTC,2023-09-13,2,SHORT,PDC,25840.1,25827.460182,25919.589247,ctx
BTC,2023-09-14,1,SHORT,PDH,26405.22,26222.0,26469.863627,lean
BTC,2023-09-14,2,LONG,RND,26500.0,26541.77,26435.356373,ctx
BTC,2023-09-15,1,SHORT,ONL,26375.01,26134.786767,26437.232836,lean
BTC,2023-09-15,2,LONG,RND,26500.0,26522.73,26437.777164,ctx
BTC,2023-09-18,1,LONG,ONH,27240.0,27250.0,27173.127042,lean
BTC,2023-09-19,1,LONG,RND,27250.0,27409.0,27180.125783,ctx
BTC,2023-09-20,1,LONG,PDC,27210.26,27388.63,27135.535105,lean
BTC,2023-09-20,2,SHORT,RND,27000.0,26936.79,27074.724895,ctx
BTC,2023-09-21,1,LONG,RND,26750.0,26800.0,26679.179358,lean
BTC,2023-09-21,2,SHORT,ONL,26618.9,26400.283671,26689.720642,ctx
BTC,2023-09-22,1,LONG,ONH,26743.38,26750.0,26681.307376,lean
BTC,2023-09-22,2,SHORT,PDC,26568.08,26468.77,26630.152624,ctx
BTC,2023-09-25,1,LONG,PDL,26122.08,26248.38,26062.808056,ctx
BTC,2023-09-26,1,SHORT,RND,26250.0,26188.26,26309.765766,lean
BTC,2023-09-26,2,LONG,PDC,26304.81,26397.46,26245.044234,ctx
BTC,2023-09-27,1,LONG,ONH,26848.07,27036.888088,26790.172553,lean
BTC,2023-09-27,2,SHORT,RND,26750.0,26496.511912,26807.897447,ctx
BTC,2023-09-28,1,SHORT,PDC,26372.99,26279.93,26431.900645,lean
BTC,2023-09-28,2,LONG,RND,26500.0,26623.84,26441.089355,ctx
BTC,2023-09-29,1,SHORT,ONL,26859.7,26639.324953,26930.726081,lean
BTC,2023-09-29,2,LONG,RND,27000.0,27021.39,26928.973919,ctx
BTC,2023-10-02,1,SHORT,PDH,28065.51,27992.57,28149.913784,lean
BTC,2023-10-02,2,LONG,RND,28250.0,28484.28,28165.596216,ctx
BTC,2023-10-03,1,SHORT,RND,27500.0,27494.51,27571.45261,lean
BTC,2023-10-03,2,LONG,ONH,27676.52,27893.435513,27605.06739,ctx
BTC,2023-10-04,1,LONG,ONH,27643.09,27676.52,27578.746996,lean
BTC,2023-10-04,2,SHORT,RND,27500.0,27426.46,27564.343004,ctx
BTC,2023-10-05,1,SHORT,ONL,27550.77,27402.703165,27619.979322,lean
BTC,2023-10-05,2,LONG,RND,27750.0,27778.57,27680.790678,ctx
BTC,2023-10-06,1,LONG,ONH,27801.0,28120.39,27713.501655,lean
BTC,2023-10-06,2,SHORT,RND,27750.0,27410.39,27837.498345,ctx
BTC,2023-10-09,1,SHORT,ONL,27412.21,27118.969575,27487.199377,lean
BTC,2023-10-09,2,LONG,RND,27500.0,27687.5,27425.010623,ctx
BTC,2023-10-10,1,SHORT,RND,27500.0,27492.6,27564.726953,lean
BTC,2023-10-10,2,LONG,PDC,27590.12,27735.0,27525.393047,ctx
BTC,2023-10-11,1,SHORT,ONL,26964.89,26897.625037,27028.883206,lean
BTC,2023-10-11,2,LONG,RND,27250.0,27298.0,27186.006794,ctx
BTC,2023-10-12,1,SHORT,RND,26750.0,26655.6,26813.050488,lean
BTC,2023-10-12,2,LONG,PDC,26875.52,26947.04,26812.469512,ctx
BTC,2023-10-13,1,LONG,ONH,26943.0,26947.04,26880.924799,lean
BTC,2023-10-13,2,SHORT,PDC,26759.63,26750.0,26821.705201,ctx
BTC,2023-10-16,1,LONG,RND,27750.0,27980.0,27687.132721,lean
BTC,2023-10-17,1,SHORT,ONL,28069.32,27929.786053,28174.929417,lean
BTC,2023-10-17,2,LONG,RND,28500.0,28500.78,28394.390583,ctx
BTC,2023-10-18,1,LONG,PDC,28395.91,28613.65,28317.929069,lean
BTC,2023-10-18,2,SHORT,RND,28250.0,28236.41,28327.980931,ctx
BTC,2023-10-19,1,LONG,RND,28500.0,28514.21,28429.441725,lean
BTC,2023-10-19,2,SHORT,PDC,28320.0,28142.87,28390.558275,ctx
BTC,2023-10-20,1,LONG,ONH,30207.55,30289.372039,30111.253849,lean
BTC,2023-10-20,2,SHORT,RND,29750.0,29390.607961,29846.296151,ctx
BTC,2023-10-23,1,LONG,RND,30750.0,30985.12,30659.040116,lean
BTC,2023-10-23,2,SHORT,PDH,30248.0,30232.560541,30338.959884,ctx
BTC,2023-10-24,1,SHORT,RND,34500.0,33922.477941,34632.949727,lean
BTC,2023-10-24,2,LONG,PDH,34741.91,35163.342059,34608.960273,ctx
BTC,2023-10-25,1,SHORT,PDC,33922.73,33679.05,34059.107958,lean
BTC,2023-10-25,2,LONG,RND,34250.0,34446.42,34113.622042,ctx
BTC,2023-10-26,1,LONG,PDC,34496.05,34686.074743,34371.032555,lean
BTC,2023-10-26,2,SHORT,RND,34000.0,33960.39,34125.017445,ctx
BTC,2023-10-27,1,LONG,PDC,34151.66,34278.0,34036.71221,lean
BTC,2023-10-27,2,SHORT,RND,34000.0,33780.0,34114.94779,ctx
BTC,2023-10-30,1,SHORT,PDC,34525.89,34500.0,34647.850948,lean
BTC,2023-10-30,2,LONG,ONH,34720.0,34750.11,34598.039052,ctx
BTC,2023-10-31,1,SHORT,PDC,34474.73,34062.84,34594.432846,lean
BTC,2023-10-31,2,LONG,RND,34500.0,34600.0,34380.297154,ctx
BTC,2023-11-01,1,SHORT,ONL,34316.0,34025.0,34438.363224,lean
BTC,2023-11-01,2,LONG,RND,34500.0,34639.77,34377.636776,ctx
BTC,2023-11-02,1,SHORT,RND,35250.0,35063.25,35378.12971,lean
BTC,2023-11-02,2,LONG,PDC,35421.43,35582.0,35293.30029,ctx
BTC,2023-11-03,1,SHORT,RND,34250.0,34120.0,34374.466811,lean
BTC,2023-11-03,2,LONG,PDL,34300.0,34833.245117,34175.533189,ctx
BTC,2023-11-06,1,SHORT,PDC,35011.88,34725.9,35129.723122,lean
BTC,2023-11-06,2,LONG,RND,35250.0,35380.0,35132.156878,ctx
BTC,2023-11-07,1,SHORT,PDL,34725.9,34523.06,34819.899887,lean
BTC,2023-11-07,2,LONG,RND,34750.0,35046.09,34656.000113,ctx
BTC,2023-11-08,1,SHORT,ONL,35167.78,34944.345713,35263.510919,lean
BTC,2023-11-08,2,LONG,PDC,35399.12,35437.09,35303.389081,ctx
BTC,2023-11-09,1,LONG,RND,37000.0,37000.5,36890.564222,ctx
BTC,2023-11-10,1,LONG,ONH,37204.0,37250.0,37068.718132,lean
BTC,2023-11-10,2,SHORT,PDC,36701.09,36554.004615,36836.371868,ctx
BTC,2023-11-13,1,SHORT,PDL,36731.1,36634.01,36833.432607,lean
BTC,2023-11-13,2,LONG,RND,37000.0,37064.13,36897.667393,ctx
BTC,2023-11-14,1,LONG,PDC,36462.93,36744.0,36364.373333,lean
BTC,2023-11-14,2,SHORT,PDL,36333.0,36250.0,36431.556667,ctx
BTC,2023-11-15,1,LONG,RND,36250.0,36397.3,36141.775104,ctx
BTC,2023-11-16,1,SHORT,ONL,37040.0,36476.580537,37179.547028,lean
BTC,2023-11-16,2,LONG,RND,37250.0,37779.019463,37110.452972,ctx
BTC,2023-11-17,1,SHORT,RND,36500.0,36163.51,36609.675188,lean
BTC,2023-11-17,2,LONG,ONH,36673.69,37037.507542,36564.014812,ctx
BTC,2023-11-20,1,SHORT,ONL,36980.29,36598.761896,37096.93388,lean
BTC,2023-11-20,2,LONG,RND,37250.0,37359.86,37133.35612,ctx
BTC,2023-11-21,1,SHORT,ONL,37112.19,36677.0,37242.219315,lean
BTC,2023-11-21,2,LONG,RND,37250.0,37448.78,37119.970685,ctx
BTC,2023-11-22,1,LONG,ONH,36773.53,37139.004757,36648.930409,lean
BTC,2023-11-22,2,SHORT,RND,36500.0,35976.075243,36624.599591,ctx
BTC,2023-11-23,1,SHORT,RND,37250.0,37159.95,37375.909136,lean
BTC,2023-11-23,2,LONG,PDC,37408.34,37653.44,37282.430864,ctx
BTC,2023-11-24,1,SHORT,PDH,37653.44,37294.28,37778.512504,lean
BTC,2023-11-24,2,LONG,RND,37750.0,38035.46,37624.927496,ctx
BTC,2023-11-27,1,LONG,RND,37000.0,37150.0,36880.137083,lean
BTC,2023-11-27,2,SHORT,ONL,36900.0,36412.249723,37019.862917,ctx
BTC,2023-11-28,1,LONG,PDC,37242.7,37250.0,37124.798258,lean
BTC,2023-11-28,2,SHORT,ONL,36868.41,36707.0,36986.311742,ctx
BTC,2023-11-29,1,SHORT,PDC,37818.87,37670.97,37942.978312,lean
BTC,2023-11-29,2,LONG,RND,38250.0,38377.0,38125.891688,ctx
BTC,2023-11-30,1,LONG,RND,38000.0,38145.85,37885.859896,lean
BTC,2023-11-30,2,SHORT,PDC,37854.64,37570.0,37968.780104,ctx
BTC,2023-12-01,1,SHORT,RND,38250.0,38145.85,38349.157928,ctx
BTC,2023-12-04,1,SHORT,RND,41750.0,41217.549574,41874.705806,lean
BTC,2023-12-04,2,LONG,ONH,42154.83,42381.470426,42030.124194,ctx
BTC,2023-12-05,1,LONG,PDC,41991.1,42000.0,41862.107303,lean
BTC,2023-12-05,2,SHORT,RND,41750.0,41414.0,41878.992697,ctx
BTC,2023-12-06,1,SHORT,RND,44000.0,43399.204293,44135.38908,lean
BTC,2023-12-06,2,LONG,PDC,44073.32,44297.21,43937.93092,ctx
BTC,2023-12-07,1,LONG,RND,43500.0,43762.69,43370.376539,lean
BTC,2023-12-07,2,SHORT,PDL,43335.28,42821.1,43464.903461,ctx
BTC,2023-12-08,1,SHORT,PDC,43273.14,43134.932298,43403.618079,lean
BTC,2023-12-08,2,LONG,RND,43750.0,43799.99,43619.521921,ctx
BTC,2023-12-11,1,LONG,RND,42250.0,42855.118822,42111.867395,ctx
BTC,2023-12-12,1,SHORT,RND,41750.0,41253.4,41877.946478,lean
BTC,2023-12-12,2,LONG,ONH,42104.12,42447.073562,41976.173522,ctx
BTC,2023-12-13,1,SHORT,PDL,40680.0,40613.481006,40807.66907,lean
BTC,2023-12-13,2,LONG,RND,41250.0,41492.39,41122.33093,ctx
BTC,2023-12-14,1,SHORT,RND,43000.0,42869.03,43148.917437,lean
BTC,2023-12-14,2,LONG,ONH,43367.83,43475.2,43218.912563,ctx
BTC,2023-12-15,1,LONG,PDC,43022.26,43179.7,42872.878498,lean
BTC,2023-12-15,2,SHORT,RND,42500.0,42479.14,42649.381502,ctx
BTC,2023-12-18,1,SHORT,ONL,40542.93,40236.143938,40686.316299,lean
BTC,2023-12-18,2,LONG,RND,41000.0,41252.0,40856.613701,ctx
BTC,2023-12-19,1,SHORT,PDH,42757.81,42657.8,42890.112192,lean
BTC,2023-12-19,2,LONG,RND,43000.0,43497.0,42867.697808,ctx
BTC,2023-12-20,1,SHORT,PDC,42275.99,42206.0,42454.297449,lean
BTC,2023-12-20,2,LONG,RND,43000.0,43041.0,42821.692551,ctx
BTC,2023-12-21,1,LONG,ONH,44207.0,44283.0,44067.22311,lean
BTC,2023-12-21,2,SHORT,RND,44000.0,43668.93,44139.77689,ctx
BTC,2023-12-22,1,SHORT,RND,43500.0,43463.0,43633.022241,lean
BTC,2023-12-22,2,LONG,PDC,43861.8,44188.680458,43728.777759,ctx
BTC,2023-12-25,1,LONG,ONH,43699.0,43750.0,43572.534504,ctx
BTC,2023-12-26,1,SHORT,RND,42750.0,42720.43,42864.726616,lean
BTC,2023-12-27,1,SHORT,PDC,42508.93,42333.188289,42633.295367,lean
BTC,2023-12-27,2,LONG,RND,43000.0,43220.0,42875.634633,ctx
BTC,2023-12-28,1,SHORT,RND,42750.0,42736.0,42861.274646,lean
BTC,2023-12-29,1,LONG,ONH,42934.0,43320.341792,42827.953902,lean
BTC,2023-12-29,2,SHORT,RND,42750.0,42563.76,42856.046098,ctx
BTC,2024-01-01,1,LONG,RND,42750.0,42780.0,42633.88071,lean
BTC,2024-01-01,2,SHORT,PDC,42283.58,42106.489979,42399.69929,ctx
BTC,2024-01-02,1,LONG,ONH,45879.63,45952.350543,45740.267027,lean
BTC,2024-01-02,2,SHORT,RND,45250.0,44651.629457,45389.362973,ctx
BTC,2024-01-03,1,SHORT,RND,42750.0,41989.536973,42921.394934,ctx
BTC,2024-01-04,1,LONG,ONH,43423.95,43500.0,43298.451877,lean
BTC,2024-01-04,2,SHORT,PDC,42845.23,42792.462094,42970.728123,ctx
BTC,2024-01-05,1,LONG,RND,44000.0,44151.1,43860.227868,lean
BTC,2024-01-08,1,SHORT,RND,45000.0,44480.59,45147.323197,lean
BTC,2024-01-08,2,LONG,ONH,45200.0,45798.598252,45052.676803,ctx
BTC,2024-01-09,1,SHORT,ONL,45450.0,45303.315332,45634.936,lean
BTC,2024-01-09,2,LONG,RND,46250.0,46951.04,46065.064,ctx
BTC,2024-01-10,1,SHORT,ONL,44363.93,43905.294879,44527.908954,lean
BTC,2024-01-10,2,LONG,PDL,44748.67,44750.0,44584.691046,ctx
BTC,2024-01-11,1,SHORT,PDC,46653.99,46562.232948,46844.146511,lean
BTC,2024-01-11,2,LONG,RND,47500.0,47695.93,47309.843489,ctx
BTC,2024-01-12,1,SHORT,RND,45750.0,45606.06,45946.689667,lean
BTC,2024-01-12,2,LONG,PDC,46339.16,46515.53,46142.470333,ctx
BTC,2024-01-15,1,LONG,RND,42750.0,42824.68,42562.889792,ctx
BTC,2024-01-16,1,SHORT,PDC,42511.1,42466.88,42709.351836,lean
BTC,2024-01-16,2,LONG,ONH,43166.0,43250.0,42967.748164,ctx
BTC,2024-01-17,1,LONG,PDC,43137.95,43286.0,42937.200933,lean
BTC,2024-01-17,2,SHORT,RND,42750.0,42411.0,42950.749067,ctx
BTC,2024-01-18,1,LONG,RND,42500.0,42776.1,42324.023577,lean
BTC,2024-01-18,2,SHORT,ONL,42353.8,42200.69,42529.776423,ctx
BTC,2024-01-19,1,SHORT,PDC,41327.5,41250.0,41505.563136,lean
BTC,2024-01-19,2,LONG,ONH,41576.0,42168.271303,41397.936864,ctx
BTC,2024-01-22,1,SHORT,ONL,40364.63,40064.163968,40540.517007,lean
BTC,2024-01-22,2,LONG,RND,41000.0,41500.98,40824.112993,ctx
BTC,2024-01-23,1,SHORT,RND,39000.0,38657.0,39167.374829,lean
BTC,2024-01-23,2,LONG,PDL,39431.58,39568.02,39264.205171,ctx
BTC,2024-01-24,1,SHORT,RND,40000.0,39897.6,40164.861498,lean
BTC,2024-01-24,2,LONG,PDH,40176.74,40555.0,40011.878502,ctx
BTC,2024-01-25,1,SHORT,ONL,39792.01,39750.0,39938.083284,lean
BTC,2024-01-25,2,LONG,PDC,40084.88,40300.24,39938.806716,ctx
BTC,2024-01-26,1,LONG,RND,41250.0,41500.0,41102.633311,ctx
BTC,2024-01-29,1,LONG,ONH,42504.0,42709.934387,42373.869774,lean
BTC,2024-01-29,2,SHORT,PDC,42031.06,42000.0,42161.190226,ctx
BTC,2024-01-30,1,SHORT,PDH,43333.0,43302.7,43469.630717,lean
BTC,2024-01-30,2,LONG,RND,43500.0,43882.36,43363.369283,ctx
BTC,2024-01-31,1,LONG,PDL,42683.99,42941.1,42557.310425,lean
BTC,2024-01-31,2,SHORT,RND,42500.0,42355.0,42626.679575,ctx
BTC,2024-02-01,1,LONG,RND,42250.0,42276.84,42125.278763,lean
BTC,2024-02-01,2,SHORT,ONL,41884.28,41560.767563,42009.001237,ctx
BTC,2024-02-02,1,SHORT,PDC,43082.94,42886.33,43209.67448,lean
BTC,2024-02-02,2,LONG,RND,43250.0,43285.13,43123.26552,ctx
BTC,2024-02-05,1,SHORT,RND,43250.0,43119.04,43369.596668,lean
BTC,2024-02-05,2,LONG,ONH,43299.0,43813.477784,43179.403332,ctx
BTC,2024-02-06,1,LONG,ONH,43119.9,43314.093342,43007.457141,lean
BTC,2024-02-06,2,SHORT,RND,42750.0,42708.7,42862.442859,ctx
BTC,2024-02-07,1,LONG,PDC,43098.95,43222.94,42985.663839,lean
BTC,2024-02-07,2,SHORT,RND,43000.0,42788.0,43113.286161,ctx
BTC,2024-02-08,1,SHORT,PDH,44396.5,44349.6,44515.227875,lean
BTC,2024-02-08,2,LONG,RND,44750.0,44885.0,44631.272125,ctx
BTC,2024-02-09,1,SHORT,RND,47250.0,46657.137894,47392.89688,lean
BTC,2024-02-09,2,LONG,ONH,47699.0,47990.842106,47556.10312,ctx
BTC,2024-02-12,1,SHORT,RND,48000.0,47710.01,48132.61528,lean
BTC,2024-02-12,2,LONG,PDC,48299.99,48592.66,48167.37472,ctx
BTC,2024-02-13,1,LONG,PDC,49917.27,50334.82,49752.267977,lean
BTC,2024-02-13,2,SHORT,RND,49750.0,49650.0,49915.002023,ctx
BTC,2024-02-14,1,LONG,ONH,51828.93,52363.123875,51660.153455,lean
BTC,2024-02-14,2,SHORT,RND,51500.0,50787.876125,51668.776545,ctx
BTC,2024-02-15,1,SHORT,RND,52250.0,52043.71,52400.774848,lean
BTC,2024-02-15,2,LONG,ONH,52500.0,53035.555957,52349.225152,ctx
BTC,2024-02-16,1,SHORT,PDC,51880.0,51678.671662,52031.021787,lean
BTC,2024-02-16,2,LONG,ONH,52435.86,52500.0,52284.838213,ctx
BTC,2024-02-19,1,LONG,PDH,52377.0,52488.77,52236.075642,lean
BTC,2024-02-19,2,SHORT,RND,52250.0,52137.67,52390.924358,ctx
BTC,2024-02-20,1,LONG,RND,52250.0,52395.0,52093.887748,lean
BTC,2024-02-20,2,SHORT,PDC,51774.73,51677.0,51930.842252,ctx
BTC,2024-02-21,1,SHORT,RND,51250.0,50760.37,51407.57189,ctx
BTC,2024-02-22,1,LONG,PDC,51849.39,52034.12,51707.001055,lean
BTC,2024-02-22,2,SHORT,RND,51500.0,51153.69,51642.388945,ctx
BTC,2024-02-23,1,SHORT,PDL,50940.78,50830.0,51075.043099,lean
BTC,2024-02-23,2,LONG,RND,51000.0,51288.42,50865.736901,ctx
BTC,2024-02-26,1,LONG,RND,51250.0,51279.8,51116.693727,lean
BTC,2024-02-26,2,SHORT,ONL,50901.44,50611.72406,51034.746273,ctx
BTC,2024-02-27,1,LONG,ONH,57416.93,57678.238554,57225.939596,lean
BTC,2024-02-27,2,SHORT,RND,56750.0,55895.661446,56940.990404,ctx
BTC,2024-02-28,1,SHORT,RND,59250.0,58284.112156,59479.304538,lean
BTC,2024-02-28,2,LONG,ONH,59494.06,60424.287844,59264.755462,ctx
BTC,2024-02-29,1,LONG,ONH,63676.35,63863.884979,63418.599647,lean
BTC,2024-02-29,2,SHORT,RND,62500.0,62432.1,62757.750353,ctx
BTC,2024-03-01,1,SHORT,PDC,61130.98,61106.315519,61371.769532,lean
BTC,2024-03-01,2,LONG,RND,62250.0,62574.99,62009.210468,ctx
BTC,2024-03-04,1,SHORT,RND,65000.0,64056.284438,65228.731906,lean
BTC,2024-03-04,2,LONG,ONH,65555.0,66191.115562,65326.268094,ctx
BTC,2024-03-05,1,LONG,RND,67500.0,68245.71,67218.248212,lean
BTC,2024-03-06,1,LONG,RND,66000.0,67302.641463,65705.755401,lean
BTC,2024-03-07,1,SHORT,RND,66500.0,66074.04,66757.318425,lean
BTC,2024-03-07,2,LONG,ONH,67275.2,67641.1,67017.881575,ctx
BTC,2024-03-08,1,SHORT,PDC,66823.17,66757.0,67079.407363,lean
BTC,2024-03-08,2,LONG,RND,67500.0,67775.04,67243.762637,ctx
BTC,2024-03-11,1,LONG,RND,71500.0,72226.3,71193.192356,lean
BTC,2024-03-12,1,LONG,PDC,72078.1,72750.0,71780.527669,lean
BTC,2024-03-12,2,SHORT,RND,72000.0,71301.0,72297.572331,ctx
BTC,2024-03-13,1,LONG,ONH,73650.25,74549.007528,73332.336244,ctx
BTC,2024-03-14,1,LONG,RND,73000.0,73072.41,72735.675644,lean
BTC,2024-03-14,2,SHORT,ONL,72500.0,71650.486336,72764.324356,ctx
BTC,2024-03-15,1,LONG,RND,68000.0,68555.0,67670.924211,lean
BTC,2024-03-18,1,LONG,PDC,68393.48,68500.0,68131.221191,lean
BTC,2024-03-19,1,SHORT,RND,63000.0,62505.0,63277.119821,lean
BTC,2024-03-20,1,LONG,RND,63500.0,64036.5,63201.080468,ctx
BTC,2024-03-21,1,SHORT,RND,67000.0,66072.2,67287.953586,lean
BTC,2024-03-21,2,LONG,PDC,67840.51,68100.0,67552.556414,ctx
BTC,2024-03-22,1,SHORT,ONL,64065.72,64000.0,64354.169962,lean
BTC,2024-03-22,2,LONG,PDL,64529.01,65501.27,64240.560038,ctx
BTC,2024-03-25,1,SHORT,ONL,66385.06,65483.40812,66669.361831,lean
BTC,2024-03-25,2,LONG,RND,67000.0,67209.99,66715.698169,ctx
BTC,2024-03-26,1,LONG,PDH,71150.0,71561.1,70856.144507,lean
BTC,2024-03-26,2,SHORT,RND,70500.0,69880.01,70793.855493,ctx
BTC,2024-03-27,1,LONG,ONH,70739.65,71483.290773,70469.101263,lean
BTC,2024-03-27,2,SHORT,RND,70000.0,69988.0,70270.548737,ctx
BTC,2024-03-28,1,SHORT,RND,70500.0,69469.99,70792.1313,lean
BTC,2024-03-28,2,LONG,ONH,70962.63,71769.54,70670.4987,ctx
BTC,2024-03-29,1,LONG,PDC,70780.6,71074.03,70509.187639,lean
BTC,2024-03-29,2,SHORT,RND,70000.0,69566.0,70271.412361,ctx
BTC,2024-04-01,1,LONG,RND,69500.0,69562.99,69252.389164,lean
BTC,2024-04-01,2,SHORT,ONL,68888.0,68304.492764,69135.610836,ctx
BTC,2024-04-02,1,SHORT,RND,65500.0,65075.0,65792.887427,lean
BTC,2024-04-03,1,LONG,ONH,66642.36,67338.355669,66368.375214,lean
BTC,2024-04-03,2,SHORT,RND,66000.0,65463.99,66273.984786,ctx
BTC,2024-04-04,1,SHORT,PDC,65963.28,65250.127963,66199.753294,lean
BTC,2024-04-04,2,LONG,ONH,66468.99,66500.0,66232.516706,ctx
BTC,2024-04-05,1,LONG,RND,66500.0,67656.759335,66247.408714,lean
BTC,2024-04-05,2,SHORT,ONL,66380.0,65299.240665,66632.591286,ctx
BTC,2024-04-08,1,LONG,RND,72500.0,72650.0,72234.435903,ctx
BTC,2024-04-09,1,LONG,RND,71000.0,71620.0,70754.512776,lean
BTC,2024-04-10,1,SHORT,RND,69000.0,68466.63,69291.637094,lean
BTC,2024-04-10,2,LONG,PDC,69146.0,69594.15,68854.362906,ctx
BTC,2024-04-11,1,LONG,RND,70000.0,70631.08,69712.115518,lean
BTC,2024-04-11,2,SHORT,ONL,69881.31,68639.699083,70169.194482,ctx
BTC,2024-04-12,1,SHORT,PDC,70006.23,69809.752211,70240.713812,lean
BTC,2024-04-12,2,LONG,RND,71000.0,71227.46,70765.516188,ctx
BTC,2024-04-15,1,LONG,RND,66000.0,66867.07,65717.090239,lean
BTC,2024-04-15,2,SHORT,PDH,65840.0,65661.84,66122.909761,ctx
BTC,2024-04-16,1,LONG,PDC,63419.99,63899.69,63143.828705,lean
BTC,2024-04-16,2,SHORT,RND,63000.0,62274.4,63276.161295,ctx
BTC,2024-04-17,1,SHORT,ONL,62541.13,62500.0,62806.739244,lean
BTC,2024-04-17,2,LONG,PDC,63793.39,63834.549807,63527.780756,ctx
BTC,2024-04-18,1,LONG,ONH,63072.27,63928.683655,62787.10636,lean
BTC,2024-04-18,2,SHORT,RND,62500.0,61277.37,62785.16364,ctx
BTC,2024-04-19,1,LONG,RND,65000.0,65450.0,64711.927827,lean
BTC,2024-04-19,2,SHORT,PDH,64117.09,63526.403194,64405.162173,ctx
BTC,2024-04-22,1,LONG,RND,66000.0,66479.8,65720.11436,lean
BTC,2024-04-22,2,SHORT,PDH,65695.56,64941.15,65975.44564,ctx
BTC,2024-04-23,1,SHORT,RND,66000.0,65852.35,66265.620212,lean
BTC,2024-04-23,2,LONG,PDC,66819.32,67232.35,66553.699788,ctx
BTC,2024-04-24,1,SHORT,RND,66500.0,66414.0,66759.694943,lean
BTC,2024-04-24,2,LONG,ONH,67070.43,67183.01,66810.735057,ctx
BTC,2024-04-25,1,SHORT,PDL,63606.06,63337.25,63868.958543,lean
BTC,2024-04-25,2,LONG,RND,64000.0,64289.59,63737.101457,ctx
BTC,2024-04-26,1,LONG,PDC,64498.34,64747.12,64234.622724,lean
BTC,2024-04-26,2,SHORT,RND,64000.0,63890.82,64263.717276,ctx
BTC,2024-04-29,1,SHORT,RND,62250.0,61923.13,62481.310388,lean
BTC,2024-04-29,2,LONG,PDL,62781.0,63118.62,62549.689612,ctx
BTC,2024-04-30,1,SHORT,ONL,61000.0,60176.325715,61220.305918,lean
BTC,2024-04-30,2,LONG,RND,61250.0,61765.53,61029.694082,ctx
BTC,2024-05-01,1,LONG,RND,58000.0,59068.4207,57749.296279,lean
BTC,2024-05-02,1,LONG,ONH,58689.55,59536.085034,58480.316064,lean
BTC,2024-05-02,2,SHORT,RND,58500.0,58364.97,58709.233936,ctx
BTC,2024-05-03,1,SHORT,RND,59250.0,59060.61,59538.924561,lean
BTC,2024-05-03,2,LONG,PDH,59625.0,59999.0,59336.075439,ctx
BTC,2024-05-06,1,SHORT,PDC,64012.0,64000.0,64270.967286,lean
BTC,2024-05-06,2,LONG,PDH,64646.0,65412.074003,64387.032714,ctx
BTC,2024-05-07,1,SHORT,PDC,63165.19,62832.6,63396.671052,lean
BTC,2024-05-07,2,LONG,RND,63500.0,64422.41,63268.518948,ctx
BTC,2024-05-08,1,LONG,RND,62250.0,62261.0,62026.615978,lean
BTC,2024-05-08,2,SHORT,ONL,62020.09,61200.94123,62243.474022,ctx
BTC,2024-05-09,1,LONG,PDC,61193.03,61806.98,60953.750324,lean
BTC,2024-05-09,2,SHORT,RND,61000.0,60888.0,61239.279676,ctx
BTC,2024-05-10,1,SHORT,PDC,63074.01,62493.0,63305.156906,lean
BTC,2024-05-13,1,SHORT,RND,62500.0,61888.0,62754.058958,lean
BTC,2024-05-13,2,LONG,ONH,63295.48,63923.608471,63041.421042,ctx
BTC,2024-05-14,1,SHORT,RND,61750.0,61404.34,62007.345948,lean
BTC,2024-05-14,2,LONG,PDC,62940.08,62999.517756,62682.734052,ctx
BTC,2024-05-15,1,SHORT,PDC,61577.49,61319.47,61873.864091,lean
BTC,2024-05-15,2,LONG,RND,62500.0,62999.44,62203.625909,ctx
BTC,2024-05-16,1,SHORT,RND,66500.0,66444.16,66744.040137,lean
BTC,2024-05-16,2,LONG,ONH,66666.0,67642.65397,66421.959863,ctx
BTC,2024-05-17,1,LONG,ONH,66564.23,66752.01,66345.726579,lean
BTC,2024-05-17,2,SHORT,RND,66000.0,65235.21,66218.503421,ctx
BTC,2024-05-20,1,LONG,RND,67000.0,67349.0,66805.045752,lean
BTC,2024-05-20,2,SHORT,PDC,66274.01,66084.413507,66468.964248,ctx
BTC,2024-05-21,1,SHORT,RND,71000.0,69901.007879,71263.355455,lean
BTC,2024-05-21,2,LONG,PDC,71446.62,71515.56,71183.264545,ctx
BTC,2024-05-22,1,SHORT,RND,69500.0,69165.0,69737.487127,lean
BTC,2024-05-22,2,LONG,PDC,70148.34,70377.77,69910.852873,ctx
BTC,2024-05-23,1,LONG,RND,70000.0,70061.0,69765.836485,lean
BTC,2024-05-23,2,SHORT,PDC,69166.62,69023.56,69400.783515,ctx
BTC,2024-05-24,1,LONG,RND,67500.0,67969.65,67263.049815,lean
BTC,2024-05-24,2,SHORT,ONL,66600.12,66312.16,66837.070185,ctx
BTC,2024-05-27,1,SHORT,ONL,68250.0,68128.01,68474.497576,lean
BTC,2024-05-27,2,LONG,RND,68500.0,68507.67,68275.502424,ctx
BTC,2024-05-28,1,SHORT,PDL,68250.0,67486.65,68509.155593,lean
BTC,2024-05-28,2,LONG,RND,68500.0,69436.43,68240.844407,ctx
BTC,2024-05-29,1,SHORT,ONL,67602.34,67277.91,67814.476044,lean
BTC,2024-05-29,2,LONG,RND,68000.0,68398.39,67787.863956,ctx
BTC,2024-05-30,1,LONG,RND,68000.0,68422.89,67792.172354,lean
BTC,2024-05-30,2,SHORT,PDC,67652.42,67128.0,67860.247646,ctx
BTC,2024-05-31,1,LONG,PDC,68352.17,68500.0,68151.669046,lean
BTC,2024-05-31,2,SHORT,ONL,67876.0,67414.058881,68076.500954,ctx
BTC,2024-06-03,1,LONG,ONH,69333.0,70182.44842,69096.761053,lean
BTC,2024-06-03,2,SHORT,RND,69000.0,68460.0,69236.238947,ctx
BTC,2024-06-04,1,SHORT,PDC,68809.9,68567.32,68998.865947,lean
BTC,2024-06-04,2,LONG,RND,69000.0,69370.01,68811.034053,ctx
BTC,2024-06-04,3,FADE,RND,69000.0,68809.9,69188.965947,ctx
BTC,2024-06-05,1,SHORT,PDC,70537.84,70414.9,70731.831943,lean
BTC,2024-06-05,2,LONG,RND,71000.0,71063.45,70806.008057,ctx
BTC,2024-06-05,3,FADE,ONH,71379.21,70537.84,71573.201943,ctx
BTC,2024-06-06,1,SHORT,PDC,71108.0,71000.0,71303.559987,lean
BTC,2024-06-06,2,LONG,ONH,71294.47,71758.0,71098.910013,ctx
BTC,2024-06-06,3,FADE,PDH,71758.0,71108.0,71953.559987,ctx
BTC,2024-06-07,1,SHORT,RND,71500.0,70799.06,71694.428584,ctx
BTC,2024-06-07,2,FADE,ONH,71700.0,70799.06,71894.428584,ctx
BTC,2024-06-10,1,LONG,RND,69500.0,69648.14,69308.76999,lean
BTC,2024-06-10,2,SHORT,ONL,69172.29,69130.24,69363.52001,ctx
BTC,2024-06-10,3,FADE,PDH,69857.14,69648.14,70048.37001,ctx
BTC,2024-06-11,1,SHORT,ONL,66732.0,65941.581149,66935.234754,lean
BTC,2024-06-11,2,LONG,RND,67000.0,67838.438851,66796.765246,ctx
BTC,2024-06-12,1,SHORT,PDC,67314.24,66905.0,67614.55229,lean
BTC,2024-06-12,2,LONG,RND,68000.0,68059.01,67699.68771,ctx
BTC,2024-06-13,1,SHORT,RND,67500.0,66969.98,67688.474195,lean
BTC,2024-06-13,2,LONG,PDC,68263.99,68539.99,68075.515805,ctx
BTC,2024-06-13,3,FADE,PDC,68263.99,66969.98,68452.464195,ctx
BTC,2024-06-14,1,SHORT,RND,67000.0,66773.01,67188.462797,lean
BTC,2024-06-14,2,LONG,ONH,67256.32,67915.493051,67067.857203,ctx
BTC,2024-06-14,3,FADE,ONH,67256.32,66773.01,67444.782797,ctx
BTC,2024-06-17,1,SHORT,ONL,65556.0,64901.883186,65752.139317,lean
BTC,2024-06-17,2,LONG,RND,66000.0,66034.5,65803.860683,ctx
BTC,2024-06-18,1,SHORT,PDL,65130.0,64569.0,65332.452412,lean
BTC,2024-06-18,2,LONG,RND,65500.0,66310.777925,65297.547588,ctx
BTC,2024-06-19,1,SHORT,PDC,65175.32,65000.0,65344.697331,lean
BTC,2024-06-19,2,LONG,ONH,65727.54,66000.427545,65558.162669,ctx
BTC,2024-06-19,3,FADE,ONH,65727.54,65175.32,65896.917331,ctx
BTC,2024-06-20,1,SHORT,RND,66000.0,65727.54,66155.799792,lean
BTC,2024-06-20,2,LONG,ONH,66482.94,66896.915695,66327.140208,ctx
BTC,2024-06-20,3,FADE,ONH,66482.94,65442.784305,66638.739792,ctx
BTC,2024-06-21,1,LONG,RND,64000.0,64516.29497,63840.079649,lean
BTC,2024-06-21,2,SHORT,ONL,63522.75,63023.70503,63682.670351,ctx
BTC,2024-06-21,3,FADE,RND,64000.0,63522.75,64159.920351,ctx
BTC,2024-06-24,1,SHORT,RND,61250.0,60567.01,61436.474432,ctx
BTC,2024-06-25,1,LONG,RND,61250.0,61598.87,61058.939406,lean
BTC,2024-06-26,1,SHORT,ONL,61149.64,60723.308459,61304.343902,lean
BTC,2024-06-26,2,LONG,RND,61500.0,61806.01,61345.296098,ctx
BTC,2024-06-26,3,FADE,RND,61500.0,61149.64,61654.703902,ctx
BTC,2024-06-27,1,SHORT,PDC,60864.99,60712.0,61015.037049,lean
BTC,2024-06-27,2,LONG,RND,61250.0,61455.15,61099.952951,ctx
BTC,2024-06-27,3,FADE,RND,61250.0,60864.99,61400.047049,ctx
BTC,2024-06-28,1,SHORT,ONL,61212.11,60938.156246,61373.219376,lean
BTC,2024-06-28,2,LONG,PDC,61706.47,61750.0,61545.360624,ctx
BTC,2024-06-28,3,FADE,PDH,62389.22,61706.47,62550.329376,ctx
BTC,2024-07-01,1,LONG,PDC,62772.01,63058.76,62594.839785,lean
BTC,2024-07-01,2,SHORT,RND,62500.0,61940.0,62677.170215,ctx
BTC,2024-07-01,3,FADE,PDC,62772.01,61940.0,62949.180215,ctx
BTC,2024-07-02,1,SHORT,PDL,62497.2,62401.23,62655.76401,lean
BTC,2024-07-02,2,LONG,PDC,62899.99,63000.0,62741.42599,ctx
BTC,2024-07-02,3,FADE,PDC,62899.99,62401.23,63058.55401,ctx
BTC,2024-07-03,1,SHORT,ONL,59600.0,59533.035941,59782.780155,lean
BTC,2024-07-03,2,LONG,RND,60500.0,61238.984059,60317.219845,ctx
BTC,2024-07-04,1,SHORT,RND,57750.0,56952.0,57945.337836,lean
BTC,2024-07-05,1,LONG,RND,55500.0,56586.607119,55264.26276,ctx
BTC,2024-07-08,1,LONG,RND,57250.0,58210.351465,57023.641115,ctx
BTC,2024-07-09,1,SHORT,PDC,56714.62,56350.637885,56945.485453,lean
BTC,2024-07-09,2,LONG,RND,57500.0,57900.0,57269.134547,ctx
BTC,2024-07-10,1,SHORT,PDH,58296.0,58050.0,58504.104793,lean
BTC,2024-07-10,2,LONG,RND,58500.0,59463.155699,58291.895207,ctx
BTC,2024-07-11,1,SHORT,RND,58750.0,57904.002734,58937.282985,lean
BTC,2024-07-11,2,LONG,ONH,58936.52,59470.0,58749.237015,ctx
BTC,2024-07-12,1,LONG,RND,57250.0,57339.89,57022.329406,lean
BTC,2024-07-12,2,SHORT,PDL,57050.0,56542.47,57277.670594,ctx
BTC,2024-07-15,1,LONG,RND,62500.0,63243.71,62294.168743,ctx
BTC,2024-07-16,1,SHORT,RND,63500.0,62696.869697,63724.837208,lean
BTC,2024-07-16,2,LONG,PDC,64724.14,64795.350303,64499.302792,ctx
BTC,2024-07-17,1,SHORT,RND,64500.0,64115.0,64735.726509,lean
BTC,2024-07-17,2,LONG,PDC,65043.99,65388.97,64808.263491,ctx
BTC,2024-07-18,1,LONG,RND,65000.0,65133.3,64777.372635,lean
BTC,2024-07-18,2,SHORT,PDC,64087.99,63910.0,64310.617365,ctx
BTC,2024-07-19,1,LONG,ONH,64486.0,65126.944816,64269.368968,lean
BTC,2024-07-19,2,SHORT,RND,64000.0,63987.92,64216.631032,ctx
BTC,2024-07-22,1,LONG,PDC,68165.34,68366.66,67912.753866,lean
BTC,2024-07-22,2,SHORT,RND,67500.0,66944.1,67752.586134,ctx
BTC,2024-07-23,1,SHORT,PDL,66559.97,66500.0,66773.760665,lean
BTC,2024-07-23,2,LONG,PDC,67532.01,67673.69977,67318.219335,ctx
BTC,2024-07-24,1,LONG,RND,66500.0,66600.0,66290.906797,lean
BTC,2024-07-24,2,SHORT,PDC,65936.01,65476.84,66145.103203,ctx
BTC,2024-07-25,1,SHORT,RND,64000.0,63800.0,64207.317326,ctx
BTC,2024-07-26,1,LONG,ONH,67498.0,67500.0,67277.604999,lean
BTC,2024-07-29,1,SHORT,RND,69500.0,68575.065577,69715.345233,lean
BTC,2024-07-29,2,LONG,ONH,69888.0,70584.954423,69672.654767,ctx
BTC,2024-07-30,1,SHORT,RND,66500.0,66428.0,66737.950833,lean
BTC,2024-07-30,2,LONG,PDC,66784.69,67553.66,66546.739167,ctx
BTC,2024-07-31,1,LONG,PDC,66188.0,66554.4,65995.327872,lean
BTC,2024-07-31,2,SHORT,RND,66000.0,65496.0,66192.672128,ctx
BTC,2024-08-01,1,SHORT,PDC,64628.0,64530.0,64846.135266,lean
BTC,2024-08-01,2,LONG,ONH,65058.0,65692.214575,64839.864734,ctx
BTC,2024-08-02,1,LONG,PDC,65354.02,65659.78,65132.764038,lean
BTC,2024-08-02,2,SHORT,RND,64500.0,63668.0,64721.255962,ctx
BTC,2024-08-05,1,SHORT,RND,51250.0,49761.803326,51588.185002,ctx
BTC,2024-08-06,1,LONG,RND,55250.0,56276.0,54998.081601,lean
BTC,2024-08-07,1,SHORT,PDC,56022.01,55709.519187,56290.69446,lean
BTC,2024-08-07,2,LONG,RND,57000.0,57040.99,56731.31554,ctx
BTC,2024-08-08,1,LONG,ONH,57670.04,57736.05,57393.662718,lean
BTC,2024-08-08,2,SHORT,RND,57250.0,56030.749351,57526.377282,ctx
BTC,2024-08-09,1,SHORT,ONL,60170.16,59364.681316,60446.708289,lean
BTC,2024-08-09,2,LONG,RND,60750.0,61685.99,60473.451711,ctx
BTC,2024-08-12,1,SHORT,RND,59750.0,58712.59,60013.218055,lean
BTC,2024-08-12,2,LONG,ONH,59990.0,61080.050925,59726.781945,ctx
BTC,2024-08-13,1,SHORT,RND,58750.0,58392.88,59016.085234,lean
BTC,2024-08-13,2,LONG,PDC,59346.64,59923.28,59080.554766,ctx
BTC,2024-08-14,1,SHORT,RND,61250.0,60587.15,61506.286866,lean
BTC,2024-08-14,2,LONG,ONH,61453.0,61578.1,61196.713134,ctx
BTC,2024-08-15,1,SHORT,PDC,58683.39,58433.18,58946.477147,lean
BTC,2024-08-15,2,LONG,RND,58750.0,59044.44,58486.912853,ctx
BTC,2024-08-16,1,SHORT,PDC,57541.06,57104.056817,57818.762111,lean
BTC,2024-08-16,2,LONG,RND,58500.0,58683.47,58222.297889,ctx
BTC,2024-08-19,1,SHORT,ONL,57787.3,57174.566701,58049.239278,lean
BTC,2024-08-19,2,LONG,PDL,58408.92,58427.35,58146.980722,ctx
BTC,2024-08-20,1,SHORT,RND,60500.0,59617.63,60752.30589,lean
BTC,2024-08-20,2,LONG,ONH,61400.0,61696.247488,61147.69411,ctx
BTC,2024-08-21,1,LONG,ONH,59924.13,60530.154533,59673.626886,lean
BTC,2024-08-21,2,SHORT,RND,59250.0,59013.8,59500.503114,ctx
BTC,2024-08-22,1,SHORT,RND,61250.0,61156.03,61473.880444,lean
BTC,2024-08-22,2,LONG,ONH,61500.0,61820.93,61276.119556,ctx
BTC,2024-08-23,1,LONG,RND,60750.0,61367.74,60545.549167,lean
BTC,2024-08-23,2,SHORT,PDC,60375.84,60297.5,60580.290833,ctx
BTC,2024-08-26,1,SHORT,PDL,63773.27,63220.95,64009.987808,lean
BTC,2024-08-26,2,LONG,RND,64000.0,64220.0,63763.282192,ctx
BTC,2024-08-27,1,LONG,RND,62500.0,62800.0,62294.298133,lean
BTC,2024-08-27,2,SHORT,ONL,62230.0,61457.057956,62435.701867,ctx
BTC,2024-08-28,1,SHORT,PDC,59415.0,58955.50259,59624.892302,lean
BTC,2024-08-28,2,LONG,RND,60000.0,60420.0,59790.107698,ctx
BTC,2024-08-29,1,LONG,PDH,60234.98,60477.0,59994.669495,lean
BTC,2024-08-29,2,SHORT,RND,60000.0,59034.9,60240.310505,ctx
BTC,2024-08-30,1,LONG,RND,59500.0,59674.42,59282.22514,lean
BTC,2024-08-30,2,SHORT,PDC,59359.01,58713.09,59576.78486,ctx
BTC,2024-09-02,1,LONG,RND,58500.0,58680.76,58275.935748,ctx
BTC,2024-09-03,1,SHORT,RND,59000.0,58717.0,59204.63565,lean
BTC,2024-09-03,2,LONG,PDC,59132.13,59425.69,58927.49435,ctx
BTC,2024-09-04,1,LONG,PDL,57415.0,57487.73,57190.208951,lean
BTC,2024-09-04,2,SHORT,RND,56500.0,55606.0,56724.791049,ctx
BTC,2024-09-05,1,LONG,RND,56750.0,57799.24688,56514.020669,lean
BTC,2024-09-05,2,SHORT,ONL,56541.68,55606.0,56777.659331,ctx
BTC,2024-09-06,1,SHORT,PDL,55643.65,55280.0,55913.428955,lean
BTC,2024-09-06,2,LONG,RND,56000.0,56180.0,55730.221045,ctx
BTC,2024-09-09,1,LONG,PDH,55318.0,55555.0,55093.621062,lean
BTC,2024-09-09,2,SHORT,RND,55250.0,54869.95,55474.378938,ctx
BTC,2024-09-10,1,SHORT,PDC,57042.0,56386.4,57276.31,lean
BTC,2024-09-10,2,LONG,RND,57250.0,57620.0,57015.69,ctx
BTC,2024-09-11,1,SHORT,RND,56750.0,56386.4,56961.21823,lean
BTC,2024-09-11,2,LONG,PDC,57635.99,57783.675072,57424.77177,ctx
BTC,2024-09-12,1,SHORT,RND,58000.0,57981.71,58227.363845,lean
BTC,2024-09-12,2,LONG,ONH,58470.01,59119.021278,58242.646155,ctx
BTC,2024-09-13,1,SHORT,RND,57750.0,57742.0,57963.037127,lean
BTC,2024-09-13,2,LONG,PDC,58132.32,58350.0,57919.282873,ctx
BTC,2024-09-16,1,SHORT,ONL,58112.0,57701.998206,58318.141099,lean
BTC,2024-09-16,2,LONG,PDL,58691.05,58750.0,58484.908901,ctx
BTC,2024-09-17,1,LONG,PDH,59210.7,59300.0,58985.467674,lean
BTC,2024-09-17,2,SHORT,RND,59000.0,58213.99,59225.232326,ctx
BTC,2024-09-18,1,SHORT,RND,59750.0,59348.88,59952.27289,lean
BTC,2024-09-18,2,LONG,PDC,60313.99,60769.0,60111.71711,ctx
BTC,2024-09-19,1,LONG,ONH,62727.52,63613.305137,62520.120328,lean
BTC,2024-09-19,2,SHORT,RND,62500.0,61786.24,62707.399672,ctx
BTC,2024-09-20,1,SHORT,PDC,62947.99,62606.0,63136.525075,lean
BTC,2024-09-20,2,LONG,RND,63500.0,63850.0,63311.464925,ctx
BTC,2024-09-23,1,LONG,RND,63500.0,63578.76,63302.811929,lean
BTC,2024-09-24,1,SHORT,PDC,63339.99,62700.0,63514.186541,lean
BTC,2024-09-24,2,LONG,RND,63500.0,63948.0,63325.803459,ctx
BTC,2024-09-25,1,SHORT,ONL,63407.7,62988.969424,63589.637266,lean
BTC,2024-09-25,2,LONG,RND,64000.0,64262.7,63818.062734,ctx
BTC,2024-09-27,1,SHORT,PDC,65173.99,64732.37,65352.935522,lean
BTC,2024-09-27,2,LONG,RND,65500.0,65839.0,65321.054478,ctx
BTC,2024-09-30,1,LONG,RND,64000.0,64661.388375,63819.582491,lean
BTC,2024-09-30,2,SHORT,ONL,63249.68,62977.491625,63430.097509,ctx
BTC,2024-10-01,1,SHORT,RND,63500.0,63327.59,63672.523353,lean
BTC,2024-10-01,2,LONG,ONH,64130.63,64539.108978,63958.106647,ctx
BTC,2024-10-02,1,LONG,RND,61250.0,61940.0,61054.862717,lean
BTC,2024-10-02,2,SHORT,PDC,60805.78,60630.01,61000.917283,ctx
BTC,2024-10-03,1,SHORT,RND,60750.0,60649.28,60937.773149,lean
BTC,2024-10-03,2,LONG,ONH,61477.19,61641.014696,61289.416851,ctx
BTC,2024-10-04,1,LONG,PDH,61477.19,61500.0,61297.964794,lean
BTC,2024-10-04,2,SHORT,PDC,60752.71,60613.455703,60931.935206,ctx
BTC,2024-10-07,1,SHORT,RND,63000.0,62975.0,63191.452919,lean
BTC,2024-10-07,2,LONG,ONH,63970.19,64028.886956,63778.737081,ctx
BTC,2024-10-08,1,LONG,ONH,63374.0,63478.199368,63190.959421,lean
BTC,2024-10-08,2,SHORT,RND,62500.0,62224.0,62683.040579,ctx
BTC,2024-10-09,1,SHORT,PDC,62160.49,62002.5,62330.207843,lean
BTC,2024-10-09,2,LONG,RND,62250.0,62543.75,62080.282157,ctx
BTC,2024-10-10,1,SHORT,RND,61250.0,60636.02,61401.775351,lean
BTC,2024-10-10,2,LONG,ONH,61321.68,61970.284973,61169.904649,ctx
BTC,2024-10-10,3,FADE,ONH,61321.68,60636.02,61473.455351,ctx
BTC,2024-10-11,1,LONG,RND,61250.0,61263.4,61076.946553,lean
BTC,2024-10-14,1,LONG,RND,65000.0,65188.57,64793.210561,ctx
BTC,2024-10-15,1,SHORT,ONL,65201.0,64472.980311,65399.580648,lean
BTC,2024-10-15,2,LONG,RND,65500.0,66083.99,65301.419352,ctx
BTC,2024-10-16,1,LONG,PDH,67950.0,68000.0,67753.247957,lean
BTC,2024-10-16,2,SHORT,PDC,67074.14,66976.543801,67270.892043,ctx
BTC,2024-10-17,1,SHORT,PDL,66750.49,66741.09,66936.151458,lean
BTC,2024-10-17,2,LONG,RND,67000.0,67620.01,66814.338542,ctx
BTC,2024-10-18,1,SHORT,RND,67500.0,67421.78,67677.507105,lean
BTC,2024-10-18,2,LONG,PDH,67939.4,68378.95,67761.892895,ctx
BTC,2024-10-18,3,FADE,ONH,68378.95,67421.78,68556.457105,ctx
BTC,2024-10-21,1,SHORT,ONL,68119.01,68100.0,68307.073849,lean
BTC,2024-10-21,2,LONG,PDC,69031.99,69115.641297,68843.926151,ctx
BTC,2024-10-22,1,SHORT,PDL,66840.67,66571.42,67043.137611,lean
BTC,2024-10-22,2,LONG,PDC,67377.5,67500.0,67175.032389,ctx
BTC,2024-10-23,1,SHORT,ONL,66200.0,65607.782784,66372.760832,lean
BTC,2024-10-23,2,LONG,RND,66500.0,66571.42,66327.239168,ctx
BTC,2024-10-23,3,FADE,RND,66500.0,66200.0,66672.760832,ctx
BTC,2024-10-24,1,LONG,PDH,67472.83,67500.0,67289.479036,lean
BTC,2024-10-24,2,SHORT,PDC,66668.65,66430.352169,66852.000964,ctx
BTC,2024-10-25,1,SHORT,RND,68000.0,67269.24295,68179.260082,lean
BTC,2024-10-25,2,LONG,PDC,68198.28,68557.99,68019.019918,ctx
BTC,2024-10-25,3,FADE,PDH,68850.0,68198.28,69029.260082,ctx
BTC,2024-10-28,1,SHORT,PDH,68332.05,68021.7,68517.361516,lean
BTC,2024-10-28,2,LONG,ONH,68833.57,69000.0,68648.258484,ctx
BTC,2024-10-29,1,LONG,RND,71500.0,71587.88,71303.047362,lean
BTC,2024-10-30,1,SHORT,ONL,71926.82,71066.517305,72123.421292,lean
BTC,2024-10-30,2,LONG,RND,72000.0,72736.42,71803.398708,ctx
BTC,2024-10-31,1,LONG,PDC,72344.74,72700.0,72146.066665,lean
BTC,2024-10-31,2,SHORT,ONL,72030.08,72000.0,72228.753335,ctx
BTC,2024-11-01,1,LONG,PDC,70292.01,70654.76,70085.236244,lean
BTC,2024-11-01,2,SHORT,RND,70000.0,69685.76,70206.773756,ctx
BTC,2024-11-04,1,SHORT,PDC,68775.99,68240.61,69004.558155,lean
BTC,2024-11-04,2,LONG,RND,69000.0,69391.0,68771.431845,ctx
BTC,2024-11-05,1,LONG,RND,69000.0,69100.0,68800.972058,lean
BTC,2024-11-06,1,SHORT,RND,74000.0,73046.641082,74241.034768,lean
BTC,2024-11-07,1,SHORT,ONL,74416.0,73766.785658,74678.520216,lean
BTC,2024-11-07,2,LONG,RND,75000.0,75571.99,74737.479784,ctx
BTC,2024-11-08,1,SHORT,RND,76000.0,75857.89,76263.513369,lean
BTC,2024-11-08,2,LONG,ONH,76358.0,76849.99,76094.486631,ctx
BTC,2024-11-11,1,SHORT,RND,82000.0,81500.0,82265.663852,lean
BTC,2024-11-11,2,LONG,ONH,82471.2,83408.674642,82205.536148,ctx
BTC,2024-11-12,1,LONG,RND,86500.0,87977.500819,86150.823396,lean
BTC,2024-11-12,2,SHORT,ONL,85229.0,84718.519181,85578.176604,ctx
BTC,2024-11-13,1,LONG,PDC,87952.01,88592.0,87588.902696,lean
BTC,2024-11-13,2,SHORT,RND,87500.0,86127.99,87863.107304,ctx
BTC,2024-11-14,1,LONG,ONH,91657.77,93004.076611,91280.432869,lean
BTC,2024-11-14,2,SHORT,RND,91000.0,90375.2,91377.337131,ctx
BTC,2024-11-15,1,LONG,RND,90000.0,90709.74,89639.478852,lean
BTC,2024-11-18,1,LONG,PDH,91449.99,92280.464356,91072.132638,lean
BTC,2024-11-18,2,SHORT,RND,90500.0,89855.99,90877.857362,ctx
BTC,2024-11-20,1,SHORT,RND,93500.0,92310.79,93891.842931,lean
BTC,2024-11-20,2,LONG,ONH,93750.0,93905.51,93358.157069,ctx
BTC,2024-11-21,1,LONG,RND,97500.0,98384.86,97103.276634,lean
BTC,2024-11-22,1,SHORT,RND,98500.0,98317.12,98905.899358,lean
BTC,2024-11-22,2,LONG,PDH,98988.0,99419.99,98582.100642,ctx
BTC,2024-11-25,1,SHORT,ONL,96888.0,96120.779916,97269.261447,lean
BTC,2024-11-25,2,LONG,PDC,97900.04,98000.0,97518.778553,ctx
BTC,2024-11-26,1,SHORT,RND,92000.0,91466.52,92372.010124,lean
BTC,2024-11-26,2,LONG,PDL,92600.19,93010.01,92228.179876,ctx
BTC,2024-11-27,1,SHORT,PDC,91965.16,91828.629501,92323.308678,lean
BTC,2024-11-27,2,LONG,RND,93500.0,93885.6,93141.851322,ctx
BTC,2024-11-28,1,LONG,RND,95500.0,95863.11,95144.779996,lean
BTC,2024-11-28,2,SHORT,ONL,94640.0,93826.316647,94995.220004,ctx
BTC,2024-11-29,1,LONG,RND,97000.0,97500.0,96713.537399,lean
BTC,2024-11-29,2,SHORT,PDH,96564.0,95643.98,96850.462601,ctx
BTC,2024-12-02,1,SHORT,ONL,94766.0,93557.090527,95069.199173,lean
BTC,2024-12-02,2,LONG,RND,95000.0,95693.88,94696.800827,ctx
BTC,2024-12-03,1,SHORT,ONL,94595.38,94395.0,94952.606546,lean
BTC,2024-12-03,2,LONG,RND,95000.0,95840.62,94642.773454,ctx
BTC,2024-12-04,1,SHORT,PDC,95849.69,95224.17,96130.850851,lean
BTC,2024-12-04,2,LONG,RND,96000.0,96305.52,95718.839149,ctx
BTC,2024-12-05,1,LONG,RND,103000.0,104088.0,102681.237094,ctx
BTC,2024-12-06,1,LONG,ONH,98828.7,99398.164785,98451.155403,lean
BTC,2024-12-06,2,SHORT,RND,97500.0,96945.63,97877.544597,ctx
BTC,2024-12-09,1,SHORT,RND,98500.0,97948.01,98893.372879,lean
BTC,2024-12-09,2,LONG,PDL,98657.7,100436.790104,98264.327121,ctx
BTC,2024-12-10,1,LONG,PDC,97276.47,98138.0,96892.561868,lean
BTC,2024-12-10,2,SHORT,RND,97000.0,95565.41,97383.908132,ctx
BTC,2024-12-11,1,LONG,PDH,98270.0,98493.04,97886.023432,lean
BTC,2024-12-11,2,SHORT,RND,98000.0,96593.0,98383.976568,ctx
BTC,2024-12-12,1,SHORT,ONL,100178.32,99146.582242,100538.623805,lean
BTC,2024-12-12,2,LONG,RND,101000.0,101125.0,100639.696195,ctx
BTC,2024-12-13,1,LONG,RND,100500.0,100789.0,100200.477866,lean
BTC,2024-12-13,2,SHORT,PDC,100004.29,99311.64,100303.812134,ctx
BTC,2024-12-16,1,SHORT,RND,103500.0,103246.07,103814.982013,lean
BTC,2024-12-16,2,LONG,PDC,104463.99,105125.936061,104149.007987,ctx
BTC,2024-12-17,1,SHORT,RND,107000.0,106058.66,107371.833681,lean
BTC,2024-12-17,2,LONG,ONH,107550.02,107793.07,107178.186319,ctx
BTC,2024-12-18,1,LONG,RND,105000.0,105321.49,104672.434343,lean
BTC,2024-12-19,1,LONG,RND,102000.0,102609.72,101682.777368,lean
BTC,2024-12-20,1,LONG,RND,94000.0,95700.0,93555.853196,lean
BTC,2024-12-20,2,SHORT,ONL,92232.54,91869.064916,92676.686804,ctx
BTC,2024-12-23,1,SHORT,PDC,95186.27,94250.35,95633.303583,lean
BTC,2024-12-23,2,LONG,RND,96500.0,96538.92,96052.966417,ctx
BTC,2024-12-24,1,SHORT,ONL,93569.02,92520.0,94034.548218,lean
BTC,2024-12-24,2,LONG,RND,94500.0,94881.47,94034.471782,ctx
BTC,2024-12-25,1,SHORT,RND,98000.0,97632.02,98402.950304,lean
BTC,2024-12-25,2,LONG,PDC,98663.58,99349.31,98260.629696,ctx
BTC,2024-12-26,1,SHORT,RND,95500.0,95199.14,95864.378995,lean
BTC,2024-12-27,1,LONG,ONH,97544.58,98490.817429,97157.994122,lean
BTC,2024-12-27,2,SHORT,RND,96500.0,95791.6,96886.585878,ctx
BTC,2024-12-30,1,LONG,RND,94000.0,94277.23,93609.343027,lean
BTC,2024-12-30,2,SHORT,PDC,93738.2,93009.52,94128.856973,ctx
BTC,2024-12-31,1,LONG,ONH,94958.85,95024.5,94562.509236,lean
BTC,2024-12-31,2,SHORT,RND,94500.0,92792.05,94896.340764,ctx
BTC,2025-01-01,1,LONG,RND,94000.0,94509.42,93656.690699,lean
BTC,2025-01-01,2,SHORT,PDC,93576.0,92888.0,93919.309301,ctx
BTC,2025-01-02,1,LONG,ONH,96895.0,97000.0,96540.243442,lean
BTC,2025-01-03,1,LONG,PDC,96984.79,97342.44,96672.646704,lean
BTC,2025-01-03,2,SHORT,RND,96500.0,96100.01,96812.143296,ctx
BTC,2025-01-06,1,SHORT,RND,99000.0,98836.85,99326.898804,lean
BTC,2025-01-06,2,LONG,ONH,99892.0,100682.647753,99565.101196,ctx
BTC,2025-01-07,1,SHORT,ONL,100472.45,99181.634399,100808.719057,lean
BTC,2025-01-07,2,LONG,RND,101000.0,102235.6,100663.730943,ctx
BTC,2025-01-08,1,LONG,RND,95000.0,96181.81,94628.223068,lean
BTC,2025-01-08,2,SHORT,ONL,94543.86,93153.050984,94915.636932,ctx
BTC,2025-01-09,1,SHORT,ONL,92750.0,92500.9,93215.036596,lean
BTC,2025-01-09,2,LONG,RND,93500.0,95060.61,93034.963404,ctx
BTC,2025-01-10,1,SHORT,RND,95000.0,92886.683714,95457.876347,lean
BTC,2025-01-10,2,LONG,ONH,95293.4,95382.32,94835.523653,ctx
BTC,2025-01-13,1,SHORT,RND,90500.0,90300.0,90881.55522,ctx
BTC,2025-01-14,1,LONG,RND,96000.0,97371.0,95625.133572,lean
BTC,2025-01-14,2,SHORT,PDH,95940.0,94536.1,96314.866428,ctx
BTC,2025-01-15,1,LONG,RND,97000.0,97371.0,96496.917645,lean
BTC,2025-01-15,2,SHORT,PDC,96560.86,96500.0,97063.942355,ctx
BTC,2025-01-16,1,SHORT,ONL,98617.55,97819.262803,98954.584399,lean
BTC,2025-01-16,2,LONG,RND,99500.0,100497.35,99162.965601,ctx
BTC,2025-01-17,1,LONG,ONH,102959.66,104312.630374,102623.887063,lean
BTC,2025-01-17,2,SHORT,RND,102500.0,101178.749626,102835.772937,ctx
BTC,2025-01-20,1,SHORT,PDH,106422.43,105114.365938,106808.835156,lean
BTC,2025-01-20,2,LONG,RND,107000.0,108720.814062,106613.594844,ctx
BTC,2025-01-21,1,SHORT,RND,104500.0,102549.808934,104922.179514,lean
BTC,2025-01-21,2,LONG,ONH,104708.41,106490.151066,104286.230486,ctx
BTC,2025-01-22,1,SHORT,ONL,104647.75,103204.517287,105091.609153,lean
BTC,2025-01-22,2,LONG,RND,105500.0,106143.82,105056.140847,ctx
BTC,2025-01-23,1,SHORT,RND,101500.0,101262.28,101869.502143,lean
BTC,2025-01-23,2,LONG,PDL,103339.12,103359.923335,102969.617857,ctx
BTC,2025-01-24,1,SHORT,RND,105500.0,103910.34,105887.821577,lean
BTC,2025-01-24,2,LONG,ONH,105759.0,106850.0,105371.178423,ctx
BTC,2025-01-27,1,SHORT,RND,100500.0,98845.1445,100880.257607,ctx
BTC,2025-01-28,1,LONG,PDH,103260.0,103371.24,102924.233427,lean
BTC,2025-01-28,2,SHORT,RND,102500.0,102082.83,102835.766573,ctx
BTC,2025-01-29,1,SHORT,RND,102000.0,101335.52,102414.335117,lean
BTC,2025-01-29,2,LONG,ONH,103000.0,103800.0,102585.664883,ctx
BTC,2025-01-30,1,LONG,ONH,105595.81,106641.440061,105248.358558,lean
BTC,2025-01-30,2,SHORT,RND,105000.0,104782.68,105347.451442,ctx
BTC,2025-01-31,1,SHORT,RND,104500.0,103930.09,104807.189214,lean
BTC,2025-01-31,2,LONG,PDC,104722.94,105254.0,104415.750786,ctx
BTC,2025-02-03,1,LONG,RND,95000.0,96150.0,94648.563615,lean
BTC,2025-02-04,1,LONG,RND,99500.0,101328.52,99072.626687,lean
BTC,2025-02-04,2,SHORT,ONL,97860.0,97367.631207,98287.373313,ctx
BTC,2025-02-05,1,SHORT,RND,98000.0,97763.13,98388.62807,lean
BTC,2025-02-05,2,LONG,ONH,98930.44,99871.207658,98541.81193,ctx
BTC,2025-02-06,1,LONG,RND,98500.0,99120.0,98153.651857,ctx
BTC,2025-02-07,1,SHORT,PDC,96554.35,96202.98,96958.058943,lean
BTC,2025-02-07,2,LONG,RND,98000.0,98085.85,97596.291057,ctx
BTC,2025-02-10,1,LONG,RND,97500.0,97954.69,97077.577446,lean
BTC,2025-02-10,2,SHORT,PDH,97323.09,96462.75,97745.512554,ctx
BTC,2025-02-11,1,SHORT,PDC,97430.82,97240.0,97837.3749,lean
BTC,2025-02-11,2,LONG,RND,98000.0,98345.0,97593.4451,ctx
BTC,2025-02-12,1,LONG,RND,96000.0,96469.78,95580.575176,lean
BTC,2025-02-12,2,SHORT,PDC,95778.2,95100.0,96197.624824,ctx
BTC,2025-02-13,1,SHORT,ONL,95599.57,94088.23,95994.7685,lean
BTC,2025-02-13,2,LONG,RND,96000.0,97664.539667,95604.8015,ctx
BTC,2025-02-14,1,SHORT,PDC,96608.14,96500.0,96919.421326,lean
BTC,2025-02-14,2,LONG,ONH,97248.6,98083.91,96937.318674,ctx
BTC,2025-02-17,1,SHORT,PDC,96118.12,96046.18,96415.70642,lean
BTC,2025-02-17,2,LONG,RND,96500.0,96884.89,96202.41358,ctx
BTC,2025-02-18,1,SHORT,RND,96000.0,95780.0,96285.214419,lean
BTC,2025-02-18,2,LONG,ONH,96322.97,97046.59,96037.755581,ctx
BTC,2025-02-19,1,SHORT,RND,96000.0,95671.74,96291.243812,lean
BTC,2025-02-19,2,LONG,ONH,96495.0,96753.91,96203.756188,ctx
BTC,2025-02-20,1,SHORT,PDH,96899.99,96644.37,97166.821309,lean
BTC,2025-02-20,2,LONG,RND,97500.0,97549.88,97233.168691,ctx
BTC,2025-02-20,3,FADE,ONH,97549.88,96644.37,97816.711309,ctx
BTC,2025-02-21,1,LONG,ONH,98957.93,99000.0,98668.752125,lean
BTC,2025-02-21,2,SHORT,PDH,98711.36,98305.0,99000.537875,ctx
BTC,2025-02-24,1,LONG,RND,96000.0,96258.0,95728.317596,lean
BTC,2025-02-24,2,SHORT,PDL,95227.94,95078.01,95499.622404,ctx
BTC,2025-02-25,1,LONG,RND,89500.0,91113.548409,89131.949627,lean
BTC,2025-02-26,1,LONG,RND,88000.0,88680.4,87690.849708,lean
BTC,2025-02-26,2,SHORT,ONL,87616.24,86496.108636,87925.390292,ctx
BTC,2025-02-27,1,LONG,RND,86500.0,87078.46,86155.477256,ctx
BTC,2025-02-28,1,LONG,RND,81000.0,82590.901865,80611.866029,lean
BTC,2025-03-03,1,SHORT,RND,93000.0,91196.301473,93392.365399,lean
BTC,2025-03-03,2,LONG,PDC,94270.0,94858.378527,93877.634601,ctx
BTC,2025-03-04,1,LONG,RND,84000.0,85117.11,83578.947648,lean
BTC,2025-03-04,2,SHORT,ONL,82464.84,81798.819025,82885.892352,ctx
BTC,2025-03-05,1,LONG,RND,90500.0,90933.82,90074.304168,lean
BTC,2025-03-05,2,SHORT,PDH,88967.52,88369.389452,89393.215832,ctx
BTC,2025-03-06,1,SHORT,RND,90000.0,89829.02,90422.543944,lean
BTC,2025-03-06,2,LONG,PDC,90606.01,91000.0,90183.466056,ctx
BTC,2025-03-07,1,LONG,PDC,89931.89,91063.947331,89500.572,lean
BTC,2025-03-07,2,SHORT,RND,89000.0,87836.0,89431.318,ctx
BTC,2025-03-10,1,SHORT,RND,83500.0,81742.116825,83894.26068,lean
BTC,2025-03-10,2,LONG,ONH,84123.46,85421.883175,83729.19932,ctx
BTC,2025-03-11,1,LONG,ONH,82092.34,83713.035136,81665.333899,lean
BTC,2025-03-11,2,SHORT,RND,81500.0,79727.644864,81927.006101,ctx
BTC,2025-03-12,1,LONG,PDH,83617.4,83783.26,83217.152484,lean
BTC,2025-03-12,2,SHORT,RND,83000.0,82932.99,83400.247516,ctx
BTC,2025-03-13,1,SHORT,ONL,82400.04,81110.538152,82799.751825,lean
BTC,2025-03-13,2,LONG,RND,83000.0,83680.12,82600.288175,ctx
BTC,2025-03-14,1,LONG,ONH,83348.46,83500.0,82959.42452,lean
BTC,2025-03-17,1,SHORT,RND,83500.0,82574.53,83894.766143,lean
BTC,2025-03-17,2,LONG,ONH,83869.77,85117.04,83475.003857,ctx
BTC,2025-03-18,1,SHORT,RND,82500.0,82456.0,82855.366894,lean
BTC,2025-03-18,2,LONG,PDC,84010.03,84239.478838,83654.663106,ctx
BTC,2025-03-19,1,LONG,RND,84000.0,84021.74,83655.282444,lean
BTC,2025-03-19,2,SHORT,PDC,82715.03,82272.718071,83059.747556,ctx
BTC,2025-03-20,1,SHORT,RND,85500.0,84755.14,85811.336026,lean
BTC,2025-03-20,2,LONG,PDC,86845.94,86955.071456,86534.603974,ctx
BTC,2025-03-21,1,LONG,PDC,84223.39,84850.33,83867.120582,lean
BTC,2025-03-21,2,SHORT,RND,84000.0,83700.47,84356.269418,ctx
BTC,2025-03-24,1,SHORT,RND,87500.0,86135.255219,87833.056739,lean
BTC,2025-03-24,2,LONG,ONH,87909.99,89243.784781,87576.933261,ctx
BTC,2025-03-25,1,SHORT,ONL,86310.0,85739.056487,86659.580039,lean
BTC,2025-03-25,2,LONG,PDC,87498.16,87500.0,87148.579961,ctx
BTC,2025-03-26,1,SHORT,PDC,87392.87,87030.56,87721.882518,lean
BTC,2025-03-26,2,LONG,RND,88000.0,88275.0,87670.987482,ctx
BTC,2025-03-27,1,LONG,RND,87000.0,87756.39,86675.631402,lean
BTC,2025-03-27,2,SHORT,PDC,86909.17,86562.0,87233.538598,ctx
BTC,2025-03-28,1,LONG,RND,85500.0,85800.0,85231.384406,lean
BTC,2025-03-28,2,SHORT,ONL,84800.0,84001.720559,85068.615594,ctx
BTC,2025-03-31,1,LONG,PDC,82389.99,82757.7,82106.409726,lean
BTC,2025-03-31,2,SHORT,RND,82000.0,81565.0,82283.580274,ctx
BTC,2025-04-01,1,LONG,PDH,83943.08,84000.0,83677.394709,lean
BTC,2025-04-02,1,SHORT,RND,84500.0,83904.72,84802.332543,lean
BTC,2025-04-02,2,LONG,PDC,85158.34,85579.46,84856.007457,ctx
BTC,2025-04-03,1,SHORT,RND,83000.0,82516.29,83376.855315,lean
BTC,2025-04-04,1,LONG,PDC,83213.09,83971.007333,82936.542,lean
BTC,2025-04-04,2,SHORT,RND,82500.0,81659.0,82776.548,ctx
BTC,2025-04-07,1,LONG,PDL,77153.83,78259.266697,76816.619993,lean
BTC,2025-04-07,2,SHORT,RND,76500.0,75111.973303,76837.210007,ctx
BTC,2025-04-08,1,SHORT,PDC,79163.24,78772.14,79490.351664,lean
BTC,2025-04-08,2,LONG,RND,80000.0,80867.99,79672.888336,ctx
BTC,2025-04-09,1,LONG,PDL,76239.9,76322.42,75897.702548,lean
BTC,2025-04-09,2,SHORT,RND,76000.0,74633.088555,76342.197452,ctx
BTC,2025-04-10,1,SHORT,ONL,81292.99,80084.042984,81678.268646,lean
BTC,2025-04-10,2,LONG,RND,82000.0,82615.22,81614.721354,ctx
BTC,2025-04-11,1,LONG,PDH,82753.21,82985.71,82381.958882,lean
BTC,2025-04-11,2,SHORT,RND,82000.0,80397.164783,82371.251118,ctx
BTC,2025-04-14,1,SHORT,PDC,83760.0,83175.009394,84135.544416,lean
BTC,2025-04-14,2,LONG,RND,85000.0,85544.3,84624.455584,ctx
BTC,2025-04-15,1,SHORT,RND,85500.0,84591.58,85879.237761,lean
BTC,2025-04-15,2,LONG,PDH,85799.99,86000.0,85420.752239,ctx
BTC,2025-04-16,1,SHORT,RND,84000.0,83643.99,84312.182061,lean
BTC,2025-04-16,2,LONG,ONH,84177.99,85504.959617,83865.807939,ctx
BTC,2025-04-17,1,LONG,ONH,85053.38,85500.0,84755.840309,lean
BTC,2025-04-17,2,SHORT,RND,84500.0,84030.38,84797.539691,ctx
BTC,2025-04-18,1,SHORT,RND,84500.0,84413.23,84778.769348,lean
BTC,2025-04-18,2,LONG,PDC,84947.91,85132.08,84669.140652,ctx
BTC,2025-04-21,1,LONG,RND,87000.0,87795.26,86729.883562,ctx
BTC,2025-04-22,1,LONG,ONH,88877.0,89951.123088,88590.495053,lean
BTC,2025-04-22,2,SHORT,RND,88500.0,88465.99,88786.504947,ctx
BTC,2025-04-23,1,SHORT,PDC,93442.99,92537.93,93767.590079,lean
BTC,2025-04-23,2,LONG,RND,93500.0,93888.0,93175.399921,ctx
BTC,2025-04-24,1,SHORT,RND,92500.0,91935.41,92781.539225,lean
BTC,2025-04-24,2,LONG,PDC,93691.08,93841.3,93409.540775,ctx
BTC,2025-04-25,1,SHORT,RND,94500.0,94005.0,94764.567135,lean
BTC,2025-04-25,2,LONG,ONH,94660.0,95870.316631,94395.432865,ctx
BTC,2025-04-25,3,FADE,ONH,94660.0,93980.47,94924.567135,ctx
BTC,2025-04-28,1,LONG,PDH,95369.0,95500.0,95105.083638,ctx
BTC,2025-04-28,2,FADE,ONH,95550.0,94088.380311,95813.916362,ctx
BTC,2025-04-29,1,LONG,ONH,95461.53,95630.0,95192.539211,lean
BTC,2025-04-29,2,SHORT,PDC,95011.18,95000.0,95280.170789,ctx
BTC,2025-04-30,1,SHORT,RND,95000.0,94256.82,95265.345096,lean
BTC,2025-04-30,2,LONG,ONH,95228.45,95461.53,94963.104904,ctx
BTC,2025-05-01,1,SHORT,RND,96000.0,95228.45,96258.564156,lean
BTC,2025-05-01,2,LONG,ONH,96396.31,97386.642727,96137.745844,ctx
BTC,2025-05-01,3,FADE,ONH,96396.31,94973.377273,96654.874156,ctx
BTC,2025-05-02,1,SHORT,PDC,96489.91,96184.19,96761.541532,lean
BTC,2025-05-02,2,LONG,RND,97000.0,97309.78,96728.368468,ctx
BTC,2025-05-02,3,FADE,PDH,97424.02,96489.91,97695.651532,ctx
BTC,2025-05-05,1,SHORT,RND,94000.0,93514.1,94259.280674,lean
BTC,2025-05-05,2,LONG,PDL,94151.38,94277.62,93892.099326,ctx
BTC,2025-05-05,3,FADE,PDL,94151.38,93514.1,94410.660674,ctx
BTC,2025-05-06,1,LONG,RND,94000.0,94733.68,93745.531149,lean
BTC,2025-05-06,2,SHORT,ONL,93720.63,93514.1,93975.098851,ctx
BTC,2025-05-06,3,FADE,RND,94000.0,93720.63,94254.468851,ctx
BTC,2025-05-07,1,LONG,ONH,97732.0,98278.519623,97468.195081,lean
BTC,2025-05-07,2,SHORT,RND,97000.0,96920.65,97263.804919,ctx
BTC,2025-05-08,1,LONG,RND,99500.0,99888.0,99239.361547,ctx
BTC,2025-05-08,2,FADE,ONH,99888.0,98192.827218,100148.638453,ctx
BTC,2025-05-09,1,SHORT,ONL,102364.0,101645.503982,102645.315575,lean
BTC,2025-05-09,2,LONG,RND,103000.0,103261.6,102718.684425,ctx
BTC,2025-05-09,3,FADE,RND,103000.0,102364.0,103281.315575,ctx
BTC,2025-05-12,1,LONG,RND,104000.0,104118.0,103706.894411,lean
BTC,2025-05-12,2,SHORT,ONL,103569.77,103345.06,103862.875589,ctx
BTC,2025-05-13,1,SHORT,RND,103500.0,102791.32,103789.370814,lean
BTC,2025-05-13,2,LONG,ONH,103822.03,105079.59713,103532.659186,ctx
BTC,2025-05-14,1,SHORT,ONL,102875.22,102621.417773,103158.829763,lean
BTC,2025-05-14,2,LONG,RND,104000.0,104103.72,103716.390237,ctx
BTC,2025-05-15,1,SHORT,ONL,101500.0,101045.093778,101784.253476,lean
BTC,2025-05-15,2,LONG,RND,102500.0,102602.05,102215.746524,ctx
BTC,2025-05-16,1,SHORT,RND,103500.0,103100.49,103782.683474,lean
BTC,2025-05-16,2,LONG,PDC,103763.71,104192.7,103481.026526,ctx
BTC,2025-05-19,1,SHORT,ONL,102000.0,101437.328609,102327.017441,lean
BTC,2025-05-19,2,LONG,RND,103000.0,103105.09,102672.982559,ctx
BTC,2025-05-20,1,SHORT,RND,105000.0,104847.16,105281.364904,lean
BTC,2025-05-20,2,LONG,PDC,105573.74,106516.79622,105292.375096,ctx
BTC,2025-05-21,1,LONG,PDC,106849.99,107320.0,106561.182191,lean
BTC,2025-05-21,2,SHORT,RND,106500.0,105935.83,106788.807809,ctx
BTC,2025-05-22,1,LONG,RND,111000.0,111880.0,110701.29688,lean
BTC,2025-05-22,2,SHORT,PDH,110797.38,109643.99,111096.08312,ctx
BTC,2025-05-23,1,SHORT,RND,109000.0,108888.0,109316.360224,lean
BTC,2025-05-23,2,LONG,PDL,109177.37,110552.697712,108861.009776,ctx
BTC,2025-05-26,1,LONG,RND,110000.0,110228.11,109712.761481,lean
BTC,2025-05-26,2,SHORT,PDH,109299.99,109004.19,109587.228519,ctx
BTC,2025-05-27,1,LONG,ONH,109899.0,110422.22,109600.866803,lean
BTC,2025-05-27,2,SHORT,RND,109500.0,109434.79,109798.133197,ctx
BTC,2025-05-28,1,SHORT,ONL,108258.01,107516.57,108557.176319,lean
BTC,2025-05-28,2,LONG,PDC,108938.17,109000.0,108639.003681,ctx
BTC,2025-05-29,1,LONG,ONH,108891.91,109000.0,108598.280098,lean
BTC,2025-05-29,2,SHORT,PDC,107781.78,107409.567126,108075.409902,ctx
BTC,2025-05-30,1,SHORT,PDC,105589.75,105322.86,105887.770706,lean
BTC,2025-05-30,2,LONG,RND,106000.0,106460.0,105701.979294,ctx
BTC,2025-06-02,1,SHORT,RND,104000.0,103941.0,104285.545212,ctx
BTC,2025-06-03,1,SHORT,ONL,104872.5,104058.73161,105135.751798,lean
BTC,2025-06-03,2,LONG,RND,105500.0,105857.99,105236.748202,ctx
BTC,2025-06-04,1,SHORT,ONL,105080.26,105000.0,105327.123001,lean
BTC,2025-06-04,2,LONG,PDC,105376.89,106000.0,105130.026999,ctx
BTC,2025-06-04,3,FADE,PDC,105376.89,105080.26,105623.753001,ctx
BTC,2025-06-05,1,SHORT,PDC,104696.86,104380.0,104947.908975,lean
BTC,2025-06-05,2,LONG,RND,105000.0,105240.84,104748.951025,ctx
BTC,2025-06-06,1,LONG,ONH,103991.45,104000.0,103714.299125,lean
BTC,2025-06-09,1,LONG,ONH,107806.0,108000.0,107538.13408,ctx
BTC,2025-06-10,1,SHORT,RND,109500.0,109056.9,109800.389544,lean
BTC,2025-06-10,2,LONG,PDC,110263.02,110420.0,109962.630456,ctx
BTC,2025-06-11,1,SHORT,ONL,109193.89,108331.03,109490.103525,lean
BTC,2025-06-11,2,LONG,RND,109500.0,110274.39,109203.786475,ctx
BTC,2025-06-12,1,LONG,RND,107000.0,108064.0,106721.626356,lean
BTC,2025-06-12,2,SHORT,ONL,106874.47,105601.872994,107152.843644,ctx
BTC,2025-06-13,1,SHORT,RND,105000.0,103779.81251,105269.928748,lean
BTC,2025-06-13,2,LONG,PDL,105671.72,105671.73,105401.791252,ctx
BTC,2025-06-16,1,LONG,RND,107000.0,107262.31,106736.19899,lean
BTC,2025-06-16,2,SHORT,PDH,106128.57,105652.91862,106392.37101,ctx
BTC,2025-06-17,1,SHORT,ONL,105508.23,105500.0,105785.767148,lean
BTC,2025-06-17,2,LONG,PDC,106794.53,106936.643359,106516.992852,ctx
BTC,2025-06-18,1,LONG,RND,105000.0,105550.27,104739.998053,lean
BTC,2025-06-18,2,SHORT,PDC,104551.17,104175.87,104811.171947,ctx
BTC,2025-06-19,1,SHORT,ONL,104457.12,103632.647581,104702.173376,lean
BTC,2025-06-19,2,LONG,PDC,104886.78,105000.0,104641.726624,ctx
BTC,2025-06-20,1,SHORT,PDH,105226.17,104886.841814,105459.95104,lean
BTC,2025-06-20,2,LONG,RND,106000.0,106524.65,105766.21896,ctx
BTC,2025-06-23,1,LONG,RND,101500.0,102137.0,101204.617154,lean
BTC,2025-06-23,2,SHORT,PDC,100963.87,99910.556721,101259.252846,ctx
BTC,2025-06-24,1,SHORT,RND,105000.0,103759.906254,105302.162946,lean
BTC,2025-06-24,2,LONG,PDC,105333.93,106074.2,105031.767054,ctx
BTC,2025-06-25,1,SHORT,RND,107000.0,106290.0,107260.334205,lean
BTC,2025-06-25,2,LONG,ONH,107237.44,108412.912957,106977.105795,ctx
BTC,2025-06-26,1,SHORT,ONL,107079.9,106056.375239,107351.83602,lean
BTC,2025-06-26,2,LONG,PDC,107340.58,107500.0,107068.64398,ctx
BTC,2025-06-27,1,SHORT,PDC,106947.06,106562.5,107220.246461,lean
BTC,2025-06-27,2,LONG,RND,107000.0,107735.34,106726.813539,ctx
BTC,2025-06-30,1,SHORT,RND,107500.0,107400.0,107774.510836,lean
BTC,2025-06-30,2,LONG,PDC,108356.93,108528.5,108082.419164,ctx
BTC,2025-07-01,1,SHORT,RND,106500.0,106301.86,106748.383734,lean
BTC,2025-07-01,2,LONG,PDL,106733.33,107146.5,106484.946266,ctx
BTC,2025-07-02,1,LONG,RND,107500.0,107540.0,107252.424243,lean
BTC,2025-07-03,1,SHORT,RND,109500.0,108849.6,109775.235356,lean
BTC,2025-07-03,2,LONG,PDH,109730.0,110273.21,109454.764644,ctx
BTC,2025-07-04,1,SHORT,PDL,108530.4,108518.83,108807.494321,lean
BTC,2025-07-04,2,LONG,RND,109000.0,109584.78,108722.905679,ctx
BTC,2025-07-07,1,SHORT,ONL,108572.52,108500.0,108833.390315,lean
BTC,2025-07-07,2,LONG,PDC,109203.84,109700.0,108942.969685,ctx
BTC,2025-07-08,1,LONG,RND,109000.0,109005.0,108756.180423,lean
BTC,2025-07-08,2,SHORT,PDC,108262.94,107618.545309,108506.759577,ctx
BTC,2025-07-09,1,SHORT,RND,109000.0,108922.98,109241.409849,lean
BTC,2025-07-09,2,LONG,ONH,109136.0,109216.56,108894.590151,ctx
BTC,2025-07-10,1,SHORT,RND,111000.0,110818.36,111259.379288,lean
BTC,2025-07-10,2,LONG,PDC,111233.99,111581.0,110974.610712,ctx
BTC,2025-07-11,1,LONG,RND,118000.0,118869.98,117703.663089,lean
BTC,2025-07-11,2,SHORT,PDH,116868.0,116439.004416,117164.336911,ctx
BTC,2025-07-14,1,LONG,RND,121500.0,123071.565422,121156.215981,lean
BTC,2025-07-15,1,SHORT,RND,117000.0,116250.0,117316.921259,lean
BTC,2025-07-16,1,SHORT,PDC,117758.09,117399.90618,118051.480104,lean
BTC,2025-07-16,2,LONG,RND,119000.0,119310.75,118706.609896,ctx
BTC,2025-07-17,1,SHORT,ONL,117683.53,117017.29,117979.093509,lean
BTC,2025-07-17,2,LONG,RND,118000.0,118630.43,117704.436491,ctx
BTC,2025-07-18,1,SHORT,RND,119000.0,118395.0,119300.240364,lean
BTC,2025-07-18,2,LONG,PDC,119177.56,120572.4617,118877.319636,ctx
BTC,2025-07-21,1,LONG,PDH,118856.8,119367.785944,118578.739441,lean
BTC,2025-07-21,2,SHORT,RND,118000.0,117265.12,118278.060559,ctx
BTC,2025-07-22,1,SHORT,RND,119000.0,117840.397867,119281.698314,lean
BTC,2025-07-22,2,LONG,ONH,119188.3,119676.73,118906.601686,ctx
BTC,2025-07-23,1,SHORT,RND,118500.0,117844.24,118803.314826,ctx
BTC,2025-07-24,1,SHORT,RND,118500.0,117301.0,118791.167083,lean
BTC,2025-07-24,2,LONG,PDC,118755.99,119273.36,118464.822917,ctx
BTC,2025-07-25,1,SHORT,RND,116500.0,115163.897517,116795.646246,lean
BTC,2025-07-25,2,LONG,PDL,117103.1,117923.262483,116807.453754,ctx
BTC,2025-07-28,1,SHORT,ONL,118475.47,117825.5,118760.734439,lean
BTC,2025-07-28,2,LONG,RND,119000.0,119415.55,118714.735561,ctx
BTC,2025-07-29,1,SHORT,RND,118500.0,118062.32,118789.466336,lean
BTC,2025-07-29,2,LONG,ONH,119273.36,119800.0,118983.893664,ctx
BTC,2025-07-30,1,LONG,PDC,117950.76,118481.81,117671.073642,lean
BTC,2025-07-30,2,SHORT,RND,117500.0,117358.84,117779.686358,ctx
BTC,2025-07-31,1,SHORT,PDC,117840.3,117253.73,118095.25142,lean
BTC,2025-07-31,2,LONG,RND,118500.0,118792.0,118245.04858,ctx
BTC,2025-08-01,1,SHORT,ONL,114116.0,114054.904195,114384.016958,ctx
BTC,2025-08-04,1,LONG,RND,114500.0,114799.97,114252.929963,lean
BTC,2025-08-04,2,SHORT,PDC,114208.8,114066.56,114455.870037,ctx
BTC,2025-08-05,1,SHORT,PDL,114107.6,113725.72,114356.525396,lean
BTC,2025-08-05,2,LONG,RND,115000.0,115055.03,114751.074604,ctx
BTC,2025-08-06,1,LONG,ONH,114417.02,115127.81,114164.070203,lean
BTC,2025-08-06,2,SHORT,PDC,114129.75,114000.0,114382.699797,ctx
BTC,2025-08-07,1,SHORT,RND,116500.0,115716.0,116743.832813,lean
BTC,2025-08-07,2,LONG,ONH,116828.93,117657.416462,116585.097187,ctx
BTC,2025-08-08,1,SHORT,ONL,116317.08,115632.173472,116586.937827,lean
BTC,2025-08-08,2,LONG,RND,117000.0,117472.01,116730.142173,ctx
BTC,2025-08-11,1,SHORT,RND,120500.0,119311.11,120791.7423,lean
BTC,2025-08-12,1,LONG,PDC,118686.0,119275.46,118422.886652,lean
BTC,2025-08-12,2,SHORT,RND,118500.0,118207.47,118763.113348,ctx
BTC,2025-08-13,1,SHORT,RND,120500.0,120324.43,120772.95028,lean
BTC,2025-08-13,2,LONG,ONH,120732.94,121844.177974,120459.98972,ctx
BTC,2025-08-14,1,SHORT,ONL,120694.0,119344.881245,121037.883305,lean
BTC,2025-08-14,2,LONG,RND,121000.0,122554.458755,120656.116695,ctx
BTC,2025-08-15,1,LONG,ONH,119216.82,120356.073715,118927.520632,lean
BTC,2025-08-15,2,SHORT,RND,119000.0,118295.09,119289.299368,ctx
BTC,2025-08-18,1,LONG,RND,115000.0,116346.804901,114700.099664,lean
BTC,2025-08-18,2,SHORT,ONL,114640.14,113547.735099,114940.040336,ctx
BTC,2025-08-19,1,SHORT,RND,115500.0,114640.14,115762.454416,lean
BTC,2025-08-19,2,LONG,PDC,116227.05,116733.497277,115964.595584,ctx
BTC,2025-08-20,1,LONG,ONH,114016.77,115041.946078,113722.070126,lean
BTC,2025-08-20,2,SHORT,RND,113500.0,112872.94,113794.699874,ctx
BTC,2025-08-21,1,LONG,PDC,114271.24,114459.769118,113990.288046,lean
BTC,2025-08-22,1,SHORT,ONL,112177.27,112015.67,112457.039409,ctx
BTC,2025-08-25,1,SHORT,RND,111000.0,110929.48,111405.547995,lean
BTC,2025-08-26,1,LONG,RND,110000.0,110111.98,109684.081047,lean
BTC,2025-08-26,2,SHORT,PDL,109274.1,108666.66,109590.018953,ctx
BTC,2025-08-27,1,SHORT,ONL,110345.42,109891.474675,110651.976141,lean
BTC,2025-08-27,2,LONG,RND,111500.0,111763.22,111193.443859,ctx
BTC,2025-08-28,1,SHORT,PDH,112625.0,111485.00028,112930.181369,lean
BTC,2025-08-28,2,LONG,RND,113000.0,113360.0,112694.818631,ctx
BTC,2025-08-29,1,SHORT,RND,110000.0,109414.18,110317.713291,lean
BTC,2025-08-29,2,LONG,PDL,110862.42,111581.472026,110544.706709,ctx
BTC,2025-09-01,1,LONG,RND,109000.0,109480.02,108685.609215,lean
BTC,2025-09-01,2,SHORT,PDC,108246.35,108076.93,108560.740785,ctx
BTC,2025-09-02,1,LONG,PDH,109912.4,110711.1,109595.130751,lean
BTC,2025-09-02,2,SHORT,RND,109500.0,109237.42,109817.269249,ctx
BTC,2025-09-03,1,LONG,RND,111500.0,111771.52,111186.031776,lean
BTC,2025-09-03,2,SHORT,PDC,111240.01,110528.71,111553.978224,ctx
BTC,2025-09-04,1,SHORT,PDL,110528.71,110279.68,110791.784503,lean
BTC,2025-09-04,2,LONG,RND,111000.0,111705.71,110736.925497,ctx
BTC,2025-09-05,1,SHORT,PDH,112180.0,110853.168142,112501.606827,lean
BTC,2025-09-05,2,LONG,RND,112500.0,112999.0,112178.393173,ctx
BTC,2025-09-08,1,SHORT,RND,112000.0,111600.0,112261.735954,lean
BTC,2025-09-08,2,LONG,ONH,112186.98,113273.86445,111925.244046,ctx
BTC,2025-09-09,1,SHORT,PDC,112065.23,111211.740813,112327.054826,lean
BTC,2025-09-09,2,LONG,RND,112500.0,112924.37,112238.175174,ctx
BTC,2025-09-10,1,SHORT,PDC,111546.39,110917.45,111872.598755,lean
BTC,2025-09-10,2,LONG,RND,112500.0,112859.8,112173.791245,ctx
BTC,2025-09-11,1,SHORT,PDC,113960.0,113669.82,114218.92248,lean
BTC,2025-09-11,2,LONG,RND,114000.0,114313.13,113741.07752,ctx
BTC,2025-09-12,1,SHORT,ONL,114435.63,113675.439602,114700.917942,lean
BTC,2025-09-12,2,LONG,RND,115000.0,115482.69,114734.712058,ctx
BTC,2025-09-15,1,SHORT,RND,115000.0,114625.87,115251.188118,lean
BTC,2025-09-15,2,LONG,PDL,115135.0,115268.01,114883.811882,ctx
BTC,2025-09-16,1,SHORT,ONL,114930.0,114384.0,115179.562946,lean
BTC,2025-09-16,2,LONG,PDC,115349.71,115500.0,115100.147054,ctx
BTC,2025-09-17,1,LONG,RND,116500.0,116788.96,116234.64999,lean
BTC,2025-09-17,2,SHORT,ONL,116160.22,115019.829953,116425.57001,ctx
BTC,2025-09-18,1,LONG,PDH,117286.73,117896.0,117028.578952,lean
BTC,2025-09-18,2,SHORT,RND,117000.0,116447.59,117258.151048,ctx
BTC,2025-09-19,1,SHORT,ONL,116300.0,116092.76,116559.538685,lean
BTC,2025-09-19,2,LONG,RND,116500.0,117073.53,116240.461315,ctx
BTC,2025-09-22,1,SHORT,ONL,111800.0,111689.616484,112054.432896,lean
BTC,2025-09-22,2,LONG,RND,113000.0,114064.323516,112745.567104,ctx
BTC,2025-09-23,1,SHORT,PDC,112650.99,111906.276008,112880.214427,lean
BTC,2025-09-23,2,LONG,RND,113000.0,113281.5,112770.775573,ctx
BTC,2025-09-24,1,LONG,ONH,113162.17,113290.5,112924.898444,lean
BTC,2025-09-24,2,SHORT,RND,113000.0,111998.8,113237.271556,ctx
BTC,2025-09-25,1,LONG,RND,111500.0,112423.943348,111269.440711,lean
BTC,2025-09-25,2,SHORT,ONL,111283.63,111042.66,111514.189289,ctx
BTC,2025-09-26,1,LONG,ONH,109798.84,110311.105361,109546.495994,lean
BTC,2025-09-26,2,SHORT,RND,109000.0,108994.49,109252.344006,ctx
BTC,2025-09-29,1,SHORT,RND,112000.0,110967.650253,112242.646374,lean
BTC,2025-09-29,2,LONG,PDC,112163.95,112350.0,111921.303626,ctx
BTC,2025-09-30,1,SHORT,RND,113000.0,112656.27,113253.353636,lean
BTC,2025-10-01,1,LONG,ONH,116795.85,117000.0,116544.029963,ctx
BTC,2025-10-02,1,SHORT,PDH,118649.1,118594.99,118935.41834,lean
BTC,2025-10-02,2,LONG,RND,119000.0,119456.92,118713.68166,ctx
BTC,2025-10-03,1,SHORT,ONL,119248.3,119000.763197,119534.100744,lean
BTC,2025-10-03,2,LONG,RND,120500.0,120529.35,120214.199256,ctx
BTC,2025-10-06,1,LONG,ONH,124531.66,125686.979795,124216.235758,lean
BTC,2025-10-06,2,SHORT,RND,124000.0,123482.31,124315.424242,ctx
BTC,2025-10-07,1,SHORT,ONL,123322.9,123084.0,123623.360419,lean
BTC,2025-10-07,2,LONG,RND,124500.0,124658.54,124199.539581,ctx
BTC,2025-10-08,1,LONG,RND,123000.0,123200.0,122680.671983,lean
BTC,2025-10-09,1,SHORT,RND,122500.0,121188.740792,122831.891973,lean
BTC,2025-10-09,2,LONG,PDC,123306.0,123537.11,122974.108027,ctx
BTC,2025-10-10,1,LONG,PDC,121662.4,121900.0,121351.624551,lean
BTC,2025-10-10,2,SHORT,RND,121500.0,120855.41,121810.775449,ctx
BTC,2025-10-13,1,LONG,PDC,114958.8,115770.0,114548.939754,lean
BTC,2025-10-13,2,SHORT,RND,114000.0,113616.5,114409.860246,ctx
BTC,2025-10-14,1,SHORT,ONL,110012.24,109348.99228,110433.308797,lean
BTC,2025-10-14,2,LONG,RND,111500.0,113278.96772,111078.931203,ctx
BTC,2025-10-15,1,LONG,RND,112000.0,113028.14,111629.081153,lean
BTC,2025-10-15,2,SHORT,ONL,111693.26,110174.775379,112064.178847,ctx
BTC,2025-10-16,1,SHORT,PDC,110763.28,110164.0,111157.834232,lean
BTC,2025-10-16,2,LONG,RND,111500.0,111867.17,111105.445768,ctx
BTC,2025-10-17,1,LONG,PDL,107427.0,107799.180565,106973.687022,lean
BTC,2025-10-17,2,SHORT,RND,105500.0,103568.259435,105953.312978,ctx
BTC,2025-10-20,1,SHORT,RND,111000.0,109450.07,111431.371011,lean
BTC,2025-10-20,2,LONG,ONH,111679.25,113029.814717,111247.878989,ctx
BTC,2025-10-21,1,SHORT,RND,108500.0,107473.72,108896.249055,lean
BTC,2025-10-22,1,LONG,PDC,108297.67,109727.971978,107832.043862,lean
BTC,2025-10-22,2,SHORT,RND,107500.0,107473.72,107965.626138,ctx
BTC,2025-10-23,1,LONG,RND,109500.0,110298.29,109063.466698,lean
BTC,2025-10-23,2,SHORT,PDH,109163.88,107567.44,109600.413302,ctx
BTC,2025-10-24,1,SHORT,RND,111000.0,110078.18,111394.621823,lean
BTC,2025-10-24,2,LONG,PDH,111293.61,111522.3,110898.988177,ctx
BTC,2025-10-27,1,SHORT,PDC,114559.4,113497.06,115002.635038,lean
BTC,2025-10-27,2,LONG,PDH,115466.8,115500.0,115023.564962,ctx
BTC,2025-10-28,1,SHORT,PDC,114107.65,113830.01,114422.351211,lean
BTC,2025-10-28,2,LONG,RND,114500.0,114673.68,114185.298789,ctx
BTC,2025-10-29,1,SHORT,RND,113000.0,112898.45,113289.982246,lean
BTC,2025-10-29,2,LONG,ONH,113624.12,114485.610482,113334.137754,ctx
BTC,2025-10-30,1,SHORT,RND,109500.0,109200.0,109970.332809,lean
BTC,2025-10-30,2,LONG,PDC,110021.29,111618.46,109550.957191,ctx
BTC,2025-10-31,1,LONG,RND,110500.0,110550.0,110118.638929,lean
BTC,2025-11-03,1,SHORT,ONL,106726.63,106196.751392,107063.518987,lean
BTC,2025-11-03,2,LONG,RND,108000.0,109341.048608,107663.111013,ctx
BTC,2025-11-04,1,SHORT,ONL,103605.0,102356.329094,103947.045194,lean
BTC,2025-11-04,2,LONG,RND,104000.0,105306.56,103657.954806,ctx
BTC,2025-11-05,1,LONG,ONH,102800.71,104595.545142,102388.811041,lean
BTC,2025-11-05,2,SHORT,RND,102500.0,101497.22,102911.898959,ctx
BTC,2025-11-06,1,SHORT,RND,102500.0,102383.64,102890.258598,lean
BTC,2025-11-06,2,LONG,PDC,103885.16,104200.0,103494.901402,ctx
BTC,2025-11-07,1,LONG,PDL,100300.95,101346.04,99898.551021,lean
BTC,2025-11-07,2,SHORT,RND,99500.0,99260.86,99902.398979,ctx
BTC,2025-11-10,1,LONG,RND,106000.0,106670.11,105563.946201,lean
BTC,2025-11-10,2,SHORT,PDH,105495.62,104722.96,105931.673799,ctx
BTC,2025-11-11,1,SHORT,RND,104500.0,104349.26,104878.810832,lean
BTC,2025-11-11,2,LONG,PDC,106011.13,106298.613881,105632.319168,ctx
BTC,2025-11-12,1,LONG,RND,105000.0,105333.33,104662.257617,lean
BTC,2025-11-13,1,LONG,ONH,104085.01,105068.827903,103672.429021,lean
BTC,2025-11-13,2,SHORT,RND,103000.0,101654.37,103412.580979,ctx
BTC,2025-11-14,1,LONG,RND,95500.0,97383.080781,95064.500547,lean
BTC,2025-11-14,2,SHORT,ONL,94560.48,93318.419219,94995.979453,ctx
BTC,2025-11-17,1,SHORT,PDC,94261.44,93246.342382,94704.130204,lean
BTC,2025-11-17,2,LONG,RND,95500.0,96026.71,95057.309796,ctx
BTC,2025-11-18,1,LONG,PDC,92215.14,92357.51,91826.180778,lean
BTC,2025-11-18,2,SHORT,RND,91500.0,91220.0,91888.959222,ctx
BTC,2025-11-19,1,LONG,RND,92000.0,92960.83,91610.512213,lean
BTC,2025-11-19,2,SHORT,ONL,90025.06,89962.390326,90414.547787,ctx
BTC,2025-11-20,1,SHORT,PDC,91554.96,90480.56,91929.354449,lean
BTC,2025-11-20,2,LONG,RND,92000.0,92980.22,91625.605551,ctx
BTC,2025-11-21,1,LONG,RND,83500.0,85595.09126,83005.055444,lean
BTC,2025-11-24,1,SHORT,RND,86000.0,85696.56,86367.295517,lean
BTC,2025-11-24,2,LONG,PDC,86830.0,87717.045746,86462.704483,ctx
BTC,2025-11-25,1,SHORT,RND,87500.0,86666.0,87880.558472,lean
BTC,2025-11-25,2,LONG,PDC,88300.01,88690.0,87919.451528,ctx
BTC,2025-11-26,1,SHORT,RND,86500.0,86306.77,86906.58951,lean
BTC,2025-11-26,2,LONG,PDC,87369.96,88224.0,86963.37049,ctx
BTC,2025-11-27,1,SHORT,PDH,90656.08,90484.02,91035.303755,lean
BTC,2025-11-27,2,LONG,RND,91000.0,91950.0,90620.776245,ctx
BTC,2025-11-28,1,SHORT,RND,91500.0,91333.95,91918.491358,lean
BTC,2025-11-28,2,LONG,PDH,91950.0,92030.0,91531.508642,ctx
BTC,2025-12-01,1,SHORT,ONL,84756.0,83420.688401,85186.703914,lean
BTC,2025-12-01,2,LONG,RND,85500.0,87440.591599,85069.296086,ctx
BTC,2025-12-02,1,LONG,RND,87500.0,87628.78,87149.831614,lean
BTC,2025-12-02,2,SHORT,PDC,86286.01,86184.39,86636.178386,ctx
BTC,2025-12-03,1,SHORT,PDH,92307.65,91277.88,92692.678562,lean
BTC,2025-12-03,2,LONG,RND,93000.0,93958.58,92614.971438,ctx
BTC,2025-12-04,1,SHORT,ONL,92669.82,91404.583814,93009.590611,lean
BTC,2025-12-04,2,LONG,RND,93000.0,93429.95,92660.229389,ctx
BTC,2025-12-05,1,LONG,PDC,92078.06,92692.36,91716.098408,lean
BTC,2025-12-05,2,SHORT,RND,91000.0,90956.25,91361.961592,ctx
BTC,2025-12-08,1,SHORT,PDH,91760.0,90395.31,92070.637473,lean
BTC,2025-12-08,2,LONG,RND,92000.0,92287.15,91689.362527,ctx
BTC,2025-12-09,1,LONG,PDC,90634.34,91026.52,90330.762939,lean
BTC,2025-12-09,2,SHORT,RND,90500.0,89612.0,90803.577061,ctx
BTC,2025-12-10,1,SHORT,ONL,91763.69,90500.95884,92082.174534,lean
BTC,2025-12-10,2,LONG,RND,92000.0,92678.8,91681.515466,ctx
BTC,2025-12-11,1,SHORT,RND,90000.0,89389.63,90328.060506,lean
BTC,2025-12-11,2,LONG,PDL,91563.15,91563.25903,91235.089494,ctx
BTC,2025-12-12,1,LONG,RND,92500.0,92513.38,92190.12915,lean
BTC,2025-12-12,2,SHORT,ONL,91448.31,90973.926033,91758.18085,ctx
BTC,2025-12-15,1,LONG,ONH,90052.64,90472.4,89731.990015,lean
BTC,2025-12-15,2,SHORT,RND,89500.0,88199.383402,89820.649985,ctx
BTC,2025-12-16,1,LONG,ONH,87480.0,89061.124821,87083.968967,lean
BTC,2025-12-16,2,SHORT,RND,87000.0,86432.08,87396.031033,ctx
BTC,2025-12-17,1,SHORT,RND,87000.0,86209.11,87330.070773,lean
BTC,2025-12-17,2,LONG,PDC,87863.42,87950.0,87533.349227,ctx
BTC,2025-12-18,1,LONG,ONH,87453.63,87500.0,87026.966919,lean
BTC,2025-12-18,2,SHORT,PDC,86243.22,85863.93,86669.883081,ctx
BTC,2025-12-19,1,LONG,RND,88000.0,88449.06,87660.453274,ctx
BTC,2025-12-22,1,SHORT,RND,90000.0,89081.77,90324.907535,lean
BTC,2025-12-22,2,LONG,ONH,90588.23,91724.715165,90263.322465,ctx
BTC,2025-12-23,1,SHORT,ONL,87051.52,86238.152898,87383.88295,lean
BTC,2025-12-23,2,LONG,PDL,87900.0,88000.0,87567.63705,ctx
BTC,2025-12-24,1,SHORT,ONL,86724.05,86601.9,87029.523057,lean
BTC,2025-12-24,2,LONG,PDC,87486.0,87500.0,87180.526943,ctx
BTC,2025-12-25,1,SHORT,RND,87500.0,87251.6,87767.550249,lean
BTC,2025-12-25,2,LONG,PDC,87669.45,88023.57,87401.899751,ctx
BTC,2025-12-26,1,SHORT,PDH,88592.74,88500.0,88875.729492,lean
BTC,2025-12-26,2,LONG,ONH,89567.75,89999.51763,89284.760508,ctx
BTC,2025-12-29,1,LONG,PDL,87435.0,87500.0,87162.694091,lean
BTC,2025-12-29,2,SHORT,ONL,86806.5,86126.23909,87078.805909,ctx
BTC,2025-12-30,1,LONG,ONH,88224.76,89118.00165,87990.232504,lean
BTC,2025-12-30,2,SHORT,RND,88000.0,87237.13,88234.527496,ctx
BTC,2025-12-31,1,LONG,RND,89000.0,89046.6,88765.421671,lean
BTC,2025-12-31,2,SHORT,PDC,88485.49,88172.15,88720.068329,ctx
BTC,2026-01-01,1,LONG,RND,88000.0,88088.1,87779.048403,lean
BTC,2026-01-01,2,SHORT,PDC,87648.22,87550.43,87869.171597,ctx
BTC,2026-01-02,1,LONG,RND,89500.0,89942.44,89291.879681,lean
BTC,2026-01-02,2,SHORT,PDH,88919.45,88839.04,89127.570319,ctx
BTC,2026-01-05,1,LONG,RND,93000.0,93388.0,92768.659461,lean
BTC,2026-01-05,2,SHORT,PDH,91810.0,91794.690818,92041.340539,ctx
BTC,2026-01-06,1,SHORT,PDC,93859.71,93137.98,94097.49366,lean
BTC,2026-01-06,2,LONG,RND,94000.0,94194.01,93762.21634,ctx
BTC,2026-01-07,1,SHORT,ONL,91600.0,91262.94,91847.036632,lean
BTC,2026-01-07,2,LONG,RND,92000.0,93150.697618,91752.963368,ctx
BTC,2026-01-08,1,SHORT,ONL,89641.84,88970.69038,89860.094204,lean
BTC,2026-01-08,2,LONG,RND,90000.0,90675.52,89781.745796,ctx
BTC,2026-01-09,1,LONG,RND,90500.0,91099.99,90258.71472,lean
BTC,2026-01-09,2,SHORT,ONL,89694.66,89323.232028,89935.94528,ctx
BTC,2026-01-12,1,LONG,RND,91000.0,91013.65,90758.719424,ctx
BTC,2026-01-13,1,SHORT,RND,92000.0,91296.2,92228.081401,lean
BTC,2026-01-13,2,LONG,PDH,92519.95,92672.11,92291.868599,ctx
BTC,2026-01-14,1,LONG,PDC,95414.0,96107.97,95180.063034,lean
BTC,2026-01-14,2,SHORT,RND,95000.0,94559.28,95233.936966,ctx
BTC,2026-01-15,1,LONG,RND,97000.0,97371.33,96757.032027,lean
BTC,2026-01-15,2,SHORT,PDC,96951.78,95847.799459,97194.747973,ctx
BTC,2026-01-16,1,SHORT,PDL,95134.48,95133.03,95355.369454,lean
BTC,2026-01-16,2,LONG,RND,95500.0,95604.8,95279.110546,ctx
BTC,2026-01-19,1,LONG,PDL,93615.4,93673.14,93379.033019,lean
BTC,2026-01-19,2,SHORT,RND,93000.0,91967.55409,93236.366981,ctx
BTC,2026-01-20,1,LONG,RND,91500.0,91910.2,91272.67783,lean
BTC,2026-01-20,2,SHORT,ONL,90693.0,90219.473207,90920.32217,ctx
BTC,2026-01-21,1,SHORT,RND,88500.0,88427.66,88730.875711,ctx
BTC,2026-01-22,1,SHORT,RND,90000.0,89454.73,90256.611566,lean
BTC,2026-01-22,2,LONG,ONH,90359.99,90574.0,90103.378434,ctx
BTC,2026-01-23,1,SHORT,ONL,88860.44,88515.37,89093.187271,lean
BTC,2026-01-23,2,LONG,RND,89500.0,89559.67,89267.252729,ctx
BTC,2026-01-26,1,SHORT,PDC,86670.36,86665.287727,86913.394773,lean
BTC,2026-01-26,2,LONG,RND,88000.0,88424.45,87756.965227,ctx
BTC,2026-01-27,1,SHORT,ONL,87743.52,86910.521819,87974.185324,lean
BTC,2026-01-27,2,LONG,RND,88000.0,88347.08,87769.334676,ctx
BTC,2026-01-28,1,SHORT,PDH,89523.16,89250.0,89759.765074,lean
BTC,2026-01-28,2,LONG,RND,90000.0,90176.88,89763.394926,ctx
BTC,2026-01-29,1,SHORT,RND,88000.0,87704.0,88232.072416,lean
BTC,2026-01-29,2,LONG,PDL,88833.65,89204.214607,88601.577584,ctx
BTC,2026-01-30,1,LONG,RND,83000.0,83383.33,82645.332303,lean
BTC,2026-02-02,1,LONG,RND,78000.0,78434.0,77669.074964,lean
BTC,2026-02-02,2,SHORT,PDC,76968.21,76444.193164,77299.135036,ctx
BTC,2026-02-03,1,SHORT,ONL,77644.09,77102.615422,77907.156695,lean
BTC,2026-02-03,2,LONG,RND,78500.0,78738.61,78236.933305,ctx
BTC,2026-02-04,1,LONG,ONH,76971.52,77910.633724,76600.852059,lean
BTC,2026-02-04,2,SHORT,RND,76000.0,75770.21,76370.667941,ctx
BTC,2026-02-05,1,SHORT,RND,69500.0,69163.0,69841.211122,ctx
BTC,2026-02-06,1,LONG,ONH,66826.5,68309.899073,66451.078056,lean
BTC,2026-02-06,2,SHORT,RND,66500.0,64805.960927,66875.421944,ctx
BTC,2026-02-09,1,SHORT,RND,69000.0,68888.0,69378.008655,lean
BTC,2026-02-09,2,LONG,PDC,70330.38,70911.050392,69952.371345,ctx
BTC,2026-02-10,1,SHORT,RND,68500.0,68434.0,68846.975891,lean
BTC,2026-02-10,2,LONG,PDC,70138.0,70229.340826,69791.024109,ctx
BTC,2026-02-11,1,LONG,PDL,67800.0,68722.784703,67459.438992,lean
BTC,2026-02-11,2,SHORT,RND,67000.0,66369.49,67340.561008,ctx
BTC,2026-02-12,1,SHORT,PDC,67082.52,66670.45,67413.6232,lean
BTC,2026-02-12,2,LONG,RND,68000.0,68299.0,67668.8968,ctx
BTC,2026-02-13,1,LONG,ONH,67226.66,68410.52,66909.830962,lean
BTC,2026-02-13,2,SHORT,RND,67000.0,66272.17,67316.829038,ctx
BTC,2026-02-16,1,SHORT,PDC,68832.58,68143.22,69186.040844,lean
BTC,2026-02-16,2,LONG,ONH,69848.48,70000.0,69495.019156,ctx
BTC,2026-02-17,1,SHORT,ONL,67690.0,67294.11,68019.075997,lean
BTC,2026-02-17,2,LONG,RND,68000.0,68892.43,67670.924003,ctx
BTC,2026-02-18,1,LONG,RND,67500.0,67503.52,67177.284216,lean
BTC,2026-02-18,2,SHORT,ONL,66892.03,66621.06,67214.745784,ctx
BTC,2026-02-19,1,SHORT,RND,66500.0,66461.0,66817.731783,lean
BTC,2026-02-19,2,LONG,ONH,67320.0,67999.418319,67002.268217,ctx
BTC,2026-02-20,1,LONG,ONH,68318.39,68999.981895,68005.916023,lean
BTC,2026-02-20,2,SHORT,RND,67500.0,67320.0,67812.473977,ctx
BTC,2026-02-23,1,LONG,RND,66500.0,67190.0,66264.97133,ctx
BTC,2026-02-24,1,LONG,RND,63000.0,63888.79,62761.258709,lean
BTC,2026-02-24,2,SHORT,ONL,62700.8,61854.923977,62939.541291,ctx
BTC,2026-02-25,1,SHORT,RND,66000.0,65026.75,66240.243353,lean
BTC,2026-02-25,2,LONG,ONH,66310.0,67190.075647,66069.756647,ctx
BTC,2026-02-26,1,SHORT,RND,68000.0,67988.04,68244.070246,lean
BTC,2026-02-26,2,LONG,ONH,68860.0,69310.554481,68615.929754,ctx
BTC,2026-02-27,1,LONG,RND,66000.0,66500.0,65736.116482,lean
BTC,2026-02-27,2,SHORT,ONL,65734.71,64696.553583,65998.593518,ctx
BTC,2026-03-02,1,LONG,RND,66000.0,67079.0,65698.612791,lean
BTC,2026-03-02,2,SHORT,PDC,65776.47,65125.67,66077.857209,ctx
BTC,2026-03-03,1,SHORT,ONL,66340.14,65959.693898,66648.744879,lean
BTC,2026-03-03,2,LONG,RND,67500.0,68830.06,67191.395121,ctx
BTC,2026-03-04,1,LONG,RND,71500.0,71893.0,71209.934784,lean
BTC,2026-03-05,1,SHORT,PDC,72666.77,71757.17,72956.719517,lean
BTC,2026-03-05,2,LONG,RND,73000.0,73558.15,72710.050483,ctx
BTC,2026-03-06,1,LONG,RND,70000.0,70645.47,69704.727969,lean
BTC,2026-03-06,2,SHORT,ONL,69660.0,68529.063856,69955.272031,ctx
BTC,2026-03-09,1,LONG,RND,68000.0,68200.0,67683.59871,lean
BTC,2026-03-10,1,SHORT,RND,70500.0,69516.65,70773.052892,lean
BTC,2026-03-10,2,LONG,ONH,71300.0,71855.186831,71026.947108,ctx
BTC,2026-03-11,1,LONG,PDC,69948.63,70281.87,69697.869533,lean
BTC,2026-03-11,2,SHORT,ONL,69150.28,69000.0,69401.040467,ctx
BTC,2026-03-12,1,SHORT,PDC,70191.86,69330.750654,70426.965574,lean
BTC,2026-03-12,2,LONG,RND,70500.0,70950.0,70264.894426,ctx
BTC,2026-03-13,1,LONG,ONH,72575.98,73558.099264,72291.134444,lean
BTC,2026-03-13,2,SHORT,RND,72000.0,70899.540736,72284.845556,ctx
BTC,2026-03-16,1,LONG,ONH,74451.03,74911.878519,74159.79246,lean
BTC,2026-03-16,2,SHORT,RND,73500.0,73199.0,73791.23754,ctx
BTC,2026-03-17,1,SHORT,RND,74000.0,73560.98,74253.582115,lean
BTC,2026-03-17,2,LONG,PDC,74884.67,74909.08,74631.087885,ctx
BTC,2026-03-18,1,SHORT,ONL,72800.0,71751.994187,73057.326246,lean
BTC,2026-03-18,2,LONG,RND,73000.0,73399.19,72742.673754,ctx
BTC,2026-03-19,1,LONG,RND,70000.0,70500.0,69722.811094,lean
BTC,2026-03-19,2,SHORT,ONL,69478.51,68659.201774,69755.698906,ctx
BTC,2026-03-20,1,LONG,RND,70500.0,71367.0,70259.306093,lean
BTC,2026-03-20,2,SHORT,PDC,69930.0,69718.23,70170.693907,ctx
BTC,2026-03-23,1,SHORT,RND,70000.0,69588.79,70276.881714,ctx
BTC,2026-03-24,1,SHORT,RND,71000.0,70906.45,71251.734914,lean
BTC,2026-03-24,2,LONG,ONH,71400.0,71817.09,71148.265086,ctx
BTC,2026-03-25,1,LONG,ONH,72026.09,73019.2922,71738.8781,lean
BTC,2026-03-25,2,SHORT,RND,71500.0,71400.0,71787.2119,ctx
BTC,2026-03-26,1,SHORT,ONL,69192.96,68204.566824,69422.554966,lean
BTC,2026-03-26,2,LONG,RND,69500.0,70347.453176,69270.405034,ctx
BTC,2026-03-27,1,SHORT,RND,66500.0,66231.96,66744.030645,ctx
BTC,2026-03-30,1,LONG,ONH,68042.3,68756.065329,67811.811001,lean
BTC,2026-03-30,2,SHORT,RND,67500.0,67130.5,67730.488999,ctx
BTC,2026-03-31,1,LONG,PDC,66797.37,67749.062285,66569.50451,lean
BTC,2026-03-31,2,SHORT,RND,66500.0,65998.05,66727.86549,ctx
BTC,2026-04-01,1,SHORT,PDH,68589.49,68500.0,68865.065475,lean
BTC,2026-04-01,2,LONG,ONH,69310.0,69998.538881,69034.424525,ctx
BTC,2026-04-02,1,SHORT,ONL,66167.1,66000.0,66386.323071,lean
BTC,2026-04-03,1,SHORT,RND,67000.0,66901.99,67228.222379,lean
BTC,2026-04-03,2,LONG,ONH,67288.0,68082.47777,67059.777621,ctx
BTC,2026-04-06,1,SHORT,RND,69500.0,69136.2,69738.387321,lean
BTC,2026-04-06,2,LONG,ONH,70283.32,70727.384164,70044.932679,ctx
BTC,2026-04-07,1,SHORT,PDL,68300.0,68071.96,68497.514939,lean
BTC,2026-04-07,2,LONG,RND,68500.0,68853.66,68302.485061,ctx
BTC,2026-04-08,1,SHORT,RND,71500.0,70573.504207,71736.060527,lean
BTC,2026-04-08,2,LONG,PDC,71924.22,72761.0,71688.159473,ctx
BTC,2026-04-09,1,SHORT,PDC,71069.93,71000.0,71277.636064,lean
BTC,2026-04-09,2,LONG,ONH,71575.0,72119.464967,71367.293936,ctx
BTC,2026-04-10,1,SHORT,RND,72000.0,71787.97,72203.327027,lean
BTC,2026-04-13,1,SHORT,PDC,70740.98,70505.88,70936.391955,lean
BTC,2026-04-13,2,LONG,RND,71000.0,71367.85,70804.588045,ctx
BTC,2026-04-13,3,FADE,RND,71000.0,70740.98,71195.411955,ctx
BTC,2026-04-14,1,LONG,PDC,74417.99,74500.0,74215.253071,ctx
BTC,2026-04-14,2,FADE,ONH,74924.64,74417.99,75127.376929,ctx
BTC,2026-04-15,1,SHORT,PDC,74131.55,74000.0,74340.239867,lean
BTC,2026-04-15,2,LONG,ONH,74786.72,75175.666047,74578.030133,ctx
BTC,2026-04-16,1,SHORT,RND,74500.0,74277.34,74696.639049,lean
BTC,2026-04-16,2,LONG,PDC,74809.99,75425.0,74613.350951,ctx
BTC,2026-04-16,3,FADE,ONH,75425.0,74809.99,75621.639049,ctx
BTC,2026-04-17,1,SHORT,PDH,75534.76,75500.0,75777.756765,lean
BTC,2026-04-17,2,LONG,ONH,76370.25,76723.684904,76127.253235,ctx
BTC,2026-04-20,1,SHORT,RND,75000.0,74013.630042,75252.659991,lean
BTC,2026-04-20,2,LONG,ONH,75572.0,76240.66,75319.340009,ctx
BTC,2026-04-21,1,LONG,RND,76500.0,76558.62,76279.657211,lean
BTC,2026-04-21,2,SHORT,PDC,75840.97,75474.77,76061.312789,ctx
BTC,2026-04-22,1,LONG,ONH,78452.18,78500.0,78219.270152,lean
BTC,2026-04-23,1,SHORT,RND,77500.0,77174.01,77720.081793,lean
BTC,2026-04-23,2,LONG,PDC,78178.23,78731.668368,77958.148207,ctx
BTC,2026-04-24,1,LONG,PDC,78257.48,78581.93,78041.114619,lean
BTC,2026-04-24,2,SHORT,RND,78000.0,77402.01,78216.365381,ctx
BTC,2026-04-27,1,SHORT,ONL,77465.05,77326.51,77679.336762,lean
BTC,2026-04-27,2,LONG,RND,78000.0,78657.55,77785.713238,ctx
BTC,2026-04-27,3,FADE,RND,78000.0,77465.05,78214.286762,ctx
BTC,2026-04-28,1,SHORT,ONL,76130.1,76000.0,76344.015336,lean
BTC,2026-04-28,2,LONG,PDL,76459.64,77227.271568,76245.724664,ctx
BTC,2026-04-29,1,LONG,ONH,77904.93,78599.092651,77688.702289,lean
BTC,2026-04-29,2,SHORT,RND,77500.0,77478.0,77716.227711,ctx
BTC,2026-04-30,1,SHORT,RND,76000.0,75780.0,76205.081452,lean
BTC,2026-04-30,2,LONG,ONH,76473.26,77016.476776,76268.178548,ctx
BTC,2026-04-30,3,FADE,ONH,76473.26,75780.0,76678.341452,ctx
BTC,2026-05-01,1,SHORT,PDH,76669.14,76553.885198,76864.160315,lean
BTC,2026-05-01,2,LONG,RND,77500.0,77600.0,77304.979685,ctx
BTC,2026-05-01,3,FADE,ONH,77600.0,76553.885198,77795.020315,ctx
BTC,2026-05-04,1,SHORT,PDC,78568.57,78202.0,78778.347546,lean
BTC,2026-05-04,2,LONG,RND,79000.0,79447.0,78790.222454,ctx
BTC,2026-05-04,3,FADE,RND,79000.0,78568.57,79209.777546,ctx
BTC,2026-05-05,1,LONG,ONH,81323.52,82021.389873,81107.661456,lean
BTC,2026-05-05,2,SHORT,RND,81000.0,80776.99,81215.858544,ctx
BTC,2026-05-05,3,FADE,ONH,81323.52,80006.710127,81539.378544,ctx
BTC,2026-05-06,1,SHORT,RND,82500.0,81791.48,82718.952514,lean
BTC,2026-05-06,2,LONG,ONH,82850.0,83544.668399,82631.047486,ctx
BTC,2026-05-06,3,FADE,ONH,82850.0,81501.111601,83068.952514,ctx
BTC,2026-05-07,1,SHORT,PDL,80731.14,80572.4,80951.557935,lean
BTC,2026-05-07,2,LONG,RND,81000.0,81447.01,80779.582065,ctx
BTC,2026-05-07,3,FADE,RND,81000.0,80572.4,81220.417935,ctx
BTC,2026-05-08,1,LONG,ONH,80340.94,81177.091497,80138.253251,lean
BTC,2026-05-08,2,SHORT,PDC,80006.0,80000.0,80208.686749,ctx
BTC,2026-05-08,3,FADE,ONH,80340.94,80006.0,80543.626749,ctx
BTC,2026-05-11,1,SHORT,RND,81000.0,80525.0,81212.583957,lean
BTC,2026-05-11,2,FADE,PDC,82210.07,80525.0,82422.653957,ctx
BTC,2026-05-12,1,SHORT,ONL,80496.57,80462.97,80707.953031,lean
BTC,2026-05-12,2,LONG,RND,81000.0,81745.65,80788.616969,ctx
BTC,2026-05-12,3,FADE,RND,81000.0,80496.57,81211.383031,ctx
BTC,2026-05-13,1,LONG,PDC,80504.47,81324.64,80303.349117,lean
BTC,2026-05-13,2,SHORT,RND,80500.0,80412.15,80701.120883,ctx
BTC,2026-05-13,3,FADE,PDC,80504.47,80412.15,80705.590883,ctx
BTC,2026-05-14,1,SHORT,ONL,78922.0,78754.65,79123.726857,lean
BTC,2026-05-14,2,LONG,PDC,79313.61,79500.0,79111.883143,ctx
BTC,2026-05-14,3,FADE,PDC,79313.61,78922.0,79515.336857,ctx
BTC,2026-05-15,1,SHORT,RND,80500.0,80314.0,80716.934114,lean
BTC,2026-05-15,2,LONG,PDC,81089.99,81640.8892,80873.055886,ctx
BTC,2026-05-15,3,FADE,PDC,81089.99,80314.0,81306.924114,ctx
BTC,2026-05-18,1,LONG,PDC,77457.67,77500.0,77235.473432,lean
BTC,2026-05-18,2,SHORT,PDL,76735.16,76583.33,76957.356568,ctx
BTC,2026-05-19,1,LONG,PDC,77001.87,77414.62,76801.757884,lean
BTC,2026-05-19,2,SHORT,RND,76500.0,76487.83,76700.112116,ctx
BTC,2026-05-19,3,FADE,PDC,77001.87,76487.83,77201.982116,ctx
BTC,2026-05-20,1,LONG,PDH,77414.62,77500.0,77222.667997,lean
BTC,2026-05-20,2,SHORT,PDC,76834.36,76516.74,77026.312003,ctx
BTC,2026-05-20,3,FADE,ONH,77663.0,76834.36,77854.952003,ctx
BTC,2026-05-21,1,SHORT,ONL,77147.15,77000.0,77329.089026,lean
BTC,2026-05-21,2,LONG,PDC,77552.23,77853.04,77370.290974,ctx
BTC,2026-05-21,3,FADE,PDC,77552.23,77147.15,77734.169026,ctx
BTC,2026-05-22,1,SHORT,ONL,77184.45,76719.47,77357.823604,lean
BTC,2026-05-22,2,LONG,RND,77500.0,77615.52,77326.626396,ctx
BTC,2026-05-22,3,FADE,PDH,78200.0,77615.52,78373.373604,ctx
BTC,2026-05-25,1,SHORT,PDC,77064.96,76554.162307,77237.103791,lean
BTC,2026-05-25,2,LONG,RND,77500.0,77543.15,77327.856209,ctx
BTC,2026-05-25,3,FADE,ONH,77699.97,77064.96,77872.113791,ctx
BTC,2026-05-26,1,SHORT,RND,77000.0,76914.25,77164.036515,lean
BTC,2026-05-26,2,LONG,PDC,77322.01,77621.75,77157.973485,ctx
BTC,2026-05-26,3,FADE,PDH,77905.52,77322.01,78069.556515,ctx
BTC,2026-05-27,1,SHORT,PDL,75677.97,75310.9,75855.369909,lean
BTC,2026-05-27,2,LONG,PDC,75930.01,76000.0,75752.610091,ctx
BTC,2026-05-27,3,FADE,PDC,75930.01,75310.9,76107.409909,ctx
BTC,2026-05-28,1,LONG,PDL,74243.99,74389.316353,74054.635067,lean
BTC,2026-05-28,2,SHORT,RND,73500.0,72728.85,73689.354933,ctx
BTC,2026-05-28,3,FADE,PDL,74243.99,72728.85,74433.344933,ctx
BTC,2026-05-29,1,SHORT,ONL,73189.11,72685.326985,73361.107075,lean
BTC,2026-05-29,2,LONG,RND,73500.0,73617.51,73328.002925,ctx
BTC,2026-05-29,3,FADE,RND,73500.0,73189.11,73671.997075,ctx
BTC,2026-06-01,1,SHORT,ONL,72290.0,71541.269281,72491.15444,lean
BTC,2026-06-01,2,LONG,RND,72500.0,73400.0,72298.84556,ctx
BTC,2026-06-02,1,SHORT,ONL,69324.65,68392.284704,69553.814706,lean
BTC,2026-06-02,2,LONG,RND,69500.0,70531.155296,69270.835294,ctx
BTC,2026-06-03,1,SHORT,RND,67000.0,66760.83,67223.04878,lean
BTC,2026-06-03,2,LONG,ONH,67566.01,68108.264308,67342.96122,ctx
BTC,2026-06-04,1,SHORT,RND,62500.0,61383.56,62817.327476,ctx
BTC,2026-06-05,1,LONG,RND,62000.0,63130.769099,61750.190193,lean
BTC,2026-06-05,2,SHORT,PDL,61383.56,61126.01,61633.369807,ctx
BTC,2026-06-08,1,LONG,RND,63500.0,64234.68,63227.703844,lean
BTC,2026-06-08,2,SHORT,PDC,63332.01,62208.894606,63604.306156,ctx
BTC,2026-06-09,1,SHORT,RND,62500.0,62423.07,62735.815421,lean
BTC,2026-06-09,2,LONG,PDC,63085.99,63728.96,62850.174579,ctx
BTC,2026-06-10,1,LONG,PDC,61730.0,61976.0,61468.878818,lean
BTC,2026-06-10,2,SHORT,RND,61000.0,60780.0,61261.121182,ctx
BTC,2026-06-11,1,LONG,ONH,63257.21,64304.295499,63000.860965,lean
BTC,2026-06-11,2,SHORT,RND,63000.0,62857.99,63256.349035,ctx
BTC,2026-06-12,1,SHORT,PDC,63625.99,62829.81,63891.485641,lean
BTC,2026-06-12,2,LONG,PDH,63933.02,63953.84,63667.524359,ctx
BTC,2026-06-15,1,SHORT,RND,66000.0,65800.0,66245.76022,lean
BTC,2026-06-15,2,LONG,ONH,66385.12,67380.781027,66139.35978,ctx
BTC,2026-06-16,1,SHORT,PDC,66328.74,65650.0,66539.07861,lean
BTC,2026-06-16,2,LONG,RND,66500.0,66992.0,66289.66139,ctx
BTC,2026-06-17,1,LONG,RND,65000.0,65360.92,64783.592127,lean
BTC,2026-06-17,2,SHORT,ONL,64565.0,63800.106593,64781.407873,ctx
BTC,2026-06-18,1,LONG,RND,64000.0,64509.4,63758.863873,lean
BTC,2026-06-18,2,SHORT,PDL,63915.77,63696.29,64156.906127,ctx
BTC,2026-06-19,1,SHORT,RND,62500.0,62316.44,62722.747561,lean
BTC,2026-06-19,2,LONG,PDC,62958.01,63110.29,62735.262439,ctx
BTC,2026-06-22,1,SHORT,PDH,64588.0,64500.0,64825.840019,lean
BTC,2026-06-22,2,LONG,ONH,64823.52,65767.140089,64585.679981,ctx
BTC,2026-06-23,1,LONG,PDL,63312.0,63450.466178,63109.841533,lean
BTC,2026-06-23,2,SHORT,RND,62500.0,61938.0,62702.158467,ctx
BTC,2026-06-24,1,LONG,RND,63000.0,63239.06,62817.793665,lean
BTC,2026-06-24,2,SHORT,PDC,62734.57,62318.88,62916.776335,ctx
BTC,2026-06-25,1,LONG,ONH,61962.4,62447.297341,61712.69557,lean
BTC,2026-06-25,2,SHORT,RND,61250.0,61077.99,61499.70443,ctx
BTC,2026-06-26,1,SHORT,ONL,58337.0,58220.858799,58592.510257,lean
BTC,2026-06-26,2,LONG,RND,59500.0,59794.0,59244.489743,ctx
BTC,2026-06-29,1,LONG,RND,60000.0,60346.27,59759.565236,lean
BTC,2026-06-29,2,SHORT,PDC,59577.01,58905.0,59817.444764,ctx
BTC,2026-06-30,1,SHORT,ONL,59123.01,58900.01,59412.362104,lean
BTC,2026-06-30,2,LONG,RND,59250.0,60260.21,58960.647896,ctx
BTC,2026-07-01,1,SHORT,RND,58500.0,58201.0,58719.865808,lean
BTC,2026-07-01,2,LONG,PDC,58624.71,59457.0,58404.844192,ctx
BTC,2026-07-02,1,LONG,ONH,61437.49,62508.619072,61190.930913,lean
BTC,2026-07-02,2,SHORT,PDH,61334.0,61250.0,61580.559087,ctx
BTC,2026-07-03,1,LONG,ONH,62103.1,62200.0,61905.542282,lean
BTC,2026-07-03,2,SHORT,RND,62000.0,61560.0,62197.557718,ctx
BTC,2026-07-06,1,LONG,RND,62500.0,63647.007316,62250.749861,lean
BTC,2026-07-06,2,SHORT,ONL,62483.83,62436.59,62733.080139,ctx
BTC,2026-07-07,1,SHORT,ONL,62800.0,62422.993116,63010.644332,lean
BTC,2026-07-07,2,LONG,RND,63500.0,64042.02,63289.355668,ctx
BTC,2026-07-08,1,LONG,PDL,62671.39,63363.99,62432.840266,lean
BTC,2026-07-08,2,SHORT,RND,62250.0,61743.83,62488.549734,ctx
BTC,2026-07-09,1,SHORT,PDC,62290.0,61869.72784,62486.416891,lean
BTC,2026-07-09,2,LONG,RND,63000.0,63283.26,62803.583109,ctx
BTC,2026-07-10,1,LONG,ONH,64494.84,64500.0,64310.055761,ctx
BTC,2026-07-13,1,SHORT,ONL,62500.76,61993.858177,62695.359676,lean
BTC,2026-07-13,2,LONG,RND,63000.0,63640.83,62805.400324,ctx
BTC,2026-07-14,1,LONG,ONH,62923.06,63000.0,62640.946011,lean
BTC,2026-07-14,2,SHORT,PDC,62334.52,61882.88,62616.633989,ctx
BTC,2026-07-15,1,SHORT,RND,64500.0,64485.0,64694.812759,lean
BTC,2026-07-15,2,LONG,PDC,65043.98,65100.0,64849.167241,ctx
BTC,2026-07-16,1,LONG,PDL,64485.0,64500.0,64319.586019,lean
BTC,2026-07-16,2,SHORT,ONL,63888.0,63484.598087,64053.413981,ctx
BTC,2026-07-17,1,LONG,RND,63500.0,63748.74,63343.500499,lean
BTC,2026-07-17,2,SHORT,ONL,62666.0,62567.678998,62822.499501,ctx
BTC,2026-07-20,1,LONG,ONH,65107.99,65808.450789,64935.18126,lean
BTC,2026-07-20,2,SHORT,RND,65000.0,64967.25,65172.80874,ctx
BTC,2026-07-21,1,SHORT,PDH,65799.0,65564.909829,65966.288608,lean
BTC,2026-07-21,2,LONG,ONH,66420.65,66500.0,66253.361392,ctx
BTC,2026-07-22,1,SHORT,RND,66000.0,65701.0,66162.767998,lean
BTC,2026-07-22,2,LONG,PDC,66556.16,66739.89,66393.392002,ctx
BTC,2026-07-23,1,LONG,PDC,66114.49,66288.887706,65957.273349,lean
BTC,2026-07-23,2,SHORT,PDL,65553.67,65500.0,65710.886651,ctx
ETH,2022-01-11,1,SHORT,PDC,3082.68,3051.8,3101.822768,lean
ETH,2022-01-11,2,LONG,RND,3125.0,3146.98,3105.857232,ctx
ETH,2022-01-12,1,SHORT,PDH,3263.54,3239.72,3283.693174,lean
ETH,2022-01-12,2,LONG,RND,3325.0,3332.01,3304.846826,ctx
ETH,2022-01-13,1,SHORT,ONL,3310.0,3283.740971,3327.888363,lean
ETH,2022-01-13,2,LONG,PDC,3371.26,3375.0,3353.371637,ctx
ETH,2022-01-14,1,LONG,PDL,3233.43,3240.61,3214.804769,lean
ETH,2022-01-14,2,SHORT,RND,3200.0,3188.0,3218.625231,ctx
ETH,2022-01-17,1,SHORT,RND,3250.0,3233.6,3268.408393,lean
ETH,2022-01-17,2,LONG,PDL,3269.62,3345.915835,3251.211607,ctx
ETH,2022-01-18,1,SHORT,PDL,3141.1,3128.39,3158.753716,lean
ETH,2022-01-18,2,LONG,RND,3175.0,3209.67,3157.346284,ctx
ETH,2022-01-19,1,LONG,RND,3125.0,3159.85,3107.587174,lean
ETH,2022-01-19,2,SHORT,PDL,3082.0,3038.090146,3099.412826,ctx
ETH,2022-01-20,1,LONG,ONH,3155.0,3174.87,3138.005047,lean
ETH,2022-01-20,2,SHORT,RND,3125.0,3084.02,3141.994953,ctx
ETH,2022-01-21,1,SHORT,RND,2775.0,2730.39,2791.894994,ctx
ETH,2022-01-24,1,SHORT,RND,2190.0,2172.22,2205.948448,ctx
ETH,2022-01-25,1,LONG,PDC,2439.29,2440.0,2423.375466,ctx
ETH,2022-01-26,1,LONG,ONH,2548.2,2610.875103,2531.330335,lean
ETH,2022-01-26,2,SHORT,RND,2525.0,2506.55,2541.869665,ctx
ETH,2022-01-27,1,SHORT,PDL,2402.03,2378.481705,2418.928206,lean
ETH,2022-01-27,2,LONG,RND,2460.0,2462.99,2443.101794,ctx
ETH,2022-01-28,1,LONG,PDC,2424.25,2451.735473,2407.789541,lean
ETH,2022-01-28,2,SHORT,RND,2370.0,2357.88,2386.460459,ctx
ETH,2022-01-31,1,SHORT,ONL,2476.07,2458.236822,2493.609967,lean
ETH,2022-01-31,2,LONG,PDL,2542.5,2550.0,2524.960033,ctx
ETH,2022-02-01,1,LONG,ONH,2796.79,2865.161086,2778.804767,lean
ETH,2022-02-01,2,SHORT,RND,2775.0,2706.77,2792.985233,ctx
ETH,2022-02-02,1,LONG,ONH,2810.88,2813.0,2794.31249,lean
ETH,2022-02-02,2,SHORT,RND,2800.0,2787.23,2816.56751,ctx
ETH,2022-02-03,1,SHORT,PDL,2612.72,2576.05,2630.663264,lean
ETH,2022-02-03,2,LONG,RND,2625.0,2680.67,2607.056736,ctx
ETH,2022-02-04,1,LONG,RND,2850.0,2870.0,2833.064093,lean
ETH,2022-02-07,1,LONG,PDH,3074.56,3075.0,3059.807801,lean
ETH,2022-02-07,2,SHORT,PDC,3054.99,3002.146403,3069.742199,ctx
ETH,2022-02-08,1,LONG,RND,3075.0,3136.54909,3059.959481,lean
ETH,2022-02-08,2,SHORT,ONL,3050.0,2996.17091,3065.040519,ctx
ETH,2022-02-09,1,LONG,ONH,3193.53,3232.87,3179.727198,lean
ETH,2022-02-09,2,SHORT,RND,3175.0,3117.076925,3188.802802,ctx
ETH,2022-02-10,1,LONG,RND,3250.0,3269.7,3232.474217,lean
ETH,2022-02-10,2,SHORT,PDC,3243.94,3162.863012,3261.465783,ctx
ETH,2022-02-11,1,LONG,ONH,3122.0,3171.003182,3107.262889,lean
ETH,2022-02-11,2,SHORT,RND,3100.0,3072.49,3114.737111,ctx
ETH,2022-02-14,1,LONG,ONH,2930.0,2954.4,2916.477274,lean
ETH,2022-02-14,2,SHORT,RND,2925.0,2871.13,2938.522726,ctx
ETH,2022-02-15,1,SHORT,RND,3100.0,3048.401449,3113.193261,lean
ETH,2022-02-15,2,LONG,ONH,3117.36,3171.538551,3104.166739,ctx
ETH,2022-02-16,1,SHORT,ONL,3105.0,3051.98574,3119.09877,lean
ETH,2022-02-16,2,LONG,RND,3125.0,3183.52,3110.90123,ctx
ETH,2022-02-17,1,LONG,RND,3075.0,3122.3,3059.182722,lean
ETH,2022-02-17,2,SHORT,PDL,3044.03,3029.44,3059.847278,ctx
ETH,2022-02-18,1,LONG,ONH,2943.97,2976.236894,2928.064237,lean
ETH,2022-02-18,2,SHORT,RND,2900.0,2891.87,2915.905763,ctx
ETH,2022-02-21,1,LONG,PDC,2621.99,2679.735481,2606.920254,lean
ETH,2022-02-21,2,SHORT,RND,2600.0,2591.14,2615.069746,ctx
ETH,2022-02-22,1,LONG,ONH,2629.38,2678.966463,2613.249329,lean
ETH,2022-02-22,2,SHORT,RND,2600.0,2568.02,2616.130671,ctx
ETH,2022-02-24,1,LONG,RND,2370.0,2450.201423,2352.483981,lean
ETH,2022-02-24,2,SHORT,ONL,2300.0,2286.718577,2317.516019,ctx
ETH,2022-02-25,1,SHORT,RND,2700.0,2628.693928,2717.06273,lean
ETH,2022-02-25,2,LONG,ONH,2714.71,2740.0,2697.64727,ctx
ETH,2022-02-28,1,SHORT,RND,2625.0,2616.79,2641.437013,lean
ETH,2022-02-28,2,LONG,ONH,2680.0,2711.876059,2663.562987,ctx
ETH,2022-03-01,1,LONG,PDH,2951.6,2974.3,2932.542997,lean
ETH,2022-03-01,2,SHORT,RND,2950.0,2920.95,2969.057003,ctx
ETH,2022-03-02,1,LONG,PDH,3037.94,3043.91,3020.734823,lean
ETH,2022-03-02,2,SHORT,PDC,2976.33,2975.0,2993.535177,ctx
ETH,2022-03-03,1,LONG,PDL,2914.21,2925.0,2900.37563,lean
ETH,2022-03-03,2,SHORT,ONL,2871.74,2849.629605,2885.57437,ctx
ETH,2022-03-04,1,LONG,PDL,2785.0,2808.722125,2768.154545,lean
ETH,2022-03-04,2,SHORT,RND,2725.0,2687.47,2741.845455,ctx
ETH,2022-03-07,1,LONG,ONH,2632.43,2640.813807,2615.074184,lean
ETH,2022-03-07,2,SHORT,PDC,2551.29,2550.0,2568.645816,ctx
ETH,2022-03-08,1,LONG,ONH,2609.04,2649.0,2592.787315,lean
ETH,2022-03-08,2,SHORT,RND,2575.0,2500.884135,2591.252685,ctx
ETH,2022-03-09,1,LONG,RND,2750.0,2775.85,2733.814863,lean
ETH,2022-03-10,1,SHORT,RND,2600.0,2572.0,2614.801765,lean
ETH,2022-03-11,1,LONG,ONH,2676.78,2729.379505,2660.592963,lean
ETH,2022-03-11,2,SHORT,RND,2650.0,2606.7,2666.187037,ctx
ETH,2022-03-14,1,LONG,PDH,2603.32,2609.6,2587.671014,lean
ETH,2022-03-14,2,SHORT,RND,2575.0,2515.65,2590.648986,ctx
ETH,2022-03-15,1,LONG,PDC,2589.41,2592.760145,2576.989969,lean
ETH,2022-03-15,2,SHORT,RND,2525.0,2507.0,2537.420031,ctx
ETH,2022-03-16,1,SHORT,PDH,2669.0,2628.645707,2681.744491,lean
ETH,2022-03-16,2,LONG,RND,2700.0,2735.0,2687.255509,ctx
ETH,2022-03-17,1,SHORT,RND,2775.0,2773.81,2787.253125,lean
ETH,2022-03-17,2,LONG,ONH,2787.4,2788.0,2775.146875,ctx
ETH,2022-03-18,1,LONG,RND,2800.0,2811.92,2788.329347,lean
ETH,2022-03-18,2,SHORT,ONL,2765.59,2746.42,2777.260653,ctx
ETH,2022-03-21,1,LONG,ONH,2924.17,2964.17,2910.594536,lean
ETH,2022-03-21,2,SHORT,RND,2900.0,2861.38,2913.575464,ctx
ETH,2022-03-22,1,LONG,RND,3025.0,3052.85,3012.507103,lean
ETH,2022-03-23,1,LONG,RND,2950.0,2969.64,2937.162968,lean
ETH,2022-03-23,2,SHORT,ONL,2920.65,2889.42385,2933.487032,ctx
ETH,2022-03-24,1,LONG,RND,3050.0,3081.07,3035.114375,lean
ETH,2022-03-24,2,SHORT,PDH,3045.2,3036.0,3060.085625,ctx
ETH,2022-03-25,1,LONG,RND,3175.0,3179.37,3160.369485,lean
ETH,2022-03-25,2,SHORT,PDH,3129.11,3110.76,3143.740515,ctx
ETH,2022-03-28,1,LONG,RND,3350.0,3357.99,3334.162009,lean
ETH,2022-03-28,2,SHORT,PDH,3299.37,3295.65,3315.207991,ctx
ETH,2022-03-29,1,LONG,ONH,3471.89,3475.0,3456.61338,lean
ETH,2022-03-29,2,SHORT,PDH,3431.15,3393.629106,3446.42662,ctx
ETH,2022-03-30,1,LONG,ONH,3419.0,3481.87,3402.327169,lean
ETH,2022-03-30,2,SHORT,PDC,3400.51,3400.0,3417.182831,ctx
ETH,2022-03-31,1,LONG,ONH,3428.0,3446.9,3411.728821,lean
ETH,2022-03-31,2,SHORT,RND,3400.0,3385.79,3416.271179,ctx
ETH,2022-04-01,1,LONG,ONH,3308.67,3362.453816,3292.064182,lean
ETH,2022-04-01,2,SHORT,PDC,3281.51,3275.0,3298.115818,ctx
ETH,2022-04-04,1,SHORT,RND,3475.0,3447.64,3492.682467,lean
ETH,2022-04-04,2,LONG,PDC,3521.91,3561.598181,3504.227533,ctx
ETH,2022-04-05,1,SHORT,PDC,3519.5,3498.59,3536.413753,lean
ETH,2022-04-05,2,LONG,RND,3525.0,3547.0,3508.086247,ctx
ETH,2022-04-06,1,SHORT,RND,3300.0,3268.0,3316.37306,ctx
ETH,2022-04-07,1,LONG,ONH,3262.03,3322.72929,3246.803009,lean
ETH,2022-04-07,2,SHORT,RND,3250.0,3180.61071,3265.226991,ctx
ETH,2022-04-08,1,SHORT,RND,3250.0,3227.19,3265.479125,lean
ETH,2022-04-08,2,LONG,PDH,3268.98,3314.02,3253.500875,ctx
ETH,2022-04-11,1,SHORT,RND,3050.0,3030.0,3065.392933,ctx
ETH,2022-04-12,1,LONG,ONH,3047.05,3050.0,3031.276962,lean
ETH,2022-04-12,2,SHORT,PDC,2979.74,2967.362489,2995.513038,ctx
ETH,2022-04-13,1,LONG,RND,3025.0,3027.66,3010.477915,lean
ETH,2022-04-13,2,SHORT,ONL,2994.74,2950.0,3009.262085,ctx
ETH,2022-04-14,1,SHORT,ONL,3068.63,3003.739961,3083.424294,lean
ETH,2022-04-14,2,LONG,RND,3075.0,3118.28,3060.205706,ctx
ETH,2022-04-15,1,LONG,ONH,3046.9,3094.962203,3032.396671,lean
ETH,2022-04-15,2,SHORT,RND,3025.0,3021.98,3039.503329,ctx
ETH,2022-04-18,1,LONG,PDL,2981.7,2985.663038,2965.882921,lean
ETH,2022-04-18,2,SHORT,RND,2900.0,2883.22,2915.817079,ctx
ETH,2022-04-19,1,SHORT,ONL,3030.34,2973.115771,3044.995906,lean
ETH,2022-04-19,2,LONG,RND,3050.0,3055.56,3035.344094,ctx
ETH,2022-04-20,1,SHORT,RND,3150.0,3131.0,3163.967235,lean
ETH,2022-04-20,2,LONG,ONH,3166.5,3217.960431,3152.532765,ctx
ETH,2022-04-21,1,LONG,ONH,3159.99,3166.5,3145.235862,lean
ETH,2022-04-21,2,SHORT,RND,3150.0,3082.297356,3164.754138,ctx
ETH,2022-04-22,1,LONG,RND,3025.0,3034.32,3010.689344,lean
ETH,2022-04-22,2,SHORT,PDC,2983.58,2947.576938,2997.890656,ctx
ETH,2022-04-25,1,LONG,PDL,2912.09,2921.0,2898.071302,lean
ETH,2022-04-25,2,SHORT,RND,2850.0,2797.01,2864.018698,ctx
ETH,2022-04-26,1,SHORT,RND,3000.0,2977.93,3014.429612,lean
ETH,2022-04-26,2,LONG,PDC,3006.62,3025.65,2992.190388,ctx
ETH,2022-04-27,1,LONG,ONH,2914.34,2950.604044,2900.236991,lean
ETH,2022-04-27,2,SHORT,RND,2875.0,2818.975956,2889.103009,ctx
ETH,2022-04-28,1,LONG,ONH,2947.47,2992.581996,2933.686715,lean
ETH,2022-04-28,2,SHORT,RND,2925.0,2919.87,2938.783285,ctx
ETH,2022-04-29,1,SHORT,ONL,2834.28,2777.371129,2848.366901,lean
ETH,2022-04-29,2,LONG,RND,2850.0,2853.83,2835.913099,ctx
ETH,2022-05-02,1,LONG,RND,2800.0,2824.81,2786.442945,lean
ETH,2022-05-02,2,SHORT,ONL,2789.63,2731.783742,2803.187055,ctx
ETH,2022-05-03,1,SHORT,ONL,2824.0,2787.433818,2837.194896,lean
ETH,2022-05-03,2,LONG,RND,2850.0,2856.54,2836.805104,ctx
ETH,2022-05-04,1,SHORT,PDH,2861.47,2807.694206,2874.936956,lean
ETH,2022-05-04,2,LONG,RND,2875.0,2888.75,2861.533044,ctx
ETH,2022-05-05,1,SHORT,RND,2925.0,2916.48,2938.009586,lean
ETH,2022-05-05,2,LONG,PDC,2940.64,2954.65,2927.630414,ctx
ETH,2022-05-06,1,LONG,PDL,2683.0,2738.473319,2669.621432,lean
ETH,2022-05-06,2,SHORT,RND,2675.0,2660.2,2688.378568,ctx
ETH,2022-05-09,1,LONG,RND,2410.0,2468.273546,2396.662097,lean
ETH,2022-05-09,2,SHORT,ONL,2362.41,2343.786454,2375.747903,ctx
ETH,2022-05-10,1,LONG,ONH,2439.99,2473.352159,2424.700252,lean
ETH,2022-05-10,2,SHORT,RND,2400.0,2330.647841,2415.289748,ctx
ETH,2022-05-11,1,SHORT,RND,2410.0,2342.05,2427.883688,lean
ETH,2022-05-11,2,LONG,ONH,2451.37,2457.34,2433.486312,ctx
ETH,2022-05-12,1,LONG,PDL,2005.0,2027.29937,1989.027278,lean
ETH,2022-05-12,2,SHORT,RND,1950.0,1878.22063,1965.972722,ctx
ETH,2022-05-13,1,LONG,ONH,2145.0,2184.433982,2130.119147,lean
ETH,2022-05-13,2,SHORT,RND,2110.0,2045.546018,2124.880853,ctx
ETH,2022-05-16,1,SHORT,RND,2030.0,2000.68,2044.93314,lean
ETH,2022-05-17,1,LONG,ONH,2099.99,2144.842265,2086.249515,lean
ETH,2022-05-17,2,SHORT,RND,2080.0,2023.66,2093.740485,ctx
ETH,2022-05-18,1,SHORT,RND,2030.0,2017.84,2043.99439,lean
ETH,2022-05-18,2,LONG,PDC,2090.72,2096.627152,2076.72561,ctx
ETH,2022-05-19,1,LONG,RND,1970.0,1974.62,1956.99656,lean
ETH,2022-05-19,2,SHORT,PDC,1915.11,1908.0,1928.11344,ctx
ETH,2022-05-20,1,LONG,ONH,2064.0,2118.502034,2050.287421,lean
ETH,2022-05-20,2,SHORT,RND,2050.0,2040.39,2063.712579,ctx
ETH,2022-05-23,1,LONG,RND,2070.0,2085.0,2056.126908,lean
ETH,2022-05-23,2,SHORT,PDH,2056.41,2043.19,2070.283092,ctx
ETH,2022-05-24,1,SHORT,PDL,1957.12,1952.35,1969.634745,lean
ETH,2022-05-24,2,LONG,RND,1970.0,1973.32,1957.485255,ctx
ETH,2022-05-25,1,LONG,PDC,1979.41,1993.83,1966.856632,lean
ETH,2022-05-25,2,SHORT,ONL,1942.3,1940.0,1954.853368,ctx
ETH,2022-05-26,1,SHORT,ONL,1800.0,1760.176006,1812.084427,lean
ETH,2022-05-26,2,LONG,RND,1820.0,1872.963994,1807.915573,ctx
ETH,2022-05-27,1,SHORT,RND,1770.0,1735.0,1782.604432,lean
ETH,2022-05-27,2,LONG,PDC,1792.23,1830.070682,1779.625568,ctx
ETH,2022-05-30,1,SHORT,RND,1900.0,1846.94206,1911.935273,lean
ETH,2022-05-30,2,LONG,ONH,1917.68,1958.33794,1905.744727,ctx
ETH,2022-05-31,1,SHORT,ONL,1957.82,1923.132344,1969.703783,lean
ETH,2022-05-31,2,LONG,RND,1980.0,1998.78,1968.116217,ctx
ETH,2022-06-01,1,LONG,RND,1940.0,1941.9,1928.454398,lean
ETH,2022-06-01,2,SHORT,PDL,1925.0,1913.76,1936.545602,ctx
ETH,2022-06-02,1,LONG,RND,1840.0,1844.13,1828.580793,lean
ETH,2022-06-02,2,SHORT,PDC,1817.95,1794.0,1829.369207,ctx
ETH,2022-06-03,1,SHORT,RND,1760.0,1753.0,1770.591946,lean
ETH,2022-06-03,2,LONG,PDL,1782.42,1811.779083,1771.828054,ctx
ETH,2022-06-06,1,LONG,RND,1910.0,1915.47,1900.28908,lean
ETH,2022-06-07,1,SHORT,RND,1750.0,1725.13,1760.895472,lean
ETH,2022-06-07,2,LONG,PDL,1804.35,1804.535534,1793.454528,ctx
ETH,2022-06-08,1,LONG,RND,1810.0,1813.33,1800.157433,ctx
ETH,2022-06-09,1,LONG,RND,1810.0,1833.0,1800.703395,lean
ETH,2022-06-09,2,SHORT,PDC,1791.88,1777.33,1801.176605,ctx
ETH,2022-06-10,1,LONG,PDL,1777.33,1788.81,1768.621129,lean
ETH,2022-06-10,2,SHORT,RND,1770.0,1745.01,1778.708871,ctx
ETH,2022-06-13,1,LONG,RND,1210.0,1254.694747,1200.257554,lean
ETH,2022-06-13,2,SHORT,ONL,1180.0,1163.765253,1189.742446,ctx
ETH,2022-06-14,1,LONG,PDC,1209.82,1214.936085,1201.311553,lean
ETH,2022-06-14,2,SHORT,RND,1175.0,1165.45,1183.508447,ctx
ETH,2022-06-15,1,SHORT,RND,1120.0,1078.539654,1128.895074,lean
ETH,2022-06-16,1,SHORT,RND,1110.0,1093.71,1118.798587,lean
ETH,2022-06-17,1,LONG,RND,1095.0,1118.0,1087.40312,lean
ETH,2022-06-17,2,SHORT,PDC,1068.5,1057.157896,1076.09688,ctx
ETH,2022-06-20,1,SHORT,PDC,1128.53,1114.299341,1136.833713,lean
ETH,2022-06-20,2,LONG,RND,1155.0,1158.62,1146.696287,ctx
ETH,2022-06-21,1,SHORT,RND,1140.0,1128.24,1147.974733,lean
ETH,2022-06-21,2,LONG,PDH,1170.0,1177.77,1162.025267,ctx
ETH,2022-06-22,1,SHORT,RND,1095.0,1066.6,1102.95784,lean
ETH,2022-06-22,2,LONG,PDL,1109.23,1125.85,1101.27216,ctx
ETH,2022-06-23,1,LONG,ONH,1116.59,1127.33,1109.123302,lean
ETH,2022-06-23,2,SHORT,RND,1105.0,1071.745409,1112.466698,ctx
ETH,2022-06-24,1,SHORT,RND,1195.0,1158.150978,1203.091219,lean
ETH,2022-06-24,2,LONG,ONH,1205.52,1233.669022,1197.428781,ctx
ETH,2022-06-27,1,SHORT,RND,1220.0,1197.79,1227.596354,lean
ETH,2022-06-27,2,LONG,ONH,1240.79,1255.45965,1233.193646,ctx
ETH,2022-06-28,1,LONG,RND,1225.0,1233.82,1217.437132,lean
ETH,2022-06-28,2,SHORT,PDC,1192.51,1188.186616,1200.072868,ctx
ETH,2022-06-29,1,LONG,RND,1120.0,1136.32,1112.342216,lean
ETH,2022-06-29,2,SHORT,ONL,1102.4,1082.213676,1110.057784,ctx
ETH,2022-06-30,1,SHORT,ONL,1011.87,982.750581,1019.528447,lean
ETH,2022-06-30,2,LONG,RND,1020.0,1054.229419,1012.341553,ctx
ETH,2022-07-01,1,LONG,PDC,1071.01,1082.928243,1064.001091,lean
ETH,2022-07-01,2,SHORT,RND,1050.0,1017.511757,1057.008909,ctx
ETH,2022-07-04,1,SHORT,RND,1100.0,1088.34,1106.20393,lean
ETH,2022-07-04,2,LONG,ONH,1106.14,1129.951675,1099.93607,ctx
ETH,2022-07-05,1,SHORT,RND,1110.0,1107.79,1116.218418,lean
ETH,2022-07-06,1,SHORT,PDC,1132.5,1111.44,1137.942485,lean
ETH,2022-07-06,2,LONG,RND,1135.0,1155.7,1129.557515,ctx
ETH,2022-07-07,1,SHORT,RND,1185.0,1161.59,1190.559176,lean
ETH,2022-07-07,2,LONG,PDC,1186.57,1205.0,1181.010824,ctx
ETH,2022-07-08,1,LONG,PDC,1237.49,1248.920329,1231.577787,lean
ETH,2022-07-08,2,SHORT,RND,1220.0,1204.15,1225.912213,ctx
ETH,2022-07-11,1,SHORT,ONL,1137.57,1118.337977,1142.976862,lean
ETH,2022-07-11,2,LONG,RND,1145.0,1153.0,1139.593138,ctx
ETH,2022-07-12,1,SHORT,RND,1065.0,1053.76,1070.337854,ctx
ETH,2022-07-13,1,LONG,ONH,1084.46,1098.26,1077.999354,lean
ETH,2022-07-13,2,SHORT,RND,1080.0,1051.880319,1086.460646,ctx
ETH,2022-07-14,1,SHORT,RND,1080.0,1072.11,1086.05332,ctx
ETH,2022-07-15,1,SHORT,RND,1210.0,1193.42,1217.410877,lean
ETH,2022-07-15,2,LONG,PDH,1214.65,1230.0,1207.239123,ctx
ETH,2022-07-18,1,LONG,RND,1480.0,1509.91,1472.896941,lean
ETH,2022-07-19,1,LONG,PDC,1581.04,1589.957122,1570.724902,lean
ETH,2022-07-19,2,SHORT,RND,1540.0,1493.682878,1550.315098,ctx
ETH,2022-07-20,1,LONG,ONH,1614.0,1631.0,1604.927438,lean
ETH,2022-07-20,2,SHORT,RND,1600.0,1560.571377,1609.072562,ctx
ETH,2022-07-21,1,LONG,RND,1490.0,1521.58,1480.583652,lean
ETH,2022-07-21,2,SHORT,PDL,1484.23,1463.56,1493.646348,ctx
ETH,2022-07-22,1,LONG,RND,1640.0,1650.05,1630.384365,lean
ETH,2022-07-22,2,SHORT,PDH,1605.98,1594.207036,1615.595635,ctx
ETH,2022-07-25,1,LONG,RND,1540.0,1545.67,1529.63547,lean
ETH,2022-07-25,2,SHORT,ONL,1498.95,1489.132191,1509.31453,ctx
ETH,2022-07-26,1,LONG,RND,1410.0,1435.58,1401.004765,lean
ETH,2022-07-26,2,SHORT,ONL,1385.08,1364.352237,1394.075235,ctx
ETH,2022-07-27,1,LONG,PDH,1454.11,1474.96,1445.585679,lean
ETH,2022-07-27,2,SHORT,RND,1450.0,1449.12,1458.524321,ctx
ETH,2022-07-28,1,SHORT,RND,1640.0,1635.74,1649.455671,lean
ETH,2022-07-28,2,LONG,PDH,1644.44,1677.0,1634.984329,ctx
ETH,2022-07-29,1,LONG,PDC,1724.52,1736.136987,1712.788503,lean
ETH,2022-07-29,2,SHORT,RND,1680.0,1664.27,1691.731497,ctx
ETH,2022-08-01,1,LONG,RND,1670.0,1678.12,1659.757727,lean
ETH,2022-08-01,2,SHORT,PDL,1666.0,1641.09,1676.242273,ctx
ETH,2022-08-02,1,LONG,RND,1590.0,1606.12,1581.149232,lean
ETH,2022-08-02,2,SHORT,ONL,1559.28,1546.056414,1568.130768,ctx
ETH,2022-08-03,1,LONG,RND,1670.0,1672.99,1659.907059,lean
ETH,2022-08-03,2,SHORT,PDC,1630.91,1618.43961,1641.002941,ctx
ETH,2022-08-04,1,SHORT,ONL,1606.27,1589.71,1613.880524,lean
ETH,2022-08-04,2,LONG,PDC,1618.16,1620.0,1610.549476,ctx
ETH,2022-08-05,1,SHORT,RND,1710.0,1669.275523,1719.461674,lean
ETH,2022-08-05,2,LONG,ONH,1717.87,1757.584477,1708.408326,ctx
ETH,2022-08-08,1,LONG,RND,1790.0,1792.65,1781.275973,lean
ETH,2022-08-09,1,SHORT,RND,1700.0,1693.87,1708.357815,ctx
ETH,2022-08-10,1,LONG,RND,1710.0,1716.74,1698.545683,lean
ETH,2022-08-10,2,SHORT,PDC,1702.76,1667.93,1714.214317,ctx
ETH,2022-08-11,1,LONG,ONH,1918.19,1952.497526,1907.707673,lean
ETH,2022-08-11,2,SHORT,RND,1900.0,1885.0,1910.482327,ctx
ETH,2022-08-12,1,LONG,RND,1870.0,1880.19,1860.964322,lean
ETH,2022-08-12,2,SHORT,ONL,1853.06,1850.32,1862.095678,ctx
ETH,2022-08-15,1,LONG,PDL,1906.0,1934.493567,1896.729236,lean
ETH,2022-08-15,2,SHORT,RND,1890.0,1875.01,1899.270764,ctx
ETH,2022-08-16,1,LONG,RND,1910.0,1917.7,1900.990144,lean
ETH,2022-08-16,2,SHORT,PDC,1899.06,1872.31,1908.069856,ctx
ETH,2022-08-17,1,LONG,RND,1880.0,1915.0,1871.779694,lean
ETH,2022-08-17,2,SHORT,PDC,1876.67,1866.6,1884.890306,ctx
ETH,2022-08-17,3,FADE,RND,1880.0,1876.67,1888.220306,ctx
ETH,2022-08-18,1,LONG,RND,1860.0,1866.54,1851.740393,lean
ETH,2022-08-18,2,SHORT,PDC,1834.25,1821.25,1842.509607,ctx
ETH,2022-08-19,1,SHORT,ONL,1683.0,1666.918437,1691.745335,lean
ETH,2022-08-19,2,LONG,RND,1710.0,1748.541563,1701.254665,ctx
ETH,2022-08-22,1,LONG,RND,1570.0,1603.807273,1562.27987,lean
ETH,2022-08-22,2,SHORT,PDL,1562.34,1531.752727,1570.06013,ctx
ETH,2022-08-23,1,LONG,PDC,1624.66,1629.72,1616.867365,lean
ETH,2022-08-23,2,SHORT,RND,1620.0,1584.124369,1627.792635,ctx
ETH,2022-08-24,1,LONG,PDC,1665.41,1673.0,1657.91032,lean
ETH,2022-08-24,2,SHORT,RND,1650.0,1615.921491,1657.49968,ctx
ETH,2022-08-25,1,SHORT,RND,1710.0,1694.13,1717.459471,lean
ETH,2022-08-25,2,LONG,ONH,1716.56,1744.920864,1709.100529,ctx
ETH,2022-08-26,1,SHORT,ONL,1620.5,1587.25627,1629.472942,lean
ETH,2022-08-26,2,LONG,RND,1630.0,1653.68,1621.027058,ctx
ETH,2022-08-29,1,LONG,RND,1450.0,1481.02,1442.021207,lean
ETH,2022-08-29,2,SHORT,PDC,1426.76,1424.0,1434.738793,ctx
ETH,2022-08-30,1,LONG,ONH,1606.13,1625.377555,1597.451952,lean
ETH,2022-08-30,2,SHORT,RND,1580.0,1559.99,1588.678048,ctx
ETH,2022-08-31,1,LONG,PDH,1606.13,1619.78,1596.584901,lean
ETH,2022-08-31,2,SHORT,RND,1590.0,1550.346205,1599.545099,ctx
ETH,2022-09-01,1,LONG,RND,1580.0,1586.34,1570.76007,lean
ETH,2022-09-01,2,SHORT,PDC,1554.1,1534.870325,1563.33993,ctx
ETH,2022-09-02,1,SHORT,RND,1590.0,1586.16,1599.96325,lean
ETH,2022-09-02,2,LONG,PDH,1599.0,1611.9,1589.03675,ctx
ETH,2022-09-05,1,LONG,RND,1570.0,1579.28,1562.311231,lean
ETH,2022-09-05,2,SHORT,ONL,1556.56,1540.66,1564.248769,ctx
ETH,2022-09-06,1,LONG,RND,1670.0,1678.7,1662.468154,lean
ETH,2022-09-07,1,SHORT,RND,1510.0,1490.66,1518.636398,ctx
ETH,2022-09-08,1,SHORT,PDC,1630.0,1595.06,1638.973585,lean
ETH,2022-09-08,2,LONG,RND,1640.0,1657.5,1631.026415,ctx
ETH,2022-09-09,1,LONG,ONH,1717.98,1741.311338,1709.144713,lean
ETH,2022-09-09,2,SHORT,RND,1700.0,1663.56,1708.835287,ctx
ETH,2022-09-12,1,LONG,RND,1750.0,1766.11,1741.634907,lean
ETH,2022-09-12,2,SHORT,PDL,1720.1,1711.75,1728.465093,ctx
ETH,2022-09-13,1,LONG,RND,1740.0,1746.72,1728.865639,lean
ETH,2022-09-13,2,SHORT,PDC,1716.37,1693.0,1727.504361,ctx
ETH,2022-09-14,1,LONG,RND,1600.0,1623.84,1590.780621,lean
ETH,2022-09-14,2,SHORT,PDC,1574.4,1560.54,1583.619379,ctx
ETH,2022-09-15,1,SHORT,RND,1590.0,1571.5,1597.377652,lean
ETH,2022-09-15,2,FADE,PDC,1638.39,1571.5,1645.767652,ctx
ETH,2022-09-16,1,LONG,RND,1480.0,1490.42,1470.779459,lean
ETH,2022-09-16,2,SHORT,PDC,1472.75,1458.0,1481.970541,ctx
ETH,2022-09-19,1,LONG,RND,1310.0,1325.55,1301.165863,lean
ETH,2022-09-19,2,SHORT,ONL,1280.0,1266.674027,1288.834137,ctx
ETH,2022-09-20,1,SHORT,ONL,1342.24,1315.53666,1350.96643,lean
ETH,2022-09-20,2,LONG,RND,1360.0,1375.98,1351.27357,ctx
ETH,2022-09-21,1,LONG,ONH,1353.8,1384.78,1345.855094,lean
ETH,2022-09-21,2,SHORT,RND,1350.0,1322.93,1357.944906,ctx
ETH,2022-09-22,1,LONG,RND,1310.0,1313.02,1302.200465,lean
ETH,2022-09-23,1,LONG,RND,1290.0,1324.91516,1282.033894,lean
ETH,2022-09-23,2,SHORT,ONL,1282.14,1250.56484,1290.106106,ctx
ETH,2022-09-26,1,LONG,RND,1300.0,1325.06,1291.658096,lean
ETH,2022-09-26,2,SHORT,PDC,1294.63,1269.27,1302.971904,ctx
ETH,2022-09-27,1,LONG,RND,1390.0,1399.06,1382.172336,lean
ETH,2022-09-28,1,LONG,RND,1300.0,1303.75,1291.522008,ctx
ETH,2022-09-29,1,SHORT,ONL,1313.55,1297.741466,1321.868257,lean
ETH,2022-09-29,2,LONG,PDC,1337.2,1340.0,1328.881743,ctx
ETH,2022-09-30,1,LONG,PDC,1335.7,1352.02,1328.705347,lean
ETH,2022-09-30,2,SHORT,RND,1330.0,1320.12,1336.994653,ctx
ETH,2022-10-03,1,LONG,RND,1300.0,1305.57,1293.256218,lean
ETH,2022-10-03,2,SHORT,PDC,1276.72,1270.0,1283.463782,ctx
ETH,2022-10-04,1,SHORT,PDH,1329.9,1323.09,1336.24988,lean
ETH,2022-10-04,2,LONG,RND,1350.0,1359.67,1343.65012,ctx
ETH,2022-10-05,1,SHORT,ONL,1331.41,1318.66,1337.541067,lean
ETH,2022-10-05,2,LONG,RND,1340.0,1361.49,1333.868933,ctx
ETH,2022-10-05,3,FADE,RND,1340.0,1331.41,1346.131067,ctx
ETH,2022-10-06,1,LONG,RND,1370.0,1383.99,1363.887924,lean
ETH,2022-10-06,2,SHORT,PDH,1364.77,1352.2,1370.882076,ctx
ETH,2022-10-07,1,LONG,ONH,1361.75,1383.99,1355.261085,lean
ETH,2022-10-07,2,SHORT,PDC,1352.06,1350.0,1358.548915,ctx
ETH,2022-10-10,1,LONG,RND,1320.0,1323.13,1313.888213,lean
ETH,2022-10-10,2,SHORT,PDL,1307.26,1296.36,1313.371787,ctx
ETH,2022-10-11,1,LONG,PDL,1288.0,1290.0,1282.049418,lean
ETH,2022-10-11,2,SHORT,ONL,1267.01,1258.950617,1272.960582,ctx
ETH,2022-10-12,1,LONG,PDH,1298.0,1300.0,1292.235404,lean
ETH,2022-10-12,2,SHORT,PDC,1280.11,1274.73,1285.874596,ctx
ETH,2022-10-13,1,LONG,RND,1245.0,1270.954314,1239.029076,lean
ETH,2022-10-13,2,SHORT,ONL,1220.41,1215.225686,1226.380924,ctx
ETH,2022-10-14,1,SHORT,PDH,1301.58,1297.213475,1307.720684,lean
ETH,2022-10-14,2,LONG,RND,1330.0,1342.0,1323.859316,ctx
ETH,2022-10-17,1,LONG,RND,1320.0,1325.91,1313.967571,lean
ETH,2022-10-17,2,SHORT,PDH,1315.35,1305.95,1321.382429,ctx
ETH,2022-10-18,1,SHORT,ONL,1318.15,1296.41224,1324.466663,lean
ETH,2022-10-18,2,LONG,RND,1330.0,1331.4,1323.683337,ctx
ETH,2022-10-19,1,SHORT,RND,1300.0,1291.93,1305.777241,lean
ETH,2022-10-19,2,LONG,PDC,1310.71,1315.84,1304.932759,ctx
ETH,2022-10-20,1,LONG,RND,1300.0,1302.36,1294.063927,lean
ETH,2022-10-20,2,SHORT,PDC,1285.09,1280.31,1291.026073,ctx
ETH,2022-10-21,1,LONG,RND,1280.0,1282.57,1274.075568,lean
ETH,2022-10-21,2,SHORT,ONL,1272.73,1270.36,1278.654432,ctx
ETH,2022-10-24,1,SHORT,RND,1350.0,1332.33,1356.301497,lean
ETH,2022-10-24,2,LONG,PDC,1364.2,1371.55,1357.898503,ctx
ETH,2022-10-25,1,SHORT,PDC,1343.61,1334.94,1349.660261,lean
ETH,2022-10-25,2,LONG,RND,1350.0,1351.81,1343.949739,ctx
ETH,2022-10-26,1,LONG,RND,1530.0,1556.0,1522.289485,lean
ETH,2022-10-26,2,SHORT,PDH,1525.16,1492.507599,1532.870515,ctx
ETH,2022-10-27,1,LONG,PDC,1566.1,1584.62,1558.101743,lean
ETH,2022-10-27,2,SHORT,RND,1550.0,1532.06,1557.998257,ctx
ETH,2022-10-28,1,LONG,RND,1500.0,1503.2,1492.816777,lean
ETH,2022-10-28,2,SHORT,ONL,1484.61,1464.668292,1491.793223,ctx
ETH,2022-10-31,1,LONG,ONH,1635.8,1640.06,1627.814872,lean
ETH,2022-10-31,2,SHORT,RND,1620.0,1590.44,1627.985128,ctx
ETH,2022-11-01,1,LONG,ONH,1612.92,1628.851428,1604.654694,lean
ETH,2022-11-01,2,SHORT,RND,1590.0,1572.69,1598.265306,ctx
ETH,2022-11-02,1,LONG,RND,1560.0,1563.69,1552.523608,lean
ETH,2022-11-02,2,SHORT,ONL,1536.25,1521.050169,1543.726392,ctx
ETH,2022-11-03,1,LONG,ONH,1559.01,1561.373186,1552.705032,lean
ETH,2022-11-03,2,SHORT,RND,1530.0,1518.34,1536.304968,ctx
ETH,2022-11-04,1,LONG,RND,1580.0,1600.28,1572.07221,lean
ETH,2022-11-04,2,SHORT,PDH,1559.01,1540.243648,1566.93779,ctx
ETH,2022-11-07,1,SHORT,RND,1580.0,1568.29,1588.04722,lean
ETH,2022-11-07,2,LONG,ONH,1603.81,1622.063695,1595.76278,ctx
ETH,2022-11-08,1,LONG,RND,1480.0,1513.550397,1472.572772,ctx
ETH,2022-11-09,1,SHORT,RND,1225.0,1179.311347,1235.225426,lean
ETH,2022-11-09,2,LONG,PDL,1233.0,1274.748653,1222.774574,ctx
ETH,2022-11-10,1,LONG,RND,1215.0,1234.2,1205.858272,lean
ETH,2022-11-11,1,SHORT,RND,1290.0,1244.46568,1299.950211,lean
ETH,2022-11-11,2,LONG,PDC,1299.28,1327.83,1289.329789,ctx
ETH,2022-11-14,1,SHORT,RND,1260.0,1223.363953,1268.776296,lean
ETH,2022-11-14,2,LONG,PDH,1274.23,1276.26,1265.453704,ctx
ETH,2022-11-15,1,LONG,RND,1270.0,1279.3,1261.339458,lean
ETH,2022-11-15,2,SHORT,PDC,1243.28,1226.904136,1251.940542,ctx
ETH,2022-11-16,1,SHORT,RND,1220.0,1214.31,1228.297881,lean
ETH,2022-11-16,2,LONG,PDL,1234.01,1253.23,1225.712119,ctx
ETH,2022-11-17,1,LONG,RND,1205.0,1216.17,1196.947501,lean
ETH,2022-11-17,2,SHORT,PDL,1187.06,1181.05,1195.112499,ctx
ETH,2022-11-18,1,LONG,RND,1220.0,1228.22,1212.545592,lean
ETH,2022-11-18,2,SHORT,PDC,1200.43,1196.27,1207.884408,ctx
ETH,2022-11-21,1,SHORT,RND,1125.0,1105.65,1132.235605,lean
ETH,2022-11-21,2,LONG,PDL,1132.65,1142.21,1125.414395,ctx
ETH,2022-11-22,1,LONG,RND,1100.0,1107.34,1092.930815,lean
ETH,2022-11-22,2,SHORT,PDL,1079.76,1075.0,1086.829185,ctx
ETH,2022-11-23,1,SHORT,PDH,1146.13,1139.6,1153.357314,lean
ETH,2022-11-23,2,LONG,RND,1165.0,1184.25,1157.772686,ctx
ETH,2022-11-24,1,SHORT,PDH,1190.0,1184.52,1196.515056,lean
ETH,2022-11-24,2,LONG,RND,1195.0,1217.71,1188.484944,ctx
ETH,2022-11-25,1,SHORT,RND,1190.0,1180.6,1195.41903,lean
ETH,2022-11-25,2,LONG,PDC,1203.73,1206.17,1198.31097,ctx
ETH,2022-11-28,1,LONG,PDL,1188.65,1193.88,1183.275313,lean
ETH,2022-11-28,2,SHORT,RND,1170.0,1158.12,1175.374687,ctx
ETH,2022-11-29,1,LONG,ONH,1223.0,1239.502109,1218.017405,lean
ETH,2022-11-29,2,SHORT,RND,1215.0,1199.25,1219.982595,ctx
ETH,2022-11-30,1,LONG,RND,1260.0,1282.781994,1254.861001,lean
ETH,2022-12-01,1,LONG,RND,1290.0,1294.46,1284.640713,lean
ETH,2022-12-01,2,SHORT,ONL,1276.13,1263.429995,1281.489287,ctx
ETH,2022-12-02,1,LONG,ONH,1294.53,1299.9,1289.178977,lean
ETH,2022-12-02,2,SHORT,RND,1290.0,1276.41,1295.351023,ctx
ETH,2022-12-05,1,LONG,ONH,1305.11,1315.340134,1299.7464,lean
ETH,2022-12-05,2,SHORT,RND,1290.0,1287.19,1295.3636,ctx
ETH,2022-12-06,1,LONG,PDC,1259.41,1260.0,1253.991305,lean
ETH,2022-12-06,2,SHORT,PDL,1246.61,1242.0,1252.028695,ctx
ETH,2022-12-07,1,LONG,RND,1225.0,1241.56,1219.530061,lean
ETH,2022-12-07,2,SHORT,ONL,1218.01,1198.81362,1223.479939,ctx
ETH,2022-12-08,1,LONG,RND,1240.0,1245.43,1234.702766,lean
ETH,2022-12-08,2,SHORT,PDC,1231.18,1222.01,1236.477234,ctx
ETH,2022-12-09,1,SHORT,PDC,1280.18,1273.13,1285.713907,lean
ETH,2022-12-09,2,LONG,RND,1290.0,1292.58,1284.466093,ctx
ETH,2022-12-12,1,LONG,RND,1250.0,1255.85,1244.567354,lean
ETH,2022-12-12,2,SHORT,ONL,1240.03,1222.637653,1245.462646,ctx
ETH,2022-12-13,1,SHORT,RND,1290.0,1278.9,1297.049516,lean
ETH,2022-12-13,2,LONG,ONH,1299.95,1323.077743,1292.900484,ctx
ETH,2022-12-14,1,LONG,ONH,1333.24,1349.0,1327.530978,lean
ETH,2022-12-14,2,SHORT,RND,1330.0,1320.69,1335.709022,ctx
ETH,2022-12-15,1,LONG,RND,1290.0,1301.0,1284.112612,lean
ETH,2022-12-15,2,SHORT,ONL,1281.12,1259.185525,1287.007388,ctx
ETH,2022-12-16,1,LONG,RND,1215.0,1238.753076,1209.614341,lean
ETH,2022-12-16,2,SHORT,ONL,1205.5,1188.486924,1210.885659,ctx
ETH,2022-12-19,1,LONG,ONH,1195.0,1199.54,1189.542843,lean
ETH,2022-12-19,2,SHORT,RND,1185.0,1183.06,1190.457157,ctx
ETH,2022-12-20,1,LONG,RND,1215.0,1219.08,1209.60562,lean
ETH,2022-12-20,2,SHORT,PDH,1195.0,1188.366224,1200.39438,ctx
ETH,2022-12-21,1,LONG,RND,1215.0,1216.94,1209.825253,lean
ETH,2022-12-21,2,SHORT,ONL,1203.02,1189.091181,1208.194747,ctx
ETH,2022-12-22,1,SHORT,RND,1215.0,1213.78,1220.16131,lean
ETH,2022-12-22,2,LONG,ONH,1221.63,1223.39,1216.46869,ctx
ETH,2022-12-23,1,LONG,RND,1225.0,1229.35,1219.855848,lean
ETH,2022-12-23,2,SHORT,PDC,1217.71,1214.74,1222.854152,ctx
ETH,2022-12-26,1,SHORT,PDC,1218.51,1215.84,1223.618292,lean
ETH,2022-12-26,2,LONG,RND,1220.0,1224.2,1214.891708,ctx
ETH,2022-12-27,1,LONG,PDC,1228.11,1231.09,1223.019604,ctx
ETH,2022-12-28,1,LONG,RND,1195.0,1200.58,1189.920886,lean
ETH,2022-12-28,2,SHORT,ONL,1186.69,1170.347466,1191.769114,ctx
ETH,2022-12-29,1,LONG,RND,1200.0,1202.99,1195.008289,lean
ETH,2022-12-29,2,SHORT,PDC,1190.15,1184.94,1195.141711,ctx
ETH,2022-12-30,1,SHORT,RND,1190.0,1186.77,1194.975914,lean
ETH,2022-12-30,2,LONG,PDC,1200.49,1204.18,1195.514086,ctx
ETH,2023-01-02,1,LONG,ONH,1224.29,1239.83803,1219.314708,lean
ETH,2023-01-02,2,SHORT,RND,1215.0,1204.67,1219.975292,ctx
ETH,2023-01-03,1,LONG,ONH,1219.89,1224.29,1214.858088,lean
ETH,2023-01-03,2,SHORT,RND,1215.0,1214.0,1220.031912,ctx
ETH,2023-01-04,1,LONG,ONH,1264.0,1274.482893,1258.965809,lean
ETH,2023-01-04,2,SHORT,RND,1250.0,1227.497107,1255.034191,ctx
ETH,2023-01-05,1,LONG,PDC,1256.9,1259.95,1251.590291,lean
ETH,2023-01-05,2,SHORT,RND,1250.0,1245.3,1255.309709,ctx
ETH,2023-01-06,1,LONG,RND,1245.0,1251.24,1239.733289,lean
ETH,2023-01-06,2,SHORT,PDL,1242.81,1237.98,1248.076711,ctx
ETH,2023-01-09,1,LONG,RND,1320.0,1327.5,1314.645292,lean
ETH,2023-01-09,2,SHORT,PDH,1296.0,1294.891365,1301.354708,ctx
ETH,2023-01-10,1,LONG,RND,1330.0,1334.73,1324.533359,lean
ETH,2023-01-10,2,SHORT,PDC,1320.39,1315.08,1325.856641,ctx
ETH,2023-01-11,1,LONG,PDC,1335.62,1341.5,1330.105798,lean
ETH,2023-01-11,2,SHORT,RND,1330.0,1327.19,1335.514202,ctx
ETH,2023-01-12,1,LONG,RND,1400.0,1418.77,1394.02375,lean
ETH,2023-01-12,2,SHORT,PDH,1398.0,1389.39,1403.97625,ctx
ETH,2023-01-13,1,LONG,RND,1410.0,1415.92,1403.909635,lean
ETH,2023-01-13,2,SHORT,ONL,1401.03,1378.368297,1407.120365,ctx
ETH,2023-01-16,1,LONG,RND,1540.0,1552.52,1532.634261,lean
ETH,2023-01-16,2,SHORT,ONL,1523.2,1516.03,1530.565739,ctx
ETH,2023-01-17,1,LONG,PDC,1576.94,1582.69,1569.208203,lean
ETH,2023-01-17,2,SHORT,RND,1570.0,1541.15,1577.731797,ctx
ETH,2023-01-18,1,LONG,ONH,1592.01,1609.0,1584.960256,lean
ETH,2023-01-18,2,SHORT,RND,1580.0,1565.57,1587.049744,ctx
ETH,2023-01-19,1,LONG,RND,1520.0,1533.28,1513.094793,lean
ETH,2023-01-19,2,SHORT,PDC,1511.43,1507.9,1518.335207,ctx
ETH,2023-01-20,1,LONG,RND,1560.0,1563.88,1553.015459,lean
ETH,2023-01-20,2,SHORT,PDC,1551.09,1542.02,1558.074541,ctx
ETH,2023-01-23,1,LONG,RND,1640.0,1642.58,1632.564783,lean
ETH,2023-01-23,2,SHORT,PDC,1627.44,1623.86,1634.875217,ctx
ETH,2023-01-24,1,SHORT,PDC,1626.29,1614.39,1634.005732,lean
ETH,2023-01-24,2,LONG,RND,1630.0,1641.46,1622.284268,ctx
ETH,2023-01-25,1,LONG,ONH,1565.27,1594.589835,1557.887893,lean
ETH,2023-01-25,2,SHORT,RND,1560.0,1555.97,1567.382107,ctx
ETH,2023-01-26,1,LONG,RND,1620.0,1632.84,1612.35235,lean
ETH,2023-01-26,2,SHORT,PDC,1611.94,1580.54,1619.58765,ctx
ETH,2023-01-27,1,SHORT,ONL,1552.54,1540.968235,1559.866807,lean
ETH,2023-01-27,2,LONG,PDL,1577.43,1580.0,1570.103193,ctx
ETH,2023-01-30,1,SHORT,ONL,1567.68,1566.33,1575.744125,lean
ETH,2023-01-30,2,LONG,RND,1580.0,1615.032585,1571.935875,ctx
ETH,2023-01-31,1,LONG,ONH,1583.98,1606.916849,1576.853532,lean
ETH,2023-01-31,2,SHORT,RND,1570.0,1566.2,1577.126468,ctx
ETH,2023-02-01,1,SHORT,ONL,1566.24,1561.63,1573.060987,lean
ETH,2023-02-01,2,LONG,RND,1580.0,1585.33,1573.179013,ctx
ETH,2023-02-02,1,LONG,RND,1680.0,1696.38,1672.487448,lean
ETH,2023-02-02,2,SHORT,PDH,1647.77,1641.68,1655.282552,ctx
ETH,2023-02-03,1,LONG,ONH,1656.39,1686.109462,1649.089401,lean
ETH,2023-02-03,2,SHORT,RND,1650.0,1643.12,1657.300599,ctx
ETH,2023-02-06,1,LONG,ONH,1642.53,1667.48214,1635.194541,lean
ETH,2023-02-06,2,SHORT,RND,1630.0,1629.02,1637.335459,ctx
ETH,2023-02-07,1,LONG,ONH,1647.87,1658.56,1641.005617,lean
ETH,2023-02-07,2,SHORT,RND,1640.0,1614.29,1646.864383,ctx
ETH,2023-02-08,1,SHORT,PDC,1671.03,1670.0,1678.554629,lean
ETH,2023-02-08,2,LONG,PDH,1678.37,1697.91,1670.845371,ctx
ETH,2023-02-09,1,LONG,RND,1640.0,1650.43,1632.568132,lean
ETH,2023-02-09,2,SHORT,PDL,1630.47,1608.8,1637.901868,ctx
ETH,2023-02-10,1,LONG,PDC,1545.35,1555.01,1538.895021,lean
ETH,2023-02-10,2,SHORT,RND,1530.0,1529.36,1536.454979,ctx
ETH,2023-02-13,1,LONG,RND,1490.0,1493.08,1483.18044,lean
ETH,2023-02-13,2,SHORT,ONL,1466.0,1455.495386,1472.81956,ctx
ETH,2023-02-14,1,SHORT,RND,1510.0,1505.24,1516.313257,lean
ETH,2023-02-14,2,LONG,ONH,1519.82,1526.1,1513.506743,ctx
ETH,2023-02-15,1,SHORT,PDH,1569.0,1555.71,1576.003596,lean
ETH,2023-02-15,2,LONG,RND,1590.0,1593.67,1582.996404,ctx
ETH,2023-02-16,1,SHORT,PDH,1680.0,1674.92,1687.206454,lean
ETH,2023-02-16,2,LONG,RND,1690.0,1712.24,1682.793546,ctx
ETH,2023-02-17,1,LONG,RND,1670.0,1674.75,1662.722861,lean
ETH,2023-02-17,2,SHORT,PDC,1637.84,1633.72,1645.117139,ctx
ETH,2023-02-20,1,LONG,RND,1710.0,1719.89,1702.436105,lean
ETH,2023-02-20,2,SHORT,PDC,1679.75,1671.691822,1687.313895,ctx
ETH,2023-02-21,1,LONG,RND,1680.0,1703.27,1672.927102,lean
ETH,2023-02-21,2,SHORT,ONL,1665.73,1650.56,1672.802898,ctx
ETH,2023-02-22,1,LONG,PDC,1659.76,1666.95,1652.972042,lean
ETH,2023-02-22,2,SHORT,RND,1640.0,1636.3,1646.787958,ctx
ETH,2023-02-23,1,SHORT,PDC,1643.14,1628.75,1649.959723,lean
ETH,2023-02-23,2,LONG,RND,1650.0,1666.95,1643.180277,ctx
ETH,2023-02-24,1,SHORT,ONL,1641.08,1628.75,1647.913478,lean
ETH,2023-02-24,2,LONG,RND,1650.0,1650.53,1643.166522,ctx
ETH,2023-02-27,1,LONG,RND,1640.0,1641.36,1632.738515,lean
ETH,2023-02-27,2,SHORT,ONL,1631.15,1605.703068,1638.411485,ctx
ETH,2023-02-28,1,SHORT,PDC,1633.45,1616.34,1640.110747,lean
ETH,2023-02-28,2,LONG,ONH,1639.3,1640.0,1632.639253,ctx
ETH,2023-03-01,1,LONG,ONH,1669.72,1683.665544,1663.086669,lean
ETH,2023-03-01,2,SHORT,RND,1650.0,1647.52,1656.633331,ctx
ETH,2023-03-02,1,LONG,PDC,1665.22,1667.699756,1658.210767,lean
ETH,2023-03-02,2,SHORT,ONL,1632.38,1630.0,1639.389233,ctx
ETH,2023-03-03,1,SHORT,ONL,1544.39,1533.623205,1551.229313,lean
ETH,2023-03-03,2,LONG,RND,1570.0,1597.456795,1563.160687,ctx
ETH,2023-03-06,1,SHORT,RND,1560.0,1554.44,1566.127197,lean
ETH,2023-03-06,2,LONG,PDC,1564.58,1572.8,1558.452803,ctx
ETH,2023-03-07,1,SHORT,PDC,1565.84,1561.48,1572.304681,lean
ETH,2023-03-07,2,LONG,RND,1570.0,1583.49,1563.535319,ctx
ETH,2023-03-08,1,LONG,PDC,1561.96,1570.89,1555.590769,lean
ETH,2023-03-08,2,SHORT,RND,1550.0,1548.0,1556.369231,ctx
ETH,2023-03-09,1,SHORT,RND,1530.0,1523.61,1536.337067,lean
ETH,2023-03-09,2,LONG,PDC,1532.38,1548.19,1526.042933,ctx
ETH,2023-03-10,1,LONG,RND,1400.0,1408.0,1393.875556,lean
ETH,2023-03-10,2,SHORT,ONL,1368.39,1367.499261,1374.514444,ctx
ETH,2023-03-13,1,LONG,PDH,1594.19,1611.231187,1587.726889,lean
ETH,2023-03-13,2,SHORT,PDC,1580.33,1580.0,1586.793111,ctx
ETH,2023-03-14,1,LONG,PDH,1693.49,1695.0,1684.142589,lean
ETH,2023-03-14,2,SHORT,RND,1680.0,1673.45,1689.347411,ctx
ETH,2023-03-15,1,SHORT,PDL,1655.24,1650.54,1663.391124,lean
ETH,2023-03-15,2,LONG,RND,1680.0,1699.4,1671.848876,ctx
ETH,2023-03-16,1,SHORT,RND,1660.0,1649.96,1667.918621,lean
ETH,2023-03-16,2,LONG,ONH,1669.99,1697.313563,1662.071379,ctx
ETH,2023-03-17,1,SHORT,RND,1760.0,1723.656009,1768.027998,lean
ETH,2023-03-17,2,LONG,ONH,1763.97,1798.583991,1755.942002,ctx
ETH,2023-03-20,1,LONG,RND,1780.0,1780.68,1772.144716,lean
ETH,2023-03-20,2,SHORT,PDL,1757.92,1742.752009,1765.775284,ctx
ETH,2023-03-21,1,LONG,ONH,1767.77,1803.05,1758.455048,lean
ETH,2023-03-21,2,SHORT,RND,1760.0,1732.78,1769.314952,ctx
ETH,2023-03-22,1,LONG,RND,1790.0,1801.23,1782.436156,lean
ETH,2023-03-22,2,SHORT,ONL,1778.02,1749.95206,1785.583844,ctx
ETH,2023-03-23,1,LONG,ONH,1759.0,1788.308646,1751.819576,lean
ETH,2023-03-23,2,SHORT,RND,1750.0,1734.33,1757.180424,ctx
ETH,2023-03-24,1,LONG,RND,1790.0,1813.79,1781.998655,lean
ETH,2023-03-24,2,SHORT,ONL,1776.78,1752.180389,1784.781345,ctx
ETH,2023-03-27,1,SHORT,ONL,1746.57,1739.31,1753.932349,lean
ETH,2023-03-27,2,LONG,RND,1770.0,1773.88,1762.637651,ctx
ETH,2023-03-28,1,LONG,RND,1750.0,1754.48,1742.227861,lean
ETH,2023-03-28,2,SHORT,PDC,1715.22,1709.210019,1722.992139,ctx
ETH,2023-03-29,1,LONG,ONH,1827.99,1844.812372,1820.791635,lean
ETH,2023-03-29,2,SHORT,RND,1810.0,1795.73,1817.198365,ctx
ETH,2023-03-30,1,SHORT,RND,1800.0,1793.07,1807.187399,lean
ETH,2023-03-30,2,LONG,PDH,1827.99,1829.69,1820.802601,ctx
ETH,2023-03-31,1,SHORT,RND,1790.0,1777.91,1797.425854,lean
ETH,2023-03-31,2,LONG,PDC,1793.61,1817.99,1786.184146,ctx
ETH,2023-04-03,1,SHORT,PDC,1794.51,1771.7,1802.230998,lean
ETH,2023-04-03,2,LONG,RND,1810.0,1817.5,1802.279002,ctx
ETH,2023-04-04,1,LONG,ONH,1875.0,1899.890505,1867.504178,lean
ETH,2023-04-04,2,SHORT,RND,1860.0,1839.99,1867.495822,ctx
ETH,2023-04-05,1,LONG,ONH,1925.0,1950.786509,1917.237177,lean
ETH,2023-04-05,2,SHORT,RND,1910.0,1891.91,1917.762823,ctx
ETH,2023-04-06,1,LONG,RND,1870.0,1907.183747,1861.749197,lean
ETH,2023-04-06,2,SHORT,PDL,1864.58,1853.7,1872.830803,ctx
ETH,2023-04-07,1,SHORT,ONL,1841.46,1811.754548,1849.516168,lean
ETH,2023-04-07,2,LONG,RND,1850.0,1853.7,1841.943832,ctx
ETH,2023-04-10,1,SHORT,ONL,1846.4,1824.01,1853.851354,lean
ETH,2023-04-10,2,LONG,PDC,1858.92,1860.0,1851.468646,ctx
ETH,2023-04-11,1,LONG,PDH,1918.79,1920.0,1910.857817,lean
ETH,2023-04-11,2,SHORT,PDC,1910.2,1889.74,1918.132183,ctx
ETH,2023-04-12,1,LONG,PDL,1881.11,1889.86,1873.307579,lean
ETH,2023-04-12,2,SHORT,RND,1870.0,1852.65,1877.802421,ctx
ETH,2023-04-13,1,LONG,RND,1990.0,1996.1,1981.480783,lean
ETH,2023-04-14,1,LONG,RND,2120.0,2128.76,2110.777843,lean
ETH,2023-04-17,1,LONG,RND,2080.0,2118.67,2070.320521,lean
ETH,2023-04-17,2,SHORT,PDL,2072.72,2065.94,2082.399479,ctx
ETH,2023-04-18,1,LONG,RND,2120.0,2120.51,2110.562959,lean
ETH,2023-04-18,2,SHORT,PDC,2074.0,2073.760474,2083.437041,ctx
ETH,2023-04-19,1,SHORT,RND,1980.0,1962.06,1989.614841,lean
ETH,2023-04-20,1,LONG,RND,1940.0,1976.94,1931.831058,lean
ETH,2023-04-20,2,SHORT,PDC,1933.73,1923.03,1941.898942,ctx
ETH,2023-04-21,1,LONG,RND,1910.0,1914.43,1901.970977,lean
ETH,2023-04-21,2,SHORT,ONL,1898.0,1871.541224,1906.029023,ctx
ETH,2023-04-24,1,SHORT,PDL,1836.37,1827.23,1844.235922,lean
ETH,2023-04-24,2,LONG,RND,1860.0,1862.0,1852.134078,ctx
ETH,2023-04-25,1,LONG,RND,1830.0,1841.84,1822.083374,lean
ETH,2023-04-25,2,SHORT,PDL,1806.0,1805.65,1813.916626,ctx
ETH,2023-04-26,1,LONG,ONH,1920.16,1954.420057,1911.622845,lean
ETH,2023-04-26,2,SHORT,RND,1910.0,1877.86,1918.537155,ctx
ETH,2023-04-27,1,SHORT,RND,1880.0,1866.01,1887.996756,lean
ETH,2023-04-28,1,SHORT,RND,1900.0,1893.12,1907.635781,lean
ETH,2023-04-28,2,LONG,PDC,1908.68,1923.88,1901.044219,ctx
ETH,2023-05-01,1,SHORT,ONL,1823.0,1809.197077,1830.751341,lean
ETH,2023-05-01,2,LONG,RND,1850.0,1866.16,1842.248659,ctx
ETH,2023-05-02,1,LONG,ONH,1841.26,1869.402639,1833.581577,lean
ETH,2023-05-02,2,SHORT,PDC,1830.73,1830.0,1838.408423,ctx
ETH,2023-05-03,1,LONG,RND,1860.0,1870.08,1852.248701,lean
ETH,2023-05-03,2,SHORT,ONL,1853.78,1823.14727,1861.531299,ctx
ETH,2023-05-04,1,LONG,PDC,1905.12,1916.52,1898.150353,lean
ETH,2023-05-04,2,SHORT,RND,1900.0,1889.67,1906.969647,ctx
ETH,2023-05-05,1,LONG,ONH,1914.56,1918.26,1907.209032,lean
ETH,2023-05-05,2,SHORT,RND,1910.0,1877.07,1917.350968,ctx
ETH,2023-05-08,1,SHORT,RND,1860.0,1835.0,1868.274774,lean
ETH,2023-05-08,2,LONG,PDL,1867.59,1870.4,1859.315226,ctx
ETH,2023-05-09,1,SHORT,ONL,1830.99,1810.745838,1838.70732,lean
ETH,2023-05-09,2,LONG,PDC,1847.56,1850.0,1839.84268,ctx
ETH,2023-05-10,1,LONG,ONH,1858.92,1861.88,1851.266355,lean
ETH,2023-05-10,2,SHORT,RND,1850.0,1846.52,1857.653645,ctx
ETH,2023-05-11,1,SHORT,RND,1820.0,1808.0,1827.776533,lean
ETH,2023-05-11,2,LONG,PDC,1840.84,1847.0,1833.063467,ctx
ETH,2023-05-12,1,SHORT,RND,1760.0,1740.0,1767.629833,lean
ETH,2023-05-12,2,LONG,PDL,1772.68,1794.3,1765.050167,ctx
ETH,2023-05-15,1,LONG,ONH,1836.06,1858.28006,1828.797844,lean
ETH,2023-05-15,2,SHORT,PDH,1824.0,1820.0,1831.262156,ctx
ETH,2023-05-16,1,SHORT,PDC,1816.2,1796.2,1823.60595,lean
ETH,2023-05-16,2,LONG,RND,1820.0,1827.18,1812.59405,ctx
ETH,2023-05-17,1,SHORT,RND,1790.0,1788.1,1797.438612,lean
ETH,2023-05-17,2,LONG,PDL,1796.2,1824.21,1788.761388,ctx
ETH,2023-05-18,1,SHORT,PDC,1822.12,1814.92,1829.409493,lean
ETH,2023-05-18,2,LONG,RND,1830.0,1831.92,1822.710507,ctx
ETH,2023-05-19,1,SHORT,PDC,1800.56,1796.81,1807.763241,lean
ETH,2023-05-19,2,LONG,RND,1810.0,1815.73,1802.796759,ctx
ETH,2023-05-22,1,LONG,ONH,1820.17,1828.98,1813.566959,lean
ETH,2023-05-22,2,SHORT,RND,1810.0,1804.91,1816.603041,ctx
ETH,2023-05-23,1,LONG,ONH,1872.5,1885.098071,1866.043985,lean
ETH,2023-05-23,2,SHORT,RND,1850.0,1828.27,1856.456015,ctx
ETH,2023-05-24,1,LONG,RND,1820.0,1844.095808,1813.981613,lean
ETH,2023-05-24,2,SHORT,PDL,1815.24,1811.0,1821.258387,ctx
ETH,2023-05-25,1,LONG,RND,1790.0,1799.89,1783.415324,lean
ETH,2023-05-25,2,SHORT,PDL,1777.6,1761.41,1784.184676,ctx
ETH,2023-05-26,1,SHORT,RND,1810.0,1805.6,1816.120002,lean
ETH,2023-05-26,2,LONG,ONH,1818.52,1818.81,1812.399998,ctx
ETH,2023-05-29,1,LONG,PDC,1908.64,1918.65,1900.878771,lean
ETH,2023-05-29,2,SHORT,RND,1900.0,1867.99,1907.761229,ctx
ETH,2023-05-30,1,LONG,ONH,1917.0,1920.0,1910.772656,lean
ETH,2023-05-30,2,SHORT,PDC,1892.6,1886.339063,1898.827344,ctx
ETH,2023-05-31,1,SHORT,ONL,1857.67,1834.775438,1864.187406,lean
ETH,2023-05-31,2,LONG,RND,1870.0,1881.19,1863.482594,ctx
ETH,2023-06-01,1,LONG,PDC,1873.63,1886.137392,1868.350559,lean
ETH,2023-06-01,2,SHORT,RND,1860.0,1846.95,1865.279441,ctx
ETH,2023-06-02,1,SHORT,RND,1890.0,1889.2,1895.119378,lean
ETH,2023-06-02,2,LONG,ONH,1900.64,1918.850432,1895.520622,ctx
ETH,2023-06-05,1,SHORT,ONL,1861.76,1842.088324,1867.636073,lean
ETH,2023-06-05,2,LONG,RND,1870.0,1884.22,1864.123927,ctx
ETH,2023-06-06,1,SHORT,PDC,1810.5,1810.0,1816.892897,lean
ETH,2023-06-06,2,LONG,ONH,1822.6,1843.153521,1816.207103,ctx
ETH,2023-06-07,1,SHORT,RND,1870.0,1842.57,1877.337427,lean
ETH,2023-06-07,2,LONG,PDC,1884.64,1897.8,1877.302573,ctx
ETH,2023-06-08,1,LONG,ONH,1848.99,1872.569239,1842.825163,lean
ETH,2023-06-08,2,SHORT,RND,1840.0,1832.13,1846.164837,ctx
ETH,2023-06-09,1,SHORT,RND,1840.0,1828.31,1845.747247,lean
ETH,2023-06-09,2,LONG,PDC,1845.64,1852.69,1839.892753,ctx
ETH,2023-06-12,1,SHORT,PDL,1738.72,1720.11,1744.909017,lean
ETH,2023-06-12,2,LONG,RND,1750.0,1752.76,1743.810983,ctx
ETH,2023-06-13,1,SHORT,RND,1750.0,1742.57,1756.143095,lean
ETH,2023-06-13,2,LONG,PDH,1759.33,1759.65,1753.186905,ctx
ETH,2023-06-14,1,SHORT,PDC,1740.12,1733.36,1745.859494,lean
ETH,2023-06-14,2,LONG,RND,1750.0,1750.03,1744.260506,ctx
ETH,2023-06-15,1,SHORT,RND,1640.0,1630.43,1645.445381,lean
ETH,2023-06-15,2,LONG,PDC,1650.95,1656.59,1645.504619,ctx
ETH,2023-06-16,1,LONG,PDC,1666.96,1677.13,1661.350935,ctx
ETH,2023-06-19,1,LONG,ONH,1728.38,1730.0,1722.303305,lean
ETH,2023-06-19,2,SHORT,PDC,1720.95,1712.0,1727.026695,ctx
ETH,2023-06-20,1,LONG,PDC,1737.11,1749.79,1731.462308,lean
ETH,2023-06-20,2,SHORT,RND,1730.0,1723.66,1735.647692,ctx
ETH,2023-06-21,1,LONG,RND,1830.0,1833.44,1823.429811,lean
ETH,2023-06-22,1,LONG,PDC,1889.11,1890.0,1881.440186,lean
ETH,2023-06-22,2,SHORT,ONL,1874.16,1850.967533,1881.829814,ctx
ETH,2023-06-23,1,LONG,RND,1880.0,1888.69,1873.021242,lean
ETH,2023-06-23,2,SHORT,PDC,1872.01,1865.98,1878.988758,ctx
ETH,2023-06-26,1,LONG,PDC,1898.8,1906.3,1891.407444,lean
ETH,2023-06-26,2,SHORT,RND,1880.0,1868.83,1887.392556,ctx
ETH,2023-06-27,1,LONG,ONH,1890.51,1909.1,1883.224893,lean
ETH,2023-06-27,2,SHORT,RND,1880.0,1858.97,1887.285107,ctx
ETH,2023-06-28,1,LONG,PDC,1889.58,1895.431081,1882.22334,lean
ETH,2023-06-28,2,SHORT,RND,1860.0,1855.19,1867.35666,ctx
ETH,2023-06-29,1,LONG,RND,1870.0,1872.84,1864.056742,ctx
ETH,2023-06-30,1,LONG,ONH,1907.99,1920.896774,1901.604977,lean
ETH,2023-06-30,2,SHORT,RND,1890.0,1880.0,1896.385023,ctx
ETH,2023-07-03,1,LONG,ONH,1976.0,1999.5555,1967.954536,lean
ETH,2023-07-03,2,SHORT,RND,1960.0,1959.2,1968.045464,ctx
ETH,2023-07-04,1,LONG,ONH,1967.08,1976.16,1959.557648,lean
ETH,2023-07-04,2,SHORT,RND,1960.0,1955.54,1967.522352,ctx
ETH,2023-07-05,1,SHORT,RND,1910.0,1905.0,1916.639518,lean
ETH,2023-07-05,2,LONG,PDL,1931.58,1936.2,1924.940482,ctx
ETH,2023-07-06,1,LONG,RND,1920.0,1942.5,1913.449091,lean
ETH,2023-07-06,2,SHORT,PDC,1910.36,1898.8,1916.910909,ctx
ETH,2023-07-07,1,LONG,ONH,1876.4,1888.727581,1870.280518,lean
ETH,2023-07-07,2,SHORT,RND,1860.0,1846.17,1866.119482,ctx
ETH,2023-07-10,1,LONG,ONH,1868.23,1879.36,1862.882633,lean
ETH,2023-07-10,2,SHORT,PDC,1862.8,1860.0,1868.147367,ctx
ETH,2023-07-11,1,SHORT,ONL,1863.99,1846.63,1869.277812,lean
ETH,2023-07-11,2,LONG,RND,1870.0,1880.4,1864.712188,ctx
ETH,2023-07-12,1,SHORT,RND,1890.0,1878.3,1895.839667,lean
ETH,2023-07-12,2,LONG,PDH,1891.99,1895.61,1886.150333,ctx
ETH,2023-07-13,1,SHORT,RND,1880.0,1871.82,1885.81952,lean
ETH,2023-07-13,2,LONG,ONH,1885.21,1902.0,1879.39048,ctx
ETH,2023-07-14,1,LONG,PDC,2004.49,2012.63,1996.759272,lean
ETH,2023-07-14,2,SHORT,RND,1990.0,1982.11,1997.730728,ctx
ETH,2023-07-17,1,LONG,PDL,1914.0,1922.11,1907.750836,lean
ETH,2023-07-17,2,SHORT,RND,1910.0,1889.36,1916.249164,ctx
ETH,2023-07-18,1,SHORT,ONL,1890.8,1890.0,1896.741953,lean
ETH,2023-07-18,2,LONG,PDC,1911.2,1919.5,1905.258047,ctx
ETH,2023-07-19,1,SHORT,PDC,1897.21,1892.94,1903.378209,lean
ETH,2023-07-19,2,LONG,RND,1910.0,1917.19,1903.831791,ctx
ETH,2023-07-20,1,LONG,PDH,1922.04,1929.05,1916.054927,lean
ETH,2023-07-20,2,SHORT,RND,1920.0,1893.539658,1925.985073,ctx
ETH,2023-07-21,1,LONG,RND,1890.0,1891.59,1884.009917,lean
ETH,2023-07-21,2,SHORT,ONL,1884.64,1878.0,1890.630083,ctx
ETH,2023-07-24,1,LONG,PDL,1857.82,1880.48666,1851.938573,lean
ETH,2023-07-24,2,SHORT,RND,1850.0,1833.19,1855.881427,ctx
ETH,2023-07-25,1,LONG,ONH,1863.2,1880.241181,1857.448318,ctx
ETH,2023-07-26,1,SHORT,RND,1850.0,1848.35,1855.768917,lean
ETH,2023-07-26,2,LONG,PDC,1857.66,1866.94,1851.891083,ctx
ETH,2023-07-27,1,LONG,RND,1880.0,1886.11,1874.73581,lean
ETH,2023-07-27,2,SHORT,PDC,1872.0,1864.7,1877.26419,ctx
ETH,2023-07-28,1,LONG,ONH,1869.04,1870.0,1864.466229,lean
ETH,2023-07-28,2,SHORT,PDC,1861.28,1854.84,1865.853771,ctx
ETH,2023-07-31,1,SHORT,PDC,1861.79,1855.0,1866.365024,lean
ETH,2023-07-31,2,LONG,RND,1870.0,1877.4,1865.424976,ctx
ETH,2023-08-01,1,SHORT,RND,1830.0,1815.98,1834.56114,lean
ETH,2023-08-01,2,LONG,PDL,1851.02,1851.985321,1846.45886,ctx
ETH,2023-08-02,1,LONG,RND,1860.0,1873.47,1855.534502,lean
ETH,2023-08-02,2,SHORT,ONL,1846.71,1839.061011,1851.175498,ctx
ETH,2023-08-03,1,LONG,PDC,1839.9,1840.0,1835.441381,lean
ETH,2023-08-03,2,SHORT,ONL,1826.0,1821.21,1830.458619,ctx
ETH,2023-08-04,1,LONG,PDC,1835.81,1840.58,1831.434267,lean
ETH,2023-08-04,2,SHORT,RND,1830.0,1828.35,1834.375733,ctx
ETH,2023-08-07,1,LONG,PDH,1838.58,1847.0,1834.217448,lean
ETH,2023-08-07,2,SHORT,PDC,1830.28,1830.0,1834.642552,ctx
ETH,2023-08-08,1,SHORT,PDC,1829.1,1825.0,1833.45974,lean
ETH,2023-08-08,2,LONG,ONH,1839.31,1840.0,1834.95026,ctx
ETH,2023-08-09,1,LONG,ONH,1866.25,1876.51,1861.921041,lean
ETH,2023-08-09,2,SHORT,RND,1860.0,1856.3,1864.328959,ctx
ETH,2023-08-10,1,LONG,PDC,1855.35,1858.75,1851.093312,lean
ETH,2023-08-10,2,SHORT,RND,1850.0,1849.75,1854.256688,ctx
ETH,2023-08-11,1,SHORT,RND,1850.0,1845.38,1854.162555,lean
ETH,2023-08-11,2,LONG,PDC,1852.47,1854.8,1848.307445,ctx
ETH,2023-08-14,1,LONG,RND,1850.0,1852.25,1845.776855,lean
ETH,2023-08-14,2,SHORT,PDC,1840.73,1834.51,1844.953145,ctx
ETH,2023-08-15,1,SHORT,RND,1840.0,1839.0,1844.088456,lean
ETH,2023-08-15,2,LONG,PDC,1845.5,1847.36,1841.411544,ctx
ETH,2023-08-16,1,LONG,PDC,1828.98,1830.0,1824.95103,lean
ETH,2023-08-16,2,SHORT,ONL,1818.97,1814.0,1822.99897,ctx
ETH,2023-08-17,1,LONG,RND,1790.0,1798.17,1786.017665,lean
ETH,2023-08-17,2,SHORT,ONL,1780.04,1769.325769,1784.022335,ctx
ETH,2023-08-18,1,LONG,RND,1690.0,1709.713911,1684.897019,lean
ETH,2023-08-18,2,SHORT,PDC,1681.49,1662.086089,1686.592981,ctx
ETH,2023-08-21,1,LONG,PDC,1685.24,1688.59,1681.156168,lean
ETH,2023-08-21,2,SHORT,RND,1670.0,1662.03,1674.083832,ctx
ETH,2023-08-22,1,SHORT,ONL,1660.17,1660.0,1664.210964,lean
ETH,2023-08-22,2,LONG,PDC,1667.55,1673.65,1663.509036,ctx
ETH,2023-08-23,1,LONG,ONH,1658.09,1666.111655,1653.006788,lean
ETH,2023-08-23,2,SHORT,RND,1640.0,1634.99,1645.083212,ctx
ETH,2023-08-24,1,SHORT,ONL,1664.22,1643.338727,1669.435987,lean
ETH,2023-08-24,2,LONG,RND,1670.0,1679.61,1664.784013,ctx
ETH,2023-08-25,1,LONG,PDC,1661.16,1665.28,1656.040362,lean
ETH,2023-08-25,2,SHORT,RND,1650.0,1645.66,1655.119638,ctx
ETH,2023-08-28,1,SHORT,RND,1640.0,1621.75,1645.155776,lean
ETH,2023-08-28,2,LONG,PDL,1646.32,1658.33,1641.164224,ctx
ETH,2023-08-29,1,LONG,PDC,1653.08,1662.32,1647.996399,ctx
ETH,2023-08-30,1,LONG,RND,1720.0,1729.42,1713.799681,lean
ETH,2023-08-30,2,SHORT,ONL,1711.19,1687.265179,1717.390319,ctx
ETH,2023-08-31,1,LONG,ONH,1729.0,1730.93,1723.698411,lean
ETH,2023-08-31,2,SHORT,RND,1710.0,1705.23,1715.301589,ctx
ETH,2023-09-01,1,SHORT,PDC,1645.76,1641.15,1651.29773,lean
ETH,2023-09-01,2,LONG,RND,1650.0,1654.53,1644.46227,ctx
ETH,2023-09-04,1,LONG,PDC,1635.84,1644.82,1630.521557,lean
ETH,2023-09-04,2,SHORT,ONL,1631.14,1630.0,1636.458443,ctx
ETH,2023-09-05,1,LONG,ONH,1638.74,1640.0,1634.154896,lean
ETH,2023-09-05,2,SHORT,PDC,1630.51,1616.32,1635.095104,ctx
ETH,2023-09-06,1,SHORT,RND,1630.0,1627.92,1634.427354,lean
ETH,2023-09-06,2,LONG,PDC,1634.45,1640.31,1630.022646,ctx
ETH,2023-09-07,1,LONG,RND,1630.0,1633.15,1624.690303,lean
ETH,2023-09-07,2,SHORT,ONL,1626.1,1609.2,1631.409697,ctx
ETH,2023-09-08,1,LONG,RND,1630.0,1646.208251,1625.673946,lean
ETH,2023-09-08,2,SHORT,PDL,1623.4,1616.21,1627.726054,ctx
ETH,2023-09-11,1,SHORT,ONL,1575.53,1567.982205,1579.504527,lean
ETH,2023-09-11,2,LONG,RND,1590.0,1600.0,1586.025473,ctx
ETH,2023-09-12,1,LONG,RND,1610.0,1619.0,1604.322748,ctx
ETH,2023-09-13,1,LONG,ONH,1607.05,1626.0,1602.151251,lean
ETH,2023-09-13,2,SHORT,RND,1600.0,1592.97,1604.898749,ctx
ETH,2023-09-14,1,SHORT,RND,1620.0,1619.3,1624.102384,lean
ETH,2023-09-14,2,LONG,ONH,1638.0,1643.934461,1633.897616,ctx
ETH,2023-09-15,1,SHORT,RND,1620.0,1617.75,1623.996766,lean
ETH,2023-09-15,2,LONG,PDC,1626.47,1635.88,1622.473234,ctx
ETH,2023-09-18,1,LONG,ONH,1658.52,1660.0,1654.423481,lean
ETH,2023-09-19,1,SHORT,PDC,1636.66,1629.595097,1640.561051,lean
ETH,2023-09-19,2,LONG,RND,1650.0,1661.04,1646.098949,ctx
ETH,2023-09-20,1,LONG,RND,1630.0,1643.12,1626.168184,lean
ETH,2023-09-20,2,SHORT,PDL,1626.32,1618.48,1630.151816,ctx
ETH,2023-09-21,1,LONG,PDL,1604.51,1612.351535,1600.7811,lean
ETH,2023-09-21,2,SHORT,RND,1590.0,1588.72,1593.7289,ctx
ETH,2023-09-22,1,LONG,RND,1600.0,1602.68,1596.000788,lean
ETH,2023-09-22,2,SHORT,PDC,1583.94,1578.277013,1587.939212,ctx
ETH,2023-09-25,1,SHORT,ONL,1563.01,1551.354571,1566.793306,lean
ETH,2023-09-25,2,LONG,RND,1570.0,1570.01,1566.216694,ctx
ETH,2023-09-26,1,SHORT,RND,1590.0,1588.33,1593.650909,lean
ETH,2023-09-26,2,LONG,PDH,1597.5,1599.78,1593.849091,ctx
ETH,2023-09-27,1,LONG,RND,1630.0,1634.1,1626.342899,lean
ETH,2023-09-28,1,SHORT,RND,1620.0,1607.26603,1623.521565,lean
ETH,2023-09-28,2,LONG,PDH,1634.1,1637.76,1630.578435,ctx
ETH,2023-09-29,1,LONG,RND,1670.0,1688.0,1665.467935,lean
ETH,2023-09-29,2,SHORT,PDH,1668.21,1652.99,1672.742065,ctx
ETH,2023-10-02,1,LONG,RND,1730.0,1733.79,1724.762167,lean
ETH,2023-10-03,1,SHORT,ONL,1649.52,1636.79,1653.883563,lean
ETH,2023-10-03,2,LONG,RND,1660.0,1662.4,1655.636437,ctx
ETH,2023-10-04,1,LONG,RND,1650.0,1656.88,1645.650926,lean
ETH,2023-10-04,2,SHORT,PDL,1643.0,1626.304322,1647.349074,ctx
ETH,2023-10-05,1,SHORT,ONL,1631.88,1625.0,1636.202038,lean
ETH,2023-10-05,2,LONG,RND,1640.0,1646.58,1635.677962,ctx
ETH,2023-10-06,1,LONG,ONH,1639.5,1655.47,1634.488917,lean
ETH,2023-10-06,2,SHORT,RND,1630.0,1611.79,1635.011083,ctx
ETH,2023-10-09,1,SHORT,RND,1590.0,1583.32,1594.591656,lean
ETH,2023-10-10,1,SHORT,ONL,1576.03,1556.903441,1580.889263,lean
ETH,2023-10-10,2,LONG,RND,1580.0,1580.13,1575.140737,ctx
ETH,2023-10-11,1,SHORT,RND,1570.0,1567.63,1574.820822,lean
ETH,2023-10-11,2,LONG,ONH,1578.43,1594.9,1573.609178,ctx
ETH,2023-10-12,1,SHORT,RND,1550.0,1544.26,1554.818485,lean
ETH,2023-10-12,2,LONG,PDC,1566.87,1569.37,1562.051515,ctx
ETH,2023-10-13,1,LONG,RND,1550.0,1554.79,1545.213326,lean
ETH,2023-10-13,2,SHORT,PDC,1539.61,1535.4,1544.396674,ctx
ETH,2023-10-16,1,LONG,ONH,1588.97,1601.270818,1584.994825,lean
ETH,2023-10-16,2,SHORT,RND,1580.0,1567.62,1583.975175,ctx
ETH,2023-10-17,1,SHORT,ONL,1582.66,1580.0,1587.513915,lean
ETH,2023-10-17,2,LONG,PDC,1599.42,1604.85,1594.566085,ctx
ETH,2023-10-18,1,LONG,RND,1580.0,1585.42,1576.006349,lean
ETH,2023-10-18,2,SHORT,PDC,1565.01,1560.122964,1569.003651,ctx
ETH,2023-10-19,1,LONG,PDL,1555.88,1563.44,1551.932548,lean
ETH,2023-10-19,2,SHORT,RND,1550.0,1541.61,1553.947452,ctx
ETH,2023-10-20,1,LONG,ONH,1630.4,1631.805614,1626.402369,lean
ETH,2023-10-20,2,SHORT,RND,1610.0,1594.494386,1613.997631,ctx
ETH,2023-10-23,1,LONG,RND,1680.0,1700.232357,1674.974495,lean
ETH,2023-10-23,2,SHORT,PDH,1667.8,1663.7,1672.825505,ctx
ETH,2023-10-25,1,LONG,RND,1790.0,1807.01,1783.846004,lean
ETH,2023-10-25,2,SHORT,PDC,1784.98,1760.0,1791.133996,ctx
ETH,2023-10-26,1,LONG,PDH,1817.69,1840.292404,1811.695913,lean
ETH,2023-10-26,2,SHORT,RND,1810.0,1787.15,1815.994087,ctx
ETH,2023-10-27,1,LONG,PDC,1803.38,1811.319542,1796.95367,lean
ETH,2023-10-27,2,SHORT,RND,1780.0,1772.83,1786.42633,ctx
ETH,2023-10-30,1,LONG,ONH,1827.45,1843.590307,1821.306363,lean
ETH,2023-10-30,2,SHORT,PDH,1811.3,1810.0,1817.443637,ctx
ETH,2023-10-31,1,LONG,RND,1810.0,1819.41,1803.514228,lean
ETH,2023-10-31,2,SHORT,PDC,1809.04,1780.99,1815.525772,ctx
ETH,2023-11-01,1,SHORT,ONL,1792.46,1780.99,1799.44047,lean
ETH,2023-11-01,2,LONG,RND,1800.0,1814.67,1793.01953,ctx
ETH,2023-11-02,1,SHORT,ONL,1820.53,1801.420175,1827.933534,lean
ETH,2023-11-02,2,LONG,RND,1840.0,1846.99,1832.596466,ctx
ETH,2023-11-03,1,SHORT,PDL,1785.01,1777.11,1791.173008,lean
ETH,2023-11-03,2,LONG,RND,1790.0,1800.8,1783.836992,ctx
ETH,2023-11-06,1,LONG,RND,1910.0,1910.55,1902.723182,lean
ETH,2023-11-06,2,SHORT,PDC,1891.71,1871.841514,1898.986818,ctx
ETH,2023-11-07,1,LONG,RND,1880.0,1900.95,1872.380171,lean
ETH,2023-11-07,2,SHORT,PDL,1868.48,1867.01,1876.099829,ctx
ETH,2023-11-08,1,LONG,PDC,1885.27,1893.0,1877.713023,lean
ETH,2023-11-08,2,SHORT,RND,1880.0,1872.51,1887.556977,ctx
ETH,2023-11-09,1,LONG,ONH,1929.27,1944.507824,1922.389752,lean
ETH,2023-11-09,2,SHORT,RND,1910.0,1904.69,1916.880248,ctx
ETH,2023-11-10,1,LONG,RND,2090.0,2121.32,2081.191133,lean
ETH,2023-11-10,2,SHORT,ONL,2072.24,2044.331953,2081.048867,ctx
ETH,2023-11-13,1,SHORT,RND,2050.0,2044.68,2057.475013,lean
ETH,2023-11-13,2,LONG,PDH,2066.5,2074.4,2059.024987,ctx
ETH,2023-11-14,1,LONG,PDC,2053.65,2069.56,2045.434258,lean
ETH,2023-11-14,2,SHORT,RND,2030.0,2028.49,2038.215742,ctx
ETH,2023-11-15,1,SHORT,RND,2010.0,1979.39,2017.91866,lean
ETH,2023-11-15,2,LONG,ONH,2023.21,2051.733748,2015.29134,ctx
ETH,2023-11-16,1,SHORT,ONL,2036.07,2010.1797,2044.305064,lean
ETH,2023-11-16,2,LONG,RND,2050.0,2058.48,2041.764936,ctx
ETH,2023-11-17,1,SHORT,PDC,1961.77,1960.0,1969.61817,lean
ETH,2023-11-17,2,LONG,ONH,1991.5,2001.364795,1983.65183,ctx
ETH,2023-11-20,1,SHORT,PDH,2015.75,2011.47,2023.691593,lean
ETH,2023-11-20,2,LONG,RND,2020.0,2042.15,2012.058407,ctx
ETH,2023-11-21,1,SHORT,RND,2010.0,2001.71,2018.086724,lean
ETH,2023-11-21,2,LONG,PDC,2021.4,2034.6,2013.313276,ctx
ETH,2023-11-22,1,LONG,ONH,2029.4,2034.6,2021.517732,lean
ETH,2023-11-22,2,SHORT,RND,2020.0,1985.396084,2027.882268,ctx
ETH,2023-11-23,1,SHORT,ONL,2041.5,2018.361395,2049.753987,lean
ETH,2023-11-23,2,LONG,RND,2060.0,2063.21,2051.746013,ctx
ETH,2023-11-24,1,LONG,ONH,2127.29,2137.662295,2119.750937,lean
ETH,2023-11-24,2,SHORT,RND,2100.0,2088.94,2107.539063,ctx
ETH,2023-11-27,1,LONG,RND,2020.0,2036.42,2012.602126,lean
ETH,2023-11-27,2,SHORT,ONL,2016.64,1983.726586,2024.037874,ctx
ETH,2023-11-28,1,LONG,PDC,2027.5,2040.39,2020.087794,lean
ETH,2023-11-28,2,SHORT,RND,2020.0,1995.15,2027.412206,ctx
ETH,2023-11-29,1,SHORT,RND,2050.0,2048.14,2056.981077,lean
ETH,2023-11-29,2,LONG,PDH,2075.0,2075.7,2068.018923,ctx
ETH,2023-11-30,1,LONG,RND,2050.0,2052.32,2043.283281,lean
ETH,2023-11-30,2,SHORT,PDC,2028.81,2020.85,2035.526719,ctx
ETH,2023-12-01,1,LONG,RND,2090.0,2110.87,2083.328668,lean
ETH,2023-12-04,1,LONG,ONH,2274.28,2289.649993,2266.413573,lean
ETH,2023-12-04,2,SHORT,RND,2250.0,2217.27,2257.866427,ctx
ETH,2023-12-05,1,LONG,PDC,2243.37,2250.303687,2235.327067,lean
ETH,2023-12-05,2,SHORT,RND,2210.0,2191.0,2218.042933,ctx
ETH,2023-12-06,1,LONG,PDC,2293.33,2306.928807,2284.030256,lean
ETH,2023-12-06,2,SHORT,RND,2260.0,2233.72,2269.299744,ctx
ETH,2023-12-07,1,LONG,RND,2260.0,2269.42,2251.807638,lean
ETH,2023-12-07,2,SHORT,PDC,2232.7,2220.74,2240.892362,ctx
ETH,2023-12-08,1,LONG,PDH,2382.8,2392.0,2373.199785,lean
ETH,2023-12-08,2,SHORT,RND,2360.0,2355.73,2369.600215,ctx
ETH,2023-12-11,1,SHORT,RND,2240.0,2192.109113,2250.703762,lean
ETH,2023-12-12,1,SHORT,RND,2220.0,2207.08,2227.366637,lean
ETH,2023-12-12,2,LONG,PDC,2225.12,2244.12,2217.753363,ctx
ETH,2023-12-13,1,SHORT,RND,2180.0,2166.0,2187.510484,lean
ETH,2023-12-13,2,LONG,PDC,2203.46,2206.89,2195.949516,ctx
ETH,2023-12-14,1,SHORT,RND,2300.0,2284.02,2308.147274,lean
ETH,2023-12-14,2,LONG,ONH,2320.21,2340.490613,2312.062726,ctx
ETH,2023-12-15,1,LONG,RND,2260.0,2298.618467,2251.694614,lean
ETH,2023-12-15,2,SHORT,ONL,2256.8,2228.2,2265.105386,ctx
ETH,2023-12-18,1,SHORT,ONL,2116.6,2091.911354,2124.373996,lean
ETH,2023-12-18,2,LONG,RND,2130.0,2164.468646,2122.226004,ctx
ETH,2023-12-19,1,SHORT,RND,2230.0,2224.0,2237.040172,lean
ETH,2023-12-19,2,LONG,ONH,2255.0,2265.434136,2247.959828,ctx
ETH,2023-12-20,1,SHORT,RND,2210.0,2177.91,2218.963536,lean
ETH,2023-12-20,2,LONG,ONH,2224.26,2254.779836,2215.296464,ctx
ETH,2023-12-21,1,LONG,RND,2260.0,2266.0,2252.700489,lean
ETH,2023-12-22,1,SHORT,RND,2290.0,2279.31,2298.202988,lean
ETH,2023-12-22,2,LONG,ONH,2331.0,2331.800609,2322.797012,ctx
ETH,2023-12-26,1,SHORT,ONL,2218.32,2214.049735,2225.517914,lean
ETH,2023-12-26,2,LONG,RND,2250.0,2253.1,2242.802086,ctx
ETH,2023-12-27,1,SHORT,RND,2280.0,2274.99,2287.941423,lean
ETH,2023-12-27,2,LONG,ONH,2291.28,2320.679975,2283.338577,ctx
ETH,2023-12-28,1,LONG,PDC,2378.35,2392.44,2369.090422,lean
ETH,2023-12-28,2,SHORT,RND,2370.0,2364.72,2379.259578,ctx
ETH,2023-12-29,1,LONG,ONH,2378.2,2401.925165,2370.118179,lean
ETH,2023-12-29,2,SHORT,RND,2360.0,2344.15,2368.081821,ctx
ETH,2024-01-01,1,LONG,RND,2300.0,2307.24,2291.116046,lean
ETH,2024-01-01,2,SHORT,PDC,2281.87,2265.24,2290.753954,ctx
ETH,2024-01-02,1,LONG,RND,2390.0,2424.262286,2381.983082,lean
ETH,2024-01-02,2,SHORT,PDH,2352.37,2352.04,2360.386918,ctx
ETH,2024-01-03,1,LONG,RND,2250.0,2300.611106,2238.844049,lean
ETH,2024-01-04,1,LONG,RND,2240.0,2245.19,2232.815759,lean
ETH,2024-01-04,2,SHORT,PDC,2209.72,2202.463541,2216.904241,ctx
ETH,2024-01-05,1,LONG,PDC,2267.11,2275.76,2259.525142,lean
ETH,2024-01-05,2,SHORT,RND,2240.0,2212.0,2247.584858,ctx
ETH,2024-01-08,1,SHORT,PDH,2258.01,2232.362087,2265.044553,lean
ETH,2024-01-08,2,LONG,ONH,2269.64,2270.0,2262.605447,ctx
ETH,2024-01-09,1,SHORT,RND,2260.0,2226.78,2268.295834,lean
ETH,2024-01-10,1,SHORT,PDC,2344.29,2320.666028,2352.635137,lean
ETH,2024-01-10,2,LONG,RND,2360.0,2371.72,2351.654863,ctx
ETH,2024-01-11,1,LONG,RND,2650.0,2665.74,2639.430602,lean
ETH,2024-01-11,2,SHORT,PDH,2643.1,2597.696145,2653.669398,ctx
ETH,2024-01-12,1,LONG,ONH,2680.0,2689.39,2669.330926,lean
ETH,2024-01-12,2,SHORT,RND,2650.0,2618.01,2660.669074,ctx
ETH,2024-01-15,1,LONG,ONH,2548.0,2550.0,2537.394633,lean
ETH,2024-01-16,1,LONG,ONH,2549.38,2550.0,2539.536599,lean
ETH,2024-01-16,2,SHORT,PDC,2511.78,2505.0,2521.623401,ctx
ETH,2024-01-17,1,LONG,PDC,2587.4,2602.07467,2576.751142,lean
ETH,2024-01-17,2,SHORT,RND,2550.0,2532.67,2560.648858,ctx
ETH,2024-01-18,1,LONG,RND,2525.0,2530.19,2516.513763,lean
ETH,2024-01-18,2,SHORT,PDL,2506.75,2505.6,2515.236237,ctx
ETH,2024-01-19,1,SHORT,PDC,2470.81,2443.666587,2479.842874,lean
ETH,2024-01-19,2,LONG,RND,2490.0,2496.62,2480.967126,ctx
ETH,2024-01-22,1,SHORT,ONL,2361.6,2332.415042,2371.228919,lean
ETH,2024-01-22,2,LONG,RND,2380.0,2422.284958,2370.371081,ctx
ETH,2024-01-23,1,SHORT,RND,2220.0,2201.0,2229.4107,lean
ETH,2024-01-24,1,SHORT,RND,2230.0,2211.64,2237.905855,lean
ETH,2024-01-24,2,LONG,PDC,2242.6,2264.6,2234.694145,ctx
ETH,2024-01-25,1,SHORT,ONL,2203.37,2196.12,2211.261883,lean
ETH,2024-01-25,2,LONG,RND,2210.0,2235.02,2202.108117,ctx
ETH,2024-01-26,1,SHORT,PDH,2242.89,2218.64,2251.578622,lean
ETH,2024-01-26,2,LONG,RND,2250.0,2265.19,2241.311378,ctx
ETH,2024-01-29,1,LONG,PDC,2256.9,2260.0,2249.562367,lean
ETH,2024-01-29,2,SHORT,ONL,2245.54,2239.89,2252.877633,ctx
ETH,2024-01-30,1,SHORT,ONL,2299.05,2269.023154,2307.125753,lean
ETH,2024-01-30,2,LONG,RND,2310.0,2317.6,2301.924247,ctx
ETH,2024-01-31,1,LONG,PDC,2343.01,2348.693119,2333.552903,lean
ETH,2024-01-31,2,SHORT,RND,2300.0,2297.0,2309.457097,ctx
ETH,2024-02-01,1,LONG,PDC,2283.14,2289.6,2275.184324,lean
ETH,2024-02-01,2,SHORT,RND,2270.0,2263.57,2277.955676,ctx
ETH,2024-02-02,1,SHORT,PDH,2311.72,2310.0,2319.473549,lean
ETH,2024-02-02,2,LONG,ONH,2324.74,2350.97323,2316.986451,ctx
ETH,2024-02-05,1,SHORT,PDH,2311.0,2291.447344,2318.303426,lean
ETH,2024-02-05,2,LONG,RND,2330.0,2332.9,2322.696574,ctx
ETH,2024-02-06,1,LONG,RND,2330.0,2338.41,2323.527099,lean
ETH,2024-02-06,2,SHORT,PDC,2301.83,2295.763127,2308.302901,ctx
ETH,2024-02-07,1,LONG,ONH,2390.66,2392.4,2384.910395,lean
ETH,2024-02-07,2,SHORT,PDC,2372.64,2370.0,2378.389605,ctx
ETH,2024-02-07,3,FADE,PDH,2392.4,2372.64,2398.149605,ctx
ETH,2024-02-08,1,LONG,PDC,2425.1,2444.39,2417.120537,lean
ETH,2024-02-08,2,SHORT,RND,2420.0,2411.01,2427.979463,ctx
ETH,2024-02-12,1,LONG,RND,2490.0,2493.45,2481.065577,lean
ETH,2024-02-12,2,SHORT,ONL,2472.0,2447.426025,2480.934423,ctx
ETH,2024-02-13,1,LONG,RND,2675.0,2686.12,2663.632071,lean
ETH,2024-02-13,2,SHORT,PDH,2665.58,2659.99,2676.947929,ctx
ETH,2024-02-14,1,LONG,RND,2750.0,2760.0,2738.677908,lean
ETH,2024-02-15,1,LONG,RND,2800.0,2825.75,2788.877363,lean
ETH,2024-02-15,2,SHORT,PDH,2786.0,2774.81,2797.122637,ctx
ETH,2024-02-16,1,SHORT,PDC,2822.59,2794.31,2834.049757,lean
ETH,2024-02-16,2,LONG,RND,2850.0,2857.4,2838.540243,ctx
ETH,2024-02-19,1,LONG,ONH,2931.0,2960.689333,2919.302286,lean
ETH,2024-02-19,2,SHORT,RND,2900.0,2895.0,2911.697714,ctx
ETH,2024-02-20,1,LONG,PDC,2944.8,2963.43,2931.06284,lean
ETH,2024-02-20,2,SHORT,RND,2925.0,2874.56,2938.73716,ctx
ETH,2024-02-21,1,LONG,RND,2925.0,2982.413504,2911.882821,lean
ETH,2024-02-21,2,SHORT,ONL,2880.0,2874.56,2893.117179,ctx
ETH,2024-02-22,1,LONG,PDH,3017.15,3032.86,3004.862384,lean
ETH,2024-02-22,2,SHORT,RND,2975.0,2967.9,2987.287616,ctx
ETH,2024-02-23,1,SHORT,RND,2925.0,2913.3,2936.026403,lean
ETH,2024-02-23,2,LONG,PDC,2971.4,2980.066547,2960.373597,ctx
ETH,2024-02-26,1,LONG,RND,3075.0,3112.59,3063.451671,lean
ETH,2024-02-26,2,SHORT,ONL,3036.59,3009.577799,3048.138329,ctx
ETH,2024-02-27,1,LONG,ONH,3288.14,3318.635025,3274.95178,lean
ETH,2024-02-27,2,SHORT,RND,3250.0,3196.0,3263.18822,ctx
ETH,2024-02-28,1,LONG,RND,3325.0,3369.8,3311.389919,lean
ETH,2024-02-28,2,SHORT,PDH,3288.14,3249.70629,3301.750081,ctx
ETH,2024-02-29,1,LONG,RND,3475.0,3488.0,3459.357239,lean
ETH,2024-03-01,1,LONG,RND,3425.0,3437.08,3411.130141,lean
ETH,2024-03-04,1,LONG,ONH,3544.14,3572.447086,3529.922767,lean
ETH,2024-03-04,2,SHORT,RND,3500.0,3491.8,3514.217233,ctx
ETH,2024-03-05,1,LONG,ONH,3769.0,3829.101232,3753.98045,lean
ETH,2024-03-05,2,SHORT,RND,3750.0,3688.918768,3765.01955,ctx
ETH,2024-03-06,1,LONG,PDH,3822.04,3825.0,3803.652764,lean
ETH,2024-03-07,1,LONG,PDC,3818.59,3852.69,3802.598192,lean
ETH,2024-03-07,2,SHORT,RND,3775.0,3735.0,3790.991808,ctx
ETH,2024-03-08,1,LONG,RND,3950.0,3954.98,3933.798086,lean
ETH,2024-03-08,2,SHORT,PDH,3933.81,3869.381066,3950.011914,ctx
ETH,2024-03-11,1,LONG,ONH,4054.6,4126.15827,4034.905371,lean
ETH,2024-03-11,2,SHORT,RND,4025.0,3964.67,4044.694629,ctx
ETH,2024-03-12,1,LONG,RND,4025.0,4064.8,4008.129368,lean
ETH,2024-03-12,2,SHORT,ONL,3965.0,3942.100382,3981.870632,ctx
ETH,2024-03-13,1,LONG,RND,4050.0,4083.0,4032.128264,lean
ETH,2024-03-13,2,SHORT,PDC,3979.96,3965.498567,3997.831736,ctx
ETH,2024-03-14,1,LONG,PDC,4004.79,4011.61,3988.209481,lean
ETH,2024-03-14,2,SHORT,RND,3950.0,3940.64,3966.580519,ctx
ETH,2024-03-15,1,LONG,RND,3700.0,3723.0,3681.61452,lean
ETH,2024-03-18,1,LONG,RND,3600.0,3644.71,3585.871812,lean
ETH,2024-03-18,2,SHORT,ONL,3548.99,3531.888456,3563.118188,ctx
ETH,2024-03-19,1,SHORT,RND,3275.0,3202.84,3294.381072,lean
ETH,2024-03-20,1,LONG,ONH,3296.72,3300.0,3279.346958,ctx
ETH,2024-03-21,1,SHORT,RND,3525.0,3516.53,3545.034817,lean
ETH,2024-03-21,2,LONG,PDH,3535.24,3587.32,3515.205183,ctx
ETH,2024-03-22,1,SHORT,RND,3400.0,3394.42,3417.017479,lean
ETH,2024-03-22,2,LONG,PDL,3412.0,3484.604904,3394.982521,ctx
ETH,2024-03-25,1,SHORT,RND,3425.0,3420.12,3443.573029,lean
ETH,2024-03-25,2,LONG,PDC,3454.98,3471.22,3436.406971,ctx
ETH,2024-03-26,1,LONG,PDH,3666.0,3678.86,3645.265061,lean
ETH,2024-03-26,2,SHORT,RND,3625.0,3590.42,3645.734939,ctx
ETH,2024-03-27,1,LONG,PDC,3587.33,3627.67,3569.852206,lean
ETH,2024-03-27,2,SHORT,RND,3575.0,3542.62,3592.477794,ctx
ETH,2024-03-28,1,SHORT,RND,3575.0,3501.19,3593.276243,lean
ETH,2024-03-28,2,LONG,ONH,3595.7,3665.019134,3577.423757,ctx
ETH,2024-03-29,1,LONG,RND,3550.0,3560.49,3535.020002,lean
ETH,2024-03-29,2,SHORT,ONL,3512.85,3479.943344,3527.829998,ctx
ETH,2024-04-01,1,LONG,RND,3550.0,3618.311749,3532.786054,lean
ETH,2024-04-01,2,SHORT,PDL,3505.09,3500.0,3522.303946,ctx
ETH,2024-04-02,1,SHORT,RND,3300.0,3276.72,3317.912197,lean
ETH,2024-04-03,1,LONG,RND,3325.0,3357.58,3308.802064,lean
ETH,2024-04-03,2,SHORT,PDC,3278.96,3241.93963,3295.157936,ctx
ETH,2024-04-04,1,SHORT,PDC,3310.83,3278.909613,3324.000083,lean
ETH,2024-04-04,2,LONG,RND,3350.0,3355.48,3336.829917,ctx
ETH,2024-04-05,1,LONG,RND,3250.0,3250.92,3236.764004,lean
ETH,2024-04-05,2,SHORT,ONL,3236.8,3181.742017,3250.035996,ctx
ETH,2024-04-08,1,SHORT,RND,3625.0,3564.535247,3639.688161,lean
ETH,2024-04-08,2,LONG,ONH,3640.44,3701.624753,3625.751839,ctx
ETH,2024-04-09,1,LONG,PDC,3694.61,3704.232827,3679.31368,lean
ETH,2024-04-09,2,SHORT,RND,3625.0,3580.57,3640.29632,ctx
ETH,2024-04-10,1,SHORT,PDC,3506.39,3465.64,3525.037751,lean
ETH,2024-04-10,2,LONG,RND,3525.0,3554.19,3506.352249,ctx
ETH,2024-04-11,1,LONG,RND,3525.0,3545.64,3509.793858,lean
ETH,2024-04-11,2,SHORT,ONL,3511.8,3451.918004,3527.006142,ctx
ETH,2024-04-12,1,SHORT,RND,3525.0,3502.52,3538.828489,lean
ETH,2024-04-12,2,LONG,ONH,3552.4,3596.752947,3538.571511,ctx
ETH,2024-04-15,1,LONG,ONH,3277.85,3314.671294,3259.629008,lean
ETH,2024-04-15,2,SHORT,RND,3225.0,3174.23,3243.220992,ctx
ETH,2024-04-16,1,LONG,RND,3100.0,3101.99,3082.08578,lean
ETH,2024-04-16,2,SHORT,PDL,3023.19,3009.710308,3041.10422,ctx
ETH,2024-04-17,1,SHORT,ONL,3037.65,2986.0,3054.61372,lean
ETH,2024-04-17,2,LONG,RND,3050.0,3084.22,3033.03628,ctx
ETH,2024-04-18,1,LONG,RND,3050.0,3065.56,3032.25019,lean
ETH,2024-04-18,2,SHORT,PDC,2985.41,2963.627552,3003.15981,ctx
ETH,2024-04-19,1,LONG,ONH,3128.89,3182.582103,3111.753121,lean
ETH,2024-04-19,2,SHORT,RND,3100.0,3094.4,3117.136879,ctx
ETH,2024-04-22,1,LONG,PDH,3197.18,3200.0,3180.696614,lean
ETH,2024-04-22,2,SHORT,PDC,3147.67,3129.15,3164.153386,ctx
ETH,2024-04-23,1,SHORT,RND,3175.0,3152.0,3187.610683,lean
ETH,2024-04-23,2,LONG,PDC,3200.2,3224.2,3187.589317,ctx
ETH,2024-04-24,1,LONG,ONH,3287.0,3341.164033,3274.313422,lean
ETH,2024-04-24,2,SHORT,RND,3275.0,3263.61,3287.686578,ctx
ETH,2024-04-25,1,SHORT,PDL,3104.9,3100.0,3119.039458,lean
ETH,2024-04-25,2,LONG,PDC,3140.8,3171.2,3126.660542,ctx
ETH,2024-04-26,1,LONG,PDC,3155.8,3172.31,3143.36428,lean
ETH,2024-04-26,2,SHORT,RND,3125.0,3121.8,3137.43572,ctx
ETH,2024-04-29,1,SHORT,RND,3150.0,3147.54,3162.780299,lean
ETH,2024-04-30,1,SHORT,ONL,3003.7,3000.0,3016.980497,lean
ETH,2024-05-01,1,LONG,PDL,2921.0,2965.457959,2908.128294,lean
ETH,2024-05-01,2,SHORT,RND,2900.0,2845.322041,2912.871706,ctx
ETH,2024-05-02,1,LONG,RND,3000.0,3002.51,2987.707568,lean
ETH,2024-05-02,2,SHORT,PDC,2972.46,2938.185316,2984.752432,ctx
ETH,2024-05-03,1,SHORT,RND,2975.0,2958.32,2987.473416,lean
ETH,2024-05-03,2,LONG,PDC,2986.19,3016.72,2973.716584,ctx
ETH,2024-05-06,1,SHORT,PDC,3136.41,3124.38,3149.746835,lean
ETH,2024-05-06,2,LONG,RND,3150.0,3171.93,3136.663165,ctx
ETH,2024-05-07,1,SHORT,PDC,3062.6,3046.35,3075.244161,lean
ETH,2024-05-07,2,LONG,RND,3075.0,3122.396084,3062.355839,ctx
ETH,2024-05-08,1,LONG,PDL,2998.0,3000.0,2987.394662,lean
ETH,2024-05-08,2,SHORT,ONL,2978.4,2940.818424,2989.005338,ctx
ETH,2024-05-09,1,LONG,ONH,3014.96,3022.148825,3005.328109,lean
ETH,2024-05-09,2,SHORT,RND,2975.0,2974.21,2984.631891,ctx
ETH,2024-05-10,1,SHORT,PDC,3036.23,3016.61,3045.83084,lean
ETH,2024-05-10,2,LONG,RND,3050.0,3059.0,3040.39916,ctx
ETH,2024-05-13,1,SHORT,PDH,2955.2,2929.29,2966.671664,lean
ETH,2024-05-13,2,LONG,RND,2975.0,2996.4,2963.528336,ctx
ETH,2024-05-14,1,SHORT,RND,2900.0,2882.29,2909.412365,lean
ETH,2024-05-14,2,LONG,PDC,2950.99,2951.864368,2941.577635,ctx
ETH,2024-05-15,1,SHORT,PDC,2881.93,2863.75,2892.10613,lean
ETH,2024-05-15,2,LONG,RND,2900.0,2933.8,2889.82387,ctx
ETH,2024-05-16,1,SHORT,RND,3000.0,2989.72,3010.567019,lean
ETH,2024-05-16,2,LONG,PDC,3032.55,3041.36,3021.982981,ctx
ETH,2024-05-17,1,LONG,PDH,3041.24,3059.53,3029.034506,lean
ETH,2024-05-17,2,SHORT,RND,3025.0,2973.441027,3037.205494,ctx
ETH,2024-05-20,1,LONG,RND,3100.0,3136.64,3089.487589,lean
ETH,2024-05-20,2,SHORT,PDC,3071.19,3053.38,3081.702411,ctx
ETH,2024-05-21,1,LONG,ONH,3823.5,3852.241103,3807.584764,lean
ETH,2024-05-21,2,SHORT,RND,3775.0,3703.698897,3790.915236,ctx
ETH,2024-05-22,1,LONG,RND,3700.0,3766.444581,3683.74759,lean
ETH,2024-05-22,2,SHORT,ONL,3690.0,3624.28,3706.25241,ctx
ETH,2024-05-23,1,LONG,RND,3925.0,3925.24,3907.900391,lean
ETH,2024-05-24,1,LONG,RND,3725.0,3783.61,3708.555252,lean
ETH,2024-05-27,1,SHORT,RND,3900.0,3884.2,3916.63103,lean
ETH,2024-05-27,2,LONG,ONH,3954.35,3978.101476,3937.71897,ctx
ETH,2024-05-28,1,SHORT,RND,3900.0,3894.22,3916.943417,lean
ETH,2024-05-28,2,LONG,ONH,3931.09,3977.0,3914.146583,ctx
ETH,2024-05-29,1,SHORT,RND,3800.0,3781.0,3816.71022,lean
ETH,2024-05-29,2,LONG,PDC,3844.69,3888.55,3827.97978,ctx
ETH,2024-05-30,1,LONG,PDL,3742.59,3767.43,3726.812444,lean
ETH,2024-05-30,2,SHORT,RND,3725.0,3702.58,3740.777556,ctx
ETH,2024-05-31,1,LONG,ONH,3813.2,3825.35,3799.393516,lean
ETH,2024-05-31,2,SHORT,RND,3800.0,3747.91,3813.806484,ctx
ETH,2024-06-03,1,LONG,PDH,3838.59,3842.01,3823.869866,lean
ETH,2024-06-03,2,SHORT,RND,3800.0,3780.91,3814.720134,ctx
ETH,2024-06-04,1,SHORT,PDL,3758.43,3730.0,3774.064886,lean
ETH,2024-06-04,2,LONG,PDC,3767.06,3775.0,3751.425114,ctx
ETH,2024-06-05,1,SHORT,RND,3800.0,3777.33,3815.450967,lean
ETH,2024-06-05,2,LONG,PDC,3810.23,3831.65,3794.779033,ctx
ETH,2024-06-06,1,SHORT,ONL,3838.53,3777.33,3854.225976,lean
ETH,2024-06-06,2,LONG,RND,3850.0,3865.99,3834.304024,ctx
ETH,2024-06-07,1,LONG,ONH,3839.98,3878.6,3824.846801,lean
ETH,2024-06-07,2,SHORT,RND,3825.0,3813.46,3840.133199,ctx
ETH,2024-06-10,1,LONG,PDC,3706.4,3718.0,3695.003863,lean
ETH,2024-06-10,2,SHORT,RND,3675.0,3666.36,3686.396137,ctx
ETH,2024-06-10,3,FADE,PDH,3721.52,3706.4,3732.916137,ctx
ETH,2024-06-11,1,SHORT,RND,3525.0,3503.4,3535.990022,lean
ETH,2024-06-11,2,FADE,PDL,3642.74,3503.4,3653.730022,ctx
ETH,2024-06-12,1,SHORT,RND,3525.0,3497.33,3541.132299,lean
ETH,2024-06-12,2,LONG,ONH,3563.56,3607.004061,3547.427701,ctx
ETH,2024-06-13,1,SHORT,ONL,3472.6,3462.07,3485.170827,lean
ETH,2024-06-13,2,LONG,RND,3500.0,3555.833859,3487.429173,ctx
ETH,2024-06-14,1,SHORT,PDC,3469.4,3461.321334,3481.074,lean
ETH,2024-06-14,2,LONG,RND,3525.0,3532.61,3513.326,ctx
ETH,2024-06-17,1,SHORT,RND,3525.0,3490.95,3539.629215,lean
ETH,2024-06-17,2,LONG,PDL,3541.05,3595.899669,3526.420785,ctx
ETH,2024-06-18,1,SHORT,ONL,3355.0,3349.081154,3368.934753,lean
ETH,2024-06-18,2,LONG,RND,3425.0,3463.39,3411.065247,ctx
ETH,2024-06-19,1,SHORT,RND,3525.0,3517.2,3537.299998,lean
ETH,2024-06-19,2,LONG,ONH,3585.0,3594.339992,3572.700002,ctx
ETH,2024-06-20,1,SHORT,PDH,3590.01,3560.51,3601.585929,lean
ETH,2024-06-20,2,LONG,RND,3600.0,3625.96,3588.424071,ctx
ETH,2024-06-21,1,LONG,PDC,3513.08,3536.21,3500.199571,lean
ETH,2024-06-21,2,SHORT,RND,3500.0,3486.0,3512.880429,ctx
ETH,2024-06-24,1,LONG,RND,3325.0,3373.718188,3313.74396,lean
ETH,2024-06-25,1,LONG,ONH,3394.92,3428.656641,3383.638577,lean
ETH,2024-06-25,2,SHORT,RND,3375.0,3352.73,3386.281423,ctx
ETH,2024-06-26,1,SHORT,RND,3375.0,3366.37,3385.994316,lean
ETH,2024-06-26,2,LONG,PDC,3394.91,3426.75,3383.915684,ctx
ETH,2024-06-27,1,SHORT,RND,3400.0,3371.44,3410.740732,lean
ETH,2024-06-27,2,LONG,ONH,3414.05,3426.75,3403.309268,ctx
ETH,2024-06-28,1,SHORT,PDC,3450.44,3450.0,3460.809134,lean
ETH,2024-06-28,2,LONG,PDH,3477.0,3487.7,3466.630866,ctx
ETH,2024-06-28,3,FADE,ONH,3487.7,3450.44,3498.069134,ctx
ETH,2024-07-01,1,LONG,PDH,3460.0,3510.334974,3449.12822,lean
ETH,2024-07-01,2,SHORT,RND,3450.0,3438.16,3460.87178,ctx
ETH,2024-07-02,1,SHORT,RND,3450.0,3442.2,3458.458606,lean
ETH,2024-07-02,2,LONG,ONH,3464.12,3492.733494,3455.661394,ctx
ETH,2024-07-02,3,FADE,ONH,3464.12,3442.2,3472.578606,ctx
ETH,2024-07-03,1,SHORT,RND,3300.0,3281.63,3310.625835,lean
ETH,2024-07-03,2,FADE,PDL,3402.0,3281.63,3412.625835,ctx
ETH,2024-07-04,1,SHORT,RND,3150.0,3126.6,3160.420613,lean
ETH,2024-07-05,1,LONG,RND,2950.0,3003.847908,2937.908306,ctx
ETH,2024-07-08,1,SHORT,RND,3050.0,3002.649093,3060.997337,lean
ETH,2024-07-08,2,LONG,PDH,3073.08,3097.06,3062.082663,ctx
ETH,2024-07-09,1,SHORT,RND,3075.0,3027.952129,3086.896687,lean
ETH,2024-07-09,2,LONG,PDH,3097.06,3115.2,3085.163313,ctx
ETH,2024-07-10,1,SHORT,RND,3100.0,3066.65,3110.685842,lean
ETH,2024-07-10,2,LONG,PDH,3115.2,3129.89,3104.514158,ctx
ETH,2024-07-11,1,SHORT,PDC,3101.05,3093.981149,3112.419754,lean
ETH,2024-07-11,2,LONG,RND,3150.0,3151.51,3138.630246,ctx
ETH,2024-07-12,1,LONG,RND,3075.0,3099.57,3064.038677,lean
ETH,2024-07-12,2,SHORT,PDL,3054.76,3045.58,3065.721323,ctx
ETH,2024-07-15,1,LONG,RND,3350.0,3373.0,3337.823731,lean
ETH,2024-07-16,1,LONG,RND,3425.0,3479.672898,3412.16795,lean
ETH,2024-07-17,1,LONG,RND,3450.0,3498.59,3437.389725,lean
ETH,2024-07-17,2,SHORT,PDC,3444.13,3414.31,3456.740275,ctx
ETH,2024-07-18,1,LONG,ONH,3461.01,3517.0,3446.612143,lean
ETH,2024-07-18,2,SHORT,RND,3450.0,3391.640001,3464.397857,ctx
ETH,2024-07-19,1,LONG,PDC,3426.5,3450.5,3412.077198,lean
ETH,2024-07-19,2,SHORT,RND,3400.0,3377.0,3414.422802,ctx
ETH,2024-07-22,1,LONG,PDC,3535.92,3547.0,3521.077676,lean
ETH,2024-07-22,2,SHORT,RND,3500.0,3459.6,3514.842324,ctx
ETH,2024-07-23,1,LONG,RND,3525.0,3541.0,3511.212597,ctx
ETH,2024-07-24,1,LONG,PDC,3482.51,3500.0,3468.760514,lean
ETH,2024-07-24,2,SHORT,RND,3450.0,3427.4,3463.749486,ctx
ETH,2024-07-25,1,LONG,RND,3175.0,3235.654339,3161.466927,lean
ETH,2024-07-25,2,SHORT,ONL,3130.0,3109.345661,3143.533073,ctx
ETH,2024-07-26,1,LONG,RND,3250.0,3276.0,3238.795572,lean
ETH,2024-07-29,1,LONG,ONH,3396.77,3424.615736,3386.138057,ctx
ETH,2024-07-30,1,SHORT,RND,3325.0,3317.66,3337.112329,lean
ETH,2024-07-30,2,LONG,ONH,3355.5,3391.174201,3343.387671,ctx
ETH,2024-07-31,1,LONG,RND,3325.0,3332.04,3314.642284,lean
ETH,2024-07-31,2,SHORT,PDC,3279.21,3274.533992,3289.567716,ctx
ETH,2024-08-01,1,LONG,RND,3200.0,3213.75,3189.530867,ctx
ETH,2024-08-02,1,LONG,PDC,3203.4,3206.59637,3192.071492,lean
ETH,2024-08-02,2,SHORT,RND,3150.0,3127.0,3161.328508,ctx
ETH,2024-08-05,1,SHORT,RND,2290.0,2195.54624,2310.362234,ctx
ETH,2024-08-06,1,LONG,RND,2460.0,2533.6727,2443.979421,lean
ETH,2024-08-06,2,SHORT,PDC,2419.59,2410.71,2435.610579,ctx
ETH,2024-08-07,1,SHORT,RND,2470.0,2461.33,2484.781611,lean
ETH,2024-08-08,1,LONG,RND,2450.0,2465.25,2434.302784,lean
ETH,2024-08-09,1,SHORT,RND,2625.0,2617.2,2642.761357,lean
ETH,2024-08-09,2,LONG,PDC,2682.5,2717.806333,2664.738643,ctx
ETH,2024-08-12,1,LONG,RND,2675.0,2683.2,2659.131649,ctx
ETH,2024-08-13,1,SHORT,ONL,2611.37,2565.760526,2628.274887,lean
ETH,2024-08-13,2,LONG,RND,2650.0,2722.3,2633.095113,ctx
ETH,2024-08-14,1,LONG,ONH,2764.05,2825.97816,2747.820394,lean
ETH,2024-08-14,2,SHORT,RND,2750.0,2738.4,2766.229606,ctx
ETH,2024-08-15,1,SHORT,PDL,2632.2,2589.0,2648.727022,lean
ETH,2024-08-15,2,LONG,RND,2650.0,2661.45,2633.472978,ctx
ETH,2024-08-16,1,SHORT,PDC,2569.89,2552.17,2585.848455,lean
ETH,2024-08-16,2,LONG,RND,2625.0,2628.83,2609.041545,ctx
ETH,2024-08-19,1,SHORT,ONL,2565.84,2521.31726,2580.10773,lean
ETH,2024-08-19,2,LONG,PDL,2594.53,2600.0,2580.26227,ctx
ETH,2024-08-20,1,SHORT,PDC,2636.36,2615.4,2650.165812,lean
ETH,2024-08-20,2,LONG,PDH,2648.08,2650.0,2634.274188,ctx
ETH,2024-08-21,1,LONG,ONH,2607.87,2642.14363,2594.039222,lean
ETH,2024-08-21,2,SHORT,RND,2575.0,2572.82,2588.830778,ctx
ETH,2024-08-22,1,SHORT,PDC,2630.71,2584.2,2643.478144,lean
ETH,2024-08-22,2,LONG,ONH,2644.49,2650.0,2631.721856,ctx
ETH,2024-08-23,1,LONG,ONH,2689.0,2697.924404,2679.431199,lean
ETH,2024-08-23,2,SHORT,RND,2650.0,2644.69,2659.568801,ctx
ETH,2024-08-26,1,LONG,PDC,2746.13,2787.000899,2735.490522,lean
ETH,2024-08-26,2,SHORT,PDL,2733.21,2725.0,2743.849478,ctx
ETH,2024-08-27,1,LONG,PDL,2666.66,2670.791321,2657.205431,lean
ETH,2024-08-27,2,SHORT,RND,2625.0,2619.3,2634.454569,ctx
ETH,2024-08-28,1,LONG,RND,2525.0,2550.31,2515.316665,ctx
ETH,2024-08-29,1,LONG,ONH,2574.22,2600.736539,2564.464313,lean
ETH,2024-08-29,2,SHORT,PDH,2554.6,2550.0,2564.355687,ctx
ETH,2024-08-30,1,LONG,PDC,2527.61,2535.4,2518.492009,lean
ETH,2024-08-30,2,SHORT,PDL,2505.88,2503.8,2514.997991,ctx
ETH,2024-09-02,1,LONG,PDH,2516.28,2525.0,2506.248579,ctx
ETH,2024-09-03,1,SHORT,RND,2500.0,2494.24,2508.843779,lean
ETH,2024-09-03,2,LONG,PDC,2538.01,2550.860966,2529.166221,ctx
ETH,2024-09-04,1,LONG,RND,2400.0,2411.12,2389.796113,lean
ETH,2024-09-05,1,LONG,RND,2390.0,2435.033603,2380.251371,lean
ETH,2024-09-05,2,SHORT,ONL,2376.72,2344.046397,2386.468629,ctx
ETH,2024-09-06,1,SHORT,RND,2370.0,2368.81,2379.361351,lean
ETH,2024-09-06,2,LONG,ONH,2408.4,2416.636306,2399.038649,ctx
ETH,2024-09-09,1,LONG,RND,2320.0,2333.58,2308.852481,lean
ETH,2024-09-09,2,SHORT,PDC,2297.3,2278.43,2308.447519,ctx
ETH,2024-09-10,1,SHORT,RND,2350.0,2328.0,2359.757572,lean
ETH,2024-09-10,2,LONG,PDC,2359.5,2375.77,2349.742428,ctx
ETH,2024-09-11,1,SHORT,PDL,2320.41,2306.45,2329.086587,lean
ETH,2024-09-11,2,LONG,RND,2330.0,2368.080741,2321.323413,ctx
ETH,2024-09-12,1,SHORT,PDC,2340.55,2333.0,2350.286373,lean
ETH,2024-09-12,2,LONG,RND,2350.0,2389.32,2340.263627,ctx
ETH,2024-09-13,1,SHORT,RND,2350.0,2337.35,2358.861505,lean
ETH,2024-09-13,2,LONG,PDC,2361.76,2376.22,2352.898495,ctx
ETH,2024-09-16,1,SHORT,PDL,2283.75,2265.208242,2292.876805,lean
ETH,2024-09-16,2,LONG,RND,2310.0,2316.1,2300.873195,ctx
ETH,2024-09-17,1,LONG,RND,2310.0,2323.69,2301.660665,lean
ETH,2024-09-17,2,SHORT,PDC,2295.68,2269.203104,2304.019335,ctx
ETH,2024-09-18,1,SHORT,RND,2300.0,2277.34,2309.035952,lean
ETH,2024-09-18,2,LONG,PDC,2341.8,2342.757774,2332.764048,ctx
ETH,2024-09-19,1,LONG,RND,2440.0,2442.6,2431.546432,lean
ETH,2024-09-20,1,LONG,RND,2550.0,2571.93,2540.999851,lean
ETH,2024-09-23,1,LONG,RND,2650.0,2687.24,2639.32499,lean
ETH,2024-09-23,2,SHORT,PDH,2632.57,2596.183289,2643.24501,ctx
ETH,2024-09-24,1,LONG,PDC,2646.97,2667.75,2636.223263,lean
ETH,2024-09-24,2,SHORT,RND,2625.0,2609.4,2635.746737,ctx
ETH,2024-09-25,1,LONG,PDC,2653.2,2670.96,2642.195028,lean
ETH,2024-09-25,2,SHORT,RND,2625.0,2610.53,2636.004972,ctx
ETH,2024-09-26,1,LONG,ONH,2639.5,2673.5,2629.204101,lean
ETH,2024-09-26,2,SHORT,RND,2625.0,2580.752471,2635.295899,ctx
ETH,2024-09-27,1,LONG,PDH,2666.22,2677.61,2655.97188,lean
ETH,2024-09-27,2,SHORT,RND,2650.0,2632.26,2660.24812,ctx
ETH,2024-09-30,1,LONG,PDL,2629.73,2657.62,2619.183596,lean
ETH,2024-09-30,2,SHORT,RND,2625.0,2592.42,2635.546404,ctx
ETH,2024-10-01,1,SHORT,RND,2625.0,2602.23,2634.178532,lean
ETH,2024-10-01,2,LONG,ONH,2659.0,2663.5,2649.821468,ctx
ETH,2024-10-02,1,LONG,RND,2460.0,2499.0,2448.85171,lean
ETH,2024-10-02,2,SHORT,PDC,2447.79,2440.0,2458.93829,ctx
ETH,2024-10-03,1,SHORT,PDL,2352.0,2350.0,2361.258271,lean
ETH,2024-10-03,2,LONG,PDC,2364.1,2395.545264,2354.841729,ctx
ETH,2024-10-04,1,LONG,RND,2390.0,2393.52,2381.523434,lean
ETH,2024-10-04,2,SHORT,PDC,2349.8,2346.64269,2358.276566,ctx
ETH,2024-10-07,1,SHORT,PDH,2457.8,2440.03,2466.701727,lean
ETH,2024-10-07,2,LONG,RND,2480.0,2512.92,2471.098273,ctx
ETH,2024-10-08,1,LONG,RND,2440.0,2457.65,2431.16146,lean
ETH,2024-10-08,2,SHORT,PDC,2422.71,2403.0,2431.54854,ctx
ETH,2024-10-09,1,SHORT,PDC,2440.89,2440.0,2449.395361,lean
ETH,2024-10-09,2,LONG,PDH,2466.66,2473.61,2458.154639,ctx
ETH,2024-10-10,1,SHORT,PDC,2370.47,2367.562366,2378.826636,lean
ETH,2024-10-10,2,LONG,RND,2410.0,2411.38,2401.643364,ctx
ETH,2024-10-11,1,LONG,RND,2420.0,2421.36,2411.684198,lean
ETH,2024-10-11,2,SHORT,PDC,2386.49,2379.012923,2394.805802,ctx
ETH,2024-10-14,1,LONG,ONH,2548.43,2550.0,2540.555259,lean
ETH,2024-10-15,1,LONG,PDC,2629.79,2631.710686,2620.03771,lean
ETH,2024-10-15,2,SHORT,ONL,2580.01,2575.0,2589.76229,ctx
ETH,2024-10-16,1,LONG,ONH,2642.69,2676.734564,2632.761165,lean
ETH,2024-10-16,2,SHORT,RND,2625.0,2607.41,2634.928835,ctx
ETH,2024-10-17,1,LONG,RND,2600.0,2611.1,2589.25966,lean
ETH,2024-10-17,2,SHORT,ONL,2596.49,2588.67,2607.23034,ctx
ETH,2024-10-18,1,LONG,RND,2625.0,2648.37,2614.554828,lean
ETH,2024-10-18,2,SHORT,PDC,2605.8,2596.49,2616.245172,ctx
ETH,2024-10-21,1,LONG,PDC,2746.91,2752.307544,2736.723383,lean
ETH,2024-10-21,2,SHORT,ONL,2701.41,2700.0,2711.596617,ctx
ETH,2024-10-22,1,SHORT,RND,2625.0,2613.2,2634.717368,lean
ETH,2024-10-22,2,LONG,PDL,2655.01,2666.7,2645.292632,ctx
ETH,2024-10-23,1,SHORT,RND,2575.0,2563.73,2583.890278,lean
ETH,2024-10-23,2,LONG,PDL,2606.56,2622.417965,2597.669722,ctx
ETH,2024-10-24,1,LONG,ONH,2562.65,2571.45333,2553.653572,lean
ETH,2024-10-24,2,SHORT,RND,2525.0,2524.61,2533.996428,ctx
ETH,2024-10-25,1,SHORT,PDC,2535.82,2509.672168,2543.418107,lean
ETH,2024-10-25,2,LONG,ONH,2547.66,2550.0,2540.061893,ctx
ETH,2024-10-25,3,FADE,PDH,2562.65,2535.82,2570.248107,ctx
ETH,2024-10-28,1,SHORT,RND,2525.0,2507.8,2533.924908,lean
ETH,2024-10-28,2,LONG,PDH,2527.99,2544.74,2519.065092,ctx
ETH,2024-10-29,1,LONG,ONH,2638.8,2669.45207,2630.686699,lean
ETH,2024-10-29,2,SHORT,RND,2625.0,2593.72793,2633.113301,ctx
ETH,2024-10-30,1,SHORT,RND,2650.0,2638.8,2659.633902,lean
ETH,2024-10-30,2,LONG,PDH,2681.86,2696.5,2672.226098,ctx
ETH,2024-10-31,1,LONG,RND,2650.0,2659.19,2640.986408,lean
ETH,2024-10-31,2,SHORT,ONL,2625.26,2599.66,2634.273592,ctx
ETH,2024-11-01,1,LONG,PDC,2518.61,2525.0,2509.385123,lean
ETH,2024-11-01,2,SHORT,PDL,2503.0,2472.390574,2512.224877,ctx
ETH,2024-11-04,1,SHORT,PDC,2457.73,2436.674479,2466.29404,lean
ETH,2024-11-04,2,LONG,RND,2480.0,2491.39,2471.43596,ctx
ETH,2024-11-05,1,LONG,ONH,2448.18,2483.729499,2439.645107,lean
ETH,2024-11-05,2,SHORT,RND,2440.0,2404.070501,2448.534893,ctx
ETH,2024-11-06,1,SHORT,RND,2625.0,2586.705544,2635.001669,lean
ETH,2024-11-06,2,LONG,ONH,2648.0,2680.054456,2637.998331,ctx
ETH,2024-11-07,1,LONG,RND,2825.0,2873.69927,2813.186585,lean
ETH,2024-11-08,1,LONG,ONH,2954.94,2995.034551,2942.392596,lean
ETH,2024-11-08,2,SHORT,RND,2925.0,2916.11,2937.547404,ctx
ETH,2024-11-11,1,LONG,RND,3175.0,3183.21,3161.348207,lean
ETH,2024-11-12,1,SHORT,RND,3250.0,3207.67,3264.459696,ctx
ETH,2024-11-13,1,LONG,RND,3175.0,3207.67,3160.235264,lean
ETH,2024-11-13,2,SHORT,ONL,3116.69,3095.497898,3131.454736,ctx
ETH,2024-11-14,1,LONG,PDC,3187.16,3240.4,3172.284184,lean
ETH,2024-11-14,2,SHORT,RND,3175.0,3155.0,3189.875816,ctx
ETH,2024-11-15,1,LONG,ONH,3131.06,3163.704484,3118.197611,lean
ETH,2024-11-15,2,SHORT,RND,3100.0,3058.82,3112.862389,ctx
ETH,2024-11-18,1,LONG,ONH,3149.71,3155.130641,3135.093434,lean
ETH,2024-11-18,2,SHORT,PDC,3076.0,3075.0,3090.616566,ctx
ETH,2024-11-19,1,SHORT,RND,3125.0,3091.13,3140.697542,lean
ETH,2024-11-20,1,SHORT,ONL,3071.6,3065.4,3086.739727,lean
ETH,2024-11-20,2,LONG,RND,3100.0,3107.44,3084.860273,ctx
ETH,2024-11-21,1,LONG,ONH,3317.85,3362.005496,3301.346679,lean
ETH,2024-11-21,2,SHORT,RND,3275.0,3207.974504,3291.503321,ctx
ETH,2024-11-22,1,SHORT,ONL,3304.39,3274.144575,3320.308305,lean
ETH,2024-11-22,2,LONG,RND,3350.0,3355.81,3334.081695,ctx
ETH,2024-11-25,1,SHORT,RND,3475.0,3450.0,3488.957519,lean
ETH,2024-11-25,2,LONG,ONH,3527.0,3547.13509,3513.042481,ctx
ETH,2024-11-26,1,SHORT,PDL,3300.01,3300.0,3314.850437,lean
ETH,2024-11-27,1,SHORT,RND,3475.0,3462.49,3489.132944,lean
ETH,2024-11-27,2,LONG,ONH,3485.5,3543.953737,3471.367056,ctx
ETH,2024-11-28,1,LONG,RND,3625.0,3653.28,3608.282943,lean
ETH,2024-11-28,2,SHORT,ONL,3564.75,3544.367066,3581.467057,ctx
ETH,2024-11-29,1,LONG,ONH,3602.85,3654.69254,3588.213741,lean
ETH,2024-11-29,2,SHORT,PDC,3578.79,3575.0,3593.426259,ctx
ETH,2024-12-02,1,LONG,RND,3600.0,3659.2,3584.472963,lean
ETH,2024-12-02,2,SHORT,ONL,3569.58,3523.180494,3585.107037,ctx
ETH,2024-12-03,1,LONG,PDC,3643.42,3670.0,3626.766374,lean
ETH,2024-12-03,2,SHORT,RND,3600.0,3585.0,3616.653626,ctx
ETH,2024-12-04,1,SHORT,PDH,3670.0,3646.960982,3685.199075,lean
ETH,2024-12-04,2,LONG,RND,3725.0,3751.44,3709.800925,ctx
ETH,2024-12-05,1,LONG,RND,3925.0,3943.28,3908.069946,lean
ETH,2024-12-05,2,SHORT,PDH,3887.24,3845.593082,3904.170054,ctx
ETH,2024-12-06,1,SHORT,RND,3825.0,3785.2,3842.301685,ctx
ETH,2024-12-09,1,LONG,RND,3875.0,3923.5,3857.33611,lean
ETH,2024-12-09,2,SHORT,ONL,3836.84,3781.818515,3854.50389,ctx
ETH,2024-12-10,1,LONG,PDC,3712.0,3748.054903,3696.818949,lean
ETH,2024-12-10,2,SHORT,RND,3675.0,3615.11,3690.181051,ctx
ETH,2024-12-11,1,LONG,RND,3725.0,3737.4,3706.2124,lean
ETH,2024-12-12,1,SHORT,RND,3950.0,3877.580214,3966.65424,lean
ETH,2024-12-12,2,LONG,ONH,3962.6,4033.019786,3945.94576,ctx
ETH,2024-12-13,1,LONG,ONH,3941.19,3987.41,3925.079683,lean
ETH,2024-12-13,2,SHORT,RND,3925.0,3881.61,3941.110317,ctx
ETH,2024-12-16,1,SHORT,ONL,3886.42,3831.5,3902.289743,lean
ETH,2024-12-16,2,LONG,RND,3900.0,3959.09,3884.130257,ctx
ETH,2024-12-17,1,LONG,ONH,4041.82,4083.052056,4024.494559,lean
ETH,2024-12-17,2,SHORT,RND,4000.0,3986.24,4017.325441,ctx
ETH,2024-12-18,1,LONG,PDC,3893.01,3903.2,3877.85343,lean
ETH,2024-12-18,2,SHORT,RND,3850.0,3847.96,3865.15657,ctx
ETH,2024-12-19,1,LONG,ONH,3720.0,3746.011821,3705.796753,lean
ETH,2024-12-19,2,SHORT,RND,3675.0,3626.8,3689.203247,ctx
ETH,2024-12-20,1,LONG,PDL,3326.8,3341.591893,3304.175309,lean
ETH,2024-12-20,2,SHORT,RND,3225.0,3130.428107,3247.624691,ctx
ETH,2024-12-23,1,SHORT,PDC,3281.83,3248.293091,3303.427195,lean
ETH,2024-12-23,2,LONG,RND,3350.0,3363.12,3328.402805,ctx
ETH,2024-12-24,1,SHORT,RND,3400.0,3358.19,3418.160409,lean
ETH,2024-12-24,2,LONG,PDC,3422.53,3465.25,3404.369591,ctx
ETH,2024-12-25,1,SHORT,RND,3475.0,3457.7,3491.95414,lean
ETH,2024-12-25,2,LONG,PDC,3493.18,3539.65,3476.22586,ctx
ETH,2024-12-26,1,SHORT,RND,3350.0,3346.87,3364.986337,lean
ETH,2024-12-27,1,LONG,RND,3425.0,3444.16,3411.012179,lean
ETH,2024-12-30,1,LONG,PDH,3413.78,3437.59,3396.932303,lean
ETH,2024-12-30,2,SHORT,RND,3400.0,3356.48,3416.847697,ctx
ETH,2024-12-31,1,LONG,RND,3400.0,3414.01,3385.798082,lean
ETH,2024-12-31,2,SHORT,PDC,3361.84,3326.884383,3376.041918,ctx
ETH,2025-01-01,1,LONG,RND,3350.0,3368.42,3336.928611,lean
ETH,2025-01-01,2,SHORT,PDC,3337.78,3315.59,3350.851389,ctx
ETH,2025-01-02,1,LONG,ONH,3481.14,3545.983296,3467.103579,lean
ETH,2025-01-02,2,SHORT,RND,3475.0,3414.976704,3489.036421,ctx
ETH,2025-01-03,1,LONG,RND,3475.0,3477.03,3462.03355,lean
ETH,2025-01-03,2,SHORT,PDC,3455.67,3423.44,3468.63645,ctx
ETH,2025-01-06,1,LONG,RND,3650.0,3675.25,3636.516327,lean
ETH,2025-01-06,2,SHORT,PDC,3635.99,3610.63,3649.473673,ctx
ETH,2025-01-07,1,LONG,PDC,3687.45,3697.234365,3673.775493,lean
ETH,2025-01-07,2,SHORT,ONL,3625.55,3625.0,3639.224507,ctx
ETH,2025-01-08,1,LONG,RND,3350.0,3356.31,3335.715832,lean
ETH,2025-01-08,2,SHORT,ONL,3306.41,3272.96055,3320.694168,ctx
ETH,2025-01-09,1,SHORT,ONL,3265.77,3217.184348,3282.701925,lean
ETH,2025-01-09,2,LONG,RND,3300.0,3327.29,3283.068075,ctx
ETH,2025-01-10,1,SHORT,RND,3300.0,3234.281243,3316.381877,lean
ETH,2025-01-10,2,LONG,ONH,3321.25,3357.27,3304.868123,ctx
ETH,2025-01-13,1,LONG,RND,3050.0,3112.302486,3035.998039,lean
ETH,2025-01-13,2,SHORT,ONL,3040.0,2981.617514,3054.001961,ctx
ETH,2025-01-14,1,SHORT,RND,3175.0,3137.51,3190.35736,ctx
ETH,2025-01-15,1,LONG,PDC,3225.63,3252.35,3207.975562,lean
ETH,2025-01-15,2,SHORT,RND,3200.0,3186.36,3217.654438,ctx
ETH,2025-01-16,1,SHORT,RND,3350.0,3300.21,3365.870234,lean
ETH,2025-01-17,1,LONG,ONH,3439.0,3460.79,3425.964325,lean
ETH,2025-01-17,2,SHORT,RND,3400.0,3346.796848,3413.035675,ctx
ETH,2025-01-20,1,SHORT,RND,3300.0,3231.912414,3315.451626,lean
ETH,2025-01-21,1,SHORT,RND,3300.0,3284.0,3315.751612,lean
ETH,2025-01-21,2,LONG,ONH,3326.74,3380.697524,3310.988388,ctx
ETH,2025-01-22,1,SHORT,ONL,3273.83,3247.062699,3288.810136,lean
ETH,2025-01-22,2,LONG,RND,3325.0,3327.54,3310.019864,ctx
ETH,2025-01-23,1,SHORT,RND,3200.0,3185.0,3213.783821,lean
ETH,2025-01-23,2,LONG,PDL,3222.85,3242.6,3209.066179,ctx
ETH,2025-01-24,1,SHORT,RND,3400.0,3347.97,3413.073073,lean
ETH,2025-01-24,2,LONG,ONH,3421.0,3465.007675,3407.926927,ctx
ETH,2025-01-27,1,SHORT,RND,3100.0,3043.684146,3112.738397,ctx
ETH,2025-01-28,1,LONG,RND,3175.0,3182.44,3163.493371,lean
ETH,2025-01-28,2,SHORT,ONL,3151.62,3121.292398,3163.126629,ctx
ETH,2025-01-29,1,SHORT,PDC,3077.72,3066.140352,3088.982782,lean
ETH,2025-01-29,2,LONG,RND,3125.0,3164.11,3113.737218,ctx
ETH,2025-01-30,1,LONG,RND,3225.0,3229.82,3211.758883,lean
ETH,2025-01-30,2,SHORT,PDH,3182.52,3158.218122,3195.761117,ctx
ETH,2025-01-31,1,SHORT,RND,3350.0,3295.403343,3361.847141,lean
ETH,2025-01-31,2,LONG,ONH,3359.72,3405.976657,3347.872859,ctx
ETH,2025-02-03,1,SHORT,RND,2575.0,2486.19623,2595.212236,ctx
ETH,2025-02-04,1,SHORT,RND,2800.0,2734.358244,2815.135376,ctx
ETH,2025-02-05,1,SHORT,PDC,2731.19,2721.327243,2745.369877,lean
ETH,2025-02-05,2,LONG,RND,2800.0,2817.89,2785.820123,ctx
ETH,2025-02-06,1,SHORT,ONL,2755.47,2707.727102,2769.002764,lean
ETH,2025-02-06,2,LONG,RND,2775.0,2788.25,2761.467236,ctx
ETH,2025-02-07,1,SHORT,RND,2750.0,2686.64,2765.969596,lean
ETH,2025-02-07,2,LONG,ONH,2771.05,2831.834779,2755.080404,ctx
ETH,2025-02-10,1,LONG,RND,2650.0,2662.12,2633.885955,lean
ETH,2025-02-10,2,SHORT,PDC,2627.18,2564.131122,2643.294045,ctx
ETH,2025-02-11,1,SHORT,RND,2675.0,2661.19,2689.793142,lean
ETH,2025-02-11,2,LONG,PDH,2693.79,2725.04,2678.996858,ctx
ETH,2025-02-12,1,LONG,ONH,2642.9,2688.05481,2630.116826,lean
ETH,2025-02-12,2,SHORT,RND,2625.0,2602.59,2637.783174,ctx
ETH,2025-02-13,1,SHORT,RND,2650.0,2645.6,2664.956606,lean
ETH,2025-02-14,1,SHORT,PDC,2675.87,2675.0,2688.327808,lean
ETH,2025-02-14,2,LONG,ONH,2721.4,2744.566437,2708.942192,ctx
ETH,2025-02-17,1,SHORT,PDH,2727.31,2713.179915,2738.675732,lean
ETH,2025-02-17,2,LONG,RND,2775.0,2779.0,2763.634268,ctx
ETH,2025-02-18,1,SHORT,RND,2700.0,2652.17,2712.357016,lean
ETH,2025-02-18,2,LONG,PDC,2744.05,2756.93,2731.692984,ctx
ETH,2025-02-19,1,SHORT,RND,2700.0,2671.99,2711.801715,lean
ETH,2025-02-19,2,LONG,ONH,2736.7,2756.93,2724.898285,ctx
ETH,2025-02-20,1,SHORT,PDH,2736.7,2715.5,2747.400678,lean
ETH,2025-02-20,2,LONG,RND,2750.0,2758.68,2739.299322,ctx
ETH,2025-02-21,1,LONG,ONH,2831.71,2859.410677,2820.386998,lean
ETH,2025-02-21,2,SHORT,RND,2800.0,2770.59,2811.323002,ctx
ETH,2025-02-24,1,LONG,PDL,2745.41,2746.729259,2730.941587,lean
ETH,2025-02-24,2,SHORT,RND,2675.0,2663.03,2689.468413,ctx
ETH,2025-02-25,1,LONG,RND,2440.0,2470.33,2427.583308,lean
ETH,2025-02-26,1,SHORT,RND,2430.0,2423.48,2441.728802,ctx
ETH,2025-02-27,1,SHORT,PDC,2336.37,2303.22,2351.745275,lean
ETH,2025-02-27,2,LONG,RND,2350.0,2381.6,2334.624725,ctx
ETH,2025-02-28,1,SHORT,RND,2120.0,2076.26,2135.102193,ctx
ETH,2025-03-03,1,SHORT,ONL,2322.01,2298.542863,2336.827244,lean
ETH,2025-03-03,2,LONG,RND,2370.0,2436.837137,2355.182756,ctx
ETH,2025-03-04,1,LONG,PDC,2149.01,2167.18,2133.473738,lean
ETH,2025-03-04,2,SHORT,RND,2100.0,2097.91,2115.536262,ctx
ETH,2025-03-05,1,LONG,RND,2220.0,2221.88,2206.479163,lean
ETH,2025-03-05,2,SHORT,PDC,2171.51,2155.03,2185.030837,ctx
ETH,2025-03-06,1,SHORT,PDC,2241.59,2230.3,2254.917415,lean
ETH,2025-03-06,2,LONG,RND,2270.0,2273.51,2256.672585,ctx
ETH,2025-03-07,1,LONG,RND,2180.0,2202.2,2166.32482,lean
ETH,2025-03-07,2,SHORT,PDL,2176.9,2114.602492,2190.57518,ctx
ETH,2025-03-10,1,LONG,RND,2130.0,2152.4,2117.419982,ctx
ETH,2025-03-11,1,LONG,ONH,1929.68,1979.070034,1915.762136,lean
ETH,2025-03-11,2,SHORT,RND,1910.0,1865.1,1923.917864,ctx
ETH,2025-03-12,1,LONG,RND,1920.0,1923.43,1907.412679,lean
ETH,2025-03-13,1,SHORT,RND,1900.0,1853.9,1911.946791,lean
ETH,2025-03-13,2,LONG,PDC,1908.2,1917.12,1896.253209,ctx
ETH,2025-03-14,1,LONG,ONH,1908.93,1923.09,1896.627444,lean
ETH,2025-03-14,2,SHORT,RND,1900.0,1864.59,1912.302556,ctx
ETH,2025-03-17,1,SHORT,RND,1910.0,1887.0,1921.953657,lean
ETH,2025-03-17,2,LONG,ONH,1918.42,1940.87,1906.466343,ctx
ETH,2025-03-18,1,SHORT,RND,1890.0,1885.58,1900.521628,lean
ETH,2025-03-18,2,LONG,PDC,1926.31,1941.530932,1915.788372,ctx
ETH,2025-03-19,1,LONG,RND,2030.0,2033.79,2019.616568,lean
ETH,2025-03-20,1,SHORT,ONL,1972.4,1944.989904,1981.847878,lean
ETH,2025-03-20,2,LONG,RND,1990.0,2033.170096,1980.552122,ctx
ETH,2025-03-21,1,LONG,RND,1970.0,1983.79,1961.237945,lean
ETH,2025-03-21,2,SHORT,ONL,1956.6,1952.17,1965.362055,ctx
ETH,2025-03-24,1,LONG,ONH,2104.11,2130.128422,2096.104624,lean
ETH,2025-03-24,2,SHORT,RND,2090.0,2055.411578,2098.005376,ctx
ETH,2025-03-25,1,SHORT,ONL,2037.08,2033.703126,2044.575044,lean
ETH,2025-03-25,2,LONG,RND,2070.0,2081.2,2062.504956,ctx
ETH,2025-03-26,1,SHORT,PDC,2066.15,2042.6,2073.687736,lean
ETH,2025-03-26,2,LONG,RND,2070.0,2079.21,2062.462264,ctx
ETH,2025-03-27,1,LONG,RND,2020.0,2037.38,2012.750945,lean
ETH,2025-03-27,2,SHORT,PDC,2009.52,1995.0,2016.769055,ctx
ETH,2025-03-28,1,SHORT,RND,1900.0,1866.342903,1907.315092,ctx
ETH,2025-03-31,1,LONG,ONH,1823.5,1848.396895,1816.007094,lean
ETH,2025-03-31,2,SHORT,RND,1810.0,1807.74,1817.492906,ctx
ETH,2025-04-01,1,LONG,ONH,1892.55,1893.129397,1885.956558,lean
ETH,2025-04-01,2,SHORT,RND,1860.0,1854.22,1866.593442,ctx
ETH,2025-04-02,1,SHORT,ONL,1852.0,1834.417854,1859.35046,lean
ETH,2025-04-02,2,LONG,RND,1870.0,1903.022146,1862.64954,ctx
ETH,2025-04-03,1,LONG,PDC,1795.22,1800.0,1786.432828,ctx
ETH,2025-04-04,1,SHORT,RND,1780.0,1758.72,1786.818387,ctx
ETH,2025-04-07,1,SHORT,RND,1480.0,1438.933965,1489.466293,ctx
ETH,2025-04-08,1,SHORT,PDC,1553.04,1542.795683,1562.795211,lean
ETH,2025-04-08,2,LONG,RND,1590.0,1618.67,1580.244789,ctx
ETH,2025-04-09,1,LONG,RND,1460.0,1473.41,1449.995667,lean
ETH,2025-04-09,2,SHORT,PDL,1441.3,1408.643113,1451.304333,ctx
ETH,2025-04-10,1,SHORT,RND,1590.0,1581.36,1601.798402,lean
ETH,2025-04-11,1,LONG,RND,1560.0,1585.0,1548.779122,lean
ETH,2025-04-11,2,SHORT,PDC,1522.25,1506.425905,1533.470878,ctx
ETH,2025-04-14,1,SHORT,PDH,1649.75,1624.692923,1660.598659,lean
ETH,2025-04-14,2,LONG,RND,1680.0,1691.5,1669.151341,ctx
ETH,2025-04-15,1,SHORT,RND,1630.0,1623.77,1640.748969,lean
ETH,2025-04-15,2,LONG,ONH,1651.96,1682.211856,1641.211031,ctx
ETH,2025-04-16,1,SHORT,PDL,1583.12,1580.0,1593.35725,lean
ETH,2025-04-16,2,LONG,PDC,1588.78,1604.4,1578.54275,ctx
ETH,2025-04-17,1,LONG,ONH,1610.53,1613.66,1601.153085,lean
ETH,2025-04-17,2,SHORT,RND,1590.0,1577.14,1599.376915,ctx
ETH,2025-04-18,1,SHORT,RND,1590.0,1583.62,1598.513109,lean
ETH,2025-04-18,2,LONG,ONH,1592.82,1616.96,1584.306891,ctx
ETH,2025-04-21,1,SHORT,PDH,1619.19,1592.300695,1626.484137,lean
ETH,2025-04-21,2,LONG,RND,1630.0,1658.75,1622.705863,ctx
ETH,2025-04-22,1,LONG,ONH,1638.16,1658.75,1630.136901,lean
ETH,2025-04-22,2,SHORT,RND,1630.0,1593.588869,1638.023099,ctx
ETH,2025-04-23,1,LONG,RND,1800.0,1818.18,1790.465288,lean
ETH,2025-04-23,2,SHORT,PDH,1778.0,1756.26,1787.534712,ctx
ETH,2025-04-24,1,LONG,RND,1760.0,1792.104822,1752.070395,lean
ETH,2025-04-24,2,SHORT,PDL,1744.95,1722.9,1752.879605,ctx
ETH,2025-04-25,1,LONG,ONH,1793.29,1802.82,1785.749343,lean
ETH,2025-04-25,2,SHORT,RND,1790.0,1769.65,1797.540657,ctx
ETH,2025-04-28,1,LONG,RND,1820.0,1827.98,1812.17551,lean
ETH,2025-04-28,2,SHORT,PDC,1791.29,1781.9,1799.11449,ctx
ETH,2025-04-29,1,LONG,RND,1830.0,1842.99,1822.219556,lean
ETH,2025-04-29,2,SHORT,PDH,1827.98,1799.88,1835.760444,ctx
ETH,2025-04-30,1,LONG,ONH,1816.8,1820.0,1808.272077,lean
ETH,2025-04-30,2,SHORT,PDC,1797.81,1780.47,1806.337923,ctx
ETH,2025-05-01,1,SHORT,PDH,1816.8,1810.348292,1824.349652,lean
ETH,2025-05-01,2,LONG,RND,1850.0,1859.23,1842.450348,ctx
ETH,2025-05-02,1,SHORT,RND,1830.0,1813.0,1837.573366,lean
ETH,2025-05-02,2,LONG,PDC,1838.11,1851.79,1830.536634,ctx
ETH,2025-05-05,1,SHORT,PDL,1803.0,1800.0,1810.042395,lean
ETH,2025-05-05,2,LONG,PDC,1808.86,1835.4,1801.817605,ctx
ETH,2025-05-06,1,LONG,RND,1770.0,1781.85,1762.832847,lean
ETH,2025-05-06,2,SHORT,ONL,1757.34,1736.473284,1764.507153,ctx
ETH,2025-05-07,1,LONG,RND,1840.0,1850.0,1833.344447,lean
ETH,2025-05-07,2,SHORT,PDH,1820.9,1817.0,1827.555553,ctx
ETH,2025-05-08,1,LONG,RND,1960.0,1968.72,1952.8686,lean
ETH,2025-05-09,1,SHORT,RND,2350.0,2292.907926,2362.510444,ctx
ETH,2025-05-12,1,SHORT,RND,2525.0,2514.57,2536.445515,ctx
ETH,2025-05-13,1,LONG,RND,2525.0,2525.5,2513.645201,lean
ETH,2025-05-13,2,SHORT,PDC,2495.47,2460.400937,2506.824799,ctx
ETH,2025-05-14,1,LONG,RND,2625.0,2679.71,2611.886695,lean
ETH,2025-05-14,2,SHORT,ONL,2577.48,2563.744577,2590.593305,ctx
ETH,2025-05-15,1,LONG,PDC,2609.74,2610.438955,2597.798081,lean
ETH,2025-05-15,2,SHORT,RND,2550.0,2547.26,2561.941919,ctx
ETH,2025-05-16,1,LONG,RND,2625.0,2647.03,2612.057911,ctx
ETH,2025-05-19,1,LONG,RND,2420.0,2480.241122,2406.572617,ctx
ETH,2025-05-20,1,SHORT,ONL,2492.43,2453.66209,2505.402409,lean
ETH,2025-05-20,2,LONG,RND,2525.0,2528.14,2512.027591,ctx
ETH,2025-05-21,1,LONG,PDH,2588.63,2592.624193,2576.63553,lean
ETH,2025-05-21,2,SHORT,RND,2525.0,2524.19,2536.99447,ctx
ETH,2025-05-22,1,LONG,ONH,2692.99,2716.288112,2678.946119,lean
ETH,2025-05-22,2,SHORT,RND,2650.0,2615.95,2664.043881,ctx
ETH,2025-05-23,1,SHORT,ONL,2551.0,2544.83,2564.379272,lean
ETH,2025-05-23,2,LONG,RND,2575.0,2629.226604,2561.620728,ctx
ETH,2025-05-26,1,LONG,RND,2575.0,2599.0,2563.730152,lean
ETH,2025-05-26,2,SHORT,PDH,2554.26,2551.22,2565.529848,ctx
ETH,2025-05-27,1,LONG,ONH,2655.0,2705.417642,2643.690505,lean
ETH,2025-05-27,2,SHORT,RND,2650.0,2599.862358,2661.309495,ctx
ETH,2025-05-28,1,SHORT,RND,2650.0,2608.5,2661.199865,lean
ETH,2025-05-28,2,LONG,PDC,2660.81,2669.5,2649.610135,ctx
ETH,2025-05-29,1,LONG,RND,2725.0,2775.102573,2712.298734,lean
ETH,2025-05-29,2,SHORT,PDH,2689.14,2681.6,2701.841266,ctx
ETH,2025-05-30,1,SHORT,PDL,2619.05,2567.868857,2630.658102,lean
ETH,2025-05-30,2,LONG,RND,2625.0,2631.39,2613.391898,ctx
ETH,2025-06-02,1,SHORT,RND,2480.0,2475.0,2490.500753,ctx
ETH,2025-06-03,1,SHORT,RND,2600.0,2560.22,2611.162393,lean
ETH,2025-06-03,2,LONG,PDC,2607.41,2615.0,2596.247607,ctx
ETH,2025-06-04,1,SHORT,PDC,2593.36,2583.5,2605.21393,lean
ETH,2025-06-04,2,LONG,RND,2625.0,2650.0,2613.14607,ctx
ETH,2025-06-05,1,SHORT,PDC,2607.68,2600.0,2618.425147,lean
ETH,2025-06-05,2,LONG,ONH,2634.46,2658.15402,2623.714853,ctx
ETH,2025-06-06,1,LONG,RND,2480.0,2493.82,2470.024528,lean
ETH,2025-06-09,1,SHORT,PDC,2509.83,2494.549456,2519.952974,lean
ETH,2025-06-09,2,LONG,ONH,2547.17,2548.63,2537.047026,ctx
ETH,2025-06-10,1,LONG,RND,2775.0,2798.76,2763.876331,lean
ETH,2025-06-11,1,LONG,RND,2775.0,2816.4,2763.304785,lean
ETH,2025-06-11,2,SHORT,ONL,2754.0,2717.672329,2765.695215,ctx
ETH,2025-06-12,1,LONG,PDL,2743.75,2771.61,2732.275058,lean
ETH,2025-06-12,2,SHORT,RND,2725.0,2720.38,2736.474942,ctx
ETH,2025-06-13,1,LONG,RND,2550.0,2596.686065,2539.010129,ctx
ETH,2025-06-16,1,LONG,RND,2625.0,2638.5,2614.789584,lean
ETH,2025-06-17,1,SHORT,RND,2550.0,2544.17,2560.321462,lean
ETH,2025-06-18,1,LONG,RND,2525.0,2548.42,2514.869083,lean
ETH,2025-06-18,2,SHORT,PDC,2509.95,2488.27,2520.080917,ctx
ETH,2025-06-19,1,LONG,ONH,2546.91,2548.42,2537.669873,ctx
ETH,2025-06-20,1,SHORT,PDH,2546.91,2521.12,2555.882312,lean
ETH,2025-06-20,2,LONG,RND,2550.0,2569.0,2541.027688,ctx
ETH,2025-06-23,1,LONG,ONH,2275.67,2306.357073,2264.315627,lean
ETH,2025-06-23,2,SHORT,RND,2250.0,2227.7,2261.354373,ctx
ETH,2025-06-24,1,LONG,RND,2410.0,2411.66,2398.666153,ctx
ETH,2025-06-25,1,SHORT,ONL,2407.63,2380.681036,2417.973349,lean
ETH,2025-06-25,2,LONG,RND,2430.0,2448.45,2419.656651,ctx
ETH,2025-06-26,1,SHORT,RND,2450.0,2418.49,2459.471273,lean
ETH,2025-06-26,2,LONG,PDH,2468.69,2494.559272,2459.218727,ctx
ETH,2025-06-27,1,SHORT,PDC,2415.96,2402.821874,2425.480313,lean
ETH,2025-06-27,2,LONG,RND,2450.0,2463.54,2440.479687,ctx
ETH,2025-06-30,1,SHORT,ONL,2430.65,2413.635739,2440.268056,lean
ETH,2025-06-30,2,LONG,RND,2460.0,2500.09,2450.381944,ctx
ETH,2025-07-01,1,SHORT,ONL,2440.0,2431.0,2449.561811,lean
ETH,2025-07-01,2,LONG,RND,2450.0,2485.47,2440.438189,ctx
ETH,2025-07-02,1,LONG,RND,2450.0,2459.99,2441.219633,lean
ETH,2025-07-02,2,SHORT,PDC,2405.01,2404.724955,2413.790367,ctx
ETH,2025-07-03,1,LONG,RND,2600.0,2619.28,2588.976315,lean
ETH,2025-07-03,2,SHORT,PDC,2570.41,2556.12,2581.433685,ctx
ETH,2025-07-04,1,LONG,RND,2550.0,2556.12,2539.43119,lean
ETH,2025-07-04,2,SHORT,ONL,2527.37,2499.888887,2537.93881,ctx
ETH,2025-07-07,1,SHORT,ONL,2550.46,2514.869292,2560.77158,lean
ETH,2025-07-07,2,LONG,PDC,2570.35,2575.0,2560.03842,ctx
ETH,2025-07-08,1,LONG,ONH,2585.38,2590.57,2575.251416,lean
ETH,2025-07-08,2,SHORT,RND,2575.0,2542.29,2585.128584,ctx
ETH,2025-07-09,1,SHORT,RND,2625.0,2615.25,2636.148312,lean
ETH,2025-07-09,2,LONG,PDH,2628.21,2647.0,2617.061688,ctx
ETH,2025-07-10,1,LONG,PDH,2795.74,2823.18,2784.276941,lean
ETH,2025-07-10,2,SHORT,RND,2775.0,2768.74,2786.463059,ctx
ETH,2025-07-11,1,LONG,PDH,3000.0,3039.206879,2988.169955,lean
ETH,2025-07-11,2,SHORT,RND,2975.0,2951.29,2986.830045,ctx
ETH,2025-07-14,1,LONG,ONH,3083.0,3105.071538,3071.567528,lean
ETH,2025-07-14,2,SHORT,RND,3050.0,3020.31,3061.432472,ctx
ETH,2025-07-15,1,LONG,PDC,3013.62,3023.2,3002.562238,lean
ETH,2025-07-15,2,SHORT,RND,2975.0,2962.81,2986.057762,ctx
ETH,2025-07-16,1,LONG,ONH,3175.0,3209.95277,3162.260121,lean
ETH,2025-07-16,2,SHORT,RND,3150.0,3144.14,3162.739879,ctx
ETH,2025-07-17,1,LONG,ONH,3480.19,3500.763778,3465.731333,lean
ETH,2025-07-18,1,LONG,ONH,3673.84,3684.609973,3657.903577,lean
ETH,2025-07-18,2,SHORT,RND,3600.0,3535.870027,3615.936423,ctx
ETH,2025-07-21,1,LONG,PDH,3824.56,3837.0,3807.466442,lean
ETH,2025-07-21,2,SHORT,RND,3800.0,3756.69,3817.093558,ctx
ETH,2025-07-22,1,LONG,PDC,3762.33,3785.641612,3745.11394,lean
ETH,2025-07-22,2,SHORT,PDL,3701.01,3700.0,3718.22606,ctx
ETH,2025-07-23,1,LONG,RND,3675.0,3746.21,3657.857704,lean
ETH,2025-07-23,2,SHORT,ONL,3639.96,3616.54,3657.102296,ctx
ETH,2025-07-24,1,SHORT,RND,3650.0,3628.29,3666.584469,lean
ETH,2025-07-24,2,LONG,ONH,3665.31,3732.514187,3648.725531,ctx
ETH,2025-07-25,1,SHORT,PDC,3706.94,3641.382725,3724.08013,lean
ETH,2025-07-25,2,LONG,RND,3725.0,3747.0,3707.85987,ctx
ETH,2025-07-28,1,LONG,PDH,3879.82,3941.0,3862.100741,lean
ETH,2025-07-28,2,SHORT,RND,3875.0,3872.1,3892.719259,ctx
ETH,2025-07-29,1,SHORT,RND,3825.0,3799.0,3842.565797,lean
ETH,2025-07-29,2,LONG,ONH,3886.44,3907.873719,3868.874203,ctx
ETH,2025-07-30,1,LONG,PDC,3793.79,3833.972818,3777.548682,lean
ETH,2025-07-30,2,SHORT,RND,3750.0,3744.16,3766.241318,ctx
ETH,2025-07-31,1,SHORT,PDH,3834.03,3810.0,3851.248354,lean
ETH,2025-07-31,2,LONG,RND,3850.0,3878.67,3832.781646,ctx
ETH,2025-08-01,1,LONG,RND,3650.0,3684.33,3633.095113,lean
ETH,2025-08-01,2,SHORT,ONL,3585.69,3563.830527,3602.594887,ctx
ETH,2025-08-04,1,LONG,ONH,3576.07,3622.255952,3561.80801,lean
ETH,2025-08-04,2,SHORT,RND,3550.0,3521.79,3564.26199,ctx
ETH,2025-08-05,1,SHORT,ONL,3601.53,3587.586618,3620.002153,lean
ETH,2025-08-05,2,LONG,RND,3675.0,3720.99,3656.527847,ctx
ETH,2025-08-06,1,LONG,RND,3625.0,3662.0,3609.640832,lean
ETH,2025-08-06,2,SHORT,PDC,3612.0,3547.963882,3627.359168,ctx
ETH,2025-08-07,1,SHORT,RND,3825.0,3757.213302,3839.954293,lean
ETH,2025-08-07,2,LONG,ONH,3843.66,3896.786698,3828.705707,ctx
ETH,2025-08-08,1,LONG,RND,3925.0,3927.77,3909.064466,lean
ETH,2025-08-08,2,SHORT,PDC,3910.31,3868.64,3926.245534,ctx
ETH,2025-08-11,1,LONG,PDC,4250.57,4266.481892,4233.131023,lean
ETH,2025-08-11,2,SHORT,RND,4175.0,4170.02,4192.438977,ctx
ETH,2025-08-12,1,LONG,RND,4300.0,4332.32,4276.410306,lean
ETH,2025-08-12,2,SHORT,PDC,4223.22,4190.14,4246.809694,ctx
ETH,2025-08-13,1,LONG,RND,4700.0,4715.75,4680.696786,lean
ETH,2025-08-13,2,SHORT,PDH,4639.7,4600.248336,4659.003214,ctx
ETH,2025-08-14,1,LONG,RND,4725.0,4749.3,4698.028617,lean
ETH,2025-08-14,2,SHORT,ONL,4675.81,4592.303548,4702.781383,ctx
ETH,2025-08-15,1,LONG,ONH,4666.66,4726.382587,4646.898017,lean
ETH,2025-08-15,2,SHORT,RND,4625.0,4546.84,4644.761983,ctx
ETH,2025-08-18,1,LONG,RND,4275.0,4392.656257,4249.652945,lean
ETH,2025-08-18,2,SHORT,ONL,4225.86,4156.083743,4251.207055,ctx
ETH,2025-08-19,1,SHORT,RND,4300.0,4225.86,4318.745598,lean
ETH,2025-08-19,2,LONG,PDC,4312.99,4388.65,4294.244402,ctx
ETH,2025-08-20,1,LONG,RND,4200.0,4242.0,4180.663341,lean
ETH,2025-08-21,1,LONG,PDC,4336.16,4372.164157,4316.093395,lean
ETH,2025-08-21,2,SHORT,RND,4275.0,4256.34,4295.066605,ctx
ETH,2025-08-22,1,LONG,RND,4275.0,4340.26,4254.957264,lean
ETH,2025-08-22,2,SHORT,PDC,4225.3,4210.13,4245.342736,ctx
ETH,2025-08-25,1,SHORT,RND,4600.0,4519.96,4629.76345,lean
ETH,2025-08-25,2,LONG,PDL,4711.0,4738.976101,4681.23655,ctx
ETH,2025-08-26,1,LONG,ONH,4465.86,4547.371642,4440.117505,lean
ETH,2025-08-26,2,SHORT,RND,4425.0,4376.18,4450.742495,ctx
ETH,2025-08-27,1,SHORT,PDC,4600.63,4600.0,4626.704199,lean
ETH,2025-08-27,2,LONG,PDH,4633.46,4645.93,4607.385801,ctx
ETH,2025-08-28,1,SHORT,PDC,4506.71,4481.741401,4530.936843,lean
ETH,2025-08-28,2,LONG,RND,4600.0,4633.97,4575.773157,ctx
ETH,2025-08-29,1,SHORT,ONL,4318.57,4230.688796,4343.382401,lean
ETH,2025-08-29,2,LONG,RND,4350.0,4430.0,4325.187599,ctx
ETH,2025-09-01,1,LONG,RND,4400.0,4491.015569,4378.960235,lean
ETH,2025-09-01,2,SHORT,PDC,4391.83,4372.63,4412.869765,ctx
ETH,2025-09-02,1,LONG,RND,4350.0,4416.78,4328.935594,lean
ETH,2025-09-02,2,SHORT,PDC,4314.5,4252.31,4335.564406,ctx
ETH,2025-09-03,1,LONG,RND,4375.0,4385.88,4355.906465,lean
ETH,2025-09-03,2,SHORT,PDC,4326.5,4283.23,4345.593535,ctx
ETH,2025-09-04,1,SHORT,RND,4400.0,4355.29,4420.575826,lean
ETH,2025-09-04,2,LONG,PDC,4450.46,4482.05,4429.884174,ctx
ETH,2025-09-05,1,LONG,RND,4425.0,4428.67,4404.386924,ctx
ETH,2025-09-08,1,SHORT,PDC,4306.19,4300.0,4323.571085,lean
ETH,2025-09-08,2,LONG,PDH,4336.02,4337.77,4318.638915,ctx
ETH,2025-09-09,1,SHORT,PDC,4306.37,4279.0,4323.629247,lean
ETH,2025-09-09,2,LONG,RND,4350.0,4381.87,4332.740753,ctx
ETH,2025-09-10,1,SHORT,RND,4325.0,4310.09,4341.581278,lean
ETH,2025-09-10,2,LONG,ONH,4335.02,4381.87,4318.438722,ctx
ETH,2025-09-11,1,SHORT,RND,4425.0,4350.313718,4442.032775,lean
ETH,2025-09-11,2,LONG,ONH,4450.0,4453.57,4432.967225,ctx
ETH,2025-09-12,1,LONG,RND,4525.0,4563.0,4506.560814,lean
ETH,2025-09-12,2,SHORT,PDH,4481.09,4458.82,4499.529186,ctx
ETH,2025-09-15,1,SHORT,RND,4525.0,4498.22,4543.671792,lean
ETH,2025-09-15,2,LONG,PDL,4576.89,4604.49,4558.218208,ctx
ETH,2025-09-16,1,SHORT,RND,4500.0,4487.53,4516.120312,lean
ETH,2025-09-16,2,LONG,PDC,4523.74,4538.25,4507.619688,ctx
ETH,2025-09-17,1,LONG,RND,4500.0,4501.29,4483.578376,lean
ETH,2025-09-17,2,SHORT,ONL,4464.0,4424.0,4480.421624,ctx
ETH,2025-09-18,1,LONG,PDC,4590.53,4616.77,4574.171682,lean
ETH,2025-09-18,2,SHORT,RND,4575.0,4527.45,4591.358318,ctx
ETH,2025-09-19,1,SHORT,ONL,4507.93,4442.235688,4523.26521,lean
ETH,2025-09-19,2,LONG,RND,4525.0,4553.7,4509.66479,ctx
ETH,2025-09-22,1,SHORT,RND,4175.0,4095.980259,4193.351373,lean
ETH,2025-09-23,1,LONG,PDC,4199.08,4200.0,4186.004238,ctx
ETH,2025-09-23,2,FADE,PDC,4199.08,4131.059778,4212.155762,ctx
ETH,2025-09-24,1,LONG,ONH,4198.34,4229.03,4185.372666,lean
ETH,2025-09-24,2,SHORT,RND,4175.0,4164.26,4187.967334,ctx
ETH,2025-09-24,3,FADE,PDH,4229.03,4164.26,4241.997334,ctx
ETH,2025-09-25,1,SHORT,RND,4000.0,3966.0,4013.11707,ctx
ETH,2025-09-25,2,FADE,PDL,4073.74,3966.0,4086.85707,ctx
ETH,2025-09-26,1,LONG,ONH,3976.98,3977.452112,3961.668833,lean
ETH,2025-09-26,2,SHORT,RND,3900.0,3874.36,3915.311167,ctx
ETH,2025-09-29,1,SHORT,RND,4100.0,4049.95,4113.627515,lean
ETH,2025-09-29,2,LONG,PDC,4142.16,4144.88,4128.532485,ctx
ETH,2025-09-29,3,FADE,ONH,4146.38,4142.16,4160.007515,ctx
ETH,2025-09-30,1,SHORT,ONL,4134.0,4100.534077,4147.897698,lean
ETH,2025-09-30,2,LONG,RND,4175.0,4215.07,4161.102302,ctx
ETH,2025-09-30,3,FADE,RND,4175.0,4134.0,4188.897698,ctx
ETH,2025-10-01,1,SHORT,PDH,4245.0,4229.357301,4259.752007,lean
ETH,2025-10-01,2,LONG,RND,4300.0,4329.0,4285.247993,ctx
ETH,2025-10-02,1,LONG,ONH,4423.35,4445.831736,4409.013914,lean
ETH,2025-10-02,2,SHORT,RND,4375.0,4355.46,4389.336086,ctx
ETH,2025-10-03,1,LONG,PDC,4484.35,4516.74,4469.149845,lean
ETH,2025-10-03,2,SHORT,RND,4475.0,4428.0,4490.200155,ctx
ETH,2025-10-06,1,LONG,RND,4575.0,4593.65,4558.53084,lean
ETH,2025-10-06,2,SHORT,PDC,4514.32,4494.853922,4530.78916,ctx
ETH,2025-10-07,1,LONG,ONH,4730.94,4735.93,4713.782774,lean
ETH,2025-10-07,2,SHORT,RND,4700.0,4684.01,4717.157226,ctx
ETH,2025-10-08,1,LONG,ONH,4506.85,4569.247623,4489.289795,lean
ETH,2025-10-08,2,SHORT,RND,4475.0,4447.7,4492.560205,ctx
ETH,2025-10-09,1,SHORT,ONL,4320.0,4295.943634,4336.522793,lean
ETH,2025-10-09,2,LONG,RND,4375.0,4410.08,4358.477207,ctx
ETH,2025-10-10,1,LONG,RND,4350.0,4368.09,4333.609945,lean
ETH,2025-10-10,2,SHORT,ONL,4313.39,4266.533076,4329.780055,ctx
ETH,2025-10-13,1,LONG,PDC,4152.29,4174.437932,4132.136872,lean
ETH,2025-10-13,2,SHORT,RND,4075.0,4042.29,4095.153128,ctx
ETH,2025-10-14,1,SHORT,ONL,3888.74,3863.489685,3911.960067,lean
ETH,2025-10-14,2,LONG,RND,3975.0,4042.29,3951.779933,ctx
ETH,2025-10-15,1,LONG,RND,4100.0,4125.02,4078.112084,lean
ETH,2025-10-15,2,SHORT,ONL,4060.11,3997.756391,4081.997916,ctx
ETH,2025-10-16,1,SHORT,RND,4050.0,3985.61,4071.791488,lean
ETH,2025-10-16,2,LONG,ONH,4078.96,4163.54361,4057.168512,ctx
ETH,2025-10-17,1,LONG,PDL,3826.04,3891.702193,3801.790959,lean
ETH,2025-10-17,2,SHORT,RND,3775.0,3674.5,3799.249041,ctx
ETH,2025-10-20,1,SHORT,PDH,4030.94,4025.0,4052.349263,lean
ETH,2025-10-20,2,LONG,ONH,4085.3,4134.929893,4063.890737,ctx
ETH,2025-10-21,1,SHORT,ONL,3840.24,3791.536686,3861.354282,lean
ETH,2025-10-21,2,LONG,RND,3900.0,3908.73,3878.885718,ctx
ETH,2025-10-22,1,LONG,PDL,3840.24,3873.05,3819.085154,lean
ETH,2025-10-22,2,SHORT,RND,3825.0,3770.02,3846.154846,ctx
ETH,2025-10-23,1,LONG,RND,3875.0,3889.27,3856.529871,lean
ETH,2025-10-23,2,SHORT,PDC,3805.53,3776.866062,3824.000129,ctx
ETH,2025-10-24,1,SHORT,PDH,3934.86,3859.586051,3953.499418,lean
ETH,2025-10-24,2,LONG,RND,3950.0,3989.2,3931.360582,ctx
ETH,2025-10-27,1,LONG,PDH,4178.78,4239.992447,4162.097333,lean
ETH,2025-10-27,2,SHORT,PDC,4158.46,4150.0,4175.142667,ctx
ETH,2025-10-28,1,LONG,PDC,4120.15,4144.61,4104.125414,lean
ETH,2025-10-28,2,SHORT,RND,4100.0,4095.0,4116.024586,ctx
ETH,2025-10-29,1,SHORT,RND,4000.0,3979.2,4015.10544,lean
ETH,2025-10-29,2,LONG,ONH,4036.66,4081.502052,4021.55456,ctx
ETH,2025-10-30,1,SHORT,RND,3875.0,3840.37,3891.487978,lean
ETH,2025-10-30,2,LONG,PDC,3902.99,3958.043897,3886.502022,ctx
ETH,2025-10-31,1,LONG,RND,3875.0,3883.13,3860.005693,lean
ETH,2025-10-31,2,SHORT,PDC,3805.09,3804.036566,3820.084307,ctx
ETH,2025-11-03,1,SHORT,RND,3700.0,3662.88,3714.254903,lean
ETH,2025-11-04,1,SHORT,RND,3500.0,3460.3,3514.937524,lean
ETH,2025-11-04,2,LONG,PDL,3558.82,3581.218445,3543.882476,ctx
ETH,2025-11-05,1,LONG,RND,3350.0,3359.0,3329.35284,lean
ETH,2025-11-05,2,SHORT,PDC,3287.05,3248.696585,3307.69716,ctx
ETH,2025-11-06,1,SHORT,ONL,3342.43,3263.226601,3360.917157,lean
ETH,2025-11-06,2,LONG,RND,3350.0,3424.29,3331.512843,ctx
ETH,2025-11-07,1,LONG,RND,3225.0,3245.45,3206.892494,lean
ETH,2025-11-07,2,SHORT,ONL,3197.0,3138.548304,3215.107506,ctx
ETH,2025-11-10,1,LONG,RND,3600.0,3623.25,3578.694472,lean
ETH,2025-11-10,2,SHORT,PDC,3583.46,3553.52,3604.765528,ctx
ETH,2025-11-11,1,SHORT,ONL,3532.2,3507.3,3550.950912,lean
ETH,2025-11-11,2,LONG,RND,3550.0,3567.85,3531.249088,ctx
ETH,2025-11-12,1,LONG,ONH,3570.06,3635.882901,3552.162235,lean
ETH,2025-11-12,2,SHORT,RND,3550.0,3468.837099,3567.897765,ctx
ETH,2025-11-13,1,LONG,ONH,3565.84,3588.19,3545.389942,lean
ETH,2025-11-13,2,SHORT,RND,3500.0,3414.92,3520.450058,ctx
ETH,2025-11-14,1,LONG,PDL,3154.22,3223.590819,3133.397682,lean
ETH,2025-11-14,2,SHORT,RND,3125.0,3070.0,3145.822318,ctx
ETH,2025-11-17,1,SHORT,RND,3175.0,3095.29,3196.016765,lean
ETH,2025-11-17,2,LONG,ONH,3223.38,3249.0,3202.363235,ctx
ETH,2025-11-18,1,LONG,RND,3050.0,3074.45,3029.928243,lean
ETH,2025-11-18,2,SHORT,PDC,3031.44,2959.46,3051.511757,ctx
ETH,2025-11-19,1,LONG,PDC,3123.66,3126.45,3103.849828,lean
ETH,2025-11-19,2,SHORT,RND,3100.0,3008.372531,3119.810172,ctx
ETH,2025-11-20,1,SHORT,PDC,3025.48,3025.0,3045.512295,lean
ETH,2025-11-20,2,LONG,ONH,3063.61,3122.344042,3043.577705,ctx
ETH,2025-11-21,1,LONG,PDL,2790.01,2825.658589,2768.995302,lean
ETH,2025-11-21,2,SHORT,RND,2725.0,2629.521411,2746.014698,ctx
ETH,2025-11-24,1,SHORT,PDC,2802.16,2800.0,2819.761389,lean
ETH,2025-11-24,2,LONG,PDH,2858.16,2885.75,2840.558611,ctx
ETH,2025-11-25,1,SHORT,RND,2925.0,2865.09,2944.435718,lean
ETH,2025-11-25,2,LONG,PDC,2953.38,2968.76,2933.944282,ctx
ETH,2025-11-26,1,SHORT,RND,2900.0,2888.69,2918.376978,lean
ETH,2025-11-26,2,LONG,PDC,2959.36,2980.82,2940.983022,ctx
ETH,2025-11-27,1,SHORT,ONL,2988.66,2907.325814,3006.654468,lean
ETH,2025-11-27,2,LONG,RND,3000.0,3026.56,2982.005532,ctx
ETH,2025-11-28,1,SHORT,RND,3025.0,3015.23,3039.809943,lean
ETH,2025-11-28,2,LONG,PDH,3071.37,3077.77,3056.560057,ctx
ETH,2025-12-01,1,SHORT,ONL,2794.59,2758.218819,2808.060253,lean
ETH,2025-12-01,2,LONG,RND,2825.0,2883.941181,2811.529747,ctx
ETH,2025-12-02,1,LONG,ONH,2834.5,2884.900974,2822.276934,lean
ETH,2025-12-02,2,SHORT,RND,2825.0,2799.07,2837.223066,ctx
ETH,2025-12-03,1,SHORT,RND,3075.0,3033.76,3090.782219,lean
ETH,2025-12-03,2,LONG,ONH,3085.56,3154.790356,3069.777781,ctx
ETH,2025-12-04,1,LONG,PDC,3188.36,3214.99,3174.577495,lean
ETH,2025-12-04,2,SHORT,RND,3175.0,3170.47,3188.782505,ctx
ETH,2025-12-05,1,LONG,PDC,3133.26,3192.119476,3119.573684,lean
ETH,2025-12-05,2,SHORT,RND,3125.0,3107.82,3138.686316,ctx
ETH,2025-12-08,1,SHORT,RND,3125.0,3065.913178,3139.069319,lean
ETH,2025-12-08,2,LONG,PDH,3150.0,3180.51,3135.930681,ctx
ETH,2025-12-09,1,LONG,ONH,3143.5,3150.0,3130.532283,lean
ETH,2025-12-09,2,SHORT,PDC,3124.16,3090.8,3137.127717,ctx
ETH,2025-12-10,1,LONG,RND,3325.0,3376.0,3309.054409,lean
ETH,2025-12-10,2,SHORT,PDC,3318.04,3288.1,3333.985591,ctx
ETH,2025-12-11,1,SHORT,ONL,3167.07,3132.082569,3181.439449,lean
ETH,2025-12-11,2,LONG,RND,3200.0,3266.197431,3185.630551,ctx
ETH,2025-12-12,1,LONG,RND,3250.0,3265.5,3236.267243,lean
ETH,2025-12-12,2,SHORT,PDC,3237.39,3185.2,3251.122757,ctx
ETH,2025-12-15,1,LONG,ONH,3177.5,3233.574603,3160.868299,lean
ETH,2025-12-15,2,SHORT,RND,3150.0,3129.54,3166.631701,ctx
ETH,2025-12-16,1,LONG,PDC,2964.85,2978.26,2946.43893,lean
ETH,2025-12-16,2,SHORT,RND,2950.0,2894.57,2968.41107,ctx
ETH,2025-12-17,1,SHORT,RND,2925.0,2908.56,2938.389886,lean
ETH,2025-12-17,2,LONG,PDC,2962.3,2974.27,2948.910114,ctx
ETH,2025-12-18,1,LONG,ONH,2874.99,2875.0,2857.856332,lean
ETH,2025-12-18,2,SHORT,PDC,2833.49,2818.19,2850.623668,ctx
ETH,2025-12-19,1,SHORT,RND,2950.0,2864.790486,2969.58561,lean
ETH,2025-12-19,2,LONG,ONH,2984.33,2997.4,2964.74439,ctx
ETH,2025-12-22,1,SHORT,RND,3050.0,3013.4,3064.615418,lean
ETH,2025-12-22,2,LONG,ONH,3077.39,3126.475284,3062.774582,ctx
ETH,2025-12-23,1,SHORT,RND,2950.0,2944.79,2962.766023,lean
ETH,2025-12-23,2,LONG,PDL,2963.43,3009.49,2950.663977,ctx
ETH,2025-12-24,1,SHORT,RND,2925.0,2914.35,2936.558079,lean
ETH,2025-12-24,2,LONG,PDC,2965.02,2978.15,2953.461921,ctx
ETH,2025-12-25,1,SHORT,RND,2925.0,2912.0,2935.786138,lean
ETH,2025-12-25,2,LONG,PDC,2947.47,2960.86,2936.683862,ctx
ETH,2025-12-26,1,SHORT,PDH,2971.46,2924.788248,2981.77609,lean
ETH,2025-12-26,2,LONG,RND,2975.0,2994.38,2964.68391,ctx
ETH,2025-12-29,1,LONG,PDC,2950.91,2961.23,2939.353668,lean
ETH,2025-12-29,2,SHORT,RND,2925.0,2924.54,2936.556332,ctx
ETH,2025-12-30,1,LONG,ONH,3003.66,3028.653639,2993.422792,lean
ETH,2025-12-30,2,SHORT,RND,2975.0,2937.9,2985.237208,ctx
ETH,2025-12-31,1,LONG,ONH,3003.64,3009.8,2993.123839,lean
ETH,2025-12-31,2,SHORT,RND,2975.0,2973.69,2985.516161,ctx
ETH,2026-01-01,1,LONG,ONH,2993.2,3000.0,2983.55383,lean
ETH,2026-01-01,2,SHORT,PDC,2971.64,2970.19,2981.28617,ctx
ETH,2026-01-01,3,FADE,PDH,3028.08,2971.64,3037.72617,ctx
ETH,2026-01-02,1,LONG,RND,3050.0,3069.71,3040.24817,lean
ETH,2026-01-02,2,SHORT,PDH,3010.0,3004.19,3019.75183,ctx
ETH,2026-01-02,3,FADE,ONH,3069.71,3004.19,3079.46183,ctx
ETH,2026-01-05,1,LONG,RND,3175.0,3220.82,3164.216355,lean
ETH,2026-01-05,2,SHORT,PDH,3167.22,3144.7,3178.003645,ctx
ETH,2026-01-06,1,LONG,RND,3250.0,3253.76,3239.068572,lean
ETH,2026-01-06,2,SHORT,PDC,3224.99,3203.34,3235.921428,ctx
ETH,2026-01-07,1,LONG,RND,3225.0,3270.363765,3212.737765,lean
ETH,2026-01-07,2,SHORT,ONL,3196.23,3183.27,3208.492235,ctx
ETH,2026-01-08,1,LONG,RND,3100.0,3125.42,3088.249147,lean
ETH,2026-01-08,2,SHORT,ONL,3085.16,3040.922686,3096.910853,ctx
ETH,2026-01-09,1,LONG,PDC,3106.65,3136.21244,3095.579477,lean
ETH,2026-01-09,2,SHORT,RND,3075.0,3067.44,3086.070523,ctx
ETH,2026-01-12,1,SHORT,ONL,3092.59,3084.46,3103.055389,lean
ETH,2026-01-12,2,LONG,PDC,3123.45,3125.0,3112.984611,ctx
ETH,2026-01-13,1,SHORT,RND,3125.0,3095.75,3135.000526,lean
ETH,2026-01-13,2,LONG,ONH,3148.33,3171.49,3138.329474,ctx
ETH,2026-01-13,3,FADE,PDH,3171.49,3095.75,3181.490526,ctx
ETH,2026-01-14,1,LONG,RND,3300.0,3325.82,3287.666559,lean
ETH,2026-01-14,2,SHORT,ONL,3280.48,3238.883941,3292.813441,ctx
ETH,2026-01-15,1,LONG,RND,3375.0,3378.75,3362.774781,lean
ETH,2026-01-15,2,SHORT,PDC,3354.92,3312.368976,3367.145219,ctx
ETH,2026-01-16,1,LONG,PDC,3318.69,3326.79,3306.974029,lean
ETH,2026-01-16,2,SHORT,RND,3300.0,3277.04,3311.715971,ctx
ETH,2026-01-19,1,LONG,PDL,3278.86,3284.03,3266.068007,lean
ETH,2026-01-19,2,SHORT,RND,3225.0,3177.68,3237.791993,ctx
ETH,2026-01-20,1,SHORT,RND,3100.0,3085.17,3110.670979,ctx
ETH,2026-01-21,1,LONG,PDC,2939.88,2976.84023,2930.159951,lean
ETH,2026-01-21,2,SHORT,RND,2925.0,2920.0,2934.720049,ctx
ETH,2026-01-21,3,FADE,PDC,2939.88,2902.0,2949.600049,ctx
ETH,2026-01-22,1,SHORT,PDC,2982.27,2972.69,2993.460147,lean
ETH,2026-01-22,2,LONG,RND,3000.0,3038.33,2988.809853,ctx
ETH,2026-01-23,1,SHORT,RND,2925.0,2914.93,2935.288744,lean
ETH,2026-01-23,2,LONG,PDC,2952.69,2982.874141,2942.401256,ctx
ETH,2026-01-23,3,FADE,PDC,2952.69,2914.93,2962.978744,ctx
ETH,2026-01-26,1,SHORT,RND,2900.0,2851.209742,2911.031484,lean
ETH,2026-01-26,2,LONG,ONH,2934.4,2954.170258,2923.368516,ctx
ETH,2026-01-27,1,SHORT,ONL,2899.77,2868.604032,2910.41485,lean
ETH,2026-01-27,2,LONG,RND,2925.0,2930.35,2914.35515,ctx
ETH,2026-01-27,3,FADE,ONH,2957.04,2930.35,2967.68485,ctx
ETH,2026-01-28,1,SHORT,PDC,3026.77,3025.0,3037.846332,lean
ETH,2026-01-28,2,LONG,PDH,3035.08,3045.36,3024.003668,ctx
ETH,2026-01-28,3,FADE,ONH,3045.36,3026.77,3056.436332,ctx
ETH,2026-01-29,1,SHORT,RND,2925.0,2923.77,2935.991951,lean
ETH,2026-01-29,2,LONG,PDL,2983.67,2987.635772,2972.678049,ctx
ETH,2026-01-29,3,FADE,PDL,2983.67,2923.77,2994.661951,ctx
ETH,2026-01-30,1,LONG,RND,2750.0,2754.53,2736.622232,lean
ETH,2026-01-30,2,SHORT,ONL,2689.0,2678.060418,2702.377768,ctx
ETH,2026-02-02,1,LONG,ONH,2324.17,2369.525286,2311.770296,lean
ETH,2026-02-02,2,SHORT,RND,2310.0,2270.15,2322.399704,ctx
ETH,2026-02-03,1,SHORT,RND,2300.0,2262.15,2312.363257,lean
ETH,2026-02-03,2,LONG,PDC,2347.02,2359.0152,2334.656743,ctx
ETH,2026-02-04,1,LONG,ONH,2295.74,2320.185566,2279.397379,lean
ETH,2026-02-04,2,SHORT,RND,2240.0,2233.72,2256.342621,ctx
ETH,2026-02-05,1,LONG,PDL,2076.68,2135.536017,2061.348711,lean
ETH,2026-02-05,2,SHORT,RND,2060.0,2043.16,2075.331289,ctx
ETH,2026-02-06,1,LONG,ONH,1975.75,1989.137238,1961.129877,lean
ETH,2026-02-06,2,SHORT,RND,1920.0,1852.682762,1934.620123,ctx
ETH,2026-02-09,1,SHORT,ONL,2013.25,1967.359647,2027.883647,lean
ETH,2026-02-09,2,LONG,RND,2040.0,2064.1,2025.366353,ctx
ETH,2026-02-10,1,SHORT,ONL,1995.83,1939.616243,2010.517948,lean
ETH,2026-02-10,2,LONG,PDL,2008.62,2010.0,1993.932052,ctx
ETH,2026-02-11,1,LONG,PDL,1989.38,2013.160692,1976.346994,lean
ETH,2026-02-11,2,SHORT,RND,1950.0,1932.02,1963.033006,ctx
ETH,2026-02-12,1,SHORT,RND,1980.0,1941.18,1992.507927,lean
ETH,2026-02-12,2,LONG,ONH,2001.42,2032.31,1988.912073,ctx
ETH,2026-02-13,1,LONG,ONH,1969.26,2001.42,1957.164278,lean
ETH,2026-02-13,2,SHORT,RND,1960.0,1947.85,1972.095722,ctx
ETH,2026-02-16,1,SHORT,PDC,1966.58,1945.687735,1979.555485,lean
ETH,2026-02-16,2,LONG,ONH,2009.52,2010.0,1996.544515,ctx
ETH,2026-02-17,1,SHORT,ONL,1961.71,1937.24,1972.758367,lean
ETH,2026-02-17,2,LONG,RND,1970.0,1998.33,1958.951633,ctx
ETH,2026-02-18,1,LONG,PDC,1991.66,2015.33,1979.818549,lean
ETH,2026-02-18,2,SHORT,RND,1980.0,1968.68,1991.841451,ctx
ETH,2026-02-19,1,SHORT,ONL,1944.62,1923.78,1956.248899,lean
ETH,2026-02-19,2,LONG,RND,1950.0,1955.91,1938.371101,ctx
ETH,2026-02-20,1,LONG,RND,1950.0,1973.86,1939.343324,lean
ETH,2026-02-20,2,SHORT,PDC,1949.08,1931.01,1959.736676,ctx
ETH,2026-02-23,1,LONG,RND,1920.0,1935.0,1911.646451,ctx
ETH,2026-02-24,1,LONG,PDL,1837.13,1856.3,1828.204969,lean
ETH,2026-02-24,2,SHORT,RND,1820.0,1811.81,1828.925031,ctx
ETH,2026-02-25,1,SHORT,RND,1950.0,1912.939723,1958.676488,lean
ETH,2026-02-25,2,LONG,ONH,1956.79,1993.920277,1948.113512,ctx
ETH,2026-02-26,1,LONG,ONH,2087.0,2116.591094,2077.016194,lean
ETH,2026-02-26,2,SHORT,PDC,2057.48,2034.39,2067.463806,ctx
ETH,2026-02-27,1,LONG,RND,1960.0,1975.35,1949.676274,lean
ETH,2026-02-27,2,SHORT,ONL,1949.32,1911.742614,1959.643726,ctx
ETH,2026-03-02,1,LONG,PDC,1939.71,1940.0,1930.239879,lean
ETH,2026-03-02,2,SHORT,ONL,1918.7,1907.41,1928.170121,ctx
ETH,2026-03-03,1,SHORT,ONL,1939.1,1920.0,1950.808095,lean
ETH,2026-03-03,2,LONG,RND,1970.0,2022.207776,1958.291905,ctx
ETH,2026-03-04,1,LONG,ONH,2092.9,2103.894859,2082.278959,lean
ETH,2026-03-04,2,SHORT,RND,2050.0,2041.48,2060.621041,ctx
ETH,2026-03-05,1,LONG,RND,2140.0,2163.66,2128.820034,lean
ETH,2026-03-05,2,SHORT,PDC,2127.28,2093.63,2138.459966,ctx
ETH,2026-03-06,1,LONG,RND,2050.0,2054.75,2037.806583,lean
ETH,2026-03-06,2,SHORT,ONL,2037.22,1991.617387,2049.413417,ctx
ETH,2026-03-09,1,LONG,ONH,2022.0,2042.752787,2011.16726,lean
ETH,2026-03-09,2,SHORT,RND,1990.0,1979.8,2000.83274,ctx
ETH,2026-03-10,1,SHORT,RND,2060.0,2053.52,2070.675571,lean
ETH,2026-03-10,2,LONG,ONH,2074.0,2111.509333,2063.324429,ctx
ETH,2026-03-11,1,LONG,RND,2020.0,2036.51,2008.239005,lean
ETH,2026-03-11,2,SHORT,ONL,2007.17,1991.0,2018.930995,ctx
ETH,2026-03-12,1,SHORT,RND,2060.0,2051.97,2068.369274,lean
ETH,2026-03-12,2,LONG,ONH,2084.53,2085.58,2076.160726,ctx
ETH,2026-03-12,3,FADE,PDH,2085.58,2051.97,2093.949274,ctx
ETH,2026-03-13,1,LONG,ONH,2148.8,2163.287362,2139.742708,lean
ETH,2026-03-13,2,SHORT,RND,2120.0,2095.0,2129.057292,ctx
ETH,2026-03-16,1,LONG,RND,2270.0,2288.63,2260.390657,lean
ETH,2026-03-17,1,LONG,RND,2330.0,2352.97,2320.229197,lean
ETH,2026-03-17,2,SHORT,ONL,2294.15,2281.222918,2303.920803,ctx
ETH,2026-03-18,1,LONG,RND,2270.0,2294.15,2259.007446,lean
ETH,2026-03-18,2,SHORT,ONL,2263.43,2218.041416,2274.422554,ctx
ETH,2026-03-19,1,LONG,RND,2170.0,2203.39,2158.59053,lean
ETH,2026-03-19,2,SHORT,PDL,2153.21,2143.14,2164.61947,ctx
ETH,2026-03-20,1,SHORT,RND,2140.0,2137.81,2147.543092,ctx
ETH,2026-03-20,2,FADE,ONH,2176.84,2137.81,2184.383092,ctx
ETH,2026-03-23,1,SHORT,RND,2130.0,2127.21,2138.284017,ctx
ETH,2026-03-24,1,SHORT,PDC,2152.03,2127.167852,2160.329746,lean
ETH,2026-03-24,2,LONG,RND,2170.0,2175.16,2161.700254,ctx
ETH,2026-03-24,3,FADE,PDH,2198.57,2152.03,2206.869746,ctx
ETH,2026-03-25,1,LONG,RND,2190.0,2199.02,2181.605197,lean
ETH,2026-03-25,2,SHORT,PDH,2175.16,2156.23,2183.554803,ctx
ETH,2026-03-25,3,FADE,ONH,2199.02,2156.23,2207.414803,ctx
ETH,2026-03-26,1,SHORT,ONL,2062.94,2028.045399,2071.595986,lean
ETH,2026-03-26,2,LONG,RND,2070.0,2108.834601,2061.344014,ctx
ETH,2026-03-26,3,FADE,RND,2070.0,2062.94,2078.655986,ctx
ETH,2026-03-27,1,SHORT,RND,1990.0,1983.02,1998.069041,ctx
ETH,2026-03-30,1,LONG,ONH,2081.65,2110.607557,2073.222666,lean
ETH,2026-03-30,2,SHORT,RND,2070.0,2031.952443,2078.427334,ctx
ETH,2026-03-31,1,SHORT,RND,2040.0,2026.48,2047.211958,ctx
ETH,2026-03-31,2,FADE,PDH,2085.0,2026.48,2092.211958,ctx
ETH,2026-04-01,1,SHORT,PDH,2124.03,2105.43,2132.617319,lean
ETH,2026-04-01,2,LONG,RND,2140.0,2158.0,2131.412681,ctx
ETH,2026-04-02,1,SHORT,RND,2030.0,2024.73,2038.632739,lean
ETH,2026-04-03,1,SHORT,RND,2060.0,2057.17,2067.718964,lean
ETH,2026-04-03,2,LONG,ONH,2075.17,2098.661832,2067.451036,ctx
ETH,2026-04-03,3,FADE,ONH,2075.17,2057.17,2082.888964,ctx
ETH,2026-04-06,1,SHORT,RND,2150.0,2123.49,2158.457226,lean
ETH,2026-04-06,2,LONG,ONH,2174.79,2190.997056,2166.332774,ctx
ETH,2026-04-07,1,SHORT,PDL,2087.5,2082.35,2095.606421,lean
ETH,2026-04-07,2,LONG,RND,2090.0,2107.16,2081.893579,ctx
ETH,2026-04-08,1,LONG,RND,2250.0,2273.87,2241.17977,lean
ETH,2026-04-08,2,SHORT,PDC,2240.01,2206.068925,2248.83023,ctx
ETH,2026-04-09,1,LONG,PDC,2190.0,2215.15,2181.482387,lean
ETH,2026-04-09,2,SHORT,RND,2180.0,2179.78,2188.517613,ctx
ETH,2026-04-10,1,LONG,RND,2220.0,2246.0,2211.481609,lean
ETH,2026-04-10,2,SHORT,PDC,2190.2,2176.1,2198.718391,ctx
ETH,2026-04-13,1,LONG,RND,2190.0,2191.65,2181.475969,lean
ETH,2026-04-13,2,SHORT,ONL,2179.0,2175.0,2187.524031,ctx
ETH,2026-04-14,1,LONG,PDH,2394.71,2396.03,2384.870721,lean
ETH,2026-04-14,2,SHORT,RND,2370.0,2369.46,2379.839279,ctx
ETH,2026-04-15,1,LONG,RND,2340.0,2342.76,2330.57086,lean
ETH,2026-04-15,2,SHORT,PDC,2322.44,2308.5,2331.86914,ctx
ETH,2026-04-16,1,SHORT,ONL,2328.64,2308.5,2337.818603,lean
ETH,2026-04-16,2,LONG,RND,2340.0,2359.95,2330.821397,ctx
ETH,2026-04-17,1,SHORT,RND,2350.0,2348.17,2359.41248,lean
ETH,2026-04-17,2,LONG,PDH,2369.59,2377.0,2360.17752,ctx
ETH,2026-04-20,1,LONG,RND,2310.0,2332.88,2300.945662,ctx
ETH,2026-04-21,1,LONG,ONH,2338.75,2346.78,2330.169339,lean
ETH,2026-04-21,2,SHORT,RND,2320.0,2313.85,2328.580661,ctx
ETH,2026-04-22,1,LONG,RND,2400.0,2413.83,2391.344458,lean
ETH,2026-04-23,1,SHORT,PDL,2312.95,2305.61,2322.466298,lean
ETH,2026-04-23,2,LONG,RND,2330.0,2373.379392,2320.483702,ctx
ETH,2026-04-24,1,LONG,RND,2330.0,2330.26,2321.436989,lean
ETH,2026-04-24,2,SHORT,ONL,2300.22,2288.139281,2308.783011,ctx
ETH,2026-04-27,1,SHORT,RND,2320.0,2309.13,2328.812873,lean
ETH,2026-04-28,1,SHORT,ONL,2270.36,2266.09,2278.770388,lean
ETH,2026-04-28,2,LONG,RND,2280.0,2303.67,2271.589612,ctx
ETH,2026-04-29,1,LONG,ONH,2346.95,2366.701556,2339.458238,lean
ETH,2026-04-29,2,SHORT,RND,2330.0,2310.88,2337.491762,ctx
ETH,2026-04-29,3,FADE,ONH,2346.95,2296.778444,2354.441762,ctx
ETH,2026-04-30,1,SHORT,PDC,2252.9,2231.64,2260.160265,lean
ETH,2026-04-30,2,LONG,RND,2260.0,2279.0,2252.739735,ctx
ETH,2026-04-30,3,FADE,RND,2260.0,2252.9,2267.260265,ctx
ETH,2026-05-01,1,SHORT,PDH,2279.0,2257.51,2286.018637,lean
ETH,2026-05-01,2,LONG,RND,2290.0,2295.0,2282.981363,ctx
ETH,2026-05-01,3,FADE,ONH,2295.0,2257.51,2302.018637,ctx
ETH,2026-05-04,1,SHORT,PDC,2322.65,2309.24,2330.292365,lean
ETH,2026-05-04,2,LONG,RND,2340.0,2356.92,2332.357635,ctx
ETH,2026-05-05,1,LONG,RND,2380.0,2390.74,2372.702548,lean
ETH,2026-05-05,2,SHORT,PDC,2347.16,2345.835226,2354.457452,ctx
ETH,2026-05-05,3,FADE,PDH,2398.93,2347.16,2406.227452,ctx
ETH,2026-05-06,1,LONG,ONH,2423.74,2447.296374,2415.848634,lean
ETH,2026-05-06,2,SHORT,RND,2410.0,2399.5,2417.891366,ctx
ETH,2026-05-06,3,FADE,ONH,2423.74,2373.643626,2431.631366,ctx
ETH,2026-05-07,1,SHORT,ONL,2313.89,2295.831833,2321.198893,lean
ETH,2026-05-07,2,LONG,RND,2330.0,2338.0,2322.691107,ctx
ETH,2026-05-07,3,FADE,RND,2330.0,2313.89,2337.308893,ctx
ETH,2026-05-08,1,LONG,ONH,2298.01,2300.0,2291.14527,lean
ETH,2026-05-08,2,SHORT,PDC,2291.06,2280.1,2297.92473,ctx
ETH,2026-05-08,3,FADE,ONH,2298.01,2291.06,2304.87473,ctx
ETH,2026-05-11,1,SHORT,ONL,2320.01,2311.83,2328.460002,lean
ETH,2026-05-11,2,LONG,RND,2340.0,2371.27,2331.549998,ctx
ETH,2026-05-12,1,SHORT,ONL,2278.57,2253.060996,2285.844787,lean
ETH,2026-05-12,2,LONG,RND,2290.0,2304.0,2282.725213,ctx
ETH,2026-05-12,3,FADE,RND,2290.0,2278.57,2297.274787,ctx
ETH,2026-05-13,1,LONG,ONH,2323.36,2333.564344,2316.557641,lean
ETH,2026-05-13,2,SHORT,RND,2300.0,2274.96,2306.802359,ctx
ETH,2026-05-13,3,FADE,ONH,2323.36,2274.96,2330.162359,ctx
ETH,2026-05-14,1,SHORT,RND,2250.0,2238.64,2256.753591,lean
ETH,2026-05-14,2,LONG,PDC,2258.65,2275.2,2251.896409,ctx
ETH,2026-05-14,3,FADE,PDC,2258.65,2238.64,2265.403591,ctx
ETH,2026-05-15,1,SHORT,PDL,2238.64,2237.95,2245.855127,lean
ETH,2026-05-15,2,LONG,RND,2260.0,2283.25,2252.784873,ctx
ETH,2026-05-15,3,FADE,RND,2260.0,2237.95,2267.215127,ctx
ETH,2026-05-18,1,SHORT,PDC,2131.0,2130.0,2137.973358,ctx
ETH,2026-05-19,1,LONG,PDC,2130.08,2142.884154,2123.215538,lean
ETH,2026-05-19,2,SHORT,RND,2110.0,2106.77,2116.864462,ctx
ETH,2026-05-20,1,LONG,RND,2130.0,2138.0,2123.653306,lean
ETH,2026-05-20,2,SHORT,PDC,2111.93,2102.09,2118.276694,ctx
ETH,2026-05-20,3,FADE,PDH,2146.95,2111.93,2153.296694,ctx
ETH,2026-05-21,1,SHORT,ONL,2110.0,2103.29,2116.16047,lean
ETH,2026-05-21,2,LONG,RND,2120.0,2129.44,2113.83953,ctx
ETH,2026-05-21,3,FADE,RND,2120.0,2110.0,2126.16047,ctx
ETH,2026-05-22,1,SHORT,RND,2130.0,2119.18,2135.831306,lean
ETH,2026-05-22,2,LONG,PDC,2133.76,2141.39,2127.928694,ctx
ETH,2026-05-22,3,FADE,PDH,2157.5,2133.76,2163.331306,ctx
ETH,2026-05-25,1,SHORT,RND,2110.0,2099.85,2116.074866,lean
ETH,2026-05-25,2,LONG,ONH,2124.1,2132.14,2118.025134,ctx
ETH,2026-05-25,3,FADE,PDH,2132.14,2099.85,2138.214866,ctx
ETH,2026-05-26,1,SHORT,RND,2120.0,2113.01,2125.941927,lean
ETH,2026-05-26,2,LONG,ONH,2137.29,2141.98,2131.348073,ctx
ETH,2026-05-26,3,FADE,PDH,2141.98,2113.01,2147.921927,ctx
ETH,2026-05-27,1,SHORT,RND,2080.0,2073.77,2086.457634,lean
ETH,2026-05-27,2,LONG,ONH,2096.71,2110.685626,2090.252366,ctx
ETH,2026-05-28,1,LONG,RND,1990.0,2016.0,1983.442616,lean
ETH,2026-05-28,2,SHORT,ONL,1967.0,1959.288873,1973.557384,ctx
ETH,2026-05-29,1,SHORT,ONL,1997.24,1977.921047,2003.59549,lean
ETH,2026-05-29,2,LONG,PDC,2009.9,2010.0,2003.54451,ctx
ETH,2026-06-01,1,SHORT,RND,1980.0,1969.9,1986.60297,lean
ETH,2026-06-01,2,LONG,PDL,1993.75,2007.01,1987.14703,ctx
ETH,2026-06-02,1,SHORT,ONL,1962.76,1956.04,1969.008874,lean
ETH,2026-06-02,2,LONG,RND,1980.0,2006.73,1973.751126,ctx
ETH,2026-06-03,1,SHORT,PDC,1859.84,1843.127909,1867.346877,lean
ETH,2026-06-03,2,LONG,RND,1880.0,1909.59,1872.493123,ctx
ETH,2026-06-04,1,LONG,PDL,1769.62,1792.92408,1760.745554,lean
ETH,2026-06-04,2,SHORT,RND,1750.0,1717.28,1758.874446,ctx
ETH,2026-06-05,1,SHORT,RND,1660.0,1625.78,1668.2962,ctx
ETH,2026-06-08,1,LONG,PDC,1690.51,1721.93,1681.605001,lean
ETH,2026-06-08,2,SHORT,RND,1680.0,1642.20334,1688.904999,ctx
ETH,2026-06-09,1,SHORT,RND,1670.0,1654.63,1678.204789,lean
ETH,2026-06-09,2,LONG,PDC,1690.49,1710.249013,1682.285211,ctx
ETH,2026-06-10,1,LONG,PDC,1639.52,1655.0,1631.322465,lean
ETH,2026-06-10,2,SHORT,RND,1620.0,1614.02,1628.197535,ctx
ETH,2026-06-11,1,LONG,PDH,1667.96,1670.0,1660.061465,lean
ETH,2026-06-12,1,SHORT,PDC,1673.46,1670.0,1681.583616,lean
ETH,2026-06-12,2,LONG,ONH,1685.65,1693.59,1677.526384,ctx
ETH,2026-06-15,1,LONG,ONH,1769.0,1803.371601,1760.7068,lean
ETH,2026-06-15,2,SHORT,RND,1760.0,1732.28,1768.2932,ctx
ETH,2026-06-16,1,LONG,RND,1800.0,1813.55,1791.282488,lean
ETH,2026-06-16,2,SHORT,PDC,1796.13,1758.908277,1804.847512,ctx
ETH,2026-06-17,1,LONG,PDC,1792.99,1803.765559,1784.451666,lean
ETH,2026-06-17,2,SHORT,RND,1760.0,1759.35,1768.538334,ctx
ETH,2026-06-18,1,LONG,PDC,1750.6,1762.99,1742.101917,lean
ETH,2026-06-18,2,SHORT,RND,1740.0,1725.34,1748.498083,ctx
ETH,2026-06-19,1,SHORT,RND,1690.0,1682.35,1698.304868,lean
ETH,2026-06-19,2,LONG,PDC,1711.11,1719.51,1702.805132,ctx
ETH,2026-06-22,1,SHORT,PDH,1741.45,1738.74356,1747.650666,lean
ETH,2026-06-22,2,LONG,RND,1770.0,1774.7,1763.799334,ctx
ETH,2026-06-23,1,SHORT,RND,1660.0,1635.65,1666.234198,ctx
ETH,2026-06-24,1,LONG,RND,1680.0,1693.67,1674.066918,lean
ETH,2026-06-24,2,SHORT,PDC,1667.13,1655.76,1673.063082,ctx
ETH,2026-06-25,1,LONG,ONH,1660.54,1669.660249,1652.742089,lean
ETH,2026-06-25,2,SHORT,RND,1630.0,1622.17,1637.797911,ctx
ETH,2026-06-26,1,SHORT,PDL,1532.9,1512.0,1541.113855,lean
ETH,2026-06-26,2,LONG,RND,1550.0,1567.84,1541.786145,ctx
ETH,2026-06-29,1,LONG,PDH,1588.82,1589.75,1581.568946,lean
ETH,2026-06-29,2,SHORT,PDC,1571.96,1570.0,1579.211054,ctx
ETH,2026-06-30,1,SHORT,ONL,1575.85,1550.43,1584.224787,lean
ETH,2026-06-30,2,LONG,RND,1580.0,1613.07,1571.625213,ctx
ETH,2026-07-01,1,SHORT,ONL,1552.92,1550.2,1559.076294,lean
ETH,2026-07-01,2,LONG,RND,1570.0,1572.01,1563.843706,ctx
ETH,2026-07-02,1,LONG,ONH,1657.53,1683.496429,1650.420765,lean
ETH,2026-07-02,2,SHORT,RND,1650.0,1646.26,1657.109235,ctx
ETH,2026-07-03,1,LONG,ONH,1749.0,1774.903479,1742.064969,lean
ETH,2026-07-03,2,SHORT,RND,1740.0,1725.0,1746.935031,ctx
ETH,2026-07-06,1,LONG,RND,1760.0,1785.65,1752.388115,lean
ETH,2026-07-06,2,SHORT,ONL,1755.77,1748.79,1763.381885,ctx
ETH,2026-07-07,1,LONG,PDC,1799.56,1814.485426,1792.335266,lean
ETH,2026-07-07,2,SHORT,RND,1780.0,1757.57,1787.224734,ctx
ETH,2026-07-08,1,LONG,RND,1750.0,1757.57,1742.673287,lean
ETH,2026-07-08,2,SHORT,ONL,1725.18,1713.758674,1732.506713,ctx
ETH,2026-07-09,1,LONG,ONH,1762.36,1775.665539,1755.578813,lean
ETH,2026-07-09,2,SHORT,PDC,1743.54,1740.0,1750.321187,ctx
ETH,2026-07-10,1,LONG,ONH,1802.99,1830.952936,1796.618656,lean
ETH,2026-07-10,2,SHORT,RND,1800.0,1771.487064,1806.371344,ctx
ETH,2026-07-13,1,SHORT,RND,1780.0,1779.46,1787.027225,lean
ETH,2026-07-13,2,LONG,PDC,1806.8,1813.533718,1799.772775,ctx
ETH,2026-07-14,1,LONG,RND,1800.0,1805.0,1789.447454,lean
ETH,2026-07-14,2,SHORT,PDC,1776.72,1756.41,1787.272546,ctx
ETH,2026-07-15,1,LONG,PDC,1891.87,1896.14,1881.457315,lean
ETH,2026-07-15,2,SHORT,RND,1880.0,1864.38,1890.412685,ctx
ETH,2026-07-16,1,LONG,RND,1890.0,1917.86,1882.040073,lean
ETH,2026-07-16,2,SHORT,ONL,1875.56,1864.38,1883.519927,ctx
ETH,2026-07-17,1,LONG,RND,1840.0,1857.54,1832.929294,lean
ETH,2026-07-17,2,SHORT,ONL,1820.74,1806.043374,1827.810706,ctx
ETH,2026-07-20,1,LONG,ONH,1896.5,1925.616282,1889.553654,lean
ETH,2026-07-20,2,SHORT,RND,1890.0,1879.38,1896.946346,ctx
ETH,2026-07-21,1,SHORT,PDH,1918.16,1904.77,1925.680325,lean
ETH,2026-07-21,2,LONG,RND,1940.0,1953.0,1932.479675,ctx
ETH,2026-07-22,1,SHORT,ONL,1910.68,1900.74,1917.998617,lean
ETH,2026-07-22,2,LONG,RND,1930.0,1930.09,1922.681383,ctx
ETH,2026-07-23,1,LONG,RND,1930.0,1934.25,1921.799754,lean
ETH,2026-07-23,2,SHORT,ONL,1912.6,1910.68,1920.800246,ctx
SOL,2022-01-19,1,SHORT,RND,136.0,134.39,137.022207,ctx
SOL,2022-01-20,1,LONG,ONH,138.2,141.649317,137.248718,lean
SOL,2022-01-20,2,SHORT,RND,137.0,135.25,137.951282,ctx
SOL,2022-01-21,1,SHORT,RND,118.0,115.55,118.946541,ctx
SOL,2022-01-24,1,LONG,RND,82.0,85.683097,81.187193,lean
SOL,2022-01-24,2,SHORT,ONL,80.83,78.096903,81.642807,ctx
SOL,2022-01-25,1,SHORT,RND,92.0,91.93,92.739283,lean
SOL,2022-01-25,2,LONG,ONH,94.52,95.689989,93.780717,ctx
SOL,2022-01-26,1,LONG,RND,96.5,98.23,95.70619,lean
SOL,2022-01-26,2,SHORT,PDC,94.67,92.585553,95.46381,ctx
SOL,2022-01-27,1,SHORT,RND,91.5,89.19,92.250408,lean
SOL,2022-01-27,2,LONG,PDC,92.12,93.65,91.369592,ctx
SOL,2022-01-28,1,LONG,PDC,89.51,91.232536,88.759457,lean
SOL,2022-01-28,2,SHORT,RND,87.5,87.22,88.250543,ctx
SOL,2022-01-31,1,SHORT,RND,91.0,89.18,91.759939,lean
SOL,2022-01-31,2,LONG,PDL,91.38,93.29,90.620061,ctx
SOL,2022-02-01,1,SHORT,RND,107.0,103.158544,107.848883,lean
SOL,2022-02-01,2,LONG,ONH,109.0,111.081456,108.151117,ctx
SOL,2022-02-02,1,SHORT,RND,111.5,110.02,112.398036,lean
SOL,2022-02-02,2,LONG,ONH,112.35,113.66,111.451964,ctx
SOL,2022-02-03,1,SHORT,ONL,94.0,92.74338,94.869276,lean
SOL,2022-02-03,2,LONG,PDL,96.99,97.0,96.120724,ctx
SOL,2022-02-04,1,LONG,ONH,107.0,108.19224,106.131663,lean
SOL,2022-02-04,2,SHORT,RND,104.0,103.13,104.868337,ctx
SOL,2022-02-07,1,SHORT,PDH,116.06,115.28,117.000971,lean
SOL,2022-02-07,2,LONG,RND,117.5,120.0,116.559029,ctx
SOL,2022-02-08,1,LONG,PDL,112.69,116.631202,111.8176,lean
SOL,2022-02-08,2,SHORT,RND,112.5,111.5,113.3724,ctx
SOL,2022-02-09,1,SHORT,RND,114.5,113.45,115.313343,lean
SOL,2022-02-09,2,LONG,ONH,115.31,118.4956,114.496657,ctx
SOL,2022-02-10,1,SHORT,ONL,110.6,109.4,111.488956,lean
SOL,2022-02-10,2,LONG,RND,113.5,113.93,112.611044,ctx
SOL,2022-02-11,1,LONG,RND,106.5,108.45,105.712057,lean
SOL,2022-02-11,2,SHORT,PDC,106.17,105.68,106.957943,ctx
SOL,2022-02-14,1,LONG,RND,95.0,95.02,94.310061,ctx
SOL,2022-02-14,2,SHORT,PDC,92.85,91.770285,93.539939,ctx
SOL,2022-02-14,3,FADE,PDH,97.36,92.85,98.049939,ctx
SOL,2022-02-15,1,SHORT,RND,102.0,98.828223,102.716095,lean
SOL,2022-02-15,2,LONG,ONH,103.71,105.511777,102.993905,ctx
SOL,2022-02-16,1,SHORT,ONL,100.77,98.341212,101.521883,lean
SOL,2022-02-16,2,LONG,RND,102.0,105.358788,101.248117,ctx
SOL,2022-02-17,1,LONG,RND,99.0,101.86,98.293994,lean
SOL,2022-02-17,2,SHORT,PDL,98.27,97.31,98.976006,ctx
SOL,2022-02-18,1,LONG,RND,94.5,96.37,93.805082,lean
SOL,2022-02-18,2,SHORT,PDC,93.52,92.75,94.214918,ctx
SOL,2022-02-21,1,LONG,RND,88.5,90.72,87.86192,lean
SOL,2022-02-21,2,SHORT,ONL,87.71,85.56,88.34808,ctx
SOL,2022-02-22,1,LONG,ONH,86.0,88.04806,85.363987,ctx
SOL,2022-02-22,2,SHORT,RND,85.0,82.96,85.636013,ctx
SOL,2022-02-22,3,FADE,ONH,86.0,82.96,86.636013,ctx
SOL,2022-02-23,1,LONG,RND,92.5,93.36,91.892445,ctx
SOL,2022-02-23,2,FADE,ONH,93.36,89.524745,93.967555,ctx
SOL,2022-02-24,1,SHORT,RND,80.0,77.04786,80.666887,ctx
SOL,2022-02-25,1,SHORT,RND,91.0,89.36,91.698761,lean
SOL,2022-02-25,2,LONG,ONH,91.3,93.9,90.601239,ctx
SOL,2022-02-28,1,LONG,RND,90.5,91.68,89.863711,ctx
SOL,2022-03-01,1,LONG,RND,99.0,99.68,98.211443,ctx
SOL,2022-03-02,1,LONG,ONH,106.43,108.073264,105.574301,ctx
SOL,2022-03-02,2,SHORT,RND,104.0,102.03,104.855699,ctx
SOL,2022-03-02,3,FADE,ONH,106.43,100.086736,107.285699,ctx
SOL,2022-03-03,1,SHORT,RND,100.0,97.73,100.779365,lean
SOL,2022-03-03,2,LONG,PDC,100.68,101.7,99.900635,ctx
SOL,2022-03-04,1,LONG,RND,92.5,94.0,91.759805,lean
SOL,2022-03-04,2,SHORT,ONL,90.5,88.945756,91.240195,ctx
SOL,2022-03-07,1,LONG,PDL,84.09,84.57,83.434872,lean
SOL,2022-03-07,2,SHORT,RND,84.0,81.12,84.655128,ctx
SOL,2022-03-08,1,LONG,ONH,84.95,86.71,84.34321,ctx
SOL,2022-03-08,2,SHORT,RND,84.0,81.66,84.60679,ctx
SOL,2022-03-08,3,FADE,PDH,86.71,81.66,87.31679,ctx
SOL,2022-03-09,1,LONG,RND,88.0,89.92,87.398906,lean
SOL,2022-03-09,2,SHORT,PDH,85.04,85.014893,85.641094,ctx
SOL,2022-03-10,1,SHORT,RND,82.5,81.9,83.119371,lean
SOL,2022-03-11,1,LONG,ONH,84.29,86.343849,83.684889,ctx
SOL,2022-03-11,2,SHORT,RND,83.5,82.87,84.105111,ctx
SOL,2022-03-11,3,FADE,ONH,84.29,82.87,84.895111,ctx
SOL,2022-03-14,1,LONG,RND,81.0,82.29,80.446252,lean
SOL,2022-03-14,2,SHORT,PDC,78.73,78.315841,79.283748,ctx
SOL,2022-03-15,1,LONG,PDC,81.22,81.55,80.657053,lean
SOL,2022-03-15,2,SHORT,RND,80.0,78.72,80.562947,ctx
SOL,2022-03-16,1,SHORT,RND,84.0,82.84,84.574176,lean
SOL,2022-03-16,2,LONG,PDH,85.99,86.38,85.415824,ctx
SOL,2022-03-17,1,SHORT,RND,87.5,85.62,88.108346,lean
SOL,2022-03-17,2,LONG,PDC,87.77,87.98,87.161654,ctx
SOL,2022-03-18,1,SHORT,ONL,84.41,82.175258,85.00673,lean
SOL,2022-03-18,2,LONG,RND,85.0,86.58,84.40327,ctx
SOL,2022-03-21,1,SHORT,PDC,88.62,87.82,89.251462,lean
SOL,2022-03-21,2,LONG,RND,90.0,91.14,89.368538,ctx
SOL,2022-03-22,1,LONG,ONH,92.41,94.816941,91.80637,ctx
SOL,2022-03-22,2,SHORT,PDH,91.28,89.183059,91.88363,ctx
SOL,2022-03-22,3,FADE,ONH,92.41,89.183059,93.01363,ctx
SOL,2022-03-23,1,SHORT,PDC,90.43,89.19,91.016234,lean
SOL,2022-03-23,2,LONG,RND,91.5,92.23,90.913766,ctx
SOL,2022-03-24,1,LONG,ONH,101.85,103.205316,101.173861,ctx
SOL,2022-03-24,2,SHORT,RND,100.0,96.894684,100.676139,ctx
SOL,2022-03-24,3,FADE,ONH,101.85,96.894684,102.526139,ctx
SOL,2022-03-25,1,SHORT,RND,104.0,103.7,104.729082,lean
SOL,2022-03-25,2,LONG,ONH,104.86,107.652381,104.130918,ctx
SOL,2022-03-28,1,LONG,ONH,111.93,113.683526,111.15353,lean
SOL,2022-03-28,2,SHORT,RND,110.0,107.46,110.77647,ctx
SOL,2022-03-29,1,LONG,RND,113.5,113.66,112.74186,ctx
SOL,2022-03-30,1,SHORT,RND,112.0,111.62,112.813839,lean
SOL,2022-03-30,2,LONG,ONH,112.93,115.7,112.116161,ctx
SOL,2022-03-31,1,LONG,ONH,127.98,131.415579,127.085233,ctx
SOL,2022-03-31,2,SHORT,RND,127.0,125.26,127.894767,ctx
SOL,2022-03-31,3,FADE,ONH,127.98,123.064421,128.874767,ctx
SOL,2022-04-01,1,LONG,RND,124.5,127.2,123.590792,lean
SOL,2022-04-01,2,SHORT,PDC,122.77,120.127028,123.679208,ctx
SOL,2022-04-04,1,SHORT,ONL,133.14,130.52,134.210506,lean
SOL,2022-04-04,2,LONG,RND,135.0,136.9,133.929494,ctx
SOL,2022-04-05,1,SHORT,PDC,132.14,129.73,133.17182,lean
SOL,2022-04-05,2,LONG,ONH,134.86,135.0,133.82818,ctx
SOL,2022-04-06,1,LONG,PDL,126.07,126.253124,125.079331,lean
SOL,2022-04-06,2,SHORT,RND,121.5,119.25,122.490669,ctx
SOL,2022-04-07,1,LONG,RND,117.5,117.85,116.670563,ctx
SOL,2022-04-07,2,FADE,RND,117.5,113.589293,118.329437,ctx
SOL,2022-04-08,1,SHORT,ONL,114.86,111.268091,115.719695,lean
SOL,2022-04-08,2,LONG,RND,115.5,118.48,114.640305,ctx
SOL,2022-04-11,1,LONG,RND,104.0,107.623339,103.20857,lean
SOL,2022-04-11,2,SHORT,ONL,103.36,100.236661,104.15143,ctx
SOL,2022-04-12,1,LONG,ONH,105.7,108.821473,104.99897,ctx
SOL,2022-04-12,2,SHORT,RND,105.5,102.278527,106.20103,ctx
SOL,2022-04-12,3,FADE,ONH,105.7,102.278527,106.40103,ctx
SOL,2022-04-13,1,LONG,PDC,103.22,104.349359,102.512995,lean
SOL,2022-04-14,1,SHORT,RND,103.5,103.23,104.218787,lean
SOL,2022-04-14,2,LONG,PDC,104.94,106.04,104.221213,ctx
SOL,2022-04-15,1,LONG,ONH,102.49,104.941046,101.799776,lean
SOL,2022-04-15,2,SHORT,RND,101.5,100.77,102.190224,ctx
SOL,2022-04-18,1,LONG,RND,97.0,99.62,96.305846,lean
SOL,2022-04-18,2,SHORT,ONL,94.62,93.550615,95.314154,ctx
SOL,2022-04-19,1,SHORT,PDC,102.33,101.02,103.030909,lean
SOL,2022-04-19,2,LONG,RND,102.5,102.65,101.799091,ctx
SOL,2022-04-20,1,SHORT,PDH,109.0,108.51,109.716633,lean
SOL,2022-04-20,2,LONG,RND,110.5,110.9,109.783367,ctx
SOL,2022-04-21,1,LONG,RND,108.5,109.07,107.776761,ctx
SOL,2022-04-21,2,SHORT,PDC,105.59,105.004886,106.313239,ctx
SOL,2022-04-21,3,FADE,PDH,110.9,105.59,111.623239,ctx
SOL,2022-04-22,1,LONG,ONH,103.55,105.45333,102.852858,lean
SOL,2022-04-22,2,SHORT,RND,102.0,101.78,102.697142,ctx
SOL,2022-04-25,1,LONG,RND,97.0,98.55,96.323872,lean
SOL,2022-04-25,2,SHORT,ONL,94.32,93.594734,94.996128,ctx
SOL,2022-04-26,1,SHORT,RND,100.5,99.77,101.191731,lean
SOL,2022-04-26,2,LONG,PDC,100.99,101.59,100.298269,ctx
SOL,2022-04-27,1,LONG,ONH,100.11,101.98,99.422091,ctx
SOL,2022-04-27,2,SHORT,RND,99.0,96.009758,99.687909,ctx
SOL,2022-04-27,3,FADE,PDH,101.98,96.009758,102.667909,ctx
SOL,2022-04-28,1,LONG,RND,100.0,100.55,99.292971,lean
SOL,2022-04-28,2,SHORT,PDC,98.36,97.84,99.067029,ctx
SOL,2022-04-29,1,SHORT,RND,95.5,95.1,96.153609,lean
SOL,2022-04-29,2,LONG,PDL,96.33,98.24,95.676391,ctx
SOL,2022-05-02,1,LONG,RND,87.0,89.564403,86.403342,lean
SOL,2022-05-02,2,SHORT,ONL,86.29,84.15,86.886658,ctx
SOL,2022-05-03,1,SHORT,PDC,87.5,86.72,88.082154,lean
SOL,2022-05-03,2,LONG,RND,88.5,88.81,87.917846,ctx
SOL,2022-05-04,1,SHORT,PDC,85.86,85.726789,86.443545,lean
SOL,2022-05-04,2,LONG,RND,88.5,88.75,87.916455,ctx
SOL,2022-05-05,1,SHORT,ONL,91.79,89.629655,92.36436,lean
SOL,2022-05-05,2,LONG,RND,92.5,92.77,91.92564,ctx
SOL,2022-05-06,1,LONG,PDL,81.32,84.110074,80.702841,lean
SOL,2022-05-06,2,SHORT,RND,81.0,80.4,81.617159,ctx
SOL,2022-05-09,1,LONG,PDL,73.69,74.638374,73.17392,lean
SOL,2022-05-09,2,SHORT,RND,72.0,70.68,72.51608,ctx
SOL,2022-05-10,1,LONG,ONH,73.0,74.110342,72.453498,ctx
SOL,2022-05-10,2,SHORT,RND,71.5,69.009658,72.046502,ctx
SOL,2022-05-10,3,FADE,ONH,73.0,69.009658,73.546502,ctx
SOL,2022-05-11,1,SHORT,ONL,60.67,60.13,61.333693,lean
SOL,2022-05-11,2,LONG,RND,61.5,64.487236,60.836307,ctx
SOL,2022-05-12,1,LONG,RND,44.0,46.756781,43.398547,lean
SOL,2022-05-12,2,SHORT,PDL,43.17,41.143219,43.771453,ctx
SOL,2022-05-13,1,LONG,ONH,53.92,54.29,53.413207,ctx
SOL,2022-05-13,2,SHORT,RND,53.0,50.814964,53.506793,ctx
SOL,2022-05-16,1,SHORT,ONL,52.58,50.813325,53.224287,lean
SOL,2022-05-16,2,LONG,RND,54.0,56.826675,53.355713,ctx
SOL,2022-05-17,1,LONG,ONH,57.67,58.446148,57.075111,lean
SOL,2022-05-17,2,SHORT,RND,55.5,53.79,56.094889,ctx
SOL,2022-05-18,1,SHORT,RND,54.0,53.78,54.596613,lean
SOL,2022-05-19,1,LONG,ONH,52.26,53.643738,51.740628,lean
SOL,2022-05-19,2,SHORT,RND,51.0,49.93,51.519372,ctx
SOL,2022-05-20,1,LONG,ONH,53.62,54.09,53.094485,ctx
SOL,2022-05-20,2,SHORT,RND,53.0,52.2,53.525515,ctx
SOL,2022-05-20,3,FADE,PDH,54.09,52.2,54.615515,ctx
SOL,2022-05-23,1,LONG,ONH,54.68,56.425518,54.162389,ctx
SOL,2022-05-23,2,SHORT,RND,54.0,53.2,54.517611,ctx
SOL,2022-05-23,3,FADE,ONH,54.68,52.48,55.197611,ctx
SOL,2022-05-24,1,SHORT,RND,49.5,49.17,49.931002,lean
SOL,2022-05-24,2,LONG,ONH,50.32,51.561342,49.888998,ctx
SOL,2022-05-25,1,LONG,PDC,49.67,49.790024,49.219995,lean
SOL,2022-05-25,2,SHORT,ONL,47.59,47.5,48.040005,ctx
SOL,2022-05-26,1,SHORT,RND,43.5,43.14,43.909382,lean
SOL,2022-05-27,1,SHORT,RND,41.5,39.93,41.936764,lean
SOL,2022-05-27,2,LONG,PDL,41.69,43.44,41.253236,ctx
SOL,2022-05-30,1,SHORT,RND,46.0,45.67,46.367148,lean
SOL,2022-05-30,2,LONG,ONH,47.37,47.783359,47.002852,ctx
SOL,2022-05-31,1,SHORT,RND,46.5,45.87,46.832122,lean
SOL,2022-05-31,2,LONG,PDC,47.22,48.139904,46.887878,ctx
SOL,2022-06-01,1,LONG,PDC,45.77,46.102311,45.448076,lean
SOL,2022-06-01,2,SHORT,PDL,44.56,44.5,44.881924,ctx
SOL,2022-06-02,1,LONG,ONH,41.2,42.567853,40.872603,ctx
SOL,2022-06-02,2,SHORT,RND,41.0,40.11,41.327397,ctx
SOL,2022-06-02,3,FADE,ONH,41.2,40.11,41.527397,ctx
SOL,2022-06-03,1,SHORT,PDL,38.13,38.0,38.446627,lean
SOL,2022-06-06,1,LONG,RND,44.0,44.87,43.701602,ctx
SOL,2022-06-06,2,FADE,ONH,44.87,42.527474,45.168398,ctx
SOL,2022-06-07,1,SHORT,RND,38.0,37.12,38.345308,lean
SOL,2022-06-07,2,LONG,PDL,38.33,39.681439,37.984692,ctx
SOL,2022-06-08,1,SHORT,ONL,38.28,37.834757,38.596123,lean
SOL,2022-06-08,2,LONG,RND,39.5,40.785243,39.183877,ctx
SOL,2022-06-09,1,LONG,ONH,41.97,42.566489,41.681467,ctx
SOL,2022-06-09,2,SHORT,RND,41.0,40.96,41.288533,ctx
SOL,2022-06-09,3,FADE,ONH,41.97,39.873511,42.258533,ctx
SOL,2022-06-10,1,LONG,RND,39.5,39.96,39.218941,lean
SOL,2022-06-10,2,SHORT,ONL,38.9,38.44,39.181059,ctx
SOL,2022-06-13,1,LONG,RND,27.0,28.140958,26.721223,lean
SOL,2022-06-13,2,SHORT,ONL,26.05,25.539042,26.328777,ctx
SOL,2022-06-14,1,SHORT,RND,29.0,28.6,29.278367,ctx
SOL,2022-06-15,1,LONG,RND,29.0,29.59,28.751887,ctx
SOL,2022-06-16,1,SHORT,ONL,30.73,29.895939,31.026584,lean
SOL,2022-06-16,2,LONG,RND,31.5,32.664061,31.203416,ctx
SOL,2022-06-17,1,LONG,ONH,32.19,32.86565,31.914504,ctx
SOL,2022-06-17,2,SHORT,RND,31.5,30.29435,31.775496,ctx
SOL,2022-06-17,3,FADE,ONH,32.19,30.29435,32.465496,ctx
SOL,2022-06-20,1,SHORT,PDH,35.4,34.897009,35.709212,lean
SOL,2022-06-20,2,LONG,RND,36.5,36.9,36.190788,ctx
SOL,2022-06-21,1,SHORT,RND,37.0,36.9,37.30068,lean
SOL,2022-06-21,2,LONG,ONH,38.55,38.553173,38.24932,ctx
SOL,2022-06-22,1,SHORT,PDL,34.2,34.029842,34.510748,lean
SOL,2022-06-22,2,LONG,RND,35.5,36.42,35.189252,ctx
SOL,2022-06-23,1,LONG,RND,37.0,37.48,36.701215,ctx
SOL,2022-06-23,2,SHORT,PDH,36.87,35.515672,37.168785,ctx
SOL,2022-06-23,3,FADE,ONH,37.48,35.515672,37.778785,ctx
SOL,2022-06-24,1,LONG,ONH,40.48,40.5,40.134178,ctx
SOL,2022-06-27,1,SHORT,PDC,39.39,39.14,39.71152,lean
SOL,2022-06-27,2,LONG,RND,40.5,41.25,40.17848,ctx
SOL,2022-06-28,1,LONG,ONH,39.71,40.807918,39.374018,ctx
SOL,2022-06-28,2,SHORT,RND,39.0,38.52,39.335982,ctx
SOL,2022-06-28,3,FADE,ONH,39.71,38.52,40.045982,ctx
SOL,2022-06-29,1,LONG,RND,35.0,35.02,34.676667,lean
SOL,2022-06-29,2,SHORT,ONL,34.3,33.461111,34.623333,ctx
SOL,2022-06-30,1,SHORT,RND,31.5,31.21,31.796994,lean
SOL,2022-07-01,1,LONG,RND,32.5,33.570209,32.236384,lean
SOL,2022-07-01,2,SHORT,ONL,31.7,31.109791,31.963616,ctx
SOL,2022-07-04,1,SHORT,PDH,33.77,33.39,33.996934,lean
SOL,2022-07-04,2,LONG,ONH,34.4,34.5,34.173066,ctx
SOL,2022-07-05,1,SHORT,ONL,33.83,32.721977,34.099576,lean
SOL,2022-07-05,2,LONG,RND,34.0,35.238023,33.730424,ctx
SOL,2022-07-06,1,SHORT,RND,35.5,35.4,35.727368,lean
SOL,2022-07-06,2,LONG,ONH,36.67,36.681053,36.442632,ctx
SOL,2022-07-07,1,SHORT,PDC,37.04,36.22,37.292381,lean
SOL,2022-07-07,2,LONG,RND,37.5,37.65,37.247619,ctx
SOL,2022-07-08,1,SHORT,RND,37.0,36.58,37.290218,lean
SOL,2022-07-08,2,LONG,PDC,38.46,38.564348,38.169782,ctx
SOL,2022-07-11,1,SHORT,RND,35.0,34.78,35.257211,lean
SOL,2022-07-11,2,LONG,PDL,36.26,36.360318,36.002789,ctx
SOL,2022-07-12,1,LONG,RND,34.0,34.66,33.777651,lean
SOL,2022-07-12,2,SHORT,PDC,33.42,33.24,33.642349,ctx
SOL,2022-07-13,1,LONG,RND,34.0,34.22,33.77626,ctx
SOL,2022-07-13,2,FADE,PDH,34.61,32.925881,34.83374,ctx
SOL,2022-07-14,1,LONG,RND,34.0,34.921005,33.761928,lean
SOL,2022-07-14,2,SHORT,ONL,33.58,32.698995,33.818072,ctx
SOL,2022-07-15,1,SHORT,RND,37.5,37.31,37.767041,lean
SOL,2022-07-15,2,LONG,ONH,38.51,38.956191,38.242959,ctx
SOL,2022-07-18,1,SHORT,RND,41.5,41.09,41.780228,lean
SOL,2022-07-18,2,LONG,ONH,42.69,42.93773,42.409772,ctx
SOL,2022-07-19,1,LONG,ONH,46.0,47.101852,45.665317,ctx
SOL,2022-07-19,2,SHORT,RND,45.5,44.07,45.834683,ctx
SOL,2022-07-19,3,FADE,ONH,46.0,43.978148,46.334683,ctx
SOL,2022-07-20,1,SHORT,PDC,44.87,43.810635,45.195578,lean
SOL,2022-07-20,2,LONG,RND,45.5,46.09,45.174422,ctx
SOL,2022-07-21,1,SHORT,PDL,41.24,40.349205,41.542313,lean
SOL,2022-07-21,2,LONG,RND,42.0,42.04,41.697687,ctx
SOL,2022-07-22,1,SHORT,RND,44.0,43.11,44.312721,lean
SOL,2022-07-22,2,LONG,PDH,44.24,44.33,43.927279,ctx
SOL,2022-07-25,1,LONG,RND,39.0,39.47,38.705669,lean
SOL,2022-07-25,2,SHORT,ONL,37.74,37.506454,38.034331,ctx
SOL,2022-07-26,1,LONG,RND,36.0,36.56,35.756161,lean
SOL,2022-07-26,2,SHORT,ONL,35.33,34.672083,35.573839,ctx
SOL,2022-07-27,1,LONG,RND,36.5,36.84,36.258822,lean
SOL,2022-07-27,2,SHORT,PDC,36.25,35.27,36.491178,ctx
SOL,2022-07-28,1,SHORT,RND,40.5,40.23,40.791201,lean
SOL,2022-07-28,2,LONG,PDH,40.55,40.86,40.258799,ctx
SOL,2022-07-29,1,SHORT,ONL,41.31,40.366366,41.645064,lean
SOL,2022-07-29,2,LONG,RND,42.0,42.91,41.664936,ctx
SOL,2022-08-01,1,SHORT,PDL,42.22,42.0,42.550692,lean
SOL,2022-08-01,2,LONG,PDC,42.35,43.26,42.019308,ctx
SOL,2022-08-02,1,LONG,PDL,40.57,41.65,40.267786,lean
SOL,2022-08-02,2,SHORT,RND,40.5,39.82,40.802214,ctx
SOL,2022-08-03,1,LONG,PDC,39.79,40.985372,39.508135,lean
SOL,2022-08-04,1,SHORT,PDC,38.54,38.5,38.771862,lean
SOL,2022-08-05,1,SHORT,RND,41.0,39.85,41.276683,lean
SOL,2022-08-05,2,LONG,ONH,41.07,42.301189,40.793317,ctx
SOL,2022-08-08,1,LONG,ONH,43.42,43.5,43.130705,ctx
SOL,2022-08-08,2,FADE,RND,43.5,42.059954,43.789295,ctx
SOL,2022-08-09,1,LONG,RND,41.0,42.18,40.697604,lean
SOL,2022-08-09,2,SHORT,ONL,40.68,40.55,40.982396,ctx
SOL,2022-08-10,1,LONG,PDC,40.33,40.72,40.031388,lean
SOL,2022-08-10,2,SHORT,RND,40.0,39.73,40.298612,ctx
SOL,2022-08-11,1,SHORT,RND,44.0,42.87,44.304475,lean
SOL,2022-08-11,2,LONG,ONH,45.08,45.500883,44.775525,ctx
SOL,2022-08-12,1,LONG,PDL,42.34,42.5,42.040922,lean
SOL,2022-08-12,2,SHORT,ONL,42.12,40.914301,42.419078,ctx
SOL,2022-08-15,1,SHORT,ONL,43.23,42.320411,43.547055,lean
SOL,2022-08-15,2,LONG,RND,44.0,44.46,43.682945,ctx
SOL,2022-08-16,1,SHORT,PDC,43.72,42.75,44.031527,lean
SOL,2022-08-16,2,LONG,RND,44.0,44.31,43.688473,ctx
SOL,2022-08-17,1,LONG,RND,43.0,43.08,42.703299,lean
SOL,2022-08-17,2,SHORT,ONL,42.61,42.53,42.906701,ctx
SOL,2022-08-18,1,LONG,ONH,41.42,41.5,41.172328,ctx
SOL,2022-08-18,2,SHORT,PDC,40.54,40.18,40.787672,ctx
SOL,2022-08-18,3,FADE,ONH,41.42,40.54,41.667672,ctx
SOL,2022-08-19,1,SHORT,ONL,35.25,35.174411,35.506198,lean
SOL,2022-08-19,2,LONG,RND,36.5,37.565589,36.243802,ctx
SOL,2022-08-22,1,SHORT,PDL,34.51,34.5,34.746425,ctx
SOL,2022-08-23,1,LONG,ONH,35.74,36.56,35.49757,ctx
SOL,2022-08-23,2,SHORT,RND,35.5,35.41,35.74243,ctx
SOL,2022-08-23,3,FADE,PDH,36.56,35.41,36.80243,ctx
SOL,2022-08-24,1,LONG,RND,35.5,35.68,35.265399,lean
SOL,2022-08-24,2,SHORT,ONL,34.31,34.295196,34.544601,ctx
SOL,2022-08-25,1,LONG,ONH,36.37,36.4,36.140902,ctx
SOL,2022-08-26,1,SHORT,RND,34.0,33.89,34.234658,lean
SOL,2022-08-26,2,LONG,PDL,34.87,35.27,34.635342,ctx
SOL,2022-08-29,1,SHORT,RND,30.5,30.44,30.702523,ctx
SOL,2022-08-30,1,LONG,RND,33.0,33.16,32.786834,lean
SOL,2022-08-30,2,SHORT,PDH,32.64,32.42,32.853166,ctx
SOL,2022-08-31,1,LONG,ONH,32.88,33.16,32.666115,ctx
SOL,2022-08-31,2,SHORT,RND,32.5,31.58187,32.713885,ctx
SOL,2022-08-31,3,FADE,PDH,33.16,31.58187,33.373885,ctx
SOL,2022-09-01,1,SHORT,PDL,31.18,30.83,31.389575,ctx
SOL,2022-09-02,1,SHORT,RND,31.5,31.11,31.710307,lean
SOL,2022-09-02,2,LONG,PDC,31.61,31.79,31.399693,ctx
SOL,2022-09-05,1,LONG,RND,31.5,32.16,31.291515,lean
SOL,2022-09-05,2,SHORT,ONL,31.15,31.02,31.358485,ctx
SOL,2022-09-06,1,LONG,ONH,33.56,34.169757,33.360766,ctx
SOL,2022-09-06,2,SHORT,RND,33.0,32.5,33.199234,ctx
SOL,2022-09-06,3,FADE,ONH,33.56,32.310243,33.759234,ctx
SOL,2022-09-07,1,LONG,ONH,31.33,32.127097,31.120622,ctx
SOL,2022-09-07,2,SHORT,RND,31.0,30.88,31.209378,ctx
SOL,2022-09-07,3,FADE,ONH,31.33,30.88,31.539378,ctx
SOL,2022-09-08,1,SHORT,PDC,32.69,31.97,32.896414,lean
SOL,2022-09-08,2,LONG,PDH,32.94,33.0,32.733586,ctx
SOL,2022-09-09,1,LONG,RND,35.5,35.96,35.294666,ctx
SOL,2022-09-12,1,SHORT,RND,37.5,36.624175,37.732677,lean
SOL,2022-09-12,2,LONG,ONH,38.15,38.795825,37.917323,ctx
SOL,2022-09-13,1,SHORT,PDH,38.39,37.44,38.667214,lean
SOL,2022-09-13,2,LONG,RND,38.5,39.01,38.222786,ctx
SOL,2022-09-14,1,LONG,ONH,33.92,34.354496,33.679036,lean
SOL,2022-09-15,1,LONG,RND,34.0,34.12,33.798355,ctx
SOL,2022-09-16,1,LONG,ONH,33.3,33.998452,33.101046,ctx
SOL,2022-09-16,2,SHORT,RND,33.0,32.42,33.198954,ctx
SOL,2022-09-16,3,FADE,ONH,33.3,33.07,33.498954,ctx
SOL,2022-09-19,1,LONG,RND,31.5,31.77,31.28863,lean
SOL,2022-09-19,2,SHORT,PDC,31.1,30.86,31.31137,ctx
SOL,2022-09-20,1,SHORT,RND,32.0,31.9,32.199286,lean
SOL,2022-09-20,2,LONG,PDC,32.62,32.97,32.420714,ctx
SOL,2022-09-21,1,LONG,ONH,32.1,32.88,31.908106,ctx
SOL,2022-09-21,2,SHORT,RND,32.0,31.41,32.191894,ctx
SOL,2022-09-21,3,FADE,PDH,32.88,31.41,33.071894,ctx
SOL,2022-09-22,1,LONG,ONH,32.45,32.5,32.248472,ctx
SOL,2022-09-22,2,FADE,ONH,32.45,31.409536,32.651528,ctx
SOL,2022-09-23,1,LONG,RND,32.0,32.43,31.80553,lean
SOL,2022-09-23,2,SHORT,ONL,31.53,30.842475,31.72447,ctx
SOL,2022-09-26,1,LONG,ONH,33.32,33.445007,33.12607,lean
SOL,2022-09-26,2,SHORT,RND,32.5,32.34,32.69393,ctx
SOL,2022-09-27,1,LONG,ONH,35.04,35.61742,34.834839,ctx
SOL,2022-09-27,2,SHORT,RND,34.5,33.95,34.705161,ctx
SOL,2022-09-27,3,FADE,ONH,35.04,33.88,35.245161,ctx
SOL,2022-09-28,1,SHORT,PDL,32.08,31.65,32.279714,lean
SOL,2022-09-28,2,LONG,RND,32.5,32.69,32.300286,ctx
SOL,2022-09-29,1,SHORT,PDC,33.22,32.96,33.418464,lean
SOL,2022-09-29,2,LONG,PDH,33.81,33.96,33.611536,ctx
SOL,2022-09-30,1,LONG,RND,34.0,34.42,33.780041,lean
SOL,2022-09-30,2,SHORT,PDC,33.93,33.62,34.149959,ctx
SOL,2022-10-03,1,LONG,ONH,32.63,33.0,32.434135,ctx
SOL,2022-10-03,2,SHORT,PDC,32.06,31.9,32.255865,ctx
SOL,2022-10-03,3,FADE,PDH,33.0,32.06,33.195865,ctx
SOL,2022-10-04,1,SHORT,RND,33.5,33.27,33.711247,lean
SOL,2022-10-04,2,LONG,ONH,33.88,34.65582,33.668753,ctx
SOL,2022-10-05,1,SHORT,RND,33.5,33.44,33.738382,lean
SOL,2022-10-05,2,LONG,PDC,34.09,34.37,33.851618,ctx
SOL,2022-10-06,1,LONG,PDH,34.37,34.5,34.133761,lean
SOL,2022-10-06,2,SHORT,PDC,34.04,34.0,34.276239,ctx
SOL,2022-10-07,1,LONG,PDC,33.36,33.5,33.124276,lean
SOL,2022-10-07,2,SHORT,PDL,33.23,33.14,33.465724,ctx
SOL,2022-10-10,1,LONG,PDC,32.92,33.14,32.720534,lean
SOL,2022-10-10,2,SHORT,RND,32.5,32.44,32.699466,ctx
SOL,2022-10-11,1,LONG,PDL,31.88,31.96,31.69112,lean
SOL,2022-10-11,2,SHORT,RND,31.5,31.07,31.68888,ctx
SOL,2022-10-12,1,LONG,ONH,31.55,31.96,31.361833,lean
SOL,2022-10-12,2,SHORT,RND,31.0,30.8,31.188167,ctx
SOL,2022-10-13,1,LONG,RND,29.0,29.681076,28.811198,lean
SOL,2022-10-13,2,SHORT,ONL,28.25,27.918924,28.438802,ctx
SOL,2022-10-14,1,SHORT,RND,31.0,30.49,31.185412,lean
SOL,2022-10-14,2,LONG,ONH,31.98,32.075257,31.794588,ctx
SOL,2022-10-17,1,LONG,ONH,30.77,31.37182,30.58961,lean
SOL,2022-10-17,2,SHORT,RND,30.5,30.17,30.68039,ctx
SOL,2022-10-18,1,SHORT,ONL,30.41,30.002635,30.589435,lean
SOL,2022-10-18,2,LONG,RND,31.0,31.21,30.820565,ctx
SOL,2022-10-19,1,SHORT,ONL,29.76,29.73,29.938183,lean
SOL,2022-10-19,2,LONG,RND,30.0,30.15,29.821817,ctx
SOL,2022-10-20,1,LONG,RND,29.5,29.64,29.323685,lean
SOL,2022-10-20,2,SHORT,PDC,28.86,28.61,29.036315,ctx
SOL,2022-10-21,1,LONG,RND,27.5,27.98,27.332525,lean
SOL,2022-10-21,2,SHORT,ONL,27.23,26.698449,27.397475,ctx
SOL,2022-10-24,1,SHORT,RND,29.0,28.35,29.169192,lean
SOL,2022-10-24,2,LONG,PDC,29.28,29.44,29.110808,ctx
SOL,2022-10-25,1,SHORT,PDL,28.16,28.05,28.322705,lean
SOL,2022-10-25,2,LONG,PDC,28.3,28.6,28.137295,ctx
SOL,2022-10-26,1,SHORT,RND,31.0,30.86,31.221827,lean
SOL,2022-10-26,2,LONG,ONH,31.91,32.285194,31.688173,ctx
SOL,2022-10-27,1,LONG,RND,31.5,32.17,31.276656,lean
SOL,2022-10-27,2,SHORT,PDC,31.29,30.99,31.513344,ctx
SOL,2022-10-28,1,LONG,RND,30.5,30.58,30.314712,lean
SOL,2022-10-28,2,SHORT,PDL,30.41,30.11,30.595288,ctx
SOL,2022-10-31,1,SHORT,RND,34.0,33.54,34.238941,lean
SOL,2022-10-31,2,LONG,ONH,34.39,35.145056,34.151059,ctx
SOL,2022-11-01,1,LONG,RND,33.0,33.39,32.766572,lean
SOL,2022-11-01,2,SHORT,PDC,32.56,32.32,32.793428,ctx
SOL,2022-11-02,1,LONG,RND,31.5,32.15,31.272472,lean
SOL,2022-11-02,2,SHORT,ONL,31.11,30.238204,31.337528,ctx
SOL,2022-11-03,1,LONG,RND,31.5,32.109446,31.317976,lean
SOL,2022-11-03,2,SHORT,PDC,30.8,30.410554,30.982024,ctx
SOL,2022-11-04,1,LONG,RND,32.5,32.77,32.313076,ctx
SOL,2022-11-04,2,SHORT,PDH,32.25,31.43769,32.436924,ctx
SOL,2022-11-04,3,FADE,ONH,32.77,31.43769,32.956924,ctx
SOL,2022-11-07,1,SHORT,RND,31.5,30.62,31.736619,lean
SOL,2022-11-07,2,LONG,PDL,32.31,32.62,32.073381,ctx
SOL,2022-11-08,1,SHORT,PDL,28.0,27.388608,28.229584,lean
SOL,2022-11-08,2,LONG,RND,28.5,29.531392,28.270416,ctx
SOL,2022-11-09,1,LONG,PDL,19.8,21.09163,19.480365,ctx
SOL,2022-11-10,1,LONG,RND,15.5,16.359798,15.307186,lean
SOL,2022-11-11,1,SHORT,RND,17.9,17.66,18.129802,lean
SOL,2022-11-11,2,LONG,ONH,18.31,18.87,18.080198,ctx
SOL,2022-11-14,1,LONG,RND,14.5,14.74,14.339468,ctx
SOL,2022-11-15,1,LONG,ONH,15.1,15.80702,14.935639,ctx
SOL,2022-11-15,2,SHORT,PDH,15.01,15.0,15.174361,ctx
SOL,2022-11-16,1,SHORT,RND,14.1,14.0,14.258372,lean
SOL,2022-11-16,2,LONG,PDC,14.32,14.64,14.161628,ctx
SOL,2022-11-17,1,LONG,RND,13.7,14.27,13.538375,lean
SOL,2022-11-17,2,SHORT,PDL,13.64,13.55,13.801625,ctx
SOL,2022-11-18,1,LONG,PDC,13.65,13.89,13.507179,lean
SOL,2022-11-18,2,SHORT,RND,13.5,13.47,13.642821,ctx
SOL,2022-11-21,1,SHORT,RND,11.9,11.54,12.018034,lean
SOL,2022-11-21,2,LONG,PDL,12.1,12.27,11.981966,ctx
SOL,2022-11-22,1,LONG,PDL,11.27,11.701789,11.149617,lean
SOL,2022-11-22,2,SHORT,RND,11.1,10.94,11.220383,ctx
SOL,2022-11-23,1,LONG,RND,13.1,13.48,12.976587,ctx
SOL,2022-11-24,1,SHORT,ONL,13.84,13.56936,13.966566,lean
SOL,2022-11-24,2,LONG,RND,14.2,14.36,14.073434,ctx
SOL,2022-11-25,1,SHORT,RND,14.2,13.91,14.312421,lean
SOL,2022-11-25,2,LONG,PDC,14.59,14.66,14.477579,ctx
SOL,2022-11-28,1,SHORT,RND,13.3,12.844848,13.401818,ctx
SOL,2022-11-29,1,LONG,RND,13.6,13.96,13.50395,lean
SOL,2022-11-29,2,SHORT,PDC,13.32,13.141769,13.41605,ctx
SOL,2022-11-30,1,LONG,ONH,13.93,13.96,13.839335,lean
SOL,2022-11-30,2,SHORT,RND,13.5,13.34,13.590665,ctx
SOL,2022-12-01,1,SHORT,RND,13.8,13.74,13.888614,lean
SOL,2022-12-01,2,LONG,PDC,14.16,14.263532,14.071386,ctx
SOL,2022-12-02,1,SHORT,PDC,13.51,13.4,13.601603,lean
SOL,2022-12-02,2,LONG,RND,13.7,13.84,13.608397,ctx
SOL,2022-12-05,1,LONG,ONH,14.17,14.336642,14.085005,lean
SOL,2022-12-05,2,SHORT,RND,13.9,13.75,13.984995,ctx
SOL,2022-12-06,1,LONG,PDH,14.17,14.326741,14.087127,lean
SOL,2022-12-06,2,SHORT,RND,13.9,13.82,13.982873,ctx
SOL,2022-12-07,1,LONG,PDL,13.81,14.024386,13.725489,lean
SOL,2022-12-07,2,SHORT,RND,13.6,13.39,13.684511,ctx
SOL,2022-12-08,1,LONG,PDC,13.49,13.5,13.418342,lean
SOL,2022-12-08,2,SHORT,PDL,13.39,13.27,13.461658,ctx
SOL,2022-12-09,1,SHORT,PDH,13.77,13.69,13.842237,lean
SOL,2022-12-09,2,LONG,RND,13.9,14.02,13.827763,ctx
SOL,2022-12-12,1,SHORT,RND,13.0,12.82,13.069659,ctx
SOL,2022-12-13,1,SHORT,RND,13.2,12.82,13.284043,lean
SOL,2022-12-13,2,LONG,PDC,13.31,13.39,13.225957,ctx
SOL,2022-12-14,1,SHORT,PDH,14.15,13.89,14.223782,lean
SOL,2022-12-14,2,LONG,ONH,14.2,14.2,14.126218,ctx
SOL,2022-12-15,1,LONG,RND,14.1,14.12,14.016553,lean
SOL,2022-12-15,2,SHORT,ONL,13.86,13.81,13.943447,ctx
SOL,2022-12-16,1,SHORT,RND,13.4,13.35,13.471158,ctx
SOL,2022-12-19,1,LONG,RND,12.3,12.38,12.225762,lean
SOL,2022-12-19,2,SHORT,PDL,12.25,12.16,12.324238,ctx
SOL,2022-12-20,1,LONG,ONH,12.45,12.59,12.374549,ctx
SOL,2022-12-20,2,SHORT,RND,12.3,11.997896,12.375451,ctx
SOL,2022-12-20,3,FADE,PDH,12.59,11.997896,12.665451,ctx
SOL,2022-12-21,1,LONG,PDC,12.26,12.33,12.187545,lean
SOL,2022-12-21,2,SHORT,RND,12.0,11.92,12.072455,ctx
SOL,2022-12-22,1,SHORT,ONL,11.98,11.9,12.049796,lean
SOL,2022-12-22,2,LONG,RND,12.1,12.14,12.030204,ctx
SOL,2022-12-23,1,LONG,RND,11.9,12.11,11.830145,lean
SOL,2022-12-23,2,SHORT,PDC,11.82,11.67,11.889855,ctx
SOL,2022-12-26,1,SHORT,ONL,11.25,11.24,11.312041,lean
SOL,2022-12-26,2,LONG,PDC,11.38,11.4,11.317959,ctx
SOL,2022-12-27,1,SHORT,PDL,11.06,10.97,11.125082,lean
SOL,2022-12-27,2,LONG,RND,11.1,11.32,11.034918,ctx
SOL,2022-12-28,1,SHORT,RND,10.0,9.704144,10.065541,ctx
SOL,2022-12-29,1,SHORT,RND,9.4,9.39,9.45768,ctx
SOL,2022-12-30,1,SHORT,RND,9.5,9.224604,9.563299,lean
SOL,2022-12-30,2,LONG,PDC,9.64,9.815396,9.576701,ctx
SOL,2023-01-02,1,LONG,RND,11.1,11.441146,11.022612,lean
SOL,2023-01-03,1,LONG,PDH,12.0,12.05,11.931314,ctx
SOL,2023-01-03,2,SHORT,RND,11.8,11.499465,11.868686,ctx
SOL,2023-01-03,3,FADE,ONH,12.05,11.499465,12.118686,ctx
SOL,2023-01-04,1,LONG,PDH,13.91,13.944409,13.797627,lean
SOL,2023-01-04,2,SHORT,RND,13.4,13.37,13.512373,ctx
SOL,2023-01-05,1,SHORT,RND,13.2,12.95,13.304869,lean
SOL,2023-01-05,2,LONG,PDC,13.43,13.65,13.325131,ctx
SOL,2023-01-06,1,LONG,PDL,12.95,13.380689,12.853424,lean
SOL,2023-01-06,2,SHORT,RND,12.9,12.87,12.996576,ctx
SOL,2023-01-09,1,LONG,RND,16.4,16.883457,16.285688,ctx
SOL,2023-01-10,1,SHORT,RND,15.9,15.57,16.036318,lean
SOL,2023-01-10,2,LONG,PDC,16.25,16.566153,16.113682,ctx
SOL,2023-01-11,1,SHORT,RND,15.8,15.7,15.932515,lean
SOL,2023-01-11,2,LONG,PDC,16.2,16.35,16.067485,ctx
SOL,2023-01-12,1,SHORT,RND,16.1,15.89,16.229139,lean
SOL,2023-01-12,2,LONG,PDC,16.36,16.67,16.230861,ctx
SOL,2023-01-13,1,SHORT,RND,16.5,16.29,16.631242,lean
SOL,2023-01-13,2,LONG,PDC,16.59,17.0,16.458758,ctx
SOL,2023-01-16,1,SHORT,RND,23.2,22.89,23.387238,lean
SOL,2023-01-17,1,SHORT,ONL,22.79,22.62822,22.987524,lean
SOL,2023-01-17,2,LONG,PDC,23.58,23.6,23.382476,ctx
SOL,2023-01-18,1,SHORT,RND,22.7,22.7,22.891493,lean
SOL,2023-01-18,2,LONG,PDC,22.86,23.35,22.668507,ctx
SOL,2023-01-19,1,SHORT,RND,20.8,20.79,20.981299,ctx
SOL,2023-01-20,1,LONG,PDC,21.4,21.64,21.22172,lean
SOL,2023-01-20,2,SHORT,RND,21.3,20.93,21.47828,ctx
SOL,2023-01-23,1,SHORT,PDC,24.21,24.06,24.436733,lean
SOL,2023-01-23,2,LONG,RND,24.6,24.93,24.373267,ctx
SOL,2023-01-24,1,SHORT,RND,24.4,24.33,24.6041,lean
SOL,2023-01-24,2,LONG,PDH,24.93,25.24,24.7259,ctx
SOL,2023-01-25,1,LONG,RND,24.3,24.36,24.108839,ctx
SOL,2023-01-25,2,FADE,RND,24.3,23.397915,24.491161,ctx
SOL,2023-01-26,1,LONG,ONH,25.23,25.43,25.007731,lean
SOL,2023-01-26,2,SHORT,RND,24.5,24.06,24.722269,ctx
SOL,2023-01-27,1,SHORT,RND,23.6,23.27,23.806884,lean
SOL,2023-01-27,2,LONG,PDL,23.73,24.33,23.523116,ctx
SOL,2023-01-30,1,SHORT,RND,24.1,23.77,24.304989,lean
SOL,2023-01-31,1,LONG,RND,23.8,23.96,23.619199,lean
SOL,2023-01-31,2,SHORT,ONL,23.49,23.11,23.670801,ctx
SOL,2023-02-01,1,SHORT,ONL,23.15,22.680033,23.323564,lean
SOL,2023-02-01,2,LONG,RND,23.5,23.92,23.326436,ctx
SOL,2023-02-02,1,LONG,PDH,25.22,25.78,25.034894,ctx
SOL,2023-02-03,1,SHORT,PDC,24.32,24.05,24.496038,lean
SOL,2023-02-03,2,LONG,RND,24.6,24.67,24.423962,ctx
SOL,2023-02-06,1,LONG,RND,23.3,23.47,23.138357,lean
SOL,2023-02-06,2,SHORT,PDL,23.02,22.83,23.181643,ctx
SOL,2023-02-07,1,LONG,RND,23.4,23.45,23.2627,ctx
SOL,2023-02-07,2,FADE,PDH,23.72,22.749269,23.8573,ctx
SOL,2023-02-08,1,SHORT,RND,23.7,23.52,23.868737,lean
SOL,2023-02-08,2,LONG,PDC,23.82,23.96,23.651263,ctx
SOL,2023-02-10,1,SHORT,RND,20.5,20.48,20.625119,ctx
SOL,2023-02-13,1,LONG,RND,20.6,20.62,20.46979,lean
SOL,2023-02-13,2,SHORT,ONL,20.04,19.952352,20.17021,ctx
SOL,2023-02-14,1,LONG,RND,21.4,21.61,21.275451,ctx
SOL,2023-02-15,1,SHORT,PDH,22.37,21.84,22.510275,lean
SOL,2023-02-15,2,LONG,RND,22.5,22.75,22.359725,ctx
SOL,2023-02-16,1,SHORT,RND,23.7,23.45,23.86902,lean
SOL,2023-02-16,2,LONG,PDC,23.86,23.99,23.69098,ctx
SOL,2023-02-17,1,LONG,RND,22.7,22.81,22.564757,ctx
SOL,2023-02-17,2,SHORT,PDC,22.24,22.2,22.375243,ctx
SOL,2023-02-17,3,FADE,RND,22.7,22.24,22.835243,ctx
SOL,2023-02-20,1,LONG,RND,26.5,27.12,26.324038,lean
SOL,2023-02-20,2,SHORT,PDH,25.64,25.528843,25.815962,ctx
SOL,2023-02-21,1,SHORT,RND,25.0,24.91,25.186021,ctx
SOL,2023-02-22,1,LONG,RND,23.6,24.392866,23.427957,lean
SOL,2023-02-22,2,SHORT,ONL,23.21,22.787134,23.382043,ctx
SOL,2023-02-23,1,SHORT,RND,24.0,23.6,24.171919,lean
SOL,2023-02-23,2,LONG,PDC,24.16,24.69,23.988081,ctx
SOL,2023-02-24,1,SHORT,PDL,23.6,23.52,23.750421,lean
SOL,2023-02-24,2,LONG,PDC,23.91,24.13,23.759579,ctx
SOL,2023-02-27,1,LONG,PDC,23.25,23.32,23.085301,lean
SOL,2023-02-27,2,SHORT,RND,22.7,22.62,22.864699,ctx
SOL,2023-02-28,1,SHORT,RND,22.4,22.32,22.537421,lean
SOL,2023-02-28,2,LONG,PDC,22.68,22.75,22.542579,ctx
SOL,2023-03-01,1,LONG,RND,22.7,22.75,22.580661,ctx
SOL,2023-03-01,2,FADE,ONH,22.91,22.103086,23.029339,ctx
SOL,2023-03-02,1,SHORT,RND,21.9,21.82,22.017053,ctx
SOL,2023-03-03,1,LONG,RND,21.1,21.67,20.975392,ctx
SOL,2023-03-06,1,SHORT,RND,20.7,20.55,20.808435,lean
SOL,2023-03-06,2,LONG,PDL,20.84,20.97,20.731565,ctx
SOL,2023-03-07,1,SHORT,ONL,20.27,19.970394,20.377058,lean
SOL,2023-03-07,2,LONG,RND,20.5,20.63,20.392942,ctx
SOL,2023-03-09,1,SHORT,RND,18.3,18.21,18.397404,lean
SOL,2023-03-09,2,LONG,PDC,18.41,18.764552,18.312596,ctx
SOL,2023-03-10,1,LONG,RND,17.0,17.33,16.8828,lean
SOL,2023-03-10,2,SHORT,PDL,16.69,16.413066,16.8072,ctx
SOL,2023-03-13,1,SHORT,RND,19.2,18.9,19.323002,ctx
SOL,2023-03-14,1,SHORT,RND,20.1,19.75,20.260829,lean
SOL,2023-03-14,2,LONG,PDC,20.4,20.68,20.239171,ctx
SOL,2023-03-15,1,SHORT,ONL,20.17,19.890413,20.317769,lean
SOL,2023-03-15,2,LONG,RND,20.6,20.86,20.452231,ctx
SOL,2023-03-16,1,SHORT,PDC,19.24,19.00953,19.381529,lean
SOL,2023-03-16,2,LONG,RND,19.7,19.82,19.558471,ctx
SOL,2023-03-17,1,LONG,RND,20.7,20.73,20.569132,ctx
SOL,2023-03-20,1,LONG,ONH,23.6,24.075329,23.438144,ctx
SOL,2023-03-20,2,SHORT,RND,23.3,22.564671,23.461856,ctx
SOL,2023-03-20,3,FADE,ONH,23.6,22.564671,23.761856,ctx
SOL,2023-03-21,1,SHORT,RND,22.4,22.13,22.570187,lean
SOL,2023-03-21,2,LONG,ONH,22.73,23.234205,22.559813,ctx
SOL,2023-03-22,1,SHORT,ONL,22.02,21.781601,22.169657,lean
SOL,2023-03-22,2,LONG,RND,22.5,22.53,22.350343,ctx
SOL,2023-03-23,1,SHORT,PDC,21.42,21.08,21.571736,ctx
SOL,2023-03-23,2,FADE,ONH,21.8,21.42,21.951736,ctx
SOL,2023-03-24,1,SHORT,RND,21.7,21.46,21.852699,lean
SOL,2023-03-24,2,LONG,PDC,22.16,22.27,22.007301,ctx
SOL,2023-03-27,1,SHORT,RND,20.6,20.35,20.749467,lean
SOL,2023-03-27,2,LONG,PDC,20.94,21.1,20.790533,ctx
SOL,2023-03-28,1,LONG,RND,20.1,20.19,19.970929,ctx
SOL,2023-03-28,2,SHORT,PDC,19.91,19.6,20.039071,ctx
SOL,2023-03-28,3,FADE,RND,20.1,19.91,20.229071,ctx
SOL,2023-03-29,1,LONG,RND,21.2,21.56,21.075476,lean
SOL,2023-03-29,2,SHORT,PDH,20.88,20.618888,21.004524,ctx
SOL,2023-03-30,1,SHORT,ONL,20.52,20.43,20.660311,lean
SOL,2023-03-30,2,LONG,RND,20.7,21.1,20.559689,ctx
SOL,2023-03-31,1,SHORT,RND,20.3,20.16,20.424515,lean
SOL,2023-03-31,2,LONG,PDC,20.55,20.75,20.425485,ctx
SOL,2023-04-03,1,SHORT,RND,20.4,20.23,20.508277,lean
SOL,2023-04-03,2,LONG,PDC,20.52,20.58,20.411723,ctx
SOL,2023-04-04,1,LONG,PDH,20.99,21.0,20.882093,ctx
SOL,2023-04-04,2,FADE,RND,21.0,20.466433,21.107907,ctx
SOL,2023-04-05,1,LONG,RND,21.2,21.26,21.094444,lean
SOL,2023-04-05,2,SHORT,PDC,20.92,20.83,21.025556,ctx
SOL,2023-04-06,1,LONG,RND,20.7,20.97,20.594122,lean
SOL,2023-04-06,2,SHORT,PDL,20.58,20.43,20.685878,ctx
SOL,2023-04-07,1,SHORT,RND,20.3,20.22,20.407007,lean
SOL,2023-04-07,2,LONG,PDL,20.43,20.62,20.322993,ctx
SOL,2023-04-10,1,SHORT,PDC,20.28,20.13,20.385242,lean
SOL,2023-04-10,2,LONG,RND,20.3,20.44,20.194758,ctx
SOL,2023-04-11,1,LONG,ONH,22.68,22.7141,22.571979,ctx
SOL,2023-04-11,2,SHORT,RND,22.2,21.7059,22.308021,ctx
SOL,2023-04-11,3,FADE,ONH,22.68,21.7059,22.788021,ctx
SOL,2023-04-12,1,LONG,PDH,23.68,24.05,23.518847,lean
SOL,2023-04-12,2,SHORT,PDC,22.98,22.747953,23.141153,ctx
SOL,2023-04-13,1,LONG,PDH,24.48,24.55,24.313097,lean
SOL,2023-04-13,2,SHORT,RND,24.3,23.8,24.466903,ctx
SOL,2023-04-14,1,SHORT,RND,25.0,24.43,25.170832,lean
SOL,2023-04-14,2,LONG,PDH,25.3,25.49,25.129168,ctx
SOL,2023-04-17,1,LONG,PDC,25.34,25.49,25.162498,lean
SOL,2023-04-17,2,SHORT,RND,24.9,24.6,25.077502,ctx
SOL,2023-04-18,1,SHORT,PDC,24.58,24.54393,24.750586,lean
SOL,2023-04-18,2,LONG,ONH,25.44,25.5,25.269414,ctx
SOL,2023-04-19,1,SHORT,RND,23.2,22.40095,23.373368,lean
SOL,2023-04-19,2,LONG,PDL,24.0,24.01905,23.826632,ctx
SOL,2023-04-20,1,LONG,PDC,22.66,23.045967,22.506578,lean
SOL,2023-04-20,2,SHORT,RND,22.3,22.14,22.453422,ctx
SOL,2023-04-21,1,LONG,PDC,22.2,22.41,22.057413,lean
SOL,2023-04-21,2,SHORT,RND,22.0,21.81,22.142587,ctx
SOL,2023-04-24,1,SHORT,RND,21.7,21.47,21.826885,lean
SOL,2023-04-24,2,LONG,ONH,22.02,22.25,21.893115,ctx
SOL,2023-04-25,1,LONG,PDC,21.38,21.46,21.258485,lean
SOL,2023-04-25,2,SHORT,ONL,20.73,20.432928,20.851515,ctx
SOL,2023-04-26,1,LONG,RND,22.5,22.64,22.367124,ctx
SOL,2023-04-26,2,SHORT,PDH,21.97,21.93,22.102876,ctx
SOL,2023-04-26,3,FADE,ONH,22.64,21.93,22.772876,ctx
SOL,2023-04-27,1,SHORT,RND,21.6,21.28,21.712287,lean
SOL,2023-04-27,2,LONG,ONH,22.08,22.174005,21.967713,ctx
SOL,2023-04-28,1,SHORT,PDC,22.33,22.13,22.466421,lean
SOL,2023-04-28,2,LONG,RND,22.5,22.52,22.363579,ctx
SOL,2023-05-01,1,SHORT,RND,22.2,21.91,22.337784,lean
SOL,2023-05-01,2,LONG,PDL,22.69,22.74,22.552216,ctx
SOL,2023-05-02,1,LONG,RND,22.0,22.07,21.885807,lean
SOL,2023-05-02,2,SHORT,PDC,21.96,21.75,22.074193,ctx
SOL,2023-05-03,1,LONG,PDL,21.75,21.957891,21.632595,lean
SOL,2023-05-03,2,SHORT,RND,21.4,21.34,21.517405,ctx
SOL,2023-05-04,1,LONG,PDH,22.3,22.49,22.194375,lean
SOL,2023-05-04,2,SHORT,RND,22.2,22.04,22.305625,ctx
SOL,2023-05-05,1,LONG,ONH,22.12,22.49,22.010306,ctx
SOL,2023-05-05,2,SHORT,RND,22.0,21.74,22.109694,ctx
SOL,2023-05-05,3,FADE,PDH,22.49,21.74,22.599694,ctx
SOL,2023-05-08,1,SHORT,ONL,20.75,20.737319,20.862003,lean
SOL,2023-05-08,2,LONG,RND,21.3,21.63,21.187997,ctx
SOL,2023-05-09,1,SHORT,RND,20.8,20.62,20.905249,lean
SOL,2023-05-10,1,LONG,RND,20.8,20.88,20.692838,lean
SOL,2023-05-10,2,SHORT,PDC,20.65,20.48,20.757162,ctx
SOL,2023-05-11,1,SHORT,ONL,20.31,19.907033,20.434921,lean
SOL,2023-05-11,2,LONG,RND,20.5,20.91,20.375079,ctx
SOL,2023-05-12,1,SHORT,PDC,20.17,19.8,20.284926,lean
SOL,2023-05-12,2,LONG,RND,20.3,20.36,20.185074,ctx
SOL,2023-05-15,1,LONG,RND,21.3,21.52,21.200119,lean
SOL,2023-05-15,2,SHORT,PDC,20.93,20.813889,21.029881,ctx
SOL,2023-05-16,1,SHORT,ONL,20.67,20.6,20.769331,lean
SOL,2023-05-16,2,LONG,RND,20.9,20.99,20.800669,ctx
SOL,2023-05-17,1,SHORT,RND,20.5,20.47,20.59864,lean
SOL,2023-05-17,2,LONG,PDC,20.67,20.980321,20.57136,ctx
SOL,2023-05-18,1,SHORT,RND,20.8,20.74,20.896865,lean
SOL,2023-05-18,2,LONG,PDC,21.06,21.23,20.963135,ctx
SOL,2023-05-19,1,SHORT,RND,20.4,20.34,20.502546,lean
SOL,2023-05-19,2,LONG,ONH,20.52,20.928547,20.417454,ctx
SOL,2023-05-22,1,LONG,RND,19.9,19.92,19.806418,ctx
SOL,2023-05-22,2,SHORT,PDC,19.61,19.433285,19.703582,ctx
SOL,2023-05-22,3,FADE,RND,19.9,19.61,19.993582,ctx
SOL,2023-05-23,1,SHORT,RND,19.9,19.53,19.9932,lean
SOL,2023-05-23,2,LONG,PDH,20.03,20.18,19.9368,ctx
SOL,2023-05-24,1,SHORT,RND,19.4,19.31,19.488342,ctx
SOL,2023-05-25,1,LONG,RND,19.4,19.47,19.303101,ctx
SOL,2023-05-25,2,SHORT,PDC,19.22,18.927804,19.316899,ctx
SOL,2023-05-25,3,FADE,RND,19.4,19.22,19.496899,ctx
SOL,2023-05-26,1,SHORT,PDC,19.25,19.08,19.339479,lean
SOL,2023-05-26,2,LONG,RND,19.3,19.36,19.210521,ctx
SOL,2023-05-29,1,SHORT,RND,20.7,20.54,20.800777,lean
SOL,2023-05-29,2,LONG,PDC,20.81,21.19,20.709223,ctx
SOL,2023-05-30,1,SHORT,PDH,20.98,20.824095,21.077694,lean
SOL,2023-05-30,2,LONG,RND,21.3,21.37,21.202306,ctx
SOL,2023-05-31,1,SHORT,RND,20.6,20.47,20.707896,lean
SOL,2023-06-01,1,LONG,PDC,20.81,20.98,20.708431,lean
SOL,2023-06-01,2,SHORT,RND,20.7,20.41,20.801569,ctx
SOL,2023-06-02,1,SHORT,RND,21.2,20.98,21.296965,lean
SOL,2023-06-02,2,LONG,ONH,21.3,21.702504,21.203035,ctx
SOL,2023-06-05,1,SHORT,ONL,21.39,21.062697,21.505136,lean
SOL,2023-06-05,2,LONG,PDC,21.82,22.137303,21.704864,ctx
SOL,2023-06-06,1,SHORT,ONL,19.71,19.265965,19.841579,lean
SOL,2023-06-06,2,LONG,RND,19.9,20.0,19.768421,ctx
SOL,2023-06-07,1,SHORT,RND,19.9,19.57,20.003291,lean
SOL,2023-06-07,2,LONG,PDC,20.38,20.432025,20.276709,ctx
SOL,2023-06-08,1,LONG,RND,18.8,18.88,18.688549,ctx
SOL,2023-06-08,2,SHORT,PDC,18.64,18.5,18.751451,ctx
SOL,2023-06-08,3,FADE,RND,18.8,18.64,18.911451,ctx
SOL,2023-06-09,1,SHORT,PDH,19.11,18.89,19.217363,lean
SOL,2023-06-09,2,LONG,RND,19.3,19.37,19.192637,ctx
SOL,2023-06-12,1,SHORT,PDL,15.11,14.9,15.21864,lean
SOL,2023-06-12,2,LONG,PDC,15.55,15.79,15.44136,ctx
SOL,2023-06-13,1,SHORT,RND,15.6,15.19,15.705284,lean
SOL,2023-06-14,1,SHORT,PDC,15.04,14.87,15.142219,lean
SOL,2023-06-14,2,LONG,RND,15.2,15.3,15.097781,ctx
SOL,2023-06-15,1,SHORT,RND,14.6,14.48,14.698413,lean
SOL,2023-06-15,2,LONG,ONH,15.08,15.10926,14.981587,ctx
SOL,2023-06-16,1,SHORT,ONL,14.53,14.18,14.630146,lean
SOL,2023-06-16,2,LONG,RND,14.6,14.77,14.499854,ctx
SOL,2023-06-19,1,LONG,ONH,15.58,15.6,15.472059,ctx
SOL,2023-06-19,2,SHORT,PDC,15.45,15.28,15.557941,ctx
SOL,2023-06-19,3,FADE,PDH,15.84,15.45,15.947941,ctx
SOL,2023-06-20,1,LONG,PDC,16.1,16.14,16.00164,lean
SOL,2023-06-20,2,SHORT,RND,15.9,15.8,15.99836,ctx
SOL,2023-06-21,1,LONG,RND,16.8,17.21,16.686907,lean
SOL,2023-06-21,2,SHORT,PDH,16.69,16.64,16.803093,ctx
SOL,2023-06-22,1,LONG,RND,16.9,17.23,16.792895,lean
SOL,2023-06-22,2,SHORT,ONL,16.62,16.54,16.727105,ctx
SOL,2023-06-23,1,SHORT,PDL,16.57,16.52,16.676748,lean
SOL,2023-06-23,2,LONG,RND,16.6,16.62,16.493252,ctx
SOL,2023-06-26,1,LONG,PDC,16.96,17.11,16.86991,lean
SOL,2023-06-26,2,SHORT,RND,16.9,16.57,16.99009,ctx
SOL,2023-06-27,1,LONG,RND,16.7,16.78,16.601418,ctx
SOL,2023-06-27,2,SHORT,PDC,16.27,16.229952,16.368582,ctx
SOL,2023-06-27,3,FADE,PDH,17.12,16.27,17.218582,ctx
SOL,2023-06-28,1,SHORT,RND,16.2,16.13,16.29538,lean
SOL,2023-06-28,2,LONG,PDC,16.63,16.655105,16.53462,ctx
SOL,2023-06-29,1,LONG,RND,18.1,18.28,17.997427,ctx
SOL,2023-06-30,1,LONG,RND,18.9,19.08,18.767892,ctx
SOL,2023-06-30,2,SHORT,PDH,18.28,18.263497,18.412108,ctx
SOL,2023-06-30,3,FADE,ONH,19.08,18.263497,19.212108,ctx
SOL,2023-07-03,1,SHORT,PDC,19.45,19.17,19.602092,lean
SOL,2023-07-03,2,LONG,RND,19.5,19.74,19.347908,ctx
SOL,2023-07-04,1,SHORT,RND,19.2,19.0,19.339708,lean
SOL,2023-07-04,2,LONG,PDC,19.26,19.5,19.120292,ctx
SOL,2023-07-05,1,SHORT,RND,18.7,18.32,18.837565,lean
SOL,2023-07-05,2,LONG,PDL,19.06,19.13,18.922435,ctx
SOL,2023-07-06,1,LONG,RND,19.9,20.36,19.766758,lean
SOL,2023-07-06,2,SHORT,PDH,19.53,19.278203,19.663242,ctx
SOL,2023-07-07,1,LONG,RND,20.2,20.52,20.054803,lean
SOL,2023-07-07,2,SHORT,PDC,19.61,19.492415,19.755197,ctx
SOL,2023-07-10,1,LONG,PDL,20.99,21.32,20.837153,lean
SOL,2023-07-10,2,SHORT,ONL,20.47,20.086715,20.622847,ctx
SOL,2023-07-11,1,SHORT,RND,22.0,21.81,22.154178,lean
SOL,2023-07-11,2,LONG,ONH,22.26,22.769497,22.105822,ctx
SOL,2023-07-12,1,SHORT,RND,22.1,22.07,22.254597,lean
SOL,2023-07-12,2,LONG,ONH,22.27,22.37,22.115403,ctx
SOL,2023-07-13,1,SHORT,RND,22.4,21.94,22.55386,lean
SOL,2023-07-13,2,LONG,ONH,22.49,22.8,22.33614,ctx
SOL,2023-07-14,1,SHORT,RND,28.0,26.82,28.267573,lean
SOL,2023-07-17,1,LONG,PDC,27.42,28.131906,27.205306,lean
SOL,2023-07-17,2,SHORT,RND,27.0,26.55,27.214694,ctx
SOL,2023-07-18,1,SHORT,RND,25.0,24.87,25.20984,lean
SOL,2023-07-18,2,LONG,PDL,25.55,25.999252,25.34016,ctx
SOL,2023-07-19,1,SHORT,PDC,25.54,25.493094,25.75148,lean
SOL,2023-07-19,2,LONG,RND,26.5,26.59,26.28852,ctx
SOL,2023-07-20,1,LONG,ONH,27.38,28.1885,27.159607,ctx
SOL,2023-07-20,2,SHORT,RND,27.0,26.99,27.220393,ctx
SOL,2023-07-20,3,FADE,ONH,27.38,26.31,27.600393,ctx
SOL,2023-07-21,1,LONG,PDC,25.38,25.5,25.190605,lean
SOL,2023-07-21,2,SHORT,ONL,25.06,25.03,25.249395,ctx
SOL,2023-07-24,1,LONG,PDL,24.15,24.458374,23.972491,lean
SOL,2023-07-24,2,SHORT,RND,23.6,23.05,23.777509,ctx
SOL,2023-07-25,1,SHORT,ONL,22.96,22.89,23.127988,lean
SOL,2023-07-25,2,LONG,RND,23.2,23.37,23.032012,ctx
SOL,2023-07-26,1,SHORT,RND,23.8,23.6,23.959315,lean
SOL,2023-07-26,2,LONG,ONH,23.98,24.563471,23.820685,ctx
SOL,2023-07-27,1,LONG,RND,25.5,25.53,25.328933,ctx
SOL,2023-07-27,2,SHORT,PDC,25.17,24.66,25.341067,ctx
SOL,2023-07-27,3,FADE,PDH,25.68,25.17,25.851067,ctx
SOL,2023-07-28,1,LONG,PDL,24.66,25.1,24.489581,lean
SOL,2023-07-28,2,SHORT,RND,24.6,24.54,24.770419,ctx
SOL,2023-07-31,1,SHORT,PDC,24.25,24.07,24.395417,lean
SOL,2023-07-31,2,LONG,RND,24.5,24.79,24.354583,ctx
SOL,2023-08-01,1,SHORT,RND,23.3,22.88,23.425551,lean
SOL,2023-08-01,2,LONG,PDL,23.52,23.73,23.394449,ctx
SOL,2023-08-02,1,LONG,RND,23.7,24.05,23.568102,lean
SOL,2023-08-02,2,SHORT,ONL,23.42,23.064475,23.551898,ctx
SOL,2023-08-03,1,LONG,RND,22.8,22.82,22.685443,lean
SOL,2023-08-03,2,SHORT,ONL,22.44,22.215402,22.554557,ctx
SOL,2023-08-04,1,LONG,ONH,23.07,23.38,22.961911,lean
SOL,2023-08-04,2,SHORT,RND,22.9,22.65,23.008089,ctx
SOL,2023-08-07,1,LONG,RND,23.1,23.2,22.997626,lean
SOL,2023-08-07,2,SHORT,ONL,22.99,22.612256,23.092374,ctx
SOL,2023-08-08,1,SHORT,PDC,23.12,22.97,23.222021,lean
SOL,2023-08-08,2,LONG,ONH,23.39,23.4,23.287979,ctx
SOL,2023-08-09,1,LONG,ONH,24.98,25.469876,24.84717,ctx
SOL,2023-08-09,2,SHORT,RND,24.8,24.79,24.93283,ctx
SOL,2023-08-09,3,FADE,ONH,24.98,24.230124,25.11283,ctx
SOL,2023-08-10,1,LONG,RND,24.4,24.54,24.281935,lean
SOL,2023-08-10,2,SHORT,PDC,24.38,24.13,24.498065,ctx
SOL,2023-08-11,1,SHORT,RND,24.5,24.39,24.616102,lean
SOL,2023-08-11,2,LONG,PDC,24.62,24.89,24.503898,ctx
SOL,2023-08-14,1,LONG,ONH,24.6,24.95,24.493081,ctx
SOL,2023-08-14,2,SHORT,RND,24.5,24.23,24.606919,ctx
SOL,2023-08-14,3,FADE,PDH,24.95,24.23,25.056919,ctx
SOL,2023-08-15,1,SHORT,RND,24.8,24.71,24.933426,lean
SOL,2023-08-15,2,LONG,PDC,25.18,25.3,25.046574,ctx
SOL,2023-08-16,1,LONG,PDL,23.74,23.9,23.636835,lean
SOL,2023-08-16,2,SHORT,RND,23.5,23.21,23.603165,ctx
SOL,2023-08-17,1,LONG,RND,23.1,23.43,23.002388,lean
SOL,2023-08-17,2,SHORT,PDC,22.82,22.624477,22.917612,ctx
SOL,2023-08-18,1,LONG,ONH,22.2,22.485628,22.100223,ctx
SOL,2023-08-18,2,SHORT,RND,22.0,21.66,22.099777,ctx
SOL,2023-08-18,3,FADE,ONH,22.2,21.66,22.299777,ctx
SOL,2023-08-21,1,LONG,PDL,21.57,21.737053,21.461346,lean
SOL,2023-08-21,2,SHORT,RND,21.2,20.96,21.308654,ctx
SOL,2023-08-22,1,SHORT,ONL,20.93,20.9,21.031169,lean
SOL,2023-08-22,2,LONG,PDC,21.2,21.36,21.098831,ctx
SOL,2023-08-23,1,LONG,ONH,20.94,21.115009,20.83607,lean
SOL,2023-08-23,2,SHORT,RND,20.6,20.59,20.70393,ctx
SOL,2023-08-24,1,SHORT,PDC,21.74,21.35,21.854714,lean
SOL,2023-08-24,2,LONG,RND,21.8,21.82,21.685286,ctx
SOL,2023-08-25,1,LONG,RND,20.7,21.06,20.590487,lean
SOL,2023-08-25,2,SHORT,PDL,20.67,20.42,20.779513,ctx
SOL,2023-08-28,1,SHORT,PDL,20.24,20.03,20.354019,lean
SOL,2023-08-28,2,LONG,RND,20.4,20.79,20.285981,ctx
SOL,2023-08-29,1,SHORT,ONL,20.12,20.1,20.218115,lean
SOL,2023-08-29,2,LONG,PDC,20.56,20.607871,20.461885,ctx
SOL,2023-08-30,1,SHORT,RND,21.4,21.38,21.533122,lean
SOL,2023-08-30,2,LONG,PDC,21.79,21.99,21.656878,ctx
SOL,2023-08-31,1,SHORT,PDC,20.82,20.61,20.92986,lean
SOL,2023-08-31,2,LONG,RND,20.9,21.07,20.79014,ctx
SOL,2023-09-01,1,SHORT,RND,19.8,19.74,19.912807,lean
SOL,2023-09-01,2,LONG,ONH,19.93,20.366431,19.817193,ctx
SOL,2023-09-04,1,LONG,RND,19.6,19.67,19.496459,lean
SOL,2023-09-04,2,SHORT,PDC,19.57,19.43,19.673541,ctx
SOL,2023-09-05,1,LONG,RND,19.6,19.63,19.497,ctx
SOL,2023-09-05,2,SHORT,PDC,19.52,19.15,19.623,ctx
SOL,2023-09-05,3,FADE,RND,19.6,19.52,19.703,ctx
SOL,2023-09-06,1,SHORT,ONL,19.69,19.182385,19.813775,lean
SOL,2023-09-06,2,LONG,RND,19.8,20.26,19.676225,ctx
SOL,2023-09-07,1,LONG,RND,19.4,19.64,19.297871,lean
SOL,2023-09-07,2,SHORT,ONL,19.36,19.14,19.462129,ctx
SOL,2023-09-08,1,LONG,RND,19.6,19.92,19.508379,lean
SOL,2023-09-08,2,SHORT,ONL,19.37,19.32,19.461621,ctx
SOL,2023-09-11,1,SHORT,ONL,17.36,17.227373,17.454849,lean
SOL,2023-09-11,2,LONG,RND,17.7,17.78,17.605151,ctx
SOL,2023-09-12,1,LONG,PDH,18.46,18.76243,18.360908,ctx
SOL,2023-09-13,1,LONG,RND,18.2,18.56,18.107005,lean
SOL,2023-09-13,2,SHORT,PDC,17.92,17.746023,18.012995,ctx
SOL,2023-09-14,1,SHORT,RND,18.8,18.56,18.892841,lean
SOL,2023-09-15,1,SHORT,RND,19.0,18.85,19.083179,lean
SOL,2023-09-15,2,LONG,ONH,19.29,19.33,19.206821,ctx
SOL,2023-09-18,1,LONG,RND,19.6,19.75,19.498337,ctx
SOL,2023-09-18,2,SHORT,PDH,19.14,19.105572,19.241663,ctx
SOL,2023-09-18,3,FADE,ONH,19.75,19.105572,19.851663,ctx
SOL,2023-09-19,1,SHORT,RND,20.2,20.15,20.292943,lean
SOL,2023-09-19,2,LONG,ONH,20.42,20.643732,20.327057,ctx
SOL,2023-09-20,1,LONG,RND,20.1,20.24,20.014787,lean
SOL,2023-09-20,2,SHORT,PDC,20.03,19.8,20.115213,ctx
SOL,2023-09-21,1,LONG,RND,19.6,19.8,19.503981,lean
SOL,2023-09-21,2,SHORT,ONL,19.5,19.141913,19.596019,ctx
SOL,2023-09-22,1,LONG,RND,19.7,19.81,19.61676,ctx
SOL,2023-09-22,2,SHORT,PDC,19.46,19.301548,19.54324,ctx
SOL,2023-09-22,3,FADE,RND,19.7,19.46,19.78324,ctx
SOL,2023-09-25,1,SHORT,PDC,19.36,19.2,19.436041,lean
SOL,2023-09-26,1,SHORT,ONL,19.24,19.07,19.315122,lean
SOL,2023-09-26,2,LONG,RND,19.4,19.53,19.324878,ctx
SOL,2023-09-27,1,LONG,RND,19.4,19.48,19.326762,ctx
SOL,2023-09-27,2,FADE,PDH,19.53,19.048222,19.603238,ctx
SOL,2023-09-28,1,SHORT,PDC,19.14,18.97,19.215679,lean
SOL,2023-09-28,2,LONG,RND,19.2,19.44,19.124321,ctx
SOL,2023-09-29,1,SHORT,PDH,19.98,19.96,20.066034,lean
SOL,2023-09-29,2,LONG,RND,20.1,20.35,20.013966,ctx
SOL,2023-10-02,1,SHORT,RND,23.8,23.187804,23.935471,lean
SOL,2023-10-02,2,LONG,PDC,23.87,24.452196,23.734529,ctx
SOL,2023-10-03,1,SHORT,RND,23.9,23.37,24.029893,lean
SOL,2023-10-03,2,LONG,ONH,24.47,24.526166,24.340107,ctx
SOL,2023-10-04,1,SHORT,PDL,23.21,22.966208,23.341527,ctx
SOL,2023-10-05,1,SHORT,RND,23.2,23.13,23.322563,lean
SOL,2023-10-05,2,LONG,ONH,23.76,23.791961,23.637437,ctx
SOL,2023-10-06,1,LONG,RND,23.2,23.57,23.070942,lean
SOL,2023-10-06,2,SHORT,PDC,22.7,22.61,22.829058,ctx
SOL,2023-10-09,1,SHORT,ONL,22.05,21.511054,22.191203,lean
SOL,2023-10-09,2,LONG,RND,22.2,22.828946,22.058797,ctx
SOL,2023-10-10,1,LONG,ONH,22.45,22.699818,22.327896,ctx
SOL,2023-10-11,1,SHORT,PDC,22.11,22.1,22.232882,lean
SOL,2023-10-11,2,LONG,ONH,22.43,22.48,22.307118,ctx
SOL,2023-10-12,1,SHORT,ONL,21.15,20.92644,21.272906,lean
SOL,2023-10-12,2,LONG,PDL,21.62,22.01,21.497094,ctx
SOL,2023-10-13,1,LONG,RND,21.5,21.57,21.379016,ctx
SOL,2023-10-13,2,SHORT,PDC,21.28,21.11,21.400984,ctx
SOL,2023-10-13,3,FADE,RND,21.5,21.28,21.620984,ctx
SOL,2023-10-16,1,LONG,RND,23.2,23.644305,23.09622,ctx
SOL,2023-10-16,2,FADE,RND,23.2,22.675695,23.30378,ctx
SOL,2023-10-17,1,SHORT,PDC,23.95,23.76,24.100672,lean
SOL,2023-10-17,2,LONG,RND,24.1,24.56,23.949328,ctx
SOL,2023-10-18,1,LONG,PDC,23.93,24.43,23.796634,lean
SOL,2023-10-18,2,SHORT,RND,23.8,23.78,23.933366,ctx
SOL,2023-10-19,1,FADE,PDH,24.43,23.715177,24.551034,ctx
SOL,2023-10-20,1,LONG,RND,27.0,27.5,26.836787,ctx
SOL,2023-10-20,2,FADE,ONH,27.5,26.118339,27.663213,ctx
SOL,2023-10-23,1,LONG,PDH,30.01,30.562721,29.827274,lean
SOL,2023-10-23,2,SHORT,RND,29.5,29.05,29.682726,ctx
SOL,2023-10-24,1,LONG,PDC,31.88,32.0,31.679473,ctx
SOL,2023-10-25,1,SHORT,RND,32.0,31.226776,32.214976,lean
SOL,2023-10-25,2,LONG,ONH,32.51,32.61,32.295024,ctx
SOL,2023-10-26,1,LONG,RND,32.0,32.44,31.795935,lean
SOL,2023-10-26,2,SHORT,ONL,31.6,30.867697,31.804065,ctx
SOL,2023-10-27,1,LONG,PDC,32.77,33.25,32.56384,lean
SOL,2023-10-27,2,SHORT,RND,32.5,31.82,32.70616,ctx
SOL,2023-10-30,1,LONG,RND,35.0,35.16,34.772215,ctx
SOL,2023-10-31,1,SHORT,RND,36.5,35.519244,36.727305,lean
SOL,2023-10-31,2,LONG,ONH,36.98,37.640756,36.752695,ctx
SOL,2023-11-01,1,SHORT,PDH,38.62,38.4,38.869814,lean
SOL,2023-11-01,2,LONG,RND,39.5,39.8,39.250186,ctx
SOL,2023-11-02,1,LONG,RND,44.5,44.57,44.145003,ctx
SOL,2023-11-03,1,SHORT,RND,39.0,38.65,39.343701,lean
SOL,2023-11-03,2,LONG,PDC,40.23,40.51,39.886299,ctx
SOL,2023-11-06,1,SHORT,PDL,40.1,39.66,40.395913,lean
SOL,2023-11-06,2,LONG,RND,40.5,41.15,40.204087,ctx
SOL,2023-11-07,1,SHORT,ONL,40.08,40.072797,40.385829,lean
SOL,2023-11-07,2,LONG,PDC,42.16,42.2,41.854171,ctx
SOL,2023-11-08,1,SHORT,PDC,42.93,42.25,43.281164,lean
SOL,2023-11-08,2,LONG,RND,43.5,43.88,43.148836,ctx
SOL,2023-11-09,1,LONG,RND,48.0,48.15,47.680588,ctx
SOL,2023-11-10,1,LONG,RND,51.5,51.93,51.035554,ctx
SOL,2023-11-13,1,SHORT,RND,57.5,56.28,58.014218,lean
SOL,2023-11-13,2,LONG,ONH,59.6,60.019686,59.085782,ctx
SOL,2023-11-14,1,SHORT,RND,53.0,51.6,53.549641,ctx
SOL,2023-11-15,1,SHORT,RND,63.0,60.336563,63.622165,lean
SOL,2023-11-15,2,LONG,ONH,63.92,66.143437,63.297835,ctx
SOL,2023-11-16,1,SHORT,RND,64.0,63.21,64.643917,lean
SOL,2023-11-16,2,LONG,PDC,65.43,67.12,64.786083,ctx
SOL,2023-11-17,1,SHORT,PDC,57.8,56.557979,58.306147,lean
SOL,2023-11-17,2,LONG,RND,59.0,60.57,58.493853,ctx
SOL,2023-11-20,1,SHORT,RND,60.0,59.12,60.55329,lean
SOL,2023-11-20,2,LONG,PDC,61.1,62.1,60.54671,ctx
SOL,2023-11-21,1,SHORT,PDL,56.0,55.1,56.494487,lean
SOL,2023-11-21,2,LONG,RND,56.5,56.57,56.005513,ctx
SOL,2023-11-22,1,LONG,RND,55.0,55.29,54.548519,ctx
SOL,2023-11-23,1,SHORT,PDC,57.56,57.5,58.049448,lean
SOL,2023-11-23,2,LONG,PDH,58.94,59.63,58.450552,ctx
SOL,2023-11-24,1,SHORT,PDC,56.51,56.2,56.998618,lean
SOL,2023-11-24,2,LONG,RND,58.0,58.79,57.511382,ctx
SOL,2023-11-27,1,LONG,PDL,56.12,56.632156,55.678109,lean
SOL,2023-11-27,2,SHORT,RND,54.5,54.41,54.941891,ctx
SOL,2023-11-28,1,LONG,RND,56.0,56.35,55.590648,ctx
SOL,2023-11-28,2,SHORT,PDC,55.06,53.94,55.469352,ctx
SOL,2023-11-28,3,FADE,RND,56.0,55.06,56.409352,ctx
SOL,2023-11-29,1,SHORT,RND,60.5,58.65,60.946573,lean
SOL,2023-11-29,2,LONG,ONH,61.78,62.704006,61.333427,ctx
SOL,2023-11-30,1,LONG,ONH,61.7,61.78,61.257407,ctx
SOL,2023-11-30,2,SHORT,RND,61.0,59.31,61.442593,ctx
SOL,2023-11-30,3,FADE,PDH,61.78,59.31,62.222593,ctx
SOL,2023-12-01,1,LONG,PDH,61.7,61.9,61.297376,lean
SOL,2023-12-01,2,SHORT,RND,60.5,59.3,60.902624,ctx
SOL,2023-12-04,1,SHORT,ONL,59.75,59.702932,60.201515,lean
SOL,2023-12-04,2,LONG,RND,62.0,62.22,61.548485,ctx
SOL,2023-12-05,1,LONG,RND,60.5,61.64,60.126516,lean
SOL,2023-12-05,2,SHORT,PDL,59.75,59.11,60.123484,ctx
SOL,2023-12-06,1,SHORT,PDH,62.6,61.743624,62.946366,lean
SOL,2023-12-06,2,LONG,RND,63.5,64.976376,63.153634,ctx
SOL,2023-12-07,1,LONG,RND,64.5,65.09,64.14898,ctx
SOL,2023-12-07,2,FADE,RND,64.5,62.701906,64.85102,ctx
SOL,2023-12-08,1,SHORT,RND,73.0,70.986111,73.470119,lean
SOL,2023-12-08,2,LONG,ONH,73.78,75.373889,73.309881,ctx
SOL,2023-12-11,1,LONG,RND,69.0,70.67,68.476456,ctx
SOL,2023-12-12,1,SHORT,RND,70.5,70.25,70.925653,lean
SOL,2023-12-12,2,LONG,ONH,72.42,72.686379,71.994347,ctx
SOL,2023-12-13,1,SHORT,PDL,65.75,64.04752,66.230531,lean
SOL,2023-12-13,2,LONG,RND,66.5,68.53248,66.019469,ctx
SOL,2023-12-14,1,SHORT,RND,73.0,72.6,73.50026,lean
SOL,2023-12-14,2,LONG,ONH,73.87,75.414545,73.36974,ctx
SOL,2023-12-15,1,LONG,RND,77.0,79.36555,76.465239,lean
SOL,2023-12-15,2,SHORT,PDH,76.24,75.68,76.774761,ctx
SOL,2023-12-18,1,SHORT,ONL,67.0,65.826607,67.545013,lean
SOL,2023-12-18,2,LONG,RND,68.5,70.36,67.954987,ctx
SOL,2023-12-19,1,SHORT,RND,74.5,74.42,75.035161,lean
SOL,2023-12-19,2,LONG,PDH,75.46,76.37,74.924839,ctx
SOL,2023-12-20,1,SHORT,RND,77.0,76.37,77.569594,lean
SOL,2023-12-20,2,LONG,ONH,78.6,79.688103,78.030406,ctx
SOL,2023-12-21,1,LONG,ONH,88.42,89.633892,87.776309,ctx
SOL,2023-12-21,2,SHORT,RND,86.5,84.14,87.143691,ctx
SOL,2023-12-21,3,FADE,ONH,88.42,83.626108,89.063691,ctx
SOL,2023-12-22,1,SHORT,PDC,93.84,90.631749,94.621768,lean
SOL,2023-12-22,2,LONG,RND,94.5,95.54,93.718232,ctx
SOL,2023-12-25,1,SHORT,RND,114.0,112.45,114.936805,lean
SOL,2023-12-25,2,LONG,ONH,114.46,118.1,113.523195,ctx
SOL,2023-12-26,1,SHORT,RND,116.5,111.837623,117.539795,lean
SOL,2023-12-26,2,LONG,PDC,120.91,121.542377,119.870205,ctx
SOL,2023-12-27,1,SHORT,RND,112.0,107.84,112.97044,lean
SOL,2023-12-27,2,LONG,PDC,112.49,115.3,111.51956,ctx
SOL,2023-12-28,1,SHORT,RND,101.0,100.52,101.961613,lean
SOL,2023-12-28,2,LONG,PDL,104.58,105.597528,103.618387,ctx
SOL,2023-12-29,1,LONG,PDH,109.66,110.0,108.802385,lean
SOL,2023-12-29,2,SHORT,RND,107.0,103.177797,107.857615,ctx
SOL,2024-01-01,1,LONG,RND,105.0,105.21,104.205715,ctx
SOL,2024-01-01,2,SHORT,PDC,101.72,101.053338,102.514285,ctx
SOL,2024-01-01,3,FADE,ONH,106.1,101.72,106.894285,ctx
SOL,2024-01-02,1,LONG,RND,113.0,116.95,112.104711,lean
SOL,2024-01-02,2,SHORT,PDH,109.93,109.91,110.825289,ctx
SOL,2024-01-03,1,LONG,RND,100.5,105.80691,99.322091,lean
SOL,2024-01-04,1,LONG,RND,99.5,102.0,98.768478,lean
SOL,2024-01-04,2,SHORT,PDC,98.52,96.6,99.251522,ctx
SOL,2024-01-05,1,SHORT,RND,100.5,98.5,101.312109,ctx
SOL,2024-01-08,1,SHORT,RND,94.0,91.029706,94.65792,lean
SOL,2024-01-08,2,LONG,ONH,94.43,96.8,93.77208,ctx
SOL,2024-01-09,1,SHORT,PDC,97.88,95.25,98.645384,lean
SOL,2024-01-09,2,LONG,RND,98.5,99.97,97.734616,ctx
SOL,2024-01-10,1,SHORT,RND,93.5,91.68,94.212329,lean
SOL,2024-01-10,2,LONG,PDL,95.25,96.884203,94.537671,ctx
SOL,2024-01-11,1,SHORT,PDH,105.52,103.324697,106.264708,lean
SOL,2024-01-11,2,LONG,RND,107.0,107.32,106.255292,ctx
SOL,2024-01-12,1,SHORT,RND,97.5,96.6,98.24141,lean
SOL,2024-01-12,2,LONG,PDL,97.67,99.9,96.92859,ctx
SOL,2024-01-15,1,SHORT,RND,95.0,93.81,95.696213,lean
SOL,2024-01-15,2,LONG,ONH,96.96,98.268996,96.263787,ctx
SOL,2024-01-16,1,SHORT,RND,97.0,96.96,97.678277,lean
SOL,2024-01-16,2,LONG,ONH,98.29,100.275291,97.611723,ctx
SOL,2024-01-17,1,LONG,RND,102.5,102.8,101.791739,ctx
SOL,2024-01-17,2,FADE,ONH,102.8,99.044781,103.508261,ctx
SOL,2024-01-18,1,SHORT,RND,98.5,97.85,99.233913,ctx
SOL,2024-01-19,1,SHORT,RND,94.0,91.47,94.606316,lean
SOL,2024-01-19,2,LONG,PDC,94.4,95.47,93.793684,ctx
SOL,2024-01-22,1,SHORT,ONL,86.2,85.982599,86.801586,lean
SOL,2024-01-22,2,LONG,RND,89.0,90.79,88.398414,ctx
SOL,2024-01-23,1,SHORT,ONL,79.0,77.737155,79.568467,lean
SOL,2024-01-23,2,LONG,RND,80.5,82.06,79.931533,ctx
SOL,2024-01-24,1,SHORT,RND,86.5,86.0,87.032609,lean
SOL,2024-01-24,2,LONG,ONH,88.57,89.175508,88.037391,ctx
SOL,2024-01-25,1,SHORT,RND,87.0,86.55,87.52071,lean
SOL,2024-01-25,2,LONG,PDC,88.77,89.47,88.24929,ctx
SOL,2024-01-26,1,SHORT,RND,90.5,89.64,91.013627,lean
SOL,2024-01-26,2,LONG,ONH,92.4,93.136927,91.886373,ctx
SOL,2024-01-29,1,LONG,RND,97.0,98.99,96.418446,lean
SOL,2024-01-29,2,SHORT,PDC,95.98,94.53,96.561554,ctx
SOL,2024-01-30,1,SHORT,RND,104.5,101.98,105.200652,lean
SOL,2024-01-30,2,LONG,ONH,106.4,107.869708,105.699348,ctx
SOL,2024-01-31,1,LONG,RND,99.5,100.95,98.801636,lean
SOL,2024-01-31,2,SHORT,ONL,97.34,96.22097,98.038364,ctx
SOL,2024-02-01,1,LONG,RND,95.5,95.9,94.910378,lean
SOL,2024-02-01,2,SHORT,ONL,93.11,92.538432,93.699622,ctx
SOL,2024-02-02,1,LONG,RND,101.5,102.57,100.808867,ctx
SOL,2024-02-05,1,SHORT,RND,97.5,95.49,97.976591,lean
SOL,2024-02-05,2,LONG,ONH,98.24,98.59,97.763409,ctx
SOL,2024-02-05,3,FADE,PDH,98.59,95.49,99.066591,ctx
SOL,2024-02-06,1,LONG,PDC,95.66,96.277313,95.223433,lean
SOL,2024-02-06,2,SHORT,PDL,94.11,94.0,94.546567,ctx
SOL,2024-02-06,3,FADE,PDC,95.66,92.88,96.096567,ctx
SOL,2024-02-07,1,LONG,PDC,96.88,97.473875,96.465598,lean
SOL,2024-02-07,2,SHORT,RND,95.5,94.62,95.914402,ctx
SOL,2024-02-07,3,FADE,PDC,96.88,94.62,97.294402,ctx
SOL,2024-02-08,1,SHORT,PDC,101.14,100.51,101.714004,lean
SOL,2024-02-08,2,LONG,RND,101.5,101.58,100.925996,ctx
SOL,2024-02-09,1,SHORT,RND,105.5,104.98,106.001548,lean
SOL,2024-02-09,2,LONG,ONH,107.0,108.050555,106.498452,ctx
SOL,2024-02-12,1,SHORT,RND,104.5,103.4,105.034938,lean
SOL,2024-02-13,1,LONG,ONH,115.15,116.6785,114.479607,lean
SOL,2024-02-13,2,SHORT,RND,113.5,112.22,114.170393,ctx
SOL,2024-02-14,1,LONG,RND,115.5,116.4,114.73331,ctx
SOL,2024-02-14,2,SHORT,PDH,115.15,112.48,115.91669,ctx
SOL,2024-02-14,3,FADE,ONH,116.4,112.48,117.16669,ctx
SOL,2024-02-15,1,SHORT,RND,116.0,114.54,116.65054,lean
SOL,2024-02-15,2,LONG,PDC,116.97,118.39,116.31946,ctx
SOL,2024-02-16,1,SHORT,RND,113.0,111.51,113.639187,lean
SOL,2024-02-16,2,LONG,PDC,113.5,114.25,112.860813,ctx
SOL,2024-02-19,1,LONG,RND,112.0,112.24,111.366689,lean
SOL,2024-02-19,2,SHORT,ONL,110.75,108.934548,111.383311,ctx
SOL,2024-02-20,1,LONG,PDL,110.75,111.53,110.129715,lean
SOL,2024-02-20,2,SHORT,RND,109.0,108.0,109.620285,ctx
SOL,2024-02-21,1,SHORT,RND,103.5,103.0,104.151609,ctx
SOL,2024-02-22,1,LONG,ONH,107.1,107.686292,106.545795,lean
SOL,2024-02-22,2,SHORT,PDC,105.03,105.0,105.584205,ctx
SOL,2024-02-23,1,LONG,PDL,101.53,101.76,101.054182,ctx
SOL,2024-02-23,2,FADE,PDL,101.53,101.0,102.005818,ctx
SOL,2024-02-26,1,LONG,RND,101.5,102.0,100.98358,lean
SOL,2024-02-26,2,SHORT,ONL,100.29,98.990042,100.80642,ctx
SOL,2024-02-27,1,LONG,PDH,110.89,112.3,110.221689,lean
SOL,2024-02-27,2,SHORT,RND,110.0,109.9,110.668311,ctx
SOL,2024-02-28,1,LONG,RND,111.5,112.3,110.859331,ctx
SOL,2024-02-29,1,LONG,ONH,132.94,133.476654,132.030003,ctx
SOL,2024-02-29,2,SHORT,RND,129.0,124.983346,129.909997,ctx
SOL,2024-02-29,3,FADE,ONH,132.94,124.983346,133.849997,ctx
SOL,2024-03-01,1,SHORT,RND,134.0,130.17162,134.880367,lean
SOL,2024-03-01,2,LONG,PDH,134.65,137.8,133.769633,ctx
SOL,2024-03-04,1,SHORT,PDH,132.11,130.16,133.013093,lean
SOL,2024-03-04,2,LONG,RND,133.0,134.95,132.096907,ctx
SOL,2024-03-05,1,LONG,PDC,133.27,133.34,132.370132,ctx
SOL,2024-03-05,2,SHORT,RND,132.0,127.960616,132.899868,ctx
SOL,2024-03-05,3,FADE,PDH,134.95,133.27,135.849868,ctx
SOL,2024-03-06,1,SHORT,RND,128.0,125.31,128.901115,ctx
SOL,2024-03-07,1,LONG,RND,143.0,144.45,142.056404,ctx
SOL,2024-03-08,1,LONG,RND,149.0,149.3,147.962398,ctx
SOL,2024-03-11,1,LONG,PDH,148.5,150.2,147.428319,ctx
SOL,2024-03-11,2,SHORT,RND,148.0,144.39,149.071681,ctx
SOL,2024-03-11,3,FADE,ONH,150.2,144.39,151.271681,ctx
SOL,2024-03-12,1,LONG,ONH,155.0,155.514,153.914857,lean
SOL,2024-03-12,2,SHORT,PDH,150.2,150.0,151.285143,ctx
SOL,2024-03-13,1,SHORT,PDC,151.05,148.616644,152.145719,lean
SOL,2024-03-13,2,LONG,RND,154.0,154.69,152.904281,ctx
SOL,2024-03-14,1,LONG,ONH,174.07,179.346542,172.729313,ctx
SOL,2024-03-14,2,SHORT,RND,173.0,166.833458,174.340687,ctx
SOL,2024-03-14,3,FADE,ONH,174.07,166.833458,175.410687,ctx
SOL,2024-03-15,1,LONG,PDC,176.65,176.928705,175.165278,lean
SOL,2024-03-15,2,SHORT,ONL,164.5,163.071295,165.984722,ctx
SOL,2024-03-18,1,LONG,ONH,210.18,216.373626,208.402795,ctx
SOL,2024-03-18,2,SHORT,RND,208.0,205.2,209.777205,ctx
SOL,2024-03-18,3,FADE,ONH,210.18,201.86,211.957205,ctx
SOL,2024-03-19,1,SHORT,ONL,170.0,168.434364,172.015493,lean
SOL,2024-03-19,2,LONG,RND,178.0,187.245636,175.984507,ctx
SOL,2024-03-20,1,SHORT,RND,172.0,169.82,173.383296,lean
SOL,2024-03-20,2,LONG,ONH,177.03,178.515381,175.646704,ctx
SOL,2024-03-21,1,SHORT,RND,189.0,184.75,190.51707,lean
SOL,2024-03-21,2,LONG,PDC,191.77,193.19,190.25293,ctx
SOL,2024-03-22,1,SHORT,RND,172.0,171.62,173.419687,lean
SOL,2024-03-22,2,LONG,PDL,175.84,178.675206,174.420313,ctx
SOL,2024-03-25,1,SHORT,PDH,186.78,183.88,188.152181,lean
SOL,2024-03-25,2,LONG,RND,188.0,191.77,186.627819,ctx
SOL,2024-03-26,1,LONG,RND,195.0,196.57,193.640956,ctx
SOL,2024-03-26,2,SHORT,PDH,194.6,188.99,195.959044,ctx
SOL,2024-03-26,3,FADE,ONH,196.57,188.99,197.929044,ctx
SOL,2024-03-27,1,LONG,RND,189.0,190.46,187.592638,lean
SOL,2024-03-27,2,SHORT,PDL,186.0,183.51,187.407362,ctx
SOL,2024-03-28,1,SHORT,RND,185.0,180.92,186.429304,lean
SOL,2024-03-28,2,LONG,PDC,186.33,189.33,184.900696,ctx
SOL,2024-03-29,1,LONG,RND,186.0,189.63,184.656694,lean
SOL,2024-03-29,2,SHORT,ONL,183.39,180.92,184.733306,ctx
SOL,2024-04-01,1,SHORT,RND,195.0,193.69,196.430164,ctx
SOL,2024-04-02,1,SHORT,ONL,177.49,173.812451,178.788046,lean
SOL,2024-04-02,2,LONG,RND,180.0,185.927549,178.701954,ctx
SOL,2024-04-03,1,LONG,RND,188.0,192.0,186.89463,lean
SOL,2024-04-04,1,SHORT,PDC,185.05,180.387552,186.171239,lean
SOL,2024-04-04,2,LONG,RND,186.0,187.4,184.878761,ctx
SOL,2024-04-05,1,LONG,RND,170.0,174.981622,168.881081,lean
SOL,2024-04-05,2,SHORT,ONL,169.11,164.538378,170.228919,ctx
SOL,2024-04-08,1,SHORT,PDH,182.71,179.52,183.825935,lean
SOL,2024-04-08,2,LONG,RND,183.0,184.68,181.884065,ctx
SOL,2024-04-09,1,SHORT,RND,176.0,175.25,176.901775,ctx
SOL,2024-04-09,2,FADE,PDC,180.68,173.17,181.581775,ctx
SOL,2024-04-10,1,SHORT,RND,170.0,169.11,171.133685,lean
SOL,2024-04-10,2,LONG,PDC,172.42,174.24,171.286315,ctx
SOL,2024-04-11,1,LONG,RND,171.0,173.31,169.949895,lean
SOL,2024-04-11,2,SHORT,ONL,170.14,165.61951,171.190105,ctx
SOL,2024-04-12,1,SHORT,PDC,172.37,171.34,173.327993,lean
SOL,2024-04-12,2,LONG,RND,173.0,175.98,172.042007,ctx
SOL,2024-04-15,1,LONG,RND,151.0,151.25,149.972033,lean
SOL,2024-04-16,1,LONG,PDC,138.51,140.57,137.314055,lean
SOL,2024-04-16,2,SHORT,RND,136.0,133.56,137.195945,ctx
SOL,2024-04-17,1,LONG,PDC,136.22,139.301652,135.146075,ctx
SOL,2024-04-18,1,LONG,RND,136.0,137.0,134.923859,ctx
SOL,2024-04-18,2,SHORT,PDC,131.84,130.788008,132.916141,ctx
SOL,2024-04-18,3,FADE,RND,136.0,131.84,137.076141,ctx
SOL,2024-04-19,1,LONG,ONH,146.93,150.096891,145.717809,ctx
SOL,2024-04-19,2,SHORT,PDH,144.25,144.0,145.462191,ctx
SOL,2024-04-19,3,FADE,ONH,146.93,142.07,148.142191,ctx
SOL,2024-04-22,1,LONG,PDH,153.5,156.64,152.488685,lean
SOL,2024-04-22,2,SHORT,RND,153.0,148.8,154.011315,ctx
SOL,2024-04-23,1,SHORT,RND,154.0,153.04,155.066706,lean
SOL,2024-04-23,2,LONG,PDC,156.95,158.5,155.883294,ctx
SOL,2024-04-24,1,SHORT,RND,159.0,154.75,160.046236,lean
SOL,2024-04-24,2,LONG,ONH,159.8,160.0,158.753764,ctx
SOL,2024-04-25,1,SHORT,ONL,143.13,139.764301,144.209078,lean
SOL,2024-04-25,2,LONG,RND,145.0,145.58,143.920922,ctx
SOL,2024-04-26,1,LONG,PDC,144.84,147.16,143.868402,lean
SOL,2024-04-26,2,SHORT,RND,143.0,142.09,143.971598,ctx
SOL,2024-04-29,1,SHORT,ONL,133.67,130.818471,134.497471,lean
SOL,2024-04-29,2,LONG,RND,135.0,137.03,134.172529,ctx
SOL,2024-04-30,1,SHORT,ONL,128.26,125.045535,129.060243,lean
SOL,2024-04-30,2,LONG,RND,129.0,132.514465,128.199757,ctx
SOL,2024-05-01,1,SHORT,RND,123.0,121.21,123.779324,ctx
SOL,2024-05-02,1,LONG,ONH,138.97,139.0,138.105229,ctx
SOL,2024-05-02,2,SHORT,PDH,135.97,134.704403,136.834771,ctx
SOL,2024-05-02,3,FADE,RND,139.0,134.704403,139.864771,ctx
SOL,2024-05-03,1,SHORT,ONL,135.88,131.903564,136.946379,lean
SOL,2024-05-03,2,LONG,RND,137.0,137.58,135.933621,ctx
SOL,2024-05-06,1,LONG,RND,154.0,156.89,152.9616,ctx
SOL,2024-05-07,1,SHORT,PDC,152.82,151.92,153.745954,lean
SOL,2024-05-07,2,LONG,RND,155.0,156.89,154.074046,ctx
SOL,2024-05-08,1,LONG,PDL,147.76,148.03,146.921557,lean
SOL,2024-05-08,2,SHORT,RND,145.0,144.78,145.838443,ctx
SOL,2024-05-09,1,LONG,RND,143.0,145.89,142.159374,lean
SOL,2024-05-09,2,SHORT,PDC,142.18,140.56,143.020626,ctx
SOL,2024-05-10,1,SHORT,RND,155.0,153.39,156.034896,lean
SOL,2024-05-10,2,LONG,ONH,155.75,159.839516,154.715104,ctx
SOL,2024-05-13,1,SHORT,PDC,143.43,142.5,144.359819,lean
SOL,2024-05-13,2,LONG,RND,146.0,147.5,145.070181,ctx
SOL,2024-05-14,1,SHORT,ONL,143.71,142.461223,144.594738,lean
SOL,2024-05-14,2,LONG,RND,147.0,147.54,146.115262,ctx
SOL,2024-05-15,1,SHORT,RND,144.0,142.03,145.028966,lean
SOL,2024-05-15,2,LONG,ONH,146.08,148.991842,145.051034,ctx
SOL,2024-05-16,1,SHORT,PDH,158.88,158.52,160.002928,lean
SOL,2024-05-16,2,LONG,RND,164.0,164.79,162.877072,ctx
SOL,2024-05-17,1,LONG,ONH,170.0,172.481804,168.923899,ctx
SOL,2024-05-17,2,SHORT,RND,167.0,164.79,168.076101,ctx
SOL,2024-05-17,3,FADE,ONH,170.0,162.438196,171.076101,ctx
SOL,2024-05-20,1,LONG,RND,178.0,179.41,176.858165,ctx
SOL,2024-05-20,2,SHORT,PDH,175.5,172.371434,176.641835,ctx
SOL,2024-05-20,3,FADE,ONH,179.41,172.371434,180.551835,ctx
SOL,2024-05-21,1,SHORT,ONL,180.02,180.0,181.272765,lean
SOL,2024-05-22,1,SHORT,RND,178.0,174.96,179.120658,lean
SOL,2024-05-22,2,LONG,PDC,178.15,183.09,177.029342,ctx
SOL,2024-05-23,1,LONG,RND,176.0,176.95,174.781307,lean
SOL,2024-05-23,2,SHORT,PDL,174.96,172.59,176.178693,ctx
SOL,2024-05-24,1,SHORT,RND,166.0,165.35,167.067373,ctx
SOL,2024-05-27,1,LONG,RND,168.0,168.08,167.091805,ctx
SOL,2024-05-28,1,SHORT,ONL,164.92,164.874117,165.977689,lean
SOL,2024-05-28,2,LONG,RND,170.0,170.15,168.942311,ctx
SOL,2024-05-29,1,SHORT,RND,168.0,167.44,169.022051,lean
SOL,2024-05-29,2,LONG,PDC,168.68,173.049572,167.657949,ctx
SOL,2024-05-30,1,LONG,PDL,167.0,168.32,166.064516,lean
SOL,2024-05-30,2,SHORT,RND,166.0,163.55,166.935484,ctx
SOL,2024-05-31,1,LONG,ONH,168.98,169.0,168.122163,ctx
SOL,2024-05-31,2,SHORT,PDC,166.88,165.0,167.737837,ctx
SOL,2024-05-31,3,FADE,ONH,168.98,166.88,169.837837,ctx
SOL,2024-06-03,1,LONG,RND,165.0,166.85,164.110697,lean
SOL,2024-06-03,2,SHORT,PDC,163.15,161.79,164.039303,ctx
SOL,2024-06-04,1,SHORT,PDC,164.89,164.31,165.595313,lean
SOL,2024-06-04,2,LONG,RND,166.0,167.0,165.294687,ctx
SOL,2024-06-04,3,FADE,PDH,167.21,164.89,167.915313,ctx
SOL,2024-06-05,1,SHORT,PDH,171.87,171.78,172.611496,lean
SOL,2024-06-05,2,LONG,RND,173.0,174.86,172.258504,ctx
SOL,2024-06-05,3,FADE,ONH,174.86,171.78,175.601496,ctx
SOL,2024-06-06,1,SHORT,RND,173.0,171.54,173.742313,lean
SOL,2024-06-06,2,LONG,PDC,173.54,174.4,172.797687,ctx
SOL,2024-06-06,3,FADE,PDH,175.6,173.54,176.342313,ctx
SOL,2024-06-07,1,LONG,ONH,172.54,174.4,171.810963,ctx
SOL,2024-06-07,2,SHORT,RND,172.0,170.15,172.729037,ctx
SOL,2024-06-07,3,FADE,PDH,174.4,170.15,175.129037,ctx
SOL,2024-06-10,1,LONG,PDC,162.12,162.39,161.431136,lean
SOL,2024-06-10,2,SHORT,RND,159.0,157.46,159.688864,ctx
SOL,2024-06-10,3,FADE,PDC,162.12,157.46,162.808864,ctx
SOL,2024-06-11,1,SHORT,ONL,152.4,150.614775,153.101834,lean
SOL,2024-06-11,2,LONG,RND,154.0,157.165225,153.298166,ctx
SOL,2024-06-11,3,FADE,RND,154.0,152.4,154.701834,ctx
SOL,2024-06-12,1,SHORT,PDC,149.31,146.840063,150.359986,lean
SOL,2024-06-12,2,LONG,RND,152.0,153.56,150.950014,ctx
SOL,2024-06-13,1,SHORT,ONL,149.05,145.715024,149.888923,lean
SOL,2024-06-13,2,LONG,RND,150.0,153.544976,149.161077,ctx
SOL,2024-06-14,1,SHORT,RND,148.0,147.29,148.743464,lean
SOL,2024-06-14,2,LONG,ONH,149.0,151.569498,148.256536,ctx
SOL,2024-06-17,1,SHORT,PDL,143.08,141.66,143.897737,lean
SOL,2024-06-17,2,LONG,RND,144.0,147.756106,143.182263,ctx
SOL,2024-06-18,1,SHORT,RND,137.0,133.049795,137.880758,lean
SOL,2024-06-18,2,LONG,PDL,139.85,141.270205,138.969242,ctx
SOL,2024-06-19,1,SHORT,PDC,137.41,135.96,138.137012,lean
SOL,2024-06-19,2,LONG,RND,138.0,141.352723,137.272988,ctx
SOL,2024-06-20,1,SHORT,RND,139.0,135.919377,139.732991,lean
SOL,2024-06-20,2,LONG,ONH,141.29,141.9,140.557009,ctx
SOL,2024-06-21,1,LONG,PDC,133.55,134.85,132.812196,lean
SOL,2024-06-21,2,SHORT,RND,132.0,131.9,132.737804,ctx
SOL,2024-06-24,1,LONG,PDL,128.22,128.69,127.509045,lean
SOL,2024-06-24,2,SHORT,RND,127.0,123.752211,127.710955,ctx
SOL,2024-06-25,1,LONG,RND,138.0,139.16,137.301742,ctx
SOL,2024-06-25,2,FADE,ONH,139.16,134.541464,139.858258,ctx
SOL,2024-06-26,1,SHORT,RND,137.0,136.58,137.628195,lean
SOL,2024-06-26,2,LONG,PDH,139.9,140.251577,139.271805,ctx
SOL,2024-06-26,3,FADE,PDH,139.9,136.58,140.528195,ctx
SOL,2024-06-27,1,SHORT,RND,139.0,136.81,139.629253,lean
SOL,2024-06-27,2,LONG,ONH,139.47,140.41,138.840747,ctx
SOL,2024-06-27,3,FADE,PDH,140.41,136.81,141.039253,ctx
SOL,2024-06-28,1,SHORT,ONL,143.79,140.934599,144.7683,lean
SOL,2024-06-28,2,LONG,RND,146.0,149.71,145.0217,ctx
SOL,2024-07-01,1,LONG,PDC,146.61,147.62,145.718453,lean
SOL,2024-07-01,2,SHORT,RND,146.0,144.48,146.891547,ctx
SOL,2024-07-02,1,SHORT,PDH,149.36,146.67,150.063116,lean
SOL,2024-07-02,2,LONG,RND,150.0,150.1,149.296884,ctx
SOL,2024-07-02,3,FADE,ONH,150.1,146.67,150.803116,ctx
SOL,2024-07-03,1,SHORT,RND,144.0,142.77,145.008412,lean
SOL,2024-07-03,2,LONG,PDL,146.14,148.775923,145.131588,ctx
SOL,2024-07-04,1,SHORT,ONL,132.21,129.205814,132.965183,lean
SOL,2024-07-04,2,LONG,RND,133.0,136.254186,132.244817,ctx
SOL,2024-07-05,1,SHORT,RND,130.0,127.86,130.832529,lean
SOL,2024-07-08,1,LONG,RND,141.0,142.0,140.142859,ctx
SOL,2024-07-09,1,SHORT,PDC,139.81,137.91054,140.66917,lean
SOL,2024-07-10,1,SHORT,PDC,141.42,138.956596,142.241444,lean
SOL,2024-07-10,2,LONG,RND,143.0,144.33,142.178556,ctx
SOL,2024-07-11,1,SHORT,PDC,141.98,139.820136,142.772828,lean
SOL,2024-07-11,2,LONG,ONH,143.98,144.0,143.187172,ctx
SOL,2024-07-12,1,LONG,PDC,135.73,136.0,134.886273,lean
SOL,2024-07-12,2,SHORT,PDL,135.64,133.92,136.483727,ctx
SOL,2024-07-15,1,SHORT,PDH,148.56,147.799636,149.382935,lean
SOL,2024-07-15,2,LONG,RND,152.0,154.5,151.177065,ctx
SOL,2024-07-16,1,SHORT,RND,157.0,153.160229,157.89138,lean
SOL,2024-07-16,2,LONG,PDC,159.38,159.95,158.48862,ctx
SOL,2024-07-17,1,SHORT,PDC,160.62,159.06,161.555553,lean
SOL,2024-07-17,2,LONG,RND,161.0,162.49,160.064447,ctx
SOL,2024-07-18,1,LONG,ONH,160.0,163.676743,159.094269,ctx
SOL,2024-07-18,2,SHORT,RND,159.0,155.5,159.905731,ctx
SOL,2024-07-18,3,FADE,ONH,160.0,155.5,160.905731,ctx
SOL,2024-07-19,1,LONG,RND,163.0,165.62,162.094777,lean
SOL,2024-07-19,2,SHORT,PDH,161.6,159.22,162.505223,ctx
SOL,2024-07-22,1,LONG,RND,181.0,184.49,179.734577,lean
SOL,2024-07-22,2,SHORT,ONL,176.71,174.684695,177.975423,ctx
SOL,2024-07-23,1,SHORT,ONL,173.73,170.378381,174.853204,lean
SOL,2024-07-23,2,LONG,RND,176.0,176.71,174.876796,ctx
SOL,2024-07-24,1,LONG,RND,178.0,178.52,176.910078,ctx
SOL,2024-07-24,2,SHORT,PDC,173.03,172.673697,174.119922,ctx
SOL,2024-07-24,3,FADE,PDH,180.54,173.03,181.629922,ctx
SOL,2024-07-25,1,LONG,RND,169.0,170.9,167.834267,lean
SOL,2024-07-25,2,SHORT,ONL,167.04,163.369913,168.205733,ctx
SOL,2024-07-26,1,LONG,RND,179.0,179.59,178.024692,ctx
SOL,2024-07-26,2,FADE,ONH,180.06,174.258562,181.035308,ctx
SOL,2024-07-29,1,SHORT,PDH,186.77,184.971775,188.027477,lean
SOL,2024-07-29,2,LONG,RND,191.0,193.98,189.742523,ctx
SOL,2024-07-30,1,SHORT,RND,181.0,179.3,182.165272,lean
SOL,2024-07-30,2,LONG,PDL,181.57,182.57,180.404728,ctx
SOL,2024-07-31,1,LONG,RND,182.0,184.95,180.882379,lean
SOL,2024-07-31,2,SHORT,PDC,179.16,178.08,180.277621,ctx
SOL,2024-08-01,1,SHORT,ONL,166.0,165.14227,166.974514,lean
SOL,2024-08-01,2,LONG,RND,170.0,171.61,169.025486,ctx
SOL,2024-08-02,1,LONG,PDC,167.37,168.685402,166.445271,lean
SOL,2024-08-02,2,SHORT,RND,164.0,160.054598,164.924729,ctx
SOL,2024-08-05,1,LONG,RND,116.0,121.845778,114.738762,lean
SOL,2024-08-06,1,LONG,ONH,144.0,144.156699,142.995707,lean
SOL,2024-08-06,2,SHORT,PDH,139.37,139.0,140.374293,ctx
SOL,2024-08-07,1,SHORT,PDH,149.59,146.340621,150.719153,lean
SOL,2024-08-07,2,LONG,RND,152.0,155.0,150.870847,ctx
SOL,2024-08-08,1,LONG,PDH,155.0,156.38,153.867954,ctx
SOL,2024-08-08,2,SHORT,RND,154.0,148.837119,155.132046,ctx
SOL,2024-08-08,3,FADE,ONH,156.38,148.837119,157.512046,ctx
SOL,2024-08-09,1,SHORT,ONL,155.32,150.994738,156.525413,lean
SOL,2024-08-09,2,LONG,RND,157.0,162.245262,155.794587,ctx
SOL,2024-08-12,1,SHORT,RND,150.0,145.759842,150.962177,lean
SOL,2024-08-12,2,LONG,ONH,150.79,154.740158,149.827823,ctx
SOL,2024-08-13,1,SHORT,ONL,142.92,141.67734,143.82057,lean
SOL,2024-08-13,2,LONG,RND,146.0,146.29,145.09943,ctx
SOL,2024-08-14,1,SHORT,RND,148.0,146.65,148.92669,lean
SOL,2024-08-14,2,LONG,ONH,149.04,149.82,148.11331,ctx
SOL,2024-08-15,1,SHORT,RND,143.0,142.36,143.87024,lean
SOL,2024-08-15,2,LONG,PDC,143.71,145.4,142.83976,ctx
SOL,2024-08-16,1,SHORT,ONL,140.74,137.78,141.640972,lean
SOL,2024-08-16,2,LONG,RND,142.0,142.58,141.099028,ctx
SOL,2024-08-19,1,SHORT,RND,142.0,140.56,142.856805,lean
SOL,2024-08-19,2,LONG,PDC,142.42,145.68,141.563195,ctx
SOL,2024-08-20,1,SHORT,RND,145.0,144.29,145.833767,lean
SOL,2024-08-20,2,LONG,PDH,146.19,148.83,145.356233,ctx
SOL,2024-08-21,1,LONG,PDC,142.27,143.83,141.447905,lean
SOL,2024-08-22,1,SHORT,PDH,144.42,142.79,145.249401,lean
SOL,2024-08-22,2,LONG,ONH,144.83,145.0,144.000599,ctx
SOL,2024-08-23,1,LONG,PDH,144.88,145.93,144.266349,lean
SOL,2024-08-23,2,SHORT,PDC,143.22,143.03,143.833651,ctx
SOL,2024-08-23,3,FADE,ONH,145.93,143.22,146.543651,ctx
SOL,2024-08-26,1,SHORT,RND,160.0,158.92,160.866246,lean
SOL,2024-08-27,1,LONG,PDL,155.53,157.12,154.795325,lean
SOL,2024-08-27,2,SHORT,RND,154.0,153.33,154.734675,ctx
SOL,2024-08-28,1,SHORT,RND,147.0,146.79,147.694656,lean
SOL,2024-08-28,2,LONG,ONH,149.54,150.401729,148.845344,ctx
SOL,2024-08-29,1,LONG,RND,146.0,146.85,145.260746,ctx
SOL,2024-08-29,2,SHORT,PDC,143.95,142.180147,144.689254,ctx
SOL,2024-08-29,3,FADE,RND,146.0,143.95,146.739254,ctx
SOL,2024-08-30,1,LONG,RND,139.0,140.0,138.286572,lean
SOL,2024-08-30,2,SHORT,PDL,138.05,137.15,138.763428,ctx
SOL,2024-09-02,1,LONG,RND,132.0,133.99,131.305491,ctx
SOL,2024-09-03,1,SHORT,RND,134.0,132.77,134.687643,lean
SOL,2024-09-03,2,LONG,PDC,134.94,135.39,134.252357,ctx
SOL,2024-09-04,1,LONG,ONH,131.44,131.718141,130.735398,lean
SOL,2024-09-04,2,SHORT,RND,128.0,127.54,128.704602,ctx
SOL,2024-09-05,1,LONG,RND,133.0,133.64,132.210204,lean
SOL,2024-09-05,2,SHORT,ONL,130.84,129.144287,131.629796,ctx
SOL,2024-09-06,1,SHORT,RND,130.0,129.41,130.842621,lean
SOL,2024-09-06,2,LONG,ONH,131.56,134.172233,130.717379,ctx
SOL,2024-09-09,1,LONG,PDC,130.15,131.7,129.38083,lean
SOL,2024-09-09,2,SHORT,RND,129.0,127.51,129.76917,ctx
SOL,2024-09-10,1,SHORT,PDC,135.08,135.0,135.875839,lean
SOL,2024-09-10,2,LONG,ONH,135.66,137.09,134.864161,ctx
SOL,2024-09-11,1,SHORT,ONL,130.36,128.990007,131.004998,lean
SOL,2024-09-11,2,LONG,PDL,132.5,135.009993,131.855002,ctx
SOL,2024-09-12,1,SHORT,PDC,132.42,132.14,133.100042,lean
SOL,2024-09-12,2,LONG,RND,135.0,135.91,134.319958,ctx
SOL,2024-09-13,1,SHORT,ONL,132.5,132.38,133.146148,lean
SOL,2024-09-13,2,LONG,RND,133.0,135.595356,132.353852,ctx
SOL,2024-09-16,1,SHORT,PDC,131.37,130.43,132.03945,lean
SOL,2024-09-16,2,LONG,RND,132.0,132.4,131.33055,ctx
SOL,2024-09-17,1,LONG,RND,132.0,132.4,131.374785,lean
SOL,2024-09-17,2,SHORT,PDC,131.47,130.12,132.095215,ctx
SOL,2024-09-18,1,SHORT,RND,129.0,128.08,129.591971,lean
SOL,2024-09-18,2,LONG,PDL,130.12,131.54,129.528029,ctx
SOL,2024-09-19,1,LONG,ONH,139.63,142.364095,139.01198,ctx
SOL,2024-09-19,2,SHORT,RND,139.0,136.595905,139.61802,ctx
SOL,2024-09-19,3,FADE,ONH,139.63,136.595905,140.24802,ctx
SOL,2024-09-20,1,LONG,RND,151.0,152.5,150.274485,ctx
SOL,2024-09-23,1,LONG,RND,144.0,144.63,143.294095,lean
SOL,2024-09-24,1,SHORT,RND,146.0,144.79,146.666095,lean
SOL,2024-09-24,2,LONG,ONH,148.76,149.07,148.093905,ctx
SOL,2024-09-25,1,SHORT,ONL,148.75,147.066704,149.588563,lean
SOL,2024-09-25,2,LONG,RND,151.0,152.73,150.161437,ctx
SOL,2024-09-26,1,LONG,RND,153.0,153.18,152.277744,ctx
SOL,2024-09-27,1,SHORT,RND,156.0,155.55,156.8828,lean
SOL,2024-09-27,2,LONG,PDH,158.05,159.23,157.1672,ctx
SOL,2024-09-30,1,LONG,RND,156.0,158.46,155.093612,lean
SOL,2024-09-30,2,SHORT,PDL,155.09,153.74,155.996388,ctx
SOL,2024-10-01,1,SHORT,RND,156.0,153.238321,156.69036,lean
SOL,2024-10-01,2,LONG,ONH,157.34,159.681679,156.64964,ctx
SOL,2024-10-02,1,LONG,ONH,148.96,150.530584,148.019161,lean
SOL,2024-10-02,2,SHORT,RND,146.0,145.13,146.940839,ctx
SOL,2024-10-03,1,SHORT,ONL,135.25,133.314364,136.007636,lean
SOL,2024-10-03,2,LONG,RND,137.0,138.61,136.242364,ctx
SOL,2024-10-04,1,LONG,ONH,141.03,142.96,140.296981,ctx
SOL,2024-10-04,2,SHORT,RND,140.0,136.82,140.733019,ctx
SOL,2024-10-04,3,FADE,PDH,142.96,136.82,143.693019,ctx
SOL,2024-10-07,1,SHORT,RND,147.0,146.75,147.853738,lean
SOL,2024-10-07,2,LONG,ONH,151.0,151.414109,150.146262,ctx
SOL,2024-10-08,1,LONG,ONH,146.9,148.092257,146.128088,lean
SOL,2024-10-08,2,SHORT,RND,144.0,143.96,144.771912,ctx
SOL,2024-10-09,1,SHORT,RND,143.0,142.47,143.72401,lean
SOL,2024-10-09,2,LONG,PDC,143.49,145.34,142.76599,ctx
SOL,2024-10-10,1,SHORT,RND,140.0,139.33,140.702443,lean
SOL,2024-10-10,2,LONG,ONH,140.92,143.718069,140.217557,ctx
SOL,2024-10-11,1,LONG,RND,142.0,142.7,141.342066,ctx
SOL,2024-10-11,2,SHORT,PDH,140.92,139.03,141.577934,ctx
SOL,2024-10-11,3,FADE,ONH,142.7,139.03,143.357934,ctx
SOL,2024-10-14,1,SHORT,RND,153.0,150.143432,153.646407,lean
SOL,2024-10-14,2,LONG,ONH,154.02,156.176568,153.373593,ctx
SOL,2024-10-15,1,SHORT,RND,152.0,151.8,152.901412,lean
SOL,2024-10-16,1,LONG,RND,156.0,158.41,155.114776,lean
SOL,2024-10-16,2,SHORT,PDC,154.76,152.96,155.645224,ctx
SOL,2024-10-17,1,SHORT,ONL,151.11,151.0,151.84369,lean
SOL,2024-10-17,2,LONG,PDL,153.0,154.28,152.26631,ctx
SOL,2024-10-18,1,SHORT,PDC,150.5,149.99073,151.144844,lean
SOL,2024-10-18,2,LONG,ONH,154.3,155.73,153.655156,ctx
SOL,2024-10-21,1,SHORT,RND,166.0,163.42,166.957525,lean
SOL,2024-10-21,2,LONG,PDC,167.4,167.94,166.442475,ctx
SOL,2024-10-22,1,SHORT,PDC,166.17,163.356646,167.13929,lean
SOL,2024-10-22,2,LONG,RND,168.0,169.21,167.03071,ctx
SOL,2024-10-23,1,SHORT,RND,166.0,164.13,166.951131,lean
SOL,2024-10-23,2,LONG,PDC,167.59,169.26,166.638869,ctx
SOL,2024-10-24,1,LONG,RND,174.0,174.3,173.022741,lean
SOL,2024-10-24,2,SHORT,PDC,170.85,170.0,171.827259,ctx
SOL,2024-10-25,1,SHORT,ONL,170.66,170.5,171.665615,lean
SOL,2024-10-25,2,LONG,RND,174.0,177.19,172.994385,ctx
SOL,2024-10-28,1,SHORT,PDC,176.63,173.14,177.658805,lean
SOL,2024-10-28,2,LONG,RND,177.0,178.27,175.971195,ctx
SOL,2024-10-29,1,LONG,RND,181.0,182.78,179.961526,lean
SOL,2024-10-29,2,SHORT,PDH,179.8,178.29,180.838474,ctx
SOL,2024-10-30,1,SHORT,ONL,175.2,170.920697,176.226279,lean
SOL,2024-10-30,2,LONG,RND,176.0,176.41,174.973721,ctx
SOL,2024-10-31,1,LONG,ONH,176.56,179.508779,175.593833,lean
SOL,2024-10-31,2,SHORT,PDC,174.87,173.11,175.836167,ctx
SOL,2024-11-01,1,LONG,RND,168.0,168.69,167.110102,lean
SOL,2024-11-01,2,SHORT,PDL,167.56,165.05,168.449898,ctx
SOL,2024-11-04,1,SHORT,RND,164.0,162.53,164.885924,lean
SOL,2024-11-04,2,LONG,ONH,165.04,166.61,164.154076,ctx
SOL,2024-11-05,1,LONG,ONH,164.25,165.04,163.416555,ctx
SOL,2024-11-05,2,SHORT,RND,163.0,159.550589,163.833445,ctx
SOL,2024-11-05,3,FADE,PDH,165.04,159.550589,165.873445,ctx
SOL,2024-11-06,1,SHORT,RND,186.0,181.418175,187.046105,lean
SOL,2024-11-06,2,LONG,ONH,188.7,191.181825,187.653895,ctx
SOL,2024-11-07,1,SHORT,PDC,186.59,185.84,187.633559,lean
SOL,2024-11-07,2,LONG,RND,188.0,190.01,186.956441,ctx
SOL,2024-11-08,1,SHORT,PDH,197.84,196.472943,199.165798,lean
SOL,2024-11-08,2,LONG,RND,203.0,205.0,201.674202,ctx
SOL,2024-11-11,1,SHORT,RND,216.0,215.27,217.318902,lean
SOL,2024-11-11,2,LONG,ONH,219.38,222.184874,218.061098,ctx
SOL,2024-11-12,1,LONG,RND,209.0,215.450309,207.602791,lean
SOL,2024-11-12,2,SHORT,ONL,207.27,204.16,208.667209,ctx
SOL,2024-11-13,1,LONG,PDC,211.64,214.18688,210.200669,lean
SOL,2024-11-13,2,SHORT,RND,207.0,204.71,208.439331,ctx
SOL,2024-11-14,1,LONG,PDH,220.44,222.8,219.031575,lean
SOL,2024-11-14,2,SHORT,RND,216.0,215.13,217.408425,ctx
SOL,2024-11-15,1,LONG,RND,214.0,215.14,212.684238,ctx
SOL,2024-11-15,2,SHORT,PDC,209.57,207.829776,210.885762,ctx
SOL,2024-11-15,3,FADE,RND,214.0,209.57,215.315762,ctx
SOL,2024-11-18,1,LONG,ONH,248.44,250.556654,246.825003,lean
SOL,2024-11-18,2,SHORT,RND,243.0,242.33,244.614997,ctx
SOL,2024-11-19,1,SHORT,RND,245.0,239.79,246.56987,lean
SOL,2024-11-19,2,LONG,ONH,247.5,248.44,245.93013,ctx
SOL,2024-11-20,1,SHORT,RND,236.0,233.4,237.494705,lean
SOL,2024-11-20,2,LONG,PDC,237.63,238.78,236.135295,ctx
SOL,2024-11-21,1,LONG,PDH,242.54,246.14,241.058819,ctx
SOL,2024-11-21,2,SHORT,RND,242.0,235.567821,243.481181,ctx
SOL,2024-11-21,3,FADE,ONH,246.14,235.567821,247.621181,ctx
SOL,2024-11-22,1,SHORT,PDH,259.8,256.37,261.531066,lean
SOL,2024-11-22,2,LONG,RND,260.0,264.39,258.268934,ctx
SOL,2024-11-25,1,SHORT,ONL,245.7,243.690905,247.289806,lean
SOL,2024-11-25,2,LONG,RND,252.0,252.73,250.410194,ctx
SOL,2024-11-26,1,SHORT,ONL,221.8,220.806162,223.275108,lean
SOL,2024-11-26,2,LONG,RND,228.0,231.21,226.524892,ctx
SOL,2024-11-27,1,SHORT,PDC,230.69,227.926875,232.126384,lean
SOL,2024-11-27,2,LONG,RND,235.0,237.08,233.563616,ctx
SOL,2024-11-28,1,LONG,RND,236.0,241.96,234.480881,lean
SOL,2024-11-28,2,SHORT,ONL,234.37,228.790776,235.889119,ctx
SOL,2024-11-29,1,LONG,PDH,245.28,246.77,243.929216,lean
SOL,2024-11-29,2,SHORT,RND,243.0,237.59,244.350784,ctx
SOL,2024-12-02,1,SHORT,RND,222.0,221.61,223.459792,lean
SOL,2024-12-03,1,SHORT,RND,224.0,222.9,225.421235,lean
SOL,2024-12-03,2,LONG,PDC,225.72,230.912431,224.298765,ctx
SOL,2024-12-04,1,SHORT,ONL,228.8,226.638699,230.092422,lean
SOL,2024-12-04,2,LONG,RND,233.0,233.92,231.707578,ctx
SOL,2024-12-05,1,LONG,ONH,244.77,247.153149,243.526468,ctx
SOL,2024-12-06,1,LONG,PDC,235.84,238.135589,234.368802,lean
SOL,2024-12-06,2,SHORT,RND,231.0,230.94,232.471198,ctx
SOL,2024-12-09,1,SHORT,ONL,225.0,221.65087,226.291956,lean
SOL,2024-12-09,2,LONG,RND,228.0,233.22,226.708044,ctx
SOL,2024-12-10,1,LONG,PDC,216.63,217.05732,215.41986,lean
SOL,2024-12-10,2,SHORT,RND,211.0,206.96,212.21014,ctx
SOL,2024-12-11,1,LONG,RND,225.0,226.64,223.726409,ctx
SOL,2024-12-11,2,SHORT,PDH,221.06,218.876575,222.333591,ctx
SOL,2024-12-11,3,FADE,ONH,226.64,218.876575,227.913591,ctx
SOL,2024-12-12,1,SHORT,RND,231.0,230.65,232.233438,lean
SOL,2024-12-12,2,LONG,ONH,233.53,237.106045,232.296562,ctx
SOL,2024-12-13,1,LONG,PDL,225.67,226.0,224.396004,lean
SOL,2024-12-13,2,SHORT,ONL,223.09,219.594686,224.363996,ctx
SOL,2024-12-16,1,SHORT,RND,214.0,213.61,215.310295,lean
SOL,2024-12-16,2,LONG,PDL,215.68,220.414709,214.369705,ctx
SOL,2024-12-17,1,SHORT,RND,227.0,220.991886,228.332453,lean
SOL,2024-12-17,2,LONG,ONH,227.55,227.56,226.217547,ctx
SOL,2024-12-18,1,SHORT,RND,216.0,213.55,217.338141,ctx
SOL,2024-12-19,1,LONG,RND,208.0,212.14,206.87922,lean
SOL,2024-12-19,2,SHORT,PDC,206.53,204.8,207.65078,ctx
SOL,2024-12-20,1,LONG,RND,184.0,187.0,182.381458,lean
SOL,2024-12-23,1,SHORT,RND,184.0,180.52,185.175412,lean
SOL,2024-12-23,2,LONG,ONH,187.73,187.87,186.554588,ctx
SOL,2024-12-24,1,SHORT,PDC,190.11,186.13,191.374837,lean
SOL,2024-12-24,2,LONG,RND,192.0,193.48,190.735163,ctx
SOL,2024-12-25,1,SHORT,RND,196.0,195.0,197.144805,lean
SOL,2024-12-25,2,LONG,PDC,197.09,199.0,195.945195,ctx
SOL,2024-12-26,1,SHORT,RND,189.0,188.23,190.020955,lean
SOL,2024-12-27,1,LONG,RND,191.0,194.39,189.911,lean
SOL,2024-12-27,2,SHORT,PDC,188.46,186.54,189.549,ctx
SOL,2024-12-30,1,LONG,ONH,194.82,197.71,193.519599,ctx
SOL,2024-12-30,2,SHORT,RND,193.0,189.94,194.300401,ctx
SOL,2024-12-30,3,FADE,PDH,197.71,189.94,199.010401,ctx
SOL,2024-12-31,1,LONG,ONH,194.96,196.47,193.794264,lean
SOL,2024-12-31,2,SHORT,RND,193.0,191.38,194.165736,ctx
SOL,2025-01-01,1,LONG,RND,191.0,192.66,189.972668,lean
SOL,2025-01-01,2,SHORT,PDC,189.31,188.04,190.337332,ctx
SOL,2025-01-02,1,LONG,ONH,209.49,213.532222,208.388095,ctx
SOL,2025-01-02,2,SHORT,RND,208.0,203.247778,209.101905,ctx
SOL,2025-01-02,3,FADE,ONH,209.49,203.247778,210.591905,ctx
SOL,2025-01-03,1,LONG,ONH,215.18,218.397094,214.109194,ctx
SOL,2025-01-03,2,SHORT,RND,213.0,210.48,214.070806,ctx
SOL,2025-01-03,3,FADE,ONH,215.18,208.402906,216.250806,ctx
SOL,2025-01-06,1,SHORT,PDC,213.41,211.56,214.554302,lean
SOL,2025-01-06,2,LONG,RND,217.0,217.85,215.855698,ctx
SOL,2025-01-07,1,SHORT,RND,213.0,212.74,214.083817,lean
SOL,2025-01-07,2,LONG,PDC,218.22,218.547815,217.136183,ctx
SOL,2025-01-08,1,SHORT,RND,195.0,193.14,196.246043,ctx
SOL,2025-01-09,1,SHORT,RND,190.0,189.12,191.352023,lean
SOL,2025-01-10,1,LONG,RND,192.0,193.02,190.749587,ctx
SOL,2025-01-13,1,SHORT,RND,175.0,174.77,176.041434,ctx
SOL,2025-01-14,1,LONG,ONH,190.09,191.057861,189.012601,lean
SOL,2025-01-14,2,SHORT,RND,186.0,182.87,187.077399,ctx
SOL,2025-01-15,1,LONG,PDC,187.57,190.11,186.131184,lean
SOL,2025-01-15,2,SHORT,RND,186.0,185.84,187.438816,ctx
SOL,2025-01-16,1,SHORT,RND,215.0,208.38425,216.447661,lean
SOL,2025-01-16,2,LONG,ONH,217.14,221.89575,215.692339,ctx
SOL,2025-01-17,1,LONG,ONH,220.43,225.931897,219.229593,ctx
SOL,2025-01-17,2,SHORT,RND,220.0,217.14,221.200407,ctx
SOL,2025-01-17,3,FADE,ONH,220.43,214.728103,221.630407,ctx
SOL,2025-01-20,1,SHORT,PDC,252.42,246.08225,253.977375,lean
SOL,2025-01-20,2,LONG,RND,254.0,260.61775,252.442625,ctx
SOL,2025-01-21,1,LONG,RND,241.0,242.19,239.492012,ctx
SOL,2025-01-22,1,LONG,ONH,259.78,260.0,258.089717,ctx
SOL,2025-01-23,1,SHORT,RND,243.0,242.33,244.782394,lean
SOL,2025-01-23,2,LONG,PDL,248.43,251.37784,246.647606,ctx
SOL,2025-01-24,1,SHORT,PDH,258.48,257.360738,260.183413,lean
SOL,2025-01-24,2,LONG,RND,266.0,267.7,264.296587,ctx
SOL,2025-01-27,1,SHORT,RND,231.0,223.291256,232.694731,ctx
SOL,2025-01-28,1,LONG,PDH,242.68,243.641465,241.093972,lean
SOL,2025-01-28,2,SHORT,RND,236.0,234.89,237.586028,ctx
SOL,2025-01-29,1,SHORT,PDC,227.06,225.11,228.392269,lean
SOL,2025-01-29,2,LONG,RND,229.0,234.787256,227.667731,ctx
SOL,2025-01-30,1,LONG,RND,240.0,242.13,238.737102,ctx
SOL,2025-01-30,2,SHORT,PDH,238.49,233.996475,239.752898,ctx
SOL,2025-01-30,3,FADE,ONH,242.13,233.996475,243.392898,ctx
SOL,2025-01-31,1,SHORT,PDC,238.31,234.564294,239.62908,lean
SOL,2025-01-31,2,LONG,ONH,240.95,241.0,239.63092,ctx
SOL,2025-02-03,1,SHORT,RND,195.0,192.31,196.376307,ctx
SOL,2025-02-04,1,LONG,PDC,216.28,218.7,214.606334,lean
SOL,2025-02-04,2,SHORT,RND,211.0,203.359557,212.673666,ctx
SOL,2025-02-05,1,SHORT,ONL,202.92,201.87,204.141216,lean
SOL,2025-02-05,2,LONG,RND,205.0,206.64,203.778784,ctx
SOL,2025-02-06,1,SHORT,RND,198.0,196.12,199.409746,lean
SOL,2025-02-06,2,LONG,ONH,203.98,204.818815,202.570254,ctx
SOL,2025-02-07,1,LONG,RND,199.0,199.94,197.616158,ctx
SOL,2025-02-10,1,LONG,RND,203.0,205.97,201.527868,lean
SOL,2025-02-10,2,SHORT,PDC,200.47,195.960052,201.942132,ctx
SOL,2025-02-11,1,SHORT,RND,202.0,200.47,203.400008,lean
SOL,2025-02-11,2,LONG,ONH,206.18,208.88337,204.779992,ctx
SOL,2025-02-12,1,LONG,PDC,197.96,198.84,196.581361,lean
SOL,2025-02-12,2,SHORT,RND,196.0,195.12,197.378639,ctx
SOL,2025-02-13,1,SHORT,RND,191.0,190.82,192.054258,lean
SOL,2025-02-14,1,SHORT,RND,197.0,194.25,197.991497,lean
SOL,2025-02-14,2,LONG,PDH,198.47,201.4,197.478503,ctx
SOL,2025-02-17,1,LONG,PDL,186.3,188.27,185.303897,ctx
SOL,2025-02-18,1,LONG,RND,171.0,174.63,169.939393,ctx
SOL,2025-02-19,1,SHORT,PDC,169.32,167.359392,170.23513,lean
SOL,2025-02-19,2,LONG,RND,172.0,174.3,171.08487,ctx
SOL,2025-02-20,1,SHORT,RND,173.0,169.308944,173.876655,lean
SOL,2025-02-20,2,LONG,PDH,174.3,175.15,173.423345,ctx
SOL,2025-02-21,1,LONG,ONH,180.28,182.355778,179.391619,lean
SOL,2025-02-21,2,SHORT,RND,178.0,176.65,178.888381,ctx
SOL,2025-02-24,1,SHORT,RND,159.0,155.38,159.927794,ctx
SOL,2025-02-25,1,LONG,RND,140.0,141.81,139.038475,lean
SOL,2025-02-25,2,SHORT,PDL,138.0,135.342883,138.961525,ctx
SOL,2025-02-26,1,LONG,RND,137.0,141.551801,136.005328,lean
SOL,2025-02-26,2,SHORT,ONL,136.36,132.268199,137.354672,ctx
SOL,2025-02-27,1,SHORT,RND,140.0,135.85303,140.937922,lean
SOL,2025-02-27,2,LONG,ONH,142.9,144.60697,141.962078,ctx
SOL,2025-02-28,1,LONG,RND,136.0,137.68,135.041165,ctx
SOL,2025-02-28,2,SHORT,PDL,134.71,131.105436,135.668835,ctx
SOL,2025-02-28,3,FADE,RND,136.0,131.105436,136.958835,ctx
SOL,2025-03-03,1,SHORT,RND,164.0,157.65858,165.363161,lean
SOL,2025-03-04,1,LONG,PDL,139.21,142.159428,137.965123,lean
SOL,2025-03-04,2,SHORT,RND,136.0,132.46,137.244877,ctx
SOL,2025-03-05,1,SHORT,PDC,144.79,141.114352,146.004067,ctx
SOL,2025-03-06,1,SHORT,PDC,146.28,144.54,147.367542,lean
SOL,2025-03-06,2,LONG,RND,149.0,149.73,147.912458,ctx
SOL,2025-03-07,1,LONG,RND,143.0,143.31,141.889208,lean
SOL,2025-03-07,2,SHORT,PDL,142.44,137.426303,143.550792,ctx
SOL,2025-03-10,1,SHORT,PDC,126.51,125.535521,127.453817,lean
SOL,2025-03-10,2,LONG,RND,130.0,131.57,129.056183,ctx
SOL,2025-03-11,1,LONG,ONH,125.81,129.915099,124.694622,ctx
SOL,2025-03-11,2,SHORT,RND,124.5,119.504901,125.615378,ctx
SOL,2025-03-12,1,LONG,RND,127.0,127.03,125.956534,ctx
SOL,2025-03-12,2,SHORT,PDC,125.35,121.89049,126.393466,ctx
SOL,2025-03-12,3,FADE,PDH,128.43,125.35,129.473466,ctx
SOL,2025-03-13,1,SHORT,PDC,126.62,123.03,127.58583,lean
SOL,2025-03-13,2,LONG,RND,127.0,128.03,126.03417,ctx
SOL,2025-03-14,1,LONG,ONH,126.6,128.76,125.68233,ctx
SOL,2025-03-14,2,SHORT,RND,126.0,123.37,126.91767,ctx
SOL,2025-03-14,3,FADE,PDH,128.76,123.37,129.67767,ctx
SOL,2025-03-17,1,SHORT,RND,129.0,126.13,129.940982,lean
SOL,2025-03-17,2,LONG,ONH,129.65,133.571249,128.709018,ctx
SOL,2025-03-18,1,SHORT,RND,123.5,123.0,124.293593,lean
SOL,2025-03-18,2,LONG,PDL,125.55,127.243434,124.756407,ctx
SOL,2025-03-19,1,LONG,RND,129.0,129.53,128.223022,ctx
SOL,2025-03-19,2,SHORT,PDH,128.19,125.33,128.966978,ctx
SOL,2025-03-19,3,FADE,ONH,129.53,125.33,130.306978,ctx
SOL,2025-03-20,1,SHORT,ONL,130.31,126.862909,131.12152,lean
SOL,2025-03-20,2,LONG,RND,131.0,134.437091,130.18848,ctx
SOL,2025-03-21,1,LONG,PDL,126.65,127.6,125.870451,lean
SOL,2025-03-21,2,SHORT,RND,126.0,125.74,126.779549,ctx
SOL,2025-03-24,1,SHORT,RND,143.0,139.692589,143.796588,lean
SOL,2025-03-24,2,LONG,ONH,144.13,147.127411,143.333412,ctx
SOL,2025-03-25,1,SHORT,RND,142.0,141.01,142.724854,lean
SOL,2025-03-25,2,LONG,ONH,143.43,144.96,142.705146,ctx
SOL,2025-03-26,1,SHORT,PDC,143.64,141.5,144.438365,lean
SOL,2025-03-26,2,LONG,RND,145.0,145.49,144.201635,ctx
SOL,2025-03-27,1,LONG,ONH,140.22,140.972119,139.454546,lean
SOL,2025-03-27,2,SHORT,PDC,137.34,137.0,138.105454,ctx
SOL,2025-03-28,1,LONG,RND,132.0,135.530469,131.228471,lean
SOL,2025-03-28,2,SHORT,ONL,130.36,128.329531,131.131529,ctx
SOL,2025-03-31,1,LONG,RND,124.5,124.82,123.815446,lean
SOL,2025-03-31,2,SHORT,PDL,123.0,122.75,123.684554,ctx
SOL,2025-04-01,1,LONG,PDH,127.81,128.0,127.142771,lean
SOL,2025-04-01,2,SHORT,PDC,124.54,124.496267,125.207229,ctx
SOL,2025-04-02,1,SHORT,PDL,123.74,123.5,124.408392,lean
SOL,2025-04-02,2,LONG,RND,126.0,126.67,125.331608,ctx
SOL,2025-04-03,1,SHORT,RND,115.5,115.11,116.320018,lean
SOL,2025-04-03,2,LONG,PDL,117.0,117.42,116.179982,ctx
SOL,2025-04-04,1,LONG,PDC,117.17,117.556081,116.523697,lean
SOL,2025-04-04,2,SHORT,RND,114.5,113.25,115.146303,ctx
SOL,2025-04-07,1,LONG,RND,100.5,103.81,99.619648,lean
SOL,2025-04-08,1,SHORT,RND,111.5,107.696308,112.327934,lean
SOL,2025-04-08,2,LONG,ONH,112.58,113.0,111.752066,ctx
SOL,2025-04-09,1,LONG,RND,103.5,105.4,102.694504,lean
SOL,2025-04-09,2,SHORT,PDL,102.96,101.26,103.765496,ctx
SOL,2025-04-10,1,SHORT,ONL,113.39,109.893294,114.259294,lean
SOL,2025-04-10,2,LONG,RND,114.0,118.006706,113.130706,ctx
SOL,2025-04-11,1,LONG,PDH,119.3,119.4,118.542963,ctx
SOL,2025-04-11,2,SHORT,RND,118.0,114.48716,118.757037,ctx
SOL,2025-04-11,3,FADE,ONH,119.4,114.48716,120.157037,ctx
SOL,2025-04-14,1,LONG,PDH,133.96,134.0,133.036808,ctx
SOL,2025-04-15,1,SHORT,RND,132.0,129.42,133.010581,lean
SOL,2025-04-15,2,LONG,ONH,133.92,136.13,132.909419,ctx
SOL,2025-04-16,1,SHORT,PDC,126.11,126.0,127.050833,lean
SOL,2025-04-16,2,LONG,ONH,128.11,130.660553,127.169167,ctx
SOL,2025-04-17,1,LONG,PDH,133.91,135.59,132.968472,lean
SOL,2025-04-17,2,SHORT,RND,133.0,131.33,133.941528,ctx
SOL,2025-04-18,1,SHORT,RND,134.0,133.26,134.928806,lean
SOL,2025-04-18,2,LONG,PDC,134.83,136.02,133.901194,ctx
SOL,2025-04-21,1,SHORT,PDC,137.86,136.37,138.719987,lean
SOL,2025-04-21,2,LONG,RND,139.0,141.96,138.140013,ctx
SOL,2025-04-22,1,LONG,ONH,140.77,143.25,139.910885,ctx
SOL,2025-04-22,2,SHORT,RND,140.0,136.56,140.859115,ctx
SOL,2025-04-22,3,FADE,PDH,143.25,136.56,144.109115,ctx
SOL,2025-04-23,1,SHORT,RND,152.0,150.23,153.004662,lean
SOL,2025-04-23,2,LONG,ONH,153.74,156.778424,152.735338,ctx
SOL,2025-04-24,1,SHORT,PDL,147.13,144.87,148.164113,lean
SOL,2025-04-24,2,LONG,RND,148.0,151.1,146.965887,ctx
SOL,2025-04-25,1,SHORT,PDH,152.9,152.55,153.760759,lean
SOL,2025-04-25,2,LONG,RND,155.0,155.02,154.139241,ctx
SOL,2025-04-28,1,SHORT,PDH,150.41,147.98,151.249838,lean
SOL,2025-04-28,2,LONG,RND,152.0,153.4,151.160162,ctx
SOL,2025-04-29,1,LONG,ONH,149.5,152.811848,148.683175,ctx
SOL,2025-04-29,2,SHORT,PDC,147.84,145.55,148.656825,ctx
SOL,2025-04-29,3,FADE,ONH,149.5,147.84,150.316825,ctx
SOL,2025-04-30,1,SHORT,PDC,146.31,145.0,147.14036,lean
SOL,2025-04-30,2,LONG,RND,148.0,148.67,147.16964,ctx
SOL,2025-05-01,1,SHORT,PDH,148.67,147.996993,149.474216,lean
SOL,2025-05-01,2,LONG,RND,152.0,152.47,151.195784,ctx
SOL,2025-05-02,1,SHORT,ONL,148.37,147.54,149.191835,lean
SOL,2025-05-02,2,LONG,PDC,150.85,151.0,150.028165,ctx
SOL,2025-05-05,1,SHORT,RND,144.0,143.95,144.590676,lean
SOL,2025-05-05,2,FADE,ONH,147.36,143.95,147.950676,ctx
SOL,2025-05-06,1,LONG,RND,143.0,145.498759,142.372409,lean
SOL,2025-05-06,2,SHORT,PDL,142.5,142.0,143.127591,ctx
SOL,2025-05-06,3,FADE,RND,143.0,142.0,143.627591,ctx
SOL,2025-05-07,1,LONG,RND,148.0,149.54,147.381675,lean
SOL,2025-05-07,2,SHORT,PDH,147.23,146.88,147.848325,ctx
SOL,2025-05-07,3,FADE,ONH,149.54,146.88,150.158325,ctx
SOL,2025-05-08,1,LONG,RND,155.0,155.28,154.379823,ctx
SOL,2025-05-08,2,FADE,ONH,155.28,151.675839,155.900177,ctx
SOL,2025-05-09,1,SHORT,RND,172.0,168.079628,172.908651,lean
SOL,2025-05-09,2,LONG,ONH,176.15,176.560372,175.241349,ctx
SOL,2025-05-12,1,SHORT,RND,174.0,173.19,174.982913,ctx
SOL,2025-05-13,1,LONG,PDC,174.22,175.15,173.223465,ctx
SOL,2025-05-14,1,SHORT,RND,181.0,177.57,182.042845,lean
SOL,2025-05-14,2,LONG,PDC,183.75,184.83,182.707155,ctx
SOL,2025-05-15,1,SHORT,RND,171.0,168.67,171.996686,lean
SOL,2025-05-15,2,LONG,PDL,173.23,175.741203,172.233314,ctx
SOL,2025-05-16,1,SHORT,PDC,169.16,168.448445,170.094619,lean
SOL,2025-05-16,2,LONG,RND,173.0,174.21,172.065381,ctx
SOL,2025-05-19,1,SHORT,RND,162.0,159.44,163.081066,lean
SOL,2025-05-19,2,LONG,PDL,164.54,167.234974,163.458934,ctx
SOL,2025-05-20,1,SHORT,RND,166.0,165.14,166.921911,lean
SOL,2025-05-20,2,LONG,PDC,166.86,170.772253,165.938089,ctx
SOL,2025-05-21,1,LONG,ONH,171.76,173.11,170.903995,lean
SOL,2025-05-21,2,SHORT,RND,169.0,168.59,169.856005,ctx
SOL,2025-05-22,1,LONG,ONH,180.87,182.742306,179.870934,lean
SOL,2025-05-22,2,SHORT,RND,178.0,175.99,178.999066,ctx
SOL,2025-05-23,1,SHORT,ONL,177.1,173.220405,178.104913,lean
SOL,2025-05-23,2,LONG,RND,178.0,179.68,176.995087,ctx
SOL,2025-05-26,1,LONG,RND,178.0,179.02,177.041723,ctx
SOL,2025-05-26,2,SHORT,PDH,176.88,175.74,177.838277,ctx
SOL,2025-05-26,3,FADE,ONH,179.02,175.74,179.978277,ctx
SOL,2025-05-27,1,LONG,RND,177.0,177.17,176.077289,ctx
SOL,2025-05-27,2,SHORT,PDC,174.91,173.48,175.832711,ctx
SOL,2025-05-27,3,FADE,PDH,179.02,174.91,179.942711,ctx
SOL,2025-05-28,1,SHORT,ONL,172.86,171.24,173.686276,lean
SOL,2025-05-28,2,LONG,RND,175.0,176.71,174.173724,ctx
SOL,2025-05-29,1,LONG,RND,173.0,175.34,172.256647,lean
SOL,2025-05-29,2,SHORT,PDC,172.21,170.12,172.953353,ctx
SOL,2025-05-30,1,LONG,RND,164.0,165.96,163.224786,ctx
SOL,2025-06-02,1,SHORT,RND,153.0,152.95,153.809764,ctx
SOL,2025-06-03,1,SHORT,PDH,158.93,157.096546,159.672169,lean
SOL,2025-06-03,2,LONG,RND,161.0,162.38,160.257831,ctx
SOL,2025-06-04,1,SHORT,PDC,155.19,154.18,155.972403,lean
SOL,2025-06-04,2,LONG,RND,156.0,157.92,155.217597,ctx
SOL,2025-06-05,1,SHORT,RND,152.0,151.28,152.777077,lean
SOL,2025-06-05,2,LONG,PDL,152.94,153.26,152.162923,ctx
SOL,2025-06-06,1,LONG,ONH,149.61,152.514116,148.878404,ctx
SOL,2025-06-06,2,SHORT,RND,149.0,145.685884,149.731596,ctx
SOL,2025-06-06,3,FADE,ONH,149.61,145.685884,150.341596,ctx
SOL,2025-06-09,1,SHORT,PDH,155.3,152.45,156.008904,lean
SOL,2025-06-09,2,LONG,RND,156.0,156.61,155.291096,ctx
SOL,2025-06-10,1,LONG,RND,161.0,161.16,160.269541,ctx
SOL,2025-06-11,1,SHORT,RND,164.0,163.43,164.905573,lean
SOL,2025-06-11,2,LONG,PDC,165.12,165.67,164.214427,ctx
SOL,2025-06-12,1,LONG,RND,158.0,159.21,157.197634,lean
SOL,2025-06-12,2,SHORT,ONL,157.42,153.975625,158.222366,ctx
SOL,2025-06-13,1,SHORT,RND,145.0,141.698709,145.803848,lean
SOL,2025-06-16,1,LONG,ONH,157.95,160.246782,157.142832,ctx
SOL,2025-06-16,2,SHORT,RND,156.0,153.54,156.807168,ctx
SOL,2025-06-16,3,FADE,ONH,157.95,152.97,158.757168,ctx
SOL,2025-06-17,1,SHORT,PDL,150.3,147.47,151.126598,lean
SOL,2025-06-17,2,LONG,PDC,150.72,151.0,149.893402,ctx
SOL,2025-06-18,1,LONG,RND,147.0,147.57,146.221219,lean
SOL,2025-06-18,2,SHORT,PDL,145.61,145.34,146.388781,ctx
SOL,2025-06-19,1,SHORT,RND,145.0,144.85,145.756719,lean
SOL,2025-06-19,2,LONG,PDC,146.34,147.92,145.583281,ctx
SOL,2025-06-20,1,SHORT,RND,148.0,147.9,148.626795,lean
SOL,2025-06-20,2,LONG,ONH,148.81,151.095044,148.183205,ctx
SOL,2025-06-23,1,LONG,ONH,135.01,137.62,134.234016,ctx
SOL,2025-06-23,2,SHORT,RND,134.0,131.71,134.775984,ctx
SOL,2025-06-23,3,FADE,PDH,137.62,131.71,138.395984,ctx
SOL,2025-06-24,1,SHORT,PDC,144.51,140.93,145.291544,lean
SOL,2025-06-24,2,LONG,RND,145.0,146.92,144.218456,ctx
SOL,2025-06-25,1,SHORT,RND,146.0,145.92,146.696342,lean
SOL,2025-06-25,2,LONG,PDH,146.77,147.49,146.073658,ctx
SOL,2025-06-26,1,SHORT,PDC,143.57,142.25,144.327671,lean
SOL,2025-06-26,2,LONG,RND,144.0,147.185799,143.242329,ctx
SOL,2025-06-27,1,SHORT,RND,142.0,139.06,142.733769,lean
SOL,2025-06-27,2,LONG,ONH,142.8,145.574258,142.066231,ctx
SOL,2025-06-30,1,SHORT,RND,150.0,149.45,150.788133,lean
SOL,2025-06-30,2,LONG,PDC,153.32,154.057954,152.531867,ctx
SOL,2025-07-01,1,SHORT,ONL,148.14,144.784582,149.009018,lean
SOL,2025-07-01,2,LONG,RND,149.0,149.45,148.130982,ctx
SOL,2025-07-02,1,LONG,RND,149.0,149.99,148.301501,lean
SOL,2025-07-02,2,SHORT,PDC,146.88,145.85,147.578499,ctx
SOL,2025-07-03,1,SHORT,PDH,154.47,152.27,155.3003,lean
SOL,2025-07-03,2,LONG,RND,155.0,156.35,154.1697,ctx
SOL,2025-07-04,1,SHORT,RND,150.0,149.86,150.816953,lean
SOL,2025-07-04,2,LONG,PDC,152.36,153.88,151.543047,ctx
SOL,2025-07-07,1,SHORT,PDC,151.86,150.24,152.661114,lean
SOL,2025-07-07,2,LONG,RND,153.0,153.6,152.198886,ctx
SOL,2025-07-08,1,LONG,ONH,151.67,153.6,150.9952,ctx
SOL,2025-07-08,2,SHORT,RND,151.0,148.88,151.6748,ctx
SOL,2025-07-08,3,FADE,PDH,153.6,148.88,154.2748,ctx
SOL,2025-07-09,1,SHORT,PDH,152.88,151.67,153.575734,lean
SOL,2025-07-09,2,LONG,RND,154.0,154.43,153.304266,ctx
SOL,2025-07-10,1,SHORT,PDC,157.05,155.93,157.783546,lean
SOL,2025-07-10,2,LONG,PDH,157.93,158.0,157.196454,ctx
SOL,2025-07-11,1,LONG,RND,164.0,164.34,163.130426,lean
SOL,2025-07-11,2,SHORT,ONL,161.94,159.81199,162.809574,ctx
SOL,2025-07-14,1,LONG,RND,167.0,168.65,166.270434,ctx
SOL,2025-07-14,2,SHORT,PDH,164.19,163.12536,164.919566,ctx
SOL,2025-07-14,3,FADE,ONH,168.65,163.12536,169.379566,ctx
SOL,2025-07-15,1,SHORT,ONL,158.17,156.432965,158.904365,lean
SOL,2025-07-15,2,LONG,RND,160.0,160.61,159.265635,ctx
SOL,2025-07-16,1,SHORT,PDH,164.26,163.98,164.977462,lean
SOL,2025-07-16,2,LONG,RND,167.0,167.58,166.282538,ctx
SOL,2025-07-17,1,LONG,ONH,178.19,180.663307,177.227148,ctx
SOL,2025-07-18,1,SHORT,PDH,178.19,178.0,179.174288,lean
SOL,2025-07-21,1,LONG,ONH,192.99,196.048657,191.993859,ctx
SOL,2025-07-21,2,SHORT,RND,191.0,186.751343,191.996141,ctx
SOL,2025-07-21,3,FADE,ONH,192.99,186.751343,193.986141,ctx
SOL,2025-07-22,1,SHORT,PDH,199.28,195.72,200.441041,lean
SOL,2025-07-22,2,LONG,RND,200.0,204.67,198.838959,ctx
SOL,2025-07-23,1,SHORT,RND,197.0,195.86,198.233803,ctx
SOL,2025-07-24,1,SHORT,RND,186.0,183.97,187.07491,lean
SOL,2025-07-24,2,LONG,PDC,189.4,191.416249,188.32509,ctx
SOL,2025-07-25,1,SHORT,RND,181.0,179.21,181.983252,lean
SOL,2025-07-25,2,LONG,PDC,182.87,185.708507,181.886748,ctx
SOL,2025-07-28,1,SHORT,PDH,190.7,188.64,191.758921,lean
SOL,2025-07-28,2,LONG,ONH,195.26,196.941633,194.201079,ctx
SOL,2025-07-29,1,SHORT,PDL,182.16,180.67,183.18055,lean
SOL,2025-07-29,2,LONG,RND,183.0,183.11,181.97945,ctx
SOL,2025-07-30,1,LONG,PDL,178.3,181.48,177.291376,lean
SOL,2025-07-30,2,SHORT,RND,177.0,176.42,178.008624,ctx
SOL,2025-07-31,1,SHORT,PDC,177.77,176.361934,178.708157,lean
SOL,2025-07-31,2,LONG,RND,181.0,182.56,180.061843,ctx
SOL,2025-08-01,1,LONG,PDL,171.44,172.22,170.554713,lean
SOL,2025-08-01,2,SHORT,RND,169.0,166.19,169.885287,ctx
SOL,2025-08-04,1,LONG,PDH,163.14,164.98,162.313268,lean
SOL,2025-08-04,2,SHORT,RND,162.0,161.97,162.826732,ctx
SOL,2025-08-05,1,SHORT,PDH,169.8,169.55,170.761643,lean
SOL,2025-08-05,2,LONG,RND,171.0,171.73,170.038357,ctx
SOL,2025-08-06,1,LONG,ONH,164.79,168.048331,163.965358,ctx
SOL,2025-08-06,2,SHORT,PDC,164.09,164.0,164.914642,ctx
SOL,2025-08-06,3,FADE,ONH,164.79,164.09,165.614642,ctx
SOL,2025-08-07,1,SHORT,PDH,169.93,168.877859,170.774744,lean
SOL,2025-08-07,2,LONG,RND,173.0,173.49,172.155256,ctx
SOL,2025-08-08,1,SHORT,PDH,175.51,175.36,176.458388,lean
SOL,2025-08-08,2,LONG,ONH,177.95,178.0,177.001612,ctx
SOL,2025-08-11,1,SHORT,RND,179.0,178.35,179.945321,lean
SOL,2025-08-11,2,LONG,PDC,182.66,183.491497,181.714679,ctx
SOL,2025-08-12,1,LONG,ONH,176.74,179.729719,175.775774,lean
SOL,2025-08-12,2,SHORT,RND,175.0,174.84,175.964226,ctx
SOL,2025-08-13,1,LONG,ONH,202.71,206.212893,201.592952,ctx
SOL,2025-08-14,1,SHORT,PDC,201.51,200.14,202.989681,lean
SOL,2025-08-14,2,LONG,RND,204.0,204.96,202.520319,ctx
SOL,2025-08-15,1,LONG,ONH,198.07,199.635979,196.930862,lean
SOL,2025-08-15,2,SHORT,RND,194.0,192.47,195.139138,ctx
SOL,2025-08-18,1,SHORT,RND,181.0,180.0,182.130379,ctx
SOL,2025-08-19,1,SHORT,PDL,180.0,178.600072,180.869985,lean
SOL,2025-08-19,2,LONG,PDC,182.94,183.0,182.070015,ctx
SOL,2025-08-20,1,LONG,ONH,182.25,184.517296,181.344151,lean
SOL,2025-08-20,2,SHORT,RND,180.0,176.22,180.905849,ctx
SOL,2025-08-21,1,LONG,PDC,187.94,187.97,186.995498,lean
SOL,2025-08-21,2,SHORT,RND,184.0,183.48,184.944502,ctx
SOL,2025-08-22,1,LONG,RND,180.0,180.29,179.079758,lean
SOL,2025-08-22,2,SHORT,ONL,179.6,179.43,180.520242,ctx
SOL,2025-08-25,1,SHORT,ONL,195.0,191.241682,196.351782,lean
SOL,2025-08-25,2,LONG,RND,198.0,201.09,196.648218,ctx
SOL,2025-08-26,1,LONG,RND,188.0,190.37,186.956701,lean
SOL,2025-08-26,2,SHORT,PDC,187.2,185.33,188.243299,ctx
SOL,2025-08-27,1,SHORT,RND,205.0,199.950806,206.084113,lean
SOL,2025-08-27,2,LONG,ONH,205.7,210.069194,204.615887,ctx
SOL,2025-08-28,1,SHORT,RND,213.0,212.08,214.131076,lean
SOL,2025-08-28,2,LONG,ONH,216.5,218.418355,215.368924,ctx
SOL,2025-08-29,1,SHORT,ONL,205.34,201.72,206.735875,lean
SOL,2025-08-29,2,LONG,RND,208.0,214.134085,206.604125,ctx
SOL,2025-09-01,1,LONG,PDL,200.28,200.62,199.185004,lean
SOL,2025-09-01,2,SHORT,RND,199.0,196.03,200.094996,ctx
SOL,2025-09-02,1,LONG,RND,202.0,204.45,200.880853,ctx
SOL,2025-09-02,2,SHORT,PDC,197.32,196.757315,198.439147,ctx
SOL,2025-09-02,3,FADE,PDH,204.58,197.32,205.699147,ctx
SOL,2025-09-03,1,LONG,ONH,211.97,215.92251,210.782319,lean
SOL,2025-09-03,2,SHORT,RND,210.0,209.68,211.187681,ctx
SOL,2025-09-04,1,SHORT,RND,207.0,205.68,208.205601,lean
SOL,2025-09-04,2,LONG,PDL,207.42,210.77,206.214399,ctx
SOL,2025-09-05,1,SHORT,PDC,202.32,201.84,203.455713,lean
SOL,2025-09-05,2,LONG,RND,207.0,208.43,205.864287,ctx
SOL,2025-09-08,1,SHORT,RND,214.0,209.029124,215.125188,lean
SOL,2025-09-08,2,LONG,ONH,215.84,219.530876,214.714812,ctx
SOL,2025-09-09,1,SHORT,PDH,217.11,217.0,218.280866,lean
SOL,2025-09-09,2,LONG,ONH,219.79,222.714041,218.619134,ctx
SOL,2025-09-10,1,SHORT,RND,220.0,219.79,221.326454,lean
SOL,2025-09-10,2,LONG,ONH,222.89,226.440121,221.563546,ctx
SOL,2025-09-11,1,SHORT,RND,225.0,224.07,226.253177,lean
SOL,2025-09-11,2,LONG,ONH,225.85,226.0,224.596823,ctx
SOL,2025-09-12,1,SHORT,RND,239.0,233.34286,240.250816,lean
SOL,2025-09-12,2,LONG,ONH,239.86,245.01714,238.609184,ctx
SOL,2025-09-15,1,SHORT,RND,236.0,231.55,237.34186,lean
SOL,2025-09-15,2,LONG,PDL,239.23,239.76,237.88814,ctx
SOL,2025-09-16,1,SHORT,RND,235.0,234.31,236.217701,lean
SOL,2025-09-16,2,LONG,ONH,237.03,241.052606,235.812299,ctx
SOL,2025-09-17,1,LONG,PDC,236.96,239.03,235.73366,lean
SOL,2025-09-17,2,SHORT,RND,234.0,233.2,235.22634,ctx
SOL,2025-09-18,1,LONG,RND,246.0,246.62,244.708384,lean
SOL,2025-09-18,2,SHORT,PDC,244.84,240.26,246.131616,ctx
SOL,2025-09-19,1,SHORT,ONL,240.0,234.895358,241.288852,lean
SOL,2025-09-19,2,LONG,RND,241.0,242.58,239.711148,ctx
SOL,2025-09-22,1,SHORT,RND,221.0,215.322013,222.321712,lean
SOL,2025-09-23,1,SHORT,RND,219.0,214.5,220.132851,lean
SOL,2025-09-23,2,LONG,PDC,220.38,221.41,219.247149,ctx
SOL,2025-09-24,1,LONG,PDC,213.3,216.45,212.22805,lean
SOL,2025-09-24,2,SHORT,PDL,212.34,212.0,213.41195,ctx
SOL,2025-09-25,1,LONG,PDL,204.81,206.328392,203.743202,lean
SOL,2025-09-25,2,SHORT,RND,201.0,200.69,202.066798,ctx
SOL,2025-09-26,1,LONG,ONH,197.58,199.102204,196.373099,lean
SOL,2025-09-26,2,SHORT,RND,193.0,192.74,194.206901,ctx
SOL,2025-09-29,1,SHORT,RND,207.0,206.02,208.130469,lean
SOL,2025-09-29,2,LONG,PDC,210.83,211.0,209.699531,ctx
SOL,2025-09-30,1,SHORT,RND,207.0,205.53,208.165936,lean
SOL,2025-10-01,1,SHORT,PDH,213.67,212.787395,214.733415,lean
SOL,2025-10-01,2,LONG,ONH,217.95,218.0,216.886585,ctx
SOL,2025-10-02,1,SHORT,RND,225.0,222.77,226.171786,lean
SOL,2025-10-02,2,LONG,ONH,226.74,230.738334,225.568214,ctx
SOL,2025-10-03,1,SHORT,ONL,227.68,224.906189,228.938674,lean
SOL,2025-10-03,2,LONG,RND,231.0,234.74,229.741326,ctx
SOL,2025-10-06,1,LONG,ONH,234.86,237.22,233.644175,ctx
SOL,2025-10-06,2,SHORT,RND,233.0,228.56,234.215825,ctx
SOL,2025-10-06,3,FADE,PDH,237.22,228.56,238.435825,ctx
SOL,2025-10-07,1,SHORT,RND,230.0,228.22,231.226196,lean
SOL,2025-10-07,2,LONG,PDC,232.35,235.21,231.123804,ctx
SOL,2025-10-08,1,LONG,ONH,223.66,226.582793,222.506544,lean
SOL,2025-10-08,2,SHORT,RND,221.0,219.97,222.153456,ctx
SOL,2025-10-09,1,SHORT,RND,223.0,219.32,224.255101,lean
SOL,2025-10-10,1,LONG,ONH,222.9,226.498108,221.751834,lean
SOL,2025-10-10,2,SHORT,RND,221.0,220.93,222.148166,ctx
SOL,2025-10-13,1,LONG,RND,193.0,197.0,191.899936,lean
SOL,2025-10-13,2,SHORT,ONL,190.02,187.426367,191.120064,ctx
SOL,2025-10-14,1,SHORT,RND,195.0,191.03,196.314546,lean
SOL,2025-10-15,1,LONG,RND,203.0,208.376731,201.762129,lean
SOL,2025-10-15,2,SHORT,PDC,202.44,200.3,203.677871,ctx
SOL,2025-10-16,1,SHORT,PDC,193.84,192.04,194.965276,lean
SOL,2025-10-16,2,LONG,RND,197.0,197.16,195.874724,ctx
SOL,2025-10-17,1,LONG,PDL,182.03,184.85,180.780263,lean
SOL,2025-10-17,2,SHORT,RND,181.0,175.617894,182.249737,ctx
SOL,2025-10-20,1,SHORT,RND,192.0,187.86,193.091192,lean
SOL,2025-10-20,2,LONG,PDH,192.29,194.5,191.198808,ctx
SOL,2025-10-21,1,SHORT,RND,186.0,183.82,187.096223,lean
SOL,2025-10-21,2,LONG,PDC,189.71,190.88,188.613777,ctx
SOL,2025-10-22,1,LONG,PDC,185.63,190.104416,184.546911,lean
SOL,2025-10-22,2,SHORT,RND,185.0,182.72,186.083089,ctx
SOL,2025-10-23,1,LONG,RND,188.0,189.49,186.902851,ctx
SOL,2025-10-23,2,SHORT,PDH,187.45,182.859972,188.547149,ctx
SOL,2025-10-23,3,FADE,ONH,189.49,182.859972,190.587149,ctx
SOL,2025-10-24,1,SHORT,RND,192.0,191.35,193.135205,lean
SOL,2025-10-24,2,LONG,PDH,193.45,194.6,192.314795,ctx
SOL,2025-10-27,1,SHORT,PDC,200.03,200.0,201.049336,lean
SOL,2025-10-27,2,LONG,PDH,202.43,204.9369,201.410664,ctx
SOL,2025-10-28,1,SHORT,PDC,198.7,197.34,199.611468,lean
SOL,2025-10-28,2,LONG,RND,200.0,203.983517,199.088532,ctx
SOL,2025-10-29,1,LONG,RND,199.0,199.37,198.081221,ctx
SOL,2025-10-30,1,SHORT,ONL,190.35,189.37,191.427604,lean
SOL,2025-10-30,2,LONG,RND,192.0,193.88,190.922396,ctx
SOL,2025-10-31,1,LONG,RND,189.0,189.22,188.022254,ctx
SOL,2025-10-31,2,SHORT,PDC,184.69,184.327186,185.667746,ctx
SOL,2025-10-31,3,FADE,RND,189.0,184.69,189.977746,ctx
SOL,2025-11-03,1,SHORT,ONL,173.0,171.140054,173.947131,lean
SOL,2025-11-03,2,LONG,RND,176.0,179.979946,175.052869,ctx
SOL,2025-11-04,1,SHORT,RND,161.0,156.838047,161.98399,lean
SOL,2025-11-04,2,LONG,PDL,163.15,166.021953,162.16601,ctx
SOL,2025-11-05,1,LONG,ONH,158.77,163.338434,157.690336,ctx
SOL,2025-11-05,2,SHORT,RND,158.0,155.03,159.079664,ctx
SOL,2025-11-05,3,FADE,ONH,158.77,155.03,159.849664,ctx
SOL,2025-11-06,1,SHORT,ONL,157.11,157.0,158.08083,lean
SOL,2025-11-07,1,LONG,RND,152.0,153.45,151.071562,lean
SOL,2025-11-07,2,SHORT,ONL,150.92,147.30729,151.848438,ctx
SOL,2025-11-10,1,LONG,ONH,169.81,172.938366,168.779636,lean
SOL,2025-11-10,2,SHORT,RND,168.0,166.57,169.030364,ctx
SOL,2025-11-11,1,SHORT,RND,163.0,162.56,163.907944,lean
SOL,2025-11-11,2,LONG,PDL,163.42,167.31,162.512056,ctx
SOL,2025-11-12,1,LONG,RND,160.0,161.14,159.082641,ctx
SOL,2025-11-12,2,FADE,RND,160.0,155.56899,160.917359,ctx
SOL,2025-11-13,1,LONG,ONH,157.2,161.14,156.162755,ctx
SOL,2025-11-13,2,SHORT,RND,156.0,153.42,157.037245,ctx
SOL,2025-11-13,3,FADE,PDH,161.14,153.42,162.177245,ctx
SOL,2025-11-14,1,LONG,RND,139.0,141.04,137.98084,lean
SOL,2025-11-14,2,SHORT,ONL,135.76,133.963921,136.77916,ctx
SOL,2025-11-17,1,SHORT,PDC,137.17,136.895623,138.216652,lean
SOL,2025-11-17,2,LONG,RND,142.0,142.8,140.953348,ctx
SOL,2025-11-18,1,LONG,ONH,139.12,142.960395,138.106344,ctx
SOL,2025-11-18,2,SHORT,RND,138.0,133.499605,139.013656,ctx
SOL,2025-11-18,3,FADE,ONH,139.12,133.499605,140.133656,ctx
SOL,2025-11-19,1,LONG,RND,139.0,140.69,138.030111,lean
SOL,2025-11-19,2,SHORT,ONL,137.12,134.423852,138.089889,ctx
SOL,2025-11-20,1,SHORT,RND,142.0,137.565586,142.954517,lean
SOL,2025-11-20,2,LONG,PDH,142.84,144.8,141.885483,ctx
SOL,2025-11-21,1,LONG,PDL,131.11,131.572422,129.969481,lean
SOL,2025-11-21,2,SHORT,RND,126.0,121.66,127.140519,ctx
SOL,2025-11-24,1,SHORT,ONL,128.44,127.56,129.237754,lean
SOL,2025-11-24,2,LONG,RND,130.0,130.58,129.202246,ctx
SOL,2025-11-25,1,SHORT,RND,136.0,134.73,136.9143,lean
SOL,2025-11-25,2,LONG,PDC,138.44,139.22,137.5257,ctx
SOL,2025-11-26,1,SHORT,ONL,135.56,133.13,136.369908,lean
SOL,2025-11-26,2,LONG,RND,136.0,138.96,135.190092,ctx
SOL,2025-11-27,1,SHORT,RND,141.0,140.99,141.81926,lean
SOL,2025-11-27,2,LONG,PDC,143.02,144.29,142.20074,ctx
SOL,2025-11-28,1,SHORT,PDL,140.47,138.59,141.246921,lean
SOL,2025-11-28,2,LONG,PDC,140.85,141.0,140.073079,ctx
SOL,2025-12-01,1,SHORT,ONL,125.38,122.699066,126.215914,lean
SOL,2025-12-01,2,LONG,RND,127.0,130.500934,126.164086,ctx
SOL,2025-12-02,1,LONG,RND,129.0,129.03,128.206796,ctx
SOL,2025-12-02,2,SHORT,PDC,126.66,126.01,127.453204,ctx
SOL,2025-12-02,3,FADE,RND,129.0,126.66,129.793204,ctx
SOL,2025-12-03,1,SHORT,PDH,140.88,138.68,141.735322,lean
SOL,2025-12-03,2,LONG,RND,142.0,144.26,141.144678,ctx
SOL,2025-12-04,1,SHORT,ONL,142.4,139.198661,143.188858,lean
SOL,2025-12-04,2,LONG,RND,143.0,144.67,142.211142,ctx
SOL,2025-12-05,1,LONG,RND,137.0,137.8,136.24228,lean
SOL,2025-12-05,2,SHORT,ONL,135.21,133.133972,135.96772,ctx
SOL,2025-12-08,1,SHORT,PDH,136.35,134.642978,137.035076,lean
SOL,2025-12-08,2,LONG,RND,138.0,139.36,137.314924,ctx
SOL,2025-12-09,1,LONG,PDC,133.25,134.42,132.547314,lean
SOL,2025-12-09,2,SHORT,RND,133.0,131.77,133.702686,ctx
SOL,2025-12-10,1,SHORT,PDC,137.88,136.33,138.737092,lean
SOL,2025-12-10,2,LONG,RND,138.0,140.22,137.142908,ctx
SOL,2025-12-11,1,SHORT,RND,131.0,129.0,131.759435,lean
SOL,2025-12-12,1,LONG,RND,140.0,140.12,139.217635,ctx
SOL,2025-12-12,2,SHORT,PDH,137.79,136.41,138.572365,ctx
SOL,2025-12-12,3,FADE,ONH,140.12,136.41,140.902365,ctx
SOL,2025-12-15,1,LONG,RND,133.0,133.25,132.252273,ctx
SOL,2025-12-15,2,SHORT,PDC,129.4,129.280608,130.147727,ctx
SOL,2025-12-15,3,FADE,PDH,133.66,129.4,134.407727,ctx
SOL,2025-12-16,1,LONG,RND,129.0,129.04,128.109902,ctx
SOL,2025-12-16,2,SHORT,PDC,127.81,124.87,128.700098,ctx
SOL,2025-12-16,3,FADE,RND,129.0,127.81,129.890098,ctx
SOL,2025-12-17,1,SHORT,ONL,125.96,124.898692,126.618137,lean
SOL,2025-12-17,2,LONG,RND,128.0,129.15,127.341863,ctx
SOL,2025-12-18,1,LONG,RND,124.0,124.52,123.112785,lean
SOL,2025-12-18,2,SHORT,PDC,123.27,122.21,124.157215,ctx
SOL,2025-12-19,1,LONG,RND,126.0,126.18,125.19112,ctx
SOL,2025-12-22,1,SHORT,PDH,126.62,126.03,127.301159,lean
SOL,2025-12-22,2,LONG,RND,127.0,128.56,126.318841,ctx
SOL,2025-12-23,1,SHORT,RND,124.0,123.77,124.613172,lean
SOL,2025-12-23,2,LONG,PDL,124.2,125.93,123.586828,ctx
SOL,2025-12-24,1,SHORT,PDL,122.16,120.63,122.736656,lean
SOL,2025-12-24,2,LONG,RND,122.5,124.01,121.923344,ctx
SOL,2025-12-25,1,SHORT,RND,122.0,121.31,122.516822,lean
SOL,2025-12-25,2,LONG,PDC,122.53,123.34,122.013178,ctx
SOL,2025-12-26,1,LONG,RND,124.0,124.39,123.401553,ctx
SOL,2025-12-29,1,LONG,PDC,125.27,125.64,124.677183,lean
SOL,2025-12-29,2,SHORT,RND,123.5,123.08,124.092817,ctx
SOL,2025-12-30,1,LONG,RND,124.5,125.15,123.980014,lean
SOL,2025-12-30,2,SHORT,PDC,123.28,122.58,123.799986,ctx
SOL,2025-12-31,1,LONG,PDH,126.52,126.85,126.017824,lean
SOL,2025-12-31,2,SHORT,RND,126.0,125.01,126.502176,ctx
SOL,2026-01-01,1,LONG,ONH,125.8,127.35674,125.29927,lean
SOL,2026-01-01,2,SHORT,RND,125.0,124.65,125.50073,ctx
SOL,2026-01-02,1,LONG,ONH,129.99,130.737736,129.493342,lean
SOL,2026-01-02,2,SHORT,RND,128.0,127.25,128.496658,ctx
SOL,2026-01-05,1,LONG,PDH,135.54,137.75,134.961065,lean
SOL,2026-01-05,2,SHORT,RND,135.0,134.12,135.578935,ctx
SOL,2026-01-06,1,SHORT,RND,139.0,137.9,139.580522,lean
SOL,2026-01-06,2,LONG,PDH,139.87,140.08,139.289478,ctx
SOL,2026-01-07,1,SHORT,ONL,136.56,136.19,137.25425,lean
SOL,2026-01-07,2,LONG,RND,138.0,141.08,137.30575,ctx
SOL,2026-01-08,1,SHORT,RND,134.0,133.72,134.557241,lean
SOL,2026-01-08,2,LONG,PDL,134.41,136.39,133.852759,ctx
SOL,2026-01-09,1,LONG,RND,138.0,138.37,137.394589,lean
SOL,2026-01-09,2,SHORT,ONL,137.04,134.89475,137.645411,ctx
SOL,2026-01-12,1,SHORT,PDC,139.7,137.49,140.387459,lean
SOL,2026-01-12,2,LONG,RND,140.0,141.6,139.312541,ctx
SOL,2026-01-13,1,SHORT,RND,142.0,139.298678,142.630283,lean
SOL,2026-01-13,2,LONG,ONH,143.12,144.4,142.489717,ctx
SOL,2026-01-14,1,LONG,RND,145.0,145.51,144.301707,lean
SOL,2026-01-14,2,SHORT,ONL,143.37,141.311299,144.068293,ctx
SOL,2026-01-15,1,LONG,RND,145.0,146.69,144.314843,lean
SOL,2026-01-15,2,SHORT,PDL,143.37,143.21,144.055157,ctx
SOL,2026-01-16,1,SHORT,PDC,142.4,141.39,143.000222,lean
SOL,2026-01-16,2,LONG,ONH,143.86,144.0,143.259778,ctx
SOL,2026-01-19,1,SHORT,RND,134.0,130.882861,134.695816,ctx
SOL,2026-01-20,1,LONG,PDL,130.0,131.95918,129.438747,lean
SOL,2026-01-20,2,SHORT,RND,129.0,128.36,129.561253,ctx
SOL,2026-01-21,1,LONG,ONH,128.75,130.346274,128.122941,lean
SOL,2026-01-21,2,SHORT,RND,127.0,125.8,127.627059,ctx
SOL,2026-01-22,1,SHORT,RND,130.0,129.54,130.683536,lean
SOL,2026-01-22,2,LONG,ONH,131.05,132.17,130.366464,ctx
SOL,2026-01-23,1,SHORT,RND,127.0,126.94,127.545882,lean
SOL,2026-01-23,2,LONG,PDC,128.47,129.29,127.924118,ctx
SOL,2026-01-26,1,SHORT,RND,122.5,119.682352,123.142353,lean
SOL,2026-01-26,2,LONG,ONH,123.62,125.677648,122.977647,ctx
SOL,2026-01-27,1,SHORT,ONL,123.57,120.862335,124.218785,lean
SOL,2026-01-27,2,LONG,RND,124.0,124.24,123.351215,ctx
SOL,2026-01-28,1,SHORT,PDC,127.19,127.0,127.823987,lean
SOL,2026-01-28,2,LONG,PDH,127.84,128.34,127.206013,ctx
SOL,2026-01-29,1,SHORT,ONL,122.45,119.998321,123.061074,lean
SOL,2026-01-29,2,LONG,RND,123.0,124.78,122.388926,ctx
SOL,2026-01-30,1,LONG,RND,116.5,117.82,115.850234,lean
SOL,2026-01-30,2,SHORT,PDL,115.39,113.237759,116.039766,ctx
SOL,2026-02-02,1,LONG,RND,103.5,103.78,102.917594,ctx
SOL,2026-02-02,2,SHORT,PDC,100.79,100.582103,101.372406,ctx
SOL,2026-02-02,3,FADE,RND,103.5,100.79,104.082406,ctx
SOL,2026-02-03,1,SHORT,RND,103.0,102.18,103.567363,lean
SOL,2026-02-03,2,LONG,PDC,104.55,105.1,103.982637,ctx
SOL,2026-02-04,1,LONG,RND,96.5,96.64,95.825376,lean
SOL,2026-02-04,2,SHORT,ONL,94.71,93.321757,95.384624,ctx
SOL,2026-02-05,1,LONG,PDC,92.12,92.444838,91.495392,lean
SOL,2026-02-05,2,SHORT,RND,89.5,89.3,90.124608,ctx
SOL,2026-02-06,1,LONG,RND,82.0,82.04,81.222715,ctx
SOL,2026-02-06,2,SHORT,PDC,78.35,78.262669,79.127285,ctx
SOL,2026-02-06,3,FADE,RND,82.0,78.35,82.777285,ctx
SOL,2026-02-09,1,SHORT,RND,84.0,82.86,84.648981,lean
SOL,2026-02-09,2,LONG,PDL,85.77,86.99,85.121019,ctx
SOL,2026-02-10,1,SHORT,ONL,83.69,82.86,84.313643,lean
SOL,2026-02-10,2,LONG,RND,84.0,86.77,83.376357,ctx
SOL,2026-02-11,1,LONG,PDL,81.91,82.99,81.339873,lean
SOL,2026-02-11,2,SHORT,RND,81.0,80.28,81.570127,ctx
SOL,2026-02-12,1,SHORT,RND,81.0,79.3,81.660127,lean
SOL,2026-02-12,2,LONG,ONH,82.25,84.180591,81.589873,ctx
SOL,2026-02-13,1,LONG,RND,80.0,80.62,79.392324,ctx
SOL,2026-02-13,2,SHORT,PDC,78.4,77.53,79.007676,ctx
SOL,2026-02-13,3,FADE,PDH,82.25,78.4,82.857676,ctx
SOL,2026-02-16,1,SHORT,PDC,86.16,86.0,86.789134,lean
SOL,2026-02-16,2,LONG,ONH,86.63,89.135958,86.000866,ctx
SOL,2026-02-17,1,SHORT,ONL,84.54,84.5,85.127555,lean
SOL,2026-02-17,2,LONG,PDC,86.45,86.93,85.862445,ctx
SOL,2026-02-18,1,LONG,RND,83.0,85.08,82.455106,lean
SOL,2026-02-18,2,SHORT,PDL,82.92,82.34,83.464894,ctx
SOL,2026-02-19,1,SHORT,ONL,80.68,80.48,81.227446,lean
SOL,2026-02-19,2,LONG,RND,81.0,81.61,80.452554,ctx
SOL,2026-02-20,1,LONG,ONH,84.84,86.18573,84.311629,lean
SOL,2026-02-20,2,SHORT,RND,83.5,82.67,84.028371,ctx
SOL,2026-02-23,1,SHORT,RND,80.5,78.26871,81.023134,lean
SOL,2026-02-23,2,LONG,PDL,82.48,82.79,81.956866,ctx
SOL,2026-02-24,1,LONG,PDL,77.15,77.9,76.674084,lean
SOL,2026-02-24,2,SHORT,RND,76.5,75.74,76.975916,ctx
SOL,2026-02-25,1,SHORT,RND,83.5,81.469534,83.973671,lean
SOL,2026-02-25,2,LONG,ONH,84.09,85.890466,83.616329,ctx
SOL,2026-02-26,1,SHORT,RND,87.5,86.6,88.000653,lean
SOL,2026-02-26,2,LONG,PDC,88.06,89.34,87.559347,ctx
SOL,2026-02-27,1,LONG,PDL,84.34,85.383108,83.855048,lean
SOL,2026-02-27,2,SHORT,RND,83.0,82.66,83.484952,ctx
SOL,2026-03-02,1,SHORT,PDC,83.6,83.5,84.062,ctx
SOL,2026-03-03,1,SHORT,ONL,83.7,82.37,84.238573,lean
SOL,2026-03-03,2,LONG,RND,84.5,86.64,83.961427,ctx
SOL,2026-03-04,1,LONG,RND,89.5,91.48,88.950454,lean
SOL,2026-03-04,2,SHORT,PDH,87.46,86.97,88.009546,ctx
SOL,2026-03-05,1,SHORT,PDC,90.85,89.61,91.409295,lean
SOL,2026-03-05,2,LONG,RND,92.0,92.96,91.440705,ctx
SOL,2026-03-06,1,LONG,RND,86.5,87.91,85.990869,lean
SOL,2026-03-06,2,SHORT,ONL,85.9,84.094056,86.409131,ctx
SOL,2026-03-09,1,LONG,PDH,84.13,84.61,83.658539,ctx
SOL,2026-03-09,2,SHORT,RND,83.5,81.59,83.971461,ctx
SOL,2026-03-09,3,FADE,ONH,84.61,81.59,85.081461,ctx
SOL,2026-03-10,1,SHORT,PDC,84.96,84.83,85.439589,lean
SOL,2026-03-10,2,LONG,RND,87.0,87.06,86.520411,ctx
SOL,2026-03-11,1,LONG,PDL,84.83,85.88,84.345218,lean
SOL,2026-03-11,2,SHORT,RND,84.5,84.39,84.984782,ctx
SOL,2026-03-12,1,SHORT,PDC,86.58,84.72,87.062547,lean
SOL,2026-03-12,2,LONG,RND,87.0,87.94,86.517453,ctx
SOL,2026-03-13,1,LONG,RND,90.5,91.14,90.031695,ctx
SOL,2026-03-13,2,FADE,ONH,91.14,88.144575,91.608305,ctx
SOL,2026-03-16,1,LONG,RND,94.0,94.32,93.558834,ctx
SOL,2026-03-16,2,SHORT,PDH,93.23,92.3,93.671166,ctx
SOL,2026-03-16,3,FADE,ONH,94.32,92.3,94.761166,ctx
SOL,2026-03-17,1,SHORT,RND,93.5,93.2,93.97779,lean
SOL,2026-03-18,1,SHORT,ONL,91.82,89.544221,92.346238,lean
SOL,2026-03-18,2,LONG,PDL,93.15,94.455779,92.623762,ctx
SOL,2026-03-19,1,LONG,PDC,90.08,91.41,89.583046,lean
SOL,2026-03-19,2,SHORT,RND,89.5,88.63,89.996954,ctx
SOL,2026-03-20,1,LONG,ONH,90.45,90.977375,90.05842,lean
SOL,2026-03-20,2,SHORT,RND,89.0,88.89,89.39158,ctx
SOL,2026-03-23,1,LONG,RND,89.0,89.2,88.530059,lean
SOL,2026-03-24,1,SHORT,PDC,91.43,89.96,91.836155,lean
SOL,2026-03-24,2,LONG,RND,92.0,92.22,91.593845,ctx
SOL,2026-03-25,1,LONG,RND,93.0,93.47,92.607581,ctx
SOL,2026-03-25,2,SHORT,PDH,92.22,91.158712,92.612419,ctx
SOL,2026-03-25,3,FADE,ONH,93.47,91.158712,93.862419,ctx
SOL,2026-03-26,1,SHORT,RND,87.5,87.45,87.879615,lean
SOL,2026-03-27,1,LONG,RND,83.5,85.149721,83.122917,lean
SOL,2026-03-27,2,SHORT,ONL,82.63,81.630279,83.007083,ctx
SOL,2026-03-30,1,LONG,ONH,84.88,86.245404,84.45027,ctx
SOL,2026-03-30,2,SHORT,RND,84.0,83.24,84.42973,ctx
SOL,2026-03-30,3,FADE,ONH,84.88,82.234596,85.30973,ctx
SOL,2026-03-31,1,LONG,RND,81.0,81.15,80.66843,lean
SOL,2026-03-31,2,SHORT,ONL,80.08,79.302671,80.41157,ctx
SOL,2026-04-01,1,SHORT,PDC,83.2,82.33,83.568654,lean
SOL,2026-04-01,2,LONG,RND,83.5,84.62,83.131346,ctx
SOL,2026-04-02,1,SHORT,ONL,78.2,76.255351,78.640282,lean
SOL,2026-04-02,2,LONG,RND,78.5,80.364649,78.059718,ctx
SOL,2026-04-03,1,SHORT,RND,80.0,78.94,80.422925,lean
SOL,2026-04-03,2,LONG,ONH,80.47,81.77,80.047075,ctx
SOL,2026-04-06,1,SHORT,PDH,82.13,81.89,82.477959,lean
SOL,2026-04-06,2,LONG,RND,82.5,83.2,82.152041,ctx
SOL,2026-04-07,1,SHORT,RND,79.0,78.95,79.340056,lean
SOL,2026-04-07,2,LONG,PDL,79.6,80.03,79.259944,ctx
SOL,2026-04-08,1,SHORT,ONL,82.91,82.871257,83.248302,lean
SOL,2026-04-08,2,LONG,RND,84.5,85.56,84.161698,ctx
SOL,2026-04-09,1,SHORT,RND,82.0,81.7,82.350848,lean
SOL,2026-04-09,2,LONG,PDL,82.24,82.57,81.889152,ctx
SOL,2026-04-10,1,SHORT,RND,83.5,83.33,83.854078,lean
SOL,2026-04-13,1,SHORT,PDC,81.53,81.27,81.876429,lean
SOL,2026-04-13,2,LONG,RND,82.0,82.82,81.653571,ctx
SOL,2026-04-14,1,LONG,RND,86.0,86.51,85.63241,ctx
SOL,2026-04-15,1,SHORT,RND,83.5,83.3,83.855735,lean
SOL,2026-04-15,2,LONG,PDC,83.72,84.06,83.364265,ctx
SOL,2026-04-16,1,SHORT,RND,85.0,84.9,85.371463,lean
SOL,2026-04-16,2,LONG,ONH,85.71,85.83,85.338537,ctx
SOL,2026-04-17,1,SHORT,RND,88.0,87.34,88.40391,lean
SOL,2026-04-17,2,LONG,PDC,89.05,89.53,88.64609,ctx
SOL,2026-04-20,1,SHORT,RND,85.0,83.47,85.365207,lean
SOL,2026-04-20,2,LONG,ONH,85.76,86.774298,85.394793,ctx
SOL,2026-04-21,1,LONG,RND,86.0,86.22,85.624323,lean
SOL,2026-04-21,2,SHORT,PDC,85.28,85.0,85.655677,ctx
SOL,2026-04-22,1,LONG,RND,88.5,88.88,88.149306,ctx
SOL,2026-04-22,2,SHORT,PDH,86.89,86.673429,87.240694,ctx
SOL,2026-04-22,3,FADE,ONH,88.88,86.673429,89.230694,ctx
SOL,2026-04-23,1,SHORT,ONL,85.2,84.153708,85.55492,lean
SOL,2026-04-23,2,LONG,RND,86.0,86.01,85.64508,ctx
SOL,2026-04-24,1,LONG,ONH,86.36,87.18,86.019484,ctx
SOL,2026-04-24,2,SHORT,PDC,86.12,86.0,86.460516,ctx
SOL,2026-04-24,3,FADE,PDH,87.18,86.12,87.520516,ctx
SOL,2026-04-27,1,SHORT,ONL,85.05,83.655978,85.393719,lean
SOL,2026-04-27,2,LONG,RND,85.5,85.84,85.156281,ctx
SOL,2026-04-28,1,SHORT,ONL,83.3,81.854911,83.635376,lean
SOL,2026-04-28,2,LONG,RND,83.5,83.63,83.164624,ctx
SOL,2026-04-29,1,LONG,PDH,84.93,85.0,84.594083,lean
SOL,2026-04-29,2,SHORT,PDC,84.06,83.342386,84.395917,ctx
SOL,2026-04-30,1,SHORT,RND,83.0,82.16,83.333579,lean
SOL,2026-04-30,2,LONG,PDC,83.04,84.01,82.706421,ctx
SOL,2026-05-01,1,SHORT,RND,84.0,83.09,84.33378,lean
SOL,2026-05-01,2,LONG,ONH,84.38,85.567639,84.04622,ctx
SOL,2026-05-04,1,SHORT,PDC,83.91,83.58,84.238937,lean
SOL,2026-05-04,2,LONG,RND,84.0,84.97,83.671063,ctx
SOL,2026-05-05,1,LONG,RND,85.0,85.12,84.671957,ctx
SOL,2026-05-05,2,SHORT,PDC,84.1,84.02,84.428043,ctx
SOL,2026-05-05,3,FADE,PDH,85.9,84.1,86.228043,ctx
SOL,2026-05-06,1,LONG,RND,90.0,90.03,89.661733,ctx
SOL,2026-05-07,1,SHORT,RND,89.5,89.16,89.863453,lean
SOL,2026-05-07,2,LONG,PDH,90.03,90.44,89.666547,ctx
SOL,2026-05-08,1,LONG,ONH,89.1,90.296414,88.745054,lean
SOL,2026-05-08,2,SHORT,RND,88.5,88.42,88.854946,ctx
SOL,2026-05-11,1,SHORT,RND,95.0,94.43,95.499261,lean
SOL,2026-05-11,2,LONG,PDC,96.47,96.86,95.970739,ctx
SOL,2026-05-12,1,SHORT,ONL,94.6,94.3,95.087947,lean
SOL,2026-05-12,2,LONG,RND,95.0,97.257084,94.512053,ctx
SOL,2026-05-13,1,LONG,RND,94.5,95.99,94.072368,lean
SOL,2026-05-13,2,SHORT,PDC,94.28,94.05,94.707632,ctx
SOL,2026-05-14,1,SHORT,RND,90.5,90.27,90.877421,lean
SOL,2026-05-14,2,LONG,PDC,91.17,92.02,90.792579,ctx
SOL,2026-05-15,1,SHORT,ONL,90.26,89.82,90.669353,lean
SOL,2026-05-15,2,LONG,RND,91.5,92.15,91.090647,ctx
SOL,2026-05-18,1,LONG,RND,85.0,85.24,84.624499,lean
SOL,2026-05-19,1,LONG,RND,84.5,85.38,84.157021,lean
SOL,2026-05-19,2,SHORT,ONL,84.27,83.5,84.612979,ctx
SOL,2026-05-20,1,LONG,ONH,85.21,85.97,84.877246,lean
SOL,2026-05-20,2,SHORT,RND,84.5,84.29,84.832754,ctx
SOL,2026-05-21,1,SHORT,ONL,85.57,85.5,85.911549,lean
SOL,2026-05-21,2,LONG,PDC,86.17,87.09,85.828451,ctx
SOL,2026-05-22,1,SHORT,ONL,86.52,85.690846,86.869105,lean
SOL,2026-05-22,2,LONG,PDC,87.36,87.5,87.010895,ctx
SOL,2026-05-25,1,SHORT,PDC,85.27,84.20008,85.604268,lean
SOL,2026-05-25,2,LONG,RND,86.0,86.22,85.665732,ctx
SOL,2026-05-26,1,SHORT,PDC,85.06,85.0,85.391788,lean
SOL,2026-05-26,2,LONG,ONH,85.8,86.52,85.468212,ctx
SOL,2026-05-27,1,SHORT,PDC,83.72,83.15,84.051507,lean
SOL,2026-05-27,2,LONG,RND,84.0,84.42,83.668493,ctx
SOL,2026-05-28,1,LONG,RND,81.0,82.1,80.679302,lean
SOL,2026-05-28,2,SHORT,ONL,80.0,79.383409,80.320698,ctx
SOL,2026-05-29,1,SHORT,ONL,81.36,80.251806,81.685327,lean
SOL,2026-05-29,2,LONG,RND,82.0,82.11,81.674673,ctx
SOL,2026-06-01,1,SHORT,ONL,80.46,79.313409,80.780698,lean
SOL,2026-06-01,2,LONG,RND,81.0,81.33,80.679302,ctx
SOL,2026-06-02,1,SHORT,ONL,78.78,77.469549,79.095097,lean
SOL,2026-06-02,2,LONG,RND,79.0,79.11,78.684903,ctx
SOL,2026-06-03,1,SHORT,RND,75.0,74.23,75.391685,lean
SOL,2026-06-03,2,LONG,ONH,75.71,76.947863,75.318315,ctx
SOL,2026-06-04,1,LONG,PDL,70.93,71.033789,70.429902,lean
SOL,2026-06-04,2,SHORT,RND,68.5,66.8,69.000098,ctx
SOL,2026-06-05,1,LONG,PDL,66.8,67.855812,66.419469,lean
SOL,2026-06-05,2,SHORT,RND,66.0,64.304187,66.380531,ctx
SOL,2026-06-09,1,SHORT,RND,66.0,65.29,66.386114,lean
SOL,2026-06-09,2,LONG,PDC,66.82,67.48,66.433886,ctx
SOL,2026-06-10,1,LONG,RND,63.5,63.54,63.115079,lean
SOL,2026-06-10,2,SHORT,ONL,62.95,61.693702,63.334921,ctx
SOL,2026-06-11,1,LONG,RND,66.0,66.15,65.588554,ctx
SOL,2026-06-11,2,SHORT,PDH,65.77,63.959918,66.181446,ctx
SOL,2026-06-11,3,FADE,ONH,66.15,63.959918,66.561446,ctx
SOL,2026-06-12,1,SHORT,ONL,65.95,65.196155,66.321538,lean
SOL,2026-06-12,2,LONG,RND,67.0,67.42,66.628462,ctx
SOL,2026-06-15,1,SHORT,RND,72.5,71.29,72.902367,lean
SOL,2026-06-15,2,LONG,ONH,72.82,74.487713,72.417633,ctx
SOL,2026-06-16,1,SHORT,RND,74.5,73.98,74.938894,lean
SOL,2026-06-16,2,LONG,ONH,75.65,76.09,75.211106,ctx
SOL,2026-06-17,1,LONG,PDL,72.29,73.52,71.873504,lean
SOL,2026-06-17,2,SHORT,RND,72.0,71.71,72.416496,ctx
SOL,2026-06-18,1,LONG,RND,71.0,72.05,70.589062,lean
SOL,2026-06-18,2,SHORT,PDL,70.83,70.64,71.240938,ctx
SOL,2026-06-19,1,SHORT,PDL,68.23,68.0,68.653715,lean
SOL,2026-06-19,2,LONG,PDC,69.71,70.09,69.286285,ctx
SOL,2026-06-22,1,SHORT,RND,74.0,72.46,74.383602,lean
SOL,2026-06-22,2,LONG,PDH,74.68,74.99,74.296398,ctx
SOL,2026-06-23,1,LONG,RND,69.5,71.11611,69.117262,lean
SOL,2026-06-23,2,SHORT,ONL,68.16,67.54389,68.542738,ctx
SOL,2026-06-24,1,LONG,RND,70.0,70.44,69.632115,lean
SOL,2026-06-24,2,SHORT,PDC,69.71,68.77,70.077885,ctx
SOL,2026-06-25,1,LONG,ONH,69.66,70.038313,69.26179,lean
SOL,2026-06-25,2,SHORT,PDC,68.11,68.0,68.50821,ctx
SOL,2026-06-26,1,SHORT,RND,68.5,67.72,68.89898,lean
SOL,2026-06-26,2,LONG,PDH,69.66,70.471906,69.26102,ctx
SOL,2026-06-29,1,LONG,ONH,73.68,74.590663,73.236286,lean
SOL,2026-06-29,2,SHORT,RND,72.5,72.41,72.943714,ctx
SOL,2026-06-30,1,SHORT,ONL,73.3,71.240717,73.762704,lean
SOL,2026-06-30,2,LONG,RND,73.5,75.16,73.037296,ctx
SOL,2026-07-01,1,SHORT,PDC,73.67,72.896881,74.086383,lean
SOL,2026-07-01,2,LONG,RND,75.0,75.8,74.583617,ctx
SOL,2026-07-02,1,LONG,RND,82.5,82.78,82.040151,ctx
SOL,2026-07-02,2,FADE,ONH,82.78,80.234039,83.239849,ctx
SOL,2026-07-03,1,LONG,ONH,81.88,82.78,81.447126,ctx
SOL,2026-07-03,2,SHORT,RND,81.5,80.73,81.932874,ctx
SOL,2026-07-03,3,FADE,PDH,82.78,80.73,83.212874,ctx
SOL,2026-07-06,1,LONG,RND,80.5,81.59,80.045285,lean
SOL,2026-07-06,2,SHORT,ONL,80.06,79.68,80.514715,ctx
SOL,2026-07-07,1,SHORT,ONL,80.46,79.236746,80.906411,lean
SOL,2026-07-07,2,LONG,RND,81.5,81.94,81.053589,ctx
SOL,2026-07-08,1,SHORT,RND,77.5,76.9,77.944544,ctx
SOL,2026-07-09,1,SHORT,RND,77.5,76.71,77.902794,lean
SOL,2026-07-09,2,LONG,PDC,77.83,78.83,77.427206,ctx
SOL,2026-07-10,1,SHORT,PDH,78.83,78.04,79.233881,lean
SOL,2026-07-10,2,LONG,RND,79.5,79.68,79.096119,ctx
SOL,2026-07-13,1,SHORT,PDL,75.65,75.43,76.045403,lean
SOL,2026-07-13,2,LONG,RND,76.5,76.92,76.104597,ctx
SOL,2026-07-14,1,LONG,RND,75.5,75.62,75.108295,ctx
SOL,2026-07-14,2,SHORT,PDC,75.01,74.4,75.401705,ctx
SOL,2026-07-14,3,FADE,RND,75.5,75.01,75.891705,ctx
SOL,2026-07-15,1,SHORT,RND,77.5,77.03,77.903001,lean
SOL,2026-07-15,2,LONG,PDC,77.87,77.95,77.466999,ctx
SOL,2026-07-16,1,LONG,RND,76.5,76.94,76.184934,lean
SOL,2026-07-16,2,SHORT,ONL,75.64,74.809693,75.955066,ctx
SOL,2026-07-17,1,LONG,RND,75.0,75.01,74.702657,lean
SOL,2026-07-17,2,SHORT,ONL,74.2,73.4724,74.497343,ctx
SOL,2026-07-20,1,LONG,ONH,77.4,78.570863,77.093386,ctx
SOL,2026-07-20,2,SHORT,RND,77.0,76.7,77.306614,ctx
SOL,2026-07-20,3,FADE,ONH,77.4,76.38,77.706614,ctx
SOL,2026-07-21,1,SHORT,PDC,77.85,77.43,78.167349,lean
SOL,2026-07-21,2,LONG,PDH,78.38,78.5,78.062651,ctx
SOL,2026-07-22,1,SHORT,RND,77.5,77.42,77.809642,lean
SOL,2026-07-22,2,LONG,PDC,78.12,78.59,77.810358,ctx
SOL,2026-07-23,1,LONG,PDC,77.97,78.54,77.657004,lean
SOL,2026-07-23,2,SHORT,RND,77.5,77.04,77.812996,ctx
XRP,2022-01-11,1,SHORT,RND,0.74,0.7399,0.7435,lean
XRP,2022-01-11,2,LONG,ONH,0.7568,0.756834,0.7533,ctx
XRP,2022-01-12,1,SHORT,PDH,0.7768,0.7703,0.780444,lean
XRP,2022-01-13,1,SHORT,ONL,0.7834,0.771773,0.78722,lean
XRP,2022-01-13,2,LONG,RND,0.79,0.7987,0.78618,ctx
XRP,2022-01-14,1,LONG,RND,0.76,0.7604,0.756301,lean
XRP,2022-01-14,2,SHORT,ONL,0.7513,0.742239,0.754999,ctx
XRP,2022-01-17,1,SHORT,RND,0.76,0.7554,0.763723,lean
XRP,2022-01-17,2,LONG,PDL,0.768,0.7784,0.764277,ctx
XRP,2022-01-18,1,SHORT,ONL,0.7352,0.728977,0.738719,lean
XRP,2022-01-18,2,LONG,PDL,0.7498,0.75,0.746281,ctx
XRP,2022-01-19,1,LONG,RND,0.74,0.7509,0.736567,lean
XRP,2022-01-19,2,SHORT,PDL,0.7352,0.7231,0.738633,ctx
XRP,2022-01-20,1,LONG,ONH,0.7487,0.7533,0.745418,lean
XRP,2022-01-20,2,SHORT,RND,0.74,0.7381,0.743282,ctx
XRP,2022-01-21,1,LONG,RND,0.68,0.690718,0.676782,lean
XRP,2022-01-24,1,SHORT,RND,0.56,0.557,0.562903,ctx
XRP,2022-01-25,1,SHORT,RND,0.6,0.590731,0.602993,lean
XRP,2022-01-25,2,LONG,PDC,0.6118,0.6146,0.608807,ctx
XRP,2022-01-26,1,LONG,PDH,0.6243,0.6376,0.62116,lean
XRP,2022-01-26,2,SHORT,RND,0.62,0.618,0.62314,ctx
XRP,2022-01-27,1,SHORT,PDL,0.6047,0.594914,0.607847,lean
XRP,2022-01-27,2,LONG,RND,0.61,0.6193,0.606853,ctx
XRP,2022-01-28,1,SHORT,ONL,0.5916,0.59,0.594512,ctx
XRP,2022-01-31,1,SHORT,ONL,0.5803,0.573915,0.583125,lean
XRP,2022-01-31,2,LONG,RND,0.59,0.5973,0.587175,ctx
XRP,2022-02-01,1,SHORT,RND,0.62,0.6174,0.622953,lean
XRP,2022-02-01,2,LONG,PDH,0.6242,0.63,0.621247,ctx
XRP,2022-02-02,1,SHORT,RND,0.63,0.6284,0.633006,lean
XRP,2022-02-02,2,LONG,PDH,0.6308,0.6314,0.627794,ctx
XRP,2022-02-03,1,SHORT,PDL,0.5955,0.5886,0.598438,lean
XRP,2022-02-03,2,LONG,RND,0.6,0.6006,0.597062,ctx
XRP,2022-02-04,1,LONG,ONH,0.6214,0.62788,0.618533,lean
XRP,2022-02-04,2,SHORT,PDH,0.6116,0.6102,0.614467,ctx
XRP,2022-02-07,1,SHORT,RND,0.77,0.753665,0.773586,lean
XRP,2022-02-08,1,LONG,RND,0.85,0.869733,0.844914,lean
XRP,2022-02-08,2,SHORT,PDH,0.839,0.8314,0.844086,ctx
XRP,2022-02-09,1,SHORT,PDC,0.8763,0.864153,0.881689,lean
XRP,2022-02-09,2,LONG,RND,0.89,0.9048,0.884611,ctx
XRP,2022-02-10,1,SHORT,RND,0.88,0.8697,0.885348,lean
XRP,2022-02-10,2,LONG,ONH,0.8994,0.908058,0.894052,ctx
XRP,2022-02-11,1,LONG,RND,0.82,0.821,0.815033,lean
XRP,2022-02-14,1,LONG,PDC,0.8057,0.8134,0.800859,lean
XRP,2022-02-14,2,SHORT,RND,0.8,0.792,0.804841,ctx
XRP,2022-02-15,1,SHORT,RND,0.83,0.8127,0.834385,lean
XRP,2022-02-15,2,LONG,ONH,0.84,0.852464,0.835615,ctx
XRP,2022-02-16,1,SHORT,ONL,0.823,0.803165,0.828236,lean
XRP,2022-02-16,2,LONG,RND,0.83,0.8515,0.824764,ctx
XRP,2022-02-17,1,LONG,PDC,0.8366,0.837864,0.831594,lean
XRP,2022-02-17,2,SHORT,RND,0.81,0.8086,0.815006,ctx
XRP,2022-02-18,1,SHORT,RND,0.78,0.769,0.7842,ctx
XRP,2022-02-21,1,LONG,RND,0.77,0.7769,0.765772,lean
XRP,2022-02-21,2,SHORT,PDL,0.7643,0.7611,0.768528,ctx
XRP,2022-02-22,1,SHORT,PDC,0.7018,0.7,0.705544,ctx
XRP,2022-02-23,1,LONG,RND,0.74,0.7411,0.736212,lean
XRP,2022-02-23,2,SHORT,PDH,0.7266,0.7209,0.730388,ctx
XRP,2022-02-24,1,LONG,RND,0.64,0.654026,0.635923,lean
XRP,2022-02-24,2,SHORT,ONL,0.6215,0.615974,0.625577,ctx
XRP,2022-02-25,1,SHORT,RND,0.71,0.6963,0.713715,lean
XRP,2022-02-25,2,LONG,ONH,0.7158,0.7226,0.712085,ctx
XRP,2022-02-28,1,SHORT,PDC,0.7215,0.72,0.72554,lean
XRP,2022-02-28,2,LONG,ONH,0.7328,0.743155,0.72876,ctx
XRP,2022-03-01,1,SHORT,PDC,0.7809,0.78,0.785637,lean
XRP,2022-03-01,2,LONG,ONH,0.7894,0.7938,0.784663,ctx
XRP,2022-03-02,1,LONG,PDC,0.7839,0.7875,0.779415,lean
XRP,2022-03-02,2,SHORT,RND,0.77,0.761,0.774485,ctx
XRP,2022-03-03,1,SHORT,PDC,0.7687,0.7586,0.772898,lean
XRP,2022-03-03,2,LONG,RND,0.77,0.7848,0.765802,ctx
XRP,2022-03-04,1,LONG,RND,0.74,0.7515,0.735979,lean
XRP,2022-03-04,2,SHORT,PDL,0.7336,0.7235,0.737621,ctx
XRP,2022-03-07,1,LONG,ONH,0.7544,0.7589,0.75059,lean
XRP,2022-03-07,2,SHORT,RND,0.74,0.7251,0.74381,ctx
XRP,2022-03-08,1,LONG,RND,0.73,0.7313,0.726268,lean
XRP,2022-03-08,2,SHORT,PDC,0.7197,0.7135,0.723432,ctx
XRP,2022-03-09,1,LONG,RND,0.75,0.7605,0.746529,lean
XRP,2022-03-10,1,SHORT,ONL,0.7285,0.7199,0.732638,lean
XRP,2022-03-10,2,LONG,RND,0.74,0.755609,0.735862,ctx
XRP,2022-03-11,1,LONG,ONH,0.7513,0.761956,0.747559,lean
XRP,2022-03-11,2,SHORT,RND,0.74,0.7361,0.743741,ctx
XRP,2022-03-14,1,LONG,RND,0.77,0.785828,0.765944,lean
XRP,2022-03-14,2,SHORT,PDC,0.7602,0.7508,0.764256,ctx
XRP,2022-03-15,1,SHORT,RND,0.75,0.745,0.754169,ctx
XRP,2022-03-16,1,SHORT,RND,0.77,0.7657,0.773971,lean
XRP,2022-03-16,2,LONG,PDH,0.7768,0.78893,0.772829,ctx
XRP,2022-03-17,1,SHORT,ONL,0.783,0.768736,0.787106,lean
XRP,2022-03-17,2,LONG,RND,0.79,0.7919,0.785894,ctx
XRP,2022-03-18,1,SHORT,ONL,0.7762,0.761212,0.780162,lean
XRP,2022-03-18,2,LONG,RND,0.78,0.783,0.776038,ctx
XRP,2022-03-21,1,SHORT,RND,0.81,0.8057,0.81398,lean
XRP,2022-03-21,2,LONG,ONH,0.8198,0.822,0.81582,ctx
XRP,2022-03-22,1,LONG,RND,0.85,0.8549,0.845495,lean
XRP,2022-03-22,2,SHORT,PDC,0.8373,0.8328,0.841805,ctx
XRP,2022-03-23,1,SHORT,RND,0.82,0.8171,0.824477,lean
XRP,2022-03-23,2,LONG,PDL,0.8273,0.8366,0.822823,ctx
XRP,2022-03-24,1,LONG,PDC,0.8376,0.846,0.833418,lean
XRP,2022-03-24,2,SHORT,RND,0.83,0.8272,0.834182,ctx
XRP,2022-03-25,1,SHORT,ONL,0.8291,0.8272,0.833308,lean
XRP,2022-03-25,2,LONG,RND,0.84,0.8428,0.835792,ctx
XRP,2022-03-28,1,LONG,RND,0.87,0.8779,0.865716,lean
XRP,2022-03-28,2,SHORT,PDH,0.8582,0.858,0.862484,ctx
XRP,2022-03-29,1,SHORT,RND,0.88,0.8641,0.883891,lean
XRP,2022-03-29,2,LONG,ONH,0.8959,0.899157,0.892009,ctx
XRP,2022-03-30,1,SHORT,PDC,0.8577,0.848978,0.861562,lean
XRP,2022-03-30,2,LONG,ONH,0.8694,0.87,0.865538,ctx
XRP,2022-03-31,1,LONG,RND,0.87,0.8718,0.866137,lean
XRP,2022-03-31,2,SHORT,PDC,0.8613,0.8527,0.865163,ctx
XRP,2022-04-01,1,LONG,PDC,0.8148,0.831006,0.811177,lean
XRP,2022-04-01,2,SHORT,RND,0.81,0.8059,0.813623,ctx
XRP,2022-04-04,1,SHORT,ONL,0.823,0.818027,0.826744,lean
XRP,2022-04-04,2,LONG,RND,0.84,0.8432,0.836256,ctx
XRP,2022-04-05,1,SHORT,PDC,0.826,0.8221,0.829525,lean
XRP,2022-04-05,2,LONG,RND,0.83,0.8308,0.826475,ctx
XRP,2022-04-06,1,LONG,RND,0.8,0.811759,0.796516,lean
XRP,2022-04-07,1,LONG,ONH,0.7886,0.79,0.785205,lean
XRP,2022-04-08,1,SHORT,ONL,0.7678,0.753507,0.771248,lean
XRP,2022-04-08,2,LONG,RND,0.77,0.785693,0.766552,ctx
XRP,2022-04-11,1,LONG,RND,0.71,0.723836,0.706628,lean
XRP,2022-04-11,2,SHORT,ONL,0.7053,0.692364,0.708672,ctx
XRP,2022-04-12,1,LONG,ONH,0.7137,0.727036,0.710435,lean
XRP,2022-04-12,2,SHORT,RND,0.71,0.696564,0.713265,ctx
XRP,2022-04-13,1,LONG,RND,0.71,0.7152,0.70682,lean
XRP,2022-04-13,2,SHORT,ONL,0.702,0.6924,0.70518,ctx
XRP,2022-04-14,1,SHORT,ONL,0.7206,0.72,0.723736,lean
XRP,2022-04-14,2,LONG,PDC,0.7232,0.7252,0.720064,ctx
XRP,2022-04-15,1,LONG,RND,0.78,0.794068,0.776771,lean
XRP,2022-04-18,1,LONG,RND,0.74,0.7477,0.736657,lean
XRP,2022-04-18,2,SHORT,ONL,0.7266,0.723799,0.729943,ctx
XRP,2022-04-19,1,SHORT,RND,0.76,0.7588,0.763286,lean
XRP,2022-04-20,1,SHORT,RND,0.77,0.7606,0.773263,lean
XRP,2022-04-20,2,LONG,PDC,0.7749,0.7767,0.771637,ctx
XRP,2022-04-21,1,LONG,ONH,0.7591,0.76,0.755892,lean
XRP,2022-04-21,2,SHORT,PDC,0.7517,0.7428,0.754908,ctx
XRP,2022-04-22,1,LONG,RND,0.73,0.7328,0.726873,lean
XRP,2022-04-25,1,LONG,RND,0.67,0.679885,0.666896,lean
XRP,2022-04-26,1,SHORT,ONL,0.6744,0.66481,0.677398,lean
XRP,2022-04-26,2,LONG,RND,0.68,0.69279,0.677002,ctx
XRP,2022-04-27,1,LONG,RND,0.65,0.660193,0.64713,lean
XRP,2022-04-27,2,SHORT,PDC,0.642,0.633407,0.64487,ctx
XRP,2022-04-28,1,LONG,RND,0.65,0.6522,0.647143,lean
XRP,2022-04-28,2,SHORT,ONL,0.646,0.6361,0.648857,ctx
XRP,2022-04-29,1,SHORT,ONL,0.6129,0.605992,0.615687,lean
XRP,2022-04-29,2,LONG,RND,0.62,0.632008,0.617213,ctx
XRP,2022-05-02,1,LONG,RND,0.61,0.6125,0.607301,lean
XRP,2022-05-02,2,SHORT,PDC,0.607,0.6005,0.609699,ctx
XRP,2022-05-03,1,SHORT,RND,0.62,0.6143,0.622731,lean
XRP,2022-05-03,2,LONG,ONH,0.628,0.6312,0.625269,ctx
XRP,2022-05-04,1,LONG,RND,0.62,0.622,0.617351,ctx
XRP,2022-05-05,1,SHORT,ONL,0.6346,0.622774,0.63737,lean
XRP,2022-05-05,2,LONG,RND,0.64,0.6459,0.63723,ctx
XRP,2022-05-06,1,LONG,PDC,0.5981,0.6,0.59544,lean
XRP,2022-05-06,2,SHORT,ONL,0.5891,0.584885,0.59176,ctx
XRP,2022-05-09,1,LONG,RND,0.54,0.548512,0.537469,lean
XRP,2022-05-09,2,SHORT,ONL,0.5265,0.524888,0.529031,ctx
XRP,2022-05-10,1,LONG,ONH,0.5347,0.537865,0.531729,lean
XRP,2022-05-10,2,SHORT,RND,0.52,0.510135,0.522971,ctx
XRP,2022-05-11,1,SHORT,RND,0.49,0.489,0.493654,lean
XRP,2022-05-12,1,LONG,RND,0.38,0.39173,0.376843,lean
XRP,2022-05-12,2,SHORT,PDL,0.3646,0.36227,0.367757,ctx
XRP,2022-05-13,1,LONG,RND,0.46,0.4659,0.456922,lean
XRP,2022-05-16,1,SHORT,PDL,0.4149,0.4087,0.417745,lean
XRP,2022-05-16,2,LONG,RND,0.42,0.432479,0.417155,ctx
XRP,2022-05-17,1,LONG,ONH,0.4379,0.443091,0.435266,lean
XRP,2022-05-17,2,SHORT,RND,0.43,0.4231,0.432634,ctx
XRP,2022-05-18,1,SHORT,ONL,0.424,0.417,0.426701,lean
XRP,2022-05-18,2,LONG,RND,0.43,0.438,0.427299,ctx
XRP,2022-05-19,1,LONG,ONH,0.4159,0.422043,0.413362,lean
XRP,2022-05-19,2,SHORT,RND,0.41,0.4056,0.412538,ctx
XRP,2022-05-20,1,LONG,RND,0.43,0.440415,0.427382,lean
XRP,2022-05-20,2,SHORT,PDH,0.4242,0.4205,0.426818,ctx
XRP,2022-05-23,1,LONG,PDH,0.4255,0.4273,0.422919,lean
XRP,2022-05-23,2,SHORT,PDC,0.4218,0.42,0.424381,ctx
XRP,2022-05-24,1,SHORT,PDC,0.4052,0.4002,0.40768,lean
XRP,2022-05-24,2,LONG,RND,0.41,0.4138,0.40752,ctx
XRP,2022-05-25,1,LONG,RND,0.4,0.4086,0.397491,lean
XRP,2022-05-25,2,SHORT,ONL,0.3948,0.3908,0.397309,ctx
XRP,2022-05-26,1,SHORT,ONL,0.3837,0.376826,0.386202,lean
XRP,2022-05-26,2,LONG,RND,0.39,0.3948,0.387498,ctx
XRP,2022-05-27,1,SHORT,RND,0.39,0.3855,0.392415,lean
XRP,2022-05-27,2,LONG,PDC,0.392,0.402372,0.389585,ctx
XRP,2022-05-30,1,LONG,RND,0.4,0.4057,0.398096,ctx
XRP,2022-05-31,1,SHORT,RND,0.42,0.4197,0.422049,lean
XRP,2022-06-01,1,LONG,RND,0.42,0.4217,0.418072,lean
XRP,2022-06-01,2,SHORT,ONL,0.4132,0.407102,0.415128,ctx
XRP,2022-06-02,1,LONG,RND,0.4,0.4016,0.398096,lean
XRP,2022-06-02,2,SHORT,PDC,0.398,0.390817,0.399904,ctx
XRP,2022-06-03,1,SHORT,ONL,0.3911,0.3907,0.392904,lean
XRP,2022-06-06,1,LONG,ONH,0.4099,0.412382,0.408168,lean
XRP,2022-06-06,2,SHORT,RND,0.4,0.3995,0.401732,ctx
XRP,2022-06-07,1,SHORT,ONL,0.3846,0.381367,0.386343,lean
XRP,2022-06-07,2,LONG,RND,0.39,0.394,0.388257,ctx
XRP,2022-06-08,1,SHORT,ONL,0.3947,0.390666,0.396486,lean
XRP,2022-06-08,2,LONG,RND,0.4,0.407334,0.398214,ctx
XRP,2022-06-09,1,LONG,ONH,0.4041,0.409278,0.40239,lean
XRP,2022-06-09,2,SHORT,PDC,0.4006,0.4,0.40231,ctx
XRP,2022-06-10,1,LONG,PDH,0.4041,0.408984,0.402368,lean
XRP,2022-06-10,2,SHORT,PDC,0.4002,0.4,0.401932,ctx
XRP,2022-06-13,1,SHORT,RND,0.31,0.3035,0.311613,ctx
XRP,2022-06-14,1,LONG,PDC,0.3118,0.318437,0.310335,lean
XRP,2022-06-14,2,SHORT,RND,0.31,0.304763,0.311465,ctx
XRP,2022-06-15,1,LONG,RND,0.31,0.316446,0.308533,ctx
XRP,2022-06-16,1,SHORT,ONL,0.313,0.306675,0.314805,lean
XRP,2022-06-16,2,LONG,RND,0.32,0.323525,0.318195,ctx
XRP,2022-06-17,1,LONG,RND,0.33,0.332927,0.328366,lean
XRP,2022-06-20,1,SHORT,PDC,0.3264,0.318787,0.328138,lean
XRP,2022-06-20,2,LONG,ONH,0.3297,0.33,0.327962,ctx
XRP,2022-06-21,1,SHORT,PDC,0.3227,0.318741,0.324384,lean
XRP,2022-06-21,2,LONG,PDH,0.3289,0.33,0.327216,ctx
XRP,2022-06-22,1,SHORT,RND,0.32,0.319,0.321731,lean
XRP,2022-06-22,2,LONG,PDC,0.3294,0.331377,0.327669,ctx
XRP,2022-06-23,1,LONG,PDH,0.3297,0.33,0.328026,lean
XRP,2022-06-23,2,SHORT,PDC,0.3223,0.3213,0.323974,ctx
XRP,2022-06-24,1,SHORT,RND,0.37,0.363669,0.371785,lean
XRP,2022-06-27,1,SHORT,RND,0.36,0.3592,0.361757,lean
XRP,2022-06-27,2,LONG,ONH,0.3671,0.370601,0.365343,ctx
XRP,2022-06-28,1,LONG,RND,0.35,0.3537,0.34827,lean
XRP,2022-06-28,2,SHORT,PDL,0.348,0.3406,0.34973,ctx
XRP,2022-06-29,1,LONG,RND,0.33,0.3353,0.328285,lean
XRP,2022-06-29,2,SHORT,ONL,0.325,0.319296,0.326715,ctx
XRP,2022-06-30,1,SHORT,RND,0.31,0.3063,0.311732,lean
XRP,2022-07-04,1,SHORT,PDC,0.3215,0.32,0.322854,lean
XRP,2022-07-04,2,LONG,ONH,0.3254,0.3258,0.324046,ctx
XRP,2022-07-05,1,SHORT,ONL,0.3166,0.3146,0.317984,lean
XRP,2022-07-05,2,LONG,RND,0.32,0.323759,0.318616,ctx
XRP,2022-07-06,1,LONG,PDC,0.3252,0.3274,0.32384,ctx
XRP,2022-07-07,1,SHORT,ONL,0.3269,0.322895,0.328251,lean
XRP,2022-07-07,2,LONG,RND,0.33,0.3324,0.328649,ctx
XRP,2022-07-08,1,SHORT,RND,0.34,0.339,0.341409,lean
XRP,2022-07-08,2,LONG,PDC,0.3422,0.3456,0.340791,ctx
XRP,2022-07-11,1,SHORT,PDL,0.3197,0.319146,0.321062,lean
XRP,2022-07-11,2,LONG,RND,0.33,0.3306,0.328638,ctx
XRP,2022-07-12,1,LONG,PDC,0.3152,0.317953,0.313882,lean
XRP,2022-07-12,2,SHORT,PDL,0.3108,0.31,0.312118,ctx
XRP,2022-07-13,1,LONG,PDH,0.3182,0.32,0.316863,lean
XRP,2022-07-13,2,SHORT,PDC,0.3116,0.311062,0.312937,ctx
XRP,2022-07-14,1,SHORT,ONL,0.3131,0.31,0.314429,ctx
XRP,2022-07-15,1,SHORT,PDH,0.334,0.3338,0.33545,lean
XRP,2022-07-15,2,LONG,RND,0.34,0.341866,0.33855,ctx
XRP,2022-07-18,1,SHORT,PDH,0.3614,0.36,0.362915,lean
XRP,2022-07-18,2,LONG,ONH,0.3701,0.371471,0.368585,ctx
XRP,2022-07-19,1,LONG,RND,0.36,0.3653,0.358164,lean
XRP,2022-07-19,2,SHORT,ONL,0.3515,0.350934,0.353336,ctx
XRP,2022-07-20,1,SHORT,PDC,0.3729,0.37,0.374798,lean
XRP,2022-07-20,2,LONG,PDH,0.3767,0.3817,0.374802,ctx
XRP,2022-07-21,1,SHORT,ONL,0.3504,0.35,0.352196,lean
XRP,2022-07-21,2,LONG,PDL,0.3572,0.361179,0.355404,ctx
XRP,2022-07-22,1,SHORT,PDH,0.3685,0.3669,0.370367,lean
XRP,2022-07-22,2,LONG,ONH,0.3698,0.37,0.367933,ctx
XRP,2022-07-25,1,LONG,RND,0.35,0.354432,0.348343,lean
XRP,2022-07-25,2,SHORT,ONL,0.3422,0.338968,0.343857,ctx
XRP,2022-07-26,1,LONG,PDL,0.335,0.3362,0.333625,lean
XRP,2022-07-26,2,SHORT,RND,0.33,0.3276,0.331375,ctx
XRP,2022-07-27,1,LONG,PDC,0.3372,0.3385,0.335851,lean
XRP,2022-07-27,2,SHORT,ONL,0.3304,0.33,0.331749,ctx
XRP,2022-07-28,1,SHORT,ONL,0.3519,0.349646,0.35354,lean
XRP,2022-07-28,2,LONG,PDC,0.3594,0.3597,0.35776,ctx
XRP,2022-07-29,1,SHORT,ONL,0.3661,0.358263,0.368101,lean
XRP,2022-07-29,2,LONG,RND,0.37,0.3739,0.367999,ctx
XRP,2022-08-01,1,SHORT,ONL,0.373,0.369978,0.37474,lean
XRP,2022-08-01,2,LONG,PDL,0.3782,0.3792,0.37646,ctx
XRP,2022-08-02,1,LONG,PDC,0.3791,0.37942,0.37736,lean
XRP,2022-08-02,2,SHORT,PDL,0.371,0.37,0.37274,ctx
XRP,2022-08-03,1,LONG,ONH,0.376,0.380797,0.374372,lean
XRP,2022-08-03,2,SHORT,PDC,0.3714,0.37,0.373028,ctx
XRP,2022-08-04,1,SHORT,PDC,0.3695,0.3674,0.370977,lean
XRP,2022-08-04,2,LONG,RND,0.37,0.375,0.368523,ctx
XRP,2022-08-05,1,SHORT,PDH,0.375,0.371,0.376552,lean
XRP,2022-08-05,2,LONG,ONH,0.3785,0.38,0.376948,ctx
XRP,2022-08-08,1,LONG,ONH,0.3838,0.38925,0.382268,lean
XRP,2022-08-08,2,SHORT,RND,0.38,0.3772,0.381532,ctx
XRP,2022-08-09,1,LONG,RND,0.37,0.371,0.368355,lean
XRP,2022-08-09,2,SHORT,ONL,0.3679,0.361023,0.369545,ctx
XRP,2022-08-10,1,LONG,PDC,0.3672,0.3696,0.365633,lean
XRP,2022-08-10,2,SHORT,PDL,0.3606,0.36,0.362167,ctx
XRP,2022-08-11,1,SHORT,RND,0.38,0.3784,0.381672,lean
XRP,2022-08-11,2,LONG,PDC,0.3814,0.3815,0.379728,ctx
XRP,2022-08-12,1,LONG,PDL,0.377,0.379007,0.375348,lean
XRP,2022-08-12,2,SHORT,RND,0.37,0.3699,0.371652,ctx
XRP,2022-08-15,1,SHORT,ONL,0.3658,0.360873,0.367349,lean
XRP,2022-08-15,2,LONG,RND,0.37,0.3738,0.368451,ctx
XRP,2022-08-16,1,SHORT,PDC,0.3751,0.369278,0.376669,lean
XRP,2022-08-16,2,LONG,ONH,0.3779,0.38,0.376331,ctx
XRP,2022-08-17,1,LONG,PDH,0.3784,0.38,0.376909,lean
XRP,2022-08-17,2,SHORT,PDC,0.377,0.3738,0.378491,ctx
XRP,2022-08-18,1,LONG,PDC,0.3795,0.38,0.378059,lean
XRP,2022-08-19,1,LONG,RND,0.34,0.345725,0.338495,ctx
XRP,2022-08-22,1,LONG,RND,0.34,0.342207,0.338584,lean
XRP,2022-08-22,2,SHORT,PDL,0.3355,0.3313,0.336916,ctx
XRP,2022-08-23,1,LONG,PDC,0.344,0.3453,0.342593,lean
XRP,2022-08-23,2,SHORT,RND,0.34,0.334335,0.341407,ctx
XRP,2022-08-24,1,LONG,PDC,0.3472,0.348,0.345851,lean
XRP,2022-08-24,2,SHORT,RND,0.34,0.3389,0.341349,ctx
XRP,2022-08-25,1,SHORT,PDC,0.3456,0.3435,0.346943,lean
XRP,2022-08-25,2,LONG,RND,0.35,0.3509,0.348657,ctx
XRP,2022-08-26,1,SHORT,PDH,0.3522,0.35,0.353565,lean
XRP,2022-08-29,1,SHORT,PDC,0.3224,0.3213,0.323776,ctx
XRP,2022-08-30,1,LONG,PDC,0.3337,0.3342,0.332368,lean
XRP,2022-08-30,2,SHORT,RND,0.33,0.3283,0.331332,ctx
XRP,2022-08-31,1,LONG,ONH,0.3339,0.3359,0.332534,lean
XRP,2022-08-31,2,SHORT,RND,0.33,0.3267,0.331366,ctx
XRP,2022-09-01,1,LONG,PDC,0.3277,0.33,0.326329,lean
XRP,2022-09-01,2,SHORT,PDL,0.323,0.3224,0.324371,ctx
XRP,2022-09-02,1,SHORT,ONL,0.3277,0.322987,0.329031,lean
XRP,2022-09-02,2,LONG,RND,0.33,0.3331,0.328669,ctx
XRP,2022-09-05,1,LONG,PDL,0.3275,0.33093,0.326143,lean
XRP,2022-09-05,2,SHORT,ONL,0.3225,0.32,0.323857,ctx
XRP,2022-09-06,1,LONG,RND,0.34,0.342309,0.33867,lean
XRP,2022-09-06,2,SHORT,PDH,0.3338,0.3329,0.33513,ctx
XRP,2022-09-07,1,LONG,ONH,0.3249,0.3293,0.323571,lean
XRP,2022-09-07,2,SHORT,PDC,0.3212,0.32,0.322529,ctx
XRP,2022-09-08,1,SHORT,RND,0.33,0.3284,0.331232,lean
XRP,2022-09-08,2,LONG,PDC,0.3369,0.338248,0.335668,ctx
XRP,2022-09-09,1,SHORT,RND,0.35,0.34509,0.351224,lean
XRP,2022-09-09,2,LONG,ONH,0.3558,0.35651,0.354576,ctx
XRP,2022-09-12,1,SHORT,RND,0.35,0.3485,0.351486,lean
XRP,2022-09-12,2,LONG,PDC,0.3552,0.358,0.353714,ctx
XRP,2022-09-13,1,SHORT,ONL,0.3511,0.349269,0.352714,lean
XRP,2022-09-13,2,LONG,PDC,0.3598,0.36,0.358186,ctx
XRP,2022-09-14,1,LONG,ONH,0.3383,0.34,0.33694,lean
XRP,2022-09-14,2,SHORT,PDC,0.3326,0.3308,0.33396,ctx
XRP,2022-09-15,1,SHORT,ONL,0.3324,0.3312,0.333659,lean
XRP,2022-09-15,2,LONG,RND,0.34,0.341074,0.338741,ctx
XRP,2022-09-16,1,LONG,ONH,0.3312,0.336287,0.329896,lean
XRP,2022-09-16,2,SHORT,RND,0.33,0.3261,0.331304,ctx
XRP,2022-09-19,1,LONG,PDL,0.3556,0.3576,0.353815,lean
XRP,2022-09-19,2,SHORT,RND,0.35,0.342268,0.351785,ctx
XRP,2022-09-20,1,SHORT,RND,0.38,0.371762,0.382108,lean
XRP,2022-09-20,2,LONG,PDC,0.3848,0.3904,0.382692,ctx
XRP,2022-09-21,1,LONG,RND,0.41,0.414,0.407251,lean
XRP,2022-09-22,1,LONG,PDH,0.434,0.4365,0.431308,lean
XRP,2022-09-22,2,SHORT,RND,0.43,0.419939,0.432692,ctx
XRP,2022-09-23,1,LONG,RND,0.49,0.5,0.486369,lean
XRP,2022-09-23,2,SHORT,PDC,0.4862,0.4757,0.489831,ctx
XRP,2022-09-26,1,LONG,PDL,0.4757,0.480801,0.471993,lean
XRP,2022-09-26,2,SHORT,RND,0.46,0.4576,0.463707,ctx
XRP,2022-09-27,1,LONG,RND,0.47,0.484204,0.466806,lean
XRP,2022-09-27,2,SHORT,PDC,0.4683,0.4643,0.471494,ctx
XRP,2022-09-28,1,SHORT,ONL,0.4168,0.412063,0.420172,lean
XRP,2022-09-28,2,LONG,RND,0.43,0.435,0.426628,ctx
XRP,2022-09-29,1,SHORT,RND,0.44,0.4339,0.443061,lean
XRP,2022-09-29,2,LONG,PDC,0.4489,0.454586,0.445839,ctx
XRP,2022-09-30,1,LONG,RND,0.48,0.4877,0.476625,lean
XRP,2022-09-30,2,SHORT,ONL,0.4721,0.46335,0.475475,ctx
XRP,2022-10-03,1,LONG,PDC,0.4485,0.45,0.445492,lean
XRP,2022-10-03,2,SHORT,PDL,0.443,0.4372,0.446008,ctx
XRP,2022-10-04,1,SHORT,RND,0.47,0.4694,0.473099,lean
XRP,2022-10-04,2,LONG,ONH,0.4755,0.486161,0.472401,ctx
XRP,2022-10-05,1,SHORT,ONL,0.4716,0.463442,0.474784,lean
XRP,2022-10-05,2,LONG,PDC,0.4795,0.48,0.476316,ctx
XRP,2022-10-06,1,LONG,RND,0.5,0.502,0.496673,lean
XRP,2022-10-06,2,SHORT,PDC,0.4887,0.4878,0.492027,ctx
XRP,2022-10-07,1,LONG,PDC,0.4934,0.496,0.490937,lean
XRP,2022-10-07,2,SHORT,RND,0.49,0.4883,0.492463,ctx
XRP,2022-10-10,1,LONG,RND,0.52,0.531841,0.517056,lean
XRP,2022-10-10,2,SHORT,ONL,0.5116,0.506,0.514544,ctx
XRP,2022-10-11,1,LONG,RND,0.49,0.4927,0.487518,lean
XRP,2022-10-11,2,SHORT,ONL,0.4768,0.476019,0.479282,ctx
XRP,2022-10-12,1,LONG,ONH,0.4929,0.501153,0.490682,lean
XRP,2022-10-12,2,SHORT,RND,0.49,0.4861,0.492218,ctx
XRP,2022-10-13,1,LONG,RND,0.46,0.467555,0.45776,lean
XRP,2022-10-14,1,SHORT,PDH,0.4898,0.487506,0.492177,lean
XRP,2022-10-14,2,LONG,RND,0.5,0.507,0.497623,ctx
XRP,2022-10-17,1,LONG,PDC,0.4766,0.4796,0.474606,lean
XRP,2022-10-17,2,SHORT,PDL,0.468,0.466297,0.469994,ctx
XRP,2022-10-18,1,SHORT,RND,0.47,0.4663,0.471912,lean
XRP,2022-10-19,1,SHORT,ONL,0.452,0.45,0.45371,lean
XRP,2022-10-19,2,LONG,PDL,0.4571,0.462178,0.45539,ctx
XRP,2022-10-20,1,LONG,ONH,0.4639,0.4667,0.462237,lean
XRP,2022-10-20,2,SHORT,RND,0.46,0.45504,0.461663,ctx
XRP,2022-10-21,1,LONG,PDC,0.4465,0.44858,0.444854,lean
XRP,2022-10-21,2,SHORT,RND,0.44,0.4374,0.441646,ctx
XRP,2022-10-24,1,SHORT,ONL,0.452,0.4518,0.453749,lean
XRP,2022-10-24,2,LONG,RND,0.46,0.466161,0.458251,ctx
XRP,2022-10-25,1,SHORT,ONL,0.4434,0.439897,0.445072,lean
XRP,2022-10-25,2,LONG,PDL,0.4478,0.45,0.446128,ctx
XRP,2022-10-26,1,SHORT,PDC,0.4605,0.46,0.462218,lean
XRP,2022-10-26,2,LONG,ONH,0.4685,0.472617,0.466782,ctx
XRP,2022-10-27,1,LONG,PDH,0.4715,0.479508,0.46972,lean
XRP,2022-10-27,2,SHORT,RND,0.47,0.4689,0.47178,ctx
XRP,2022-10-28,1,LONG,PDC,0.4615,0.4669,0.459813,lean
XRP,2022-10-28,2,SHORT,PDL,0.4584,0.4564,0.460087,ctx
XRP,2022-10-31,1,SHORT,PDL,0.4537,0.449719,0.455389,lean
XRP,2022-10-31,2,LONG,PDC,0.4582,0.46,0.456511,ctx
XRP,2022-11-01,1,LONG,PDC,0.4641,0.4674,0.462392,lean
XRP,2022-11-01,2,SHORT,RND,0.46,0.4541,0.461708,ctx
XRP,2022-11-02,1,SHORT,PDL,0.4543,0.4512,0.455995,ctx
XRP,2022-11-03,1,LONG,ONH,0.4598,0.46,0.458142,lean
XRP,2022-11-03,2,SHORT,PDC,0.4497,0.4487,0.451358,ctx
XRP,2022-11-04,1,LONG,RND,0.49,0.497475,0.488163,lean
XRP,2022-11-07,1,SHORT,PDC,0.4709,0.47,0.472762,lean
XRP,2022-11-07,2,LONG,ONH,0.4787,0.480491,0.476838,ctx
XRP,2022-11-08,1,SHORT,RND,0.44,0.431586,0.441889,lean
XRP,2022-11-09,1,LONG,RND,0.38,0.389835,0.377571,ctx
XRP,2022-11-10,1,LONG,RND,0.37,0.378,0.367422,lean
XRP,2022-11-11,1,SHORT,RND,0.39,0.380941,0.392413,lean
XRP,2022-11-11,2,LONG,PDC,0.3942,0.3991,0.391787,ctx
XRP,2022-11-14,1,SHORT,RND,0.35,0.344463,0.352215,lean
XRP,2022-11-14,2,LONG,ONH,0.3581,0.365137,0.355885,ctx
XRP,2022-11-15,1,LONG,ONH,0.3892,0.394226,0.386837,lean
XRP,2022-11-15,2,SHORT,RND,0.38,0.3796,0.382363,ctx
XRP,2022-11-16,1,SHORT,ONL,0.3711,0.37,0.373497,lean
XRP,2022-11-17,1,LONG,RND,0.38,0.3873,0.377704,lean
XRP,2022-11-17,2,SHORT,PDC,0.3752,0.3691,0.377496,ctx
XRP,2022-11-18,1,LONG,PDH,0.3873,0.3878,0.384987,lean
XRP,2022-11-18,2,SHORT,PDC,0.3819,0.38,0.384213,ctx
XRP,2022-11-21,1,SHORT,RND,0.35,0.3457,0.352208,lean
XRP,2022-11-21,2,LONG,PDL,0.3585,0.3608,0.356292,ctx
XRP,2022-11-22,1,LONG,PDC,0.3645,0.369,0.362292,lean
XRP,2022-11-22,2,SHORT,RND,0.36,0.353597,0.362208,ctx
XRP,2022-11-23,1,SHORT,ONL,0.3682,0.365667,0.370221,lean
XRP,2022-11-23,2,LONG,PDC,0.3757,0.3784,0.373679,ctx
XRP,2022-11-24,1,SHORT,ONL,0.3742,0.371534,0.375993,lean
XRP,2022-11-24,2,LONG,RND,0.38,0.3815,0.378207,ctx
XRP,2022-11-25,1,SHORT,PDH,0.405,0.4018,0.406994,lean
XRP,2022-11-25,2,LONG,RND,0.41,0.417004,0.408006,ctx
XRP,2022-11-28,1,LONG,RND,0.38,0.386734,0.378343,lean
XRP,2022-11-28,2,SHORT,ONL,0.373,0.371266,0.374657,ctx
XRP,2022-11-29,1,LONG,ONH,0.3949,0.3991,0.393192,lean
XRP,2022-11-29,2,SHORT,RND,0.39,0.3888,0.391708,ctx
XRP,2022-11-30,1,LONG,RND,0.4,0.4039,0.398255,lean
XRP,2022-11-30,2,SHORT,PDC,0.3981,0.3964,0.399845,ctx
XRP,2022-12-01,1,SHORT,RND,0.4,0.3976,0.401836,lean
XRP,2022-12-01,2,LONG,PDC,0.4078,0.410769,0.405964,ctx
XRP,2022-12-02,1,SHORT,RND,0.39,0.3838,0.391613,lean
XRP,2022-12-02,2,LONG,PDL,0.3944,0.3969,0.392787,ctx
XRP,2022-12-05,1,LONG,PDH,0.3932,0.3954,0.391764,lean
XRP,2022-12-05,2,SHORT,RND,0.39,0.3895,0.391436,ctx
XRP,2022-12-06,1,LONG,PDC,0.3893,0.39,0.387843,lean
XRP,2022-12-06,2,SHORT,ONL,0.3808,0.38,0.382257,ctx
XRP,2022-12-07,1,LONG,PDL,0.3808,0.386619,0.379382,lean
XRP,2022-12-08,1,LONG,RND,0.39,0.3912,0.388598,lean
XRP,2022-12-08,2,SHORT,PDC,0.3835,0.3826,0.384902,ctx
XRP,2022-12-09,1,SHORT,RND,0.39,0.3887,0.391529,lean
XRP,2022-12-09,2,LONG,PDC,0.3941,0.3955,0.392571,ctx
XRP,2022-12-12,1,LONG,PDL,0.3778,0.380865,0.376457,lean
XRP,2022-12-12,2,SHORT,ONL,0.3707,0.37,0.372043,ctx
XRP,2022-12-13,1,LONG,PDC,0.3874,0.3898,0.38597,ctx
XRP,2022-12-14,1,SHORT,RND,0.39,0.388,0.391393,lean
XRP,2022-12-14,2,LONG,PDC,0.3952,0.3965,0.393807,ctx
XRP,2022-12-15,1,LONG,PDC,0.3853,0.3869,0.383912,lean
XRP,2022-12-15,2,SHORT,RND,0.38,0.3769,0.381388,ctx
XRP,2022-12-16,1,SHORT,RND,0.36,0.357432,0.361536,ctx
XRP,2022-12-19,1,LONG,PDL,0.3473,0.349426,0.345902,lean
XRP,2022-12-19,2,SHORT,RND,0.34,0.3376,0.341398,ctx
XRP,2022-12-20,1,LONG,ONH,0.3471,0.350084,0.345775,lean
XRP,2022-12-20,2,SHORT,RND,0.34,0.3389,0.341325,ctx
XRP,2022-12-21,1,LONG,PDC,0.3482,0.348347,0.346883,lean
XRP,2022-12-21,2,SHORT,RND,0.34,0.3371,0.341317,ctx
XRP,2022-12-22,1,SHORT,PDC,0.3449,0.3417,0.346216,lean
XRP,2022-12-22,2,LONG,ONH,0.3481,0.35,0.346784,ctx
XRP,2022-12-23,1,LONG,ONH,0.3521,0.357324,0.350873,lean
XRP,2022-12-23,2,SHORT,PDH,0.3503,0.35,0.351527,ctx
XRP,2022-12-26,1,SHORT,PDH,0.3519,0.35,0.353176,lean
XRP,2022-12-26,2,LONG,ONH,0.3526,0.358256,0.351324,ctx
XRP,2022-12-27,1,SHORT,PDC,0.3658,0.361114,0.367126,lean
XRP,2022-12-28,1,LONG,PDL,0.3586,0.36,0.357276,lean
XRP,2022-12-28,2,SHORT,ONL,0.3546,0.35232,0.355924,ctx
XRP,2022-12-29,1,SHORT,ONL,0.3423,0.34,0.34355,ctx
XRP,2022-12-30,1,SHORT,PDL,0.3361,0.3337,0.337361,lean
XRP,2022-12-30,2,LONG,RND,0.34,0.3421,0.338739,ctx
XRP,2023-01-02,1,LONG,ONH,0.3479,0.349564,0.346515,lean
XRP,2023-01-03,1,LONG,PDC,0.3482,0.35,0.347053,lean
XRP,2023-01-03,2,SHORT,ONL,0.3417,0.340146,0.342847,ctx
XRP,2023-01-04,1,LONG,RND,0.35,0.352,0.348821,lean
XRP,2023-01-04,2,SHORT,PDC,0.3436,0.342397,0.344779,ctx
XRP,2023-01-05,1,SHORT,RND,0.34,0.339,0.341269,lean
XRP,2023-01-05,2,LONG,PDC,0.3472,0.348224,0.345931,ctx
XRP,2023-01-06,1,LONG,PDC,0.338,0.34026,0.336809,lean
XRP,2023-01-06,2,SHORT,PDL,0.3333,0.3311,0.334491,ctx
XRP,2023-01-09,1,SHORT,RND,0.35,0.34711,0.351262,lean
XRP,2023-01-09,2,LONG,ONH,0.3545,0.35889,0.353238,ctx
XRP,2023-01-10,1,SHORT,PDL,0.3437,0.3432,0.345012,lean
XRP,2023-01-10,2,LONG,PDC,0.349,0.35,0.347688,ctx
XRP,2023-01-11,1,SHORT,RND,0.36,0.357548,0.361361,lean
XRP,2023-01-11,2,LONG,ONH,0.368,0.370252,0.366639,ctx
XRP,2023-01-12,1,SHORT,RND,0.37,0.3682,0.371506,lean
XRP,2023-01-12,2,LONG,PDC,0.3728,0.377129,0.371294,ctx
XRP,2023-01-13,1,SHORT,ONL,0.3703,0.37,0.371846,lean
XRP,2023-01-13,2,LONG,PDC,0.3748,0.379514,0.373254,ctx
XRP,2023-01-16,1,SHORT,PDC,0.3845,0.38,0.386053,lean
XRP,2023-01-17,1,SHORT,PDC,0.3855,0.380832,0.387057,lean
XRP,2023-01-17,2,LONG,RND,0.39,0.3917,0.388443,ctx
XRP,2023-01-18,1,SHORT,RND,0.39,0.3868,0.391563,lean
XRP,2023-01-18,2,LONG,ONH,0.3926,0.398093,0.391037,ctx
XRP,2023-01-20,1,LONG,ONH,0.3945,0.3965,0.392774,lean
XRP,2023-01-20,2,SHORT,PDC,0.3928,0.39,0.394526,ctx
XRP,2023-01-23,1,LONG,RND,0.43,0.4328,0.42815,ctx
XRP,2023-01-24,1,SHORT,RND,0.42,0.4184,0.421943,lean
XRP,2023-01-24,2,LONG,PDC,0.4234,0.4312,0.421457,ctx
XRP,2023-01-25,1,LONG,RND,0.41,0.4105,0.408276,lean
XRP,2023-01-25,2,SHORT,PDL,0.4025,0.399754,0.404224,ctx
XRP,2023-01-26,1,LONG,PDC,0.417,0.4183,0.415189,lean
XRP,2023-01-26,2,SHORT,RND,0.41,0.408,0.411811,ctx
XRP,2023-01-27,1,SHORT,PDL,0.4053,0.3988,0.406968,lean
XRP,2023-01-27,2,LONG,PDC,0.4092,0.41,0.407532,ctx
XRP,2023-01-30,1,SHORT,RND,0.4,0.3953,0.401748,lean
XRP,2023-01-30,2,LONG,PDL,0.4066,0.408356,0.404852,ctx
XRP,2023-01-31,1,LONG,ONH,0.4024,0.408238,0.400956,lean
XRP,2023-01-31,2,SHORT,RND,0.4,0.394762,0.401444,ctx
XRP,2023-02-01,1,SHORT,RND,0.4,0.3983,0.401525,lean
XRP,2023-02-01,2,LONG,PDC,0.4057,0.4077,0.404175,ctx
XRP,2023-02-02,1,SHORT,PDC,0.4131,0.41,0.414734,lean
XRP,2023-02-02,2,LONG,PDH,0.4157,0.4174,0.414066,ctx
XRP,2023-02-03,1,SHORT,RND,0.41,0.4098,0.41154,lean
XRP,2023-02-03,2,LONG,ONH,0.4137,0.418488,0.41216,ctx
XRP,2023-02-06,1,LONG,PDC,0.3984,0.4,0.396996,lean
XRP,2023-02-06,2,SHORT,PDL,0.3942,0.3939,0.395604,ctx
XRP,2023-02-07,1,LONG,ONH,0.3984,0.4,0.39707,lean
XRP,2023-02-07,2,SHORT,PDC,0.392,0.3909,0.39333,ctx
XRP,2023-02-08,1,SHORT,RND,0.4,0.3989,0.401385,lean
XRP,2023-02-08,2,LONG,PDC,0.4036,0.4048,0.402215,ctx
XRP,2023-02-09,1,LONG,PDC,0.3975,0.3994,0.396047,lean
XRP,2023-02-09,2,SHORT,PDL,0.3936,0.39,0.395053,ctx
XRP,2023-02-10,1,LONG,ONH,0.3878,0.38927,0.386371,lean
XRP,2023-02-10,2,SHORT,PDC,0.3819,0.38,0.383329,ctx
XRP,2023-02-13,1,LONG,RND,0.37,0.3716,0.368518,lean
XRP,2023-02-13,2,SHORT,ONL,0.3612,0.358785,0.362682,ctx
XRP,2023-02-14,1,SHORT,ONL,0.3644,0.363007,0.365813,lean
XRP,2023-02-14,2,LONG,RND,0.37,0.3703,0.368587,ctx
XRP,2023-02-15,1,SHORT,PDH,0.3839,0.3819,0.385211,lean
XRP,2023-02-15,2,LONG,ONH,0.3892,0.39,0.387889,ctx
XRP,2023-02-16,1,SHORT,ONL,0.3964,0.39263,0.397872,lean
XRP,2023-02-16,2,LONG,RND,0.4,0.4011,0.398528,ctx
XRP,2023-02-17,1,LONG,RND,0.39,0.3908,0.388651,lean
XRP,2023-02-17,2,SHORT,PDC,0.3841,0.384,0.385449,ctx
XRP,2023-02-20,1,LONG,ONH,0.395,0.3981,0.393608,lean
XRP,2023-02-20,2,SHORT,RND,0.39,0.386604,0.391392,ctx
XRP,2023-02-21,1,LONG,PDC,0.3984,0.399088,0.396903,lean
XRP,2023-02-21,2,SHORT,RND,0.39,0.3892,0.391497,ctx
XRP,2023-02-22,1,LONG,PDC,0.3919,0.393,0.390488,lean
XRP,2023-02-22,2,SHORT,RND,0.39,0.3872,0.391412,ctx
XRP,2023-02-23,1,SHORT,RND,0.39,0.388,0.391445,lean
XRP,2023-02-23,2,LONG,PDC,0.3953,0.3977,0.393855,ctx
XRP,2023-02-24,1,SHORT,PDC,0.3882,0.3861,0.389532,lean
XRP,2023-02-24,2,LONG,RND,0.39,0.3908,0.388668,ctx
XRP,2023-02-27,1,LONG,PDL,0.3745,0.3779,0.372964,lean
XRP,2023-02-27,2,SHORT,ONL,0.3708,0.37,0.372336,ctx
XRP,2023-02-28,1,SHORT,PDC,0.3785,0.372999,0.379872,lean
XRP,2023-02-28,2,LONG,RND,0.38,0.3801,0.378628,ctx
XRP,2023-03-01,1,LONG,PDH,0.3827,0.3848,0.381337,lean
XRP,2023-03-01,2,SHORT,RND,0.38,0.3762,0.381363,ctx
XRP,2023-03-02,1,LONG,RND,0.38,0.3835,0.378711,lean
XRP,2023-03-02,2,SHORT,ONL,0.3767,0.3726,0.377989,ctx
XRP,2023-03-03,1,LONG,RND,0.37,0.3737,0.368641,ctx
XRP,2023-03-06,1,SHORT,RND,0.36,0.3589,0.361251,lean
XRP,2023-03-06,2,LONG,PDL,0.3653,0.3668,0.364049,ctx
XRP,2023-03-07,1,SHORT,RND,0.37,0.3695,0.371235,lean
XRP,2023-03-07,2,LONG,PDH,0.3743,0.3751,0.373065,ctx
XRP,2023-03-08,1,LONG,ONH,0.3932,0.397752,0.39186,lean
XRP,2023-03-08,2,SHORT,RND,0.39,0.385248,0.39134,ctx
XRP,2023-03-09,1,LONG,ONH,0.3963,0.4,0.394991,ctx
XRP,2023-03-10,1,LONG,PDC,0.3706,0.371421,0.36916,lean
XRP,2023-03-10,2,SHORT,PDL,0.3639,0.36,0.36534,ctx
XRP,2023-03-13,1,SHORT,RND,0.36,0.3553,0.361305,ctx
XRP,2023-03-14,1,SHORT,ONL,0.3647,0.36003,0.366344,lean
XRP,2023-03-14,2,LONG,RND,0.37,0.3724,0.368356,ctx
XRP,2023-03-15,1,SHORT,PDL,0.3647,0.3639,0.366062,lean
XRP,2023-03-15,2,LONG,RND,0.37,0.3724,0.368638,ctx
XRP,2023-03-16,1,SHORT,RND,0.36,0.3589,0.361403,lean
XRP,2023-03-16,2,LONG,ONH,0.3658,0.369048,0.364397,ctx
XRP,2023-03-17,1,LONG,ONH,0.3774,0.38,0.375991,ctx
XRP,2023-03-20,1,LONG,PDC,0.3857,0.389609,0.384112,lean
XRP,2023-03-20,2,SHORT,RND,0.38,0.3768,0.381588,ctx
XRP,2023-03-21,1,SHORT,RND,0.39,0.383974,0.391527,lean
XRP,2023-03-21,2,LONG,PDH,0.3913,0.3935,0.389773,ctx
XRP,2023-03-22,1,SHORT,ONL,0.4414,0.44,0.444909,lean
XRP,2023-03-23,1,LONG,RND,0.45,0.4549,0.447334,lean
XRP,2023-03-24,1,SHORT,ONL,0.4243,0.415311,0.427276,lean
XRP,2023-03-24,2,LONG,RND,0.43,0.443089,0.427024,ctx
XRP,2023-03-27,1,LONG,ONH,0.4797,0.48,0.476618,ctx
XRP,2023-03-28,1,LONG,ONH,0.4999,0.5,0.496499,lean
XRP,2023-03-28,2,SHORT,PDH,0.4888,0.481127,0.492201,ctx
XRP,2023-03-29,1,LONG,ONH,0.585,0.588329,0.581158,lean
XRP,2023-03-29,2,SHORT,RND,0.57,0.552471,0.573842,ctx
XRP,2023-03-30,1,SHORT,PDC,0.5425,0.531826,0.546266,lean
XRP,2023-03-30,2,LONG,RND,0.55,0.558,0.546234,ctx
XRP,2023-03-31,1,SHORT,RND,0.53,0.5241,0.533681,lean
XRP,2023-03-31,2,LONG,PDC,0.5319,0.547678,0.528219,ctx
XRP,2023-04-03,1,SHORT,ONL,0.5031,0.5015,0.506509,lean
XRP,2023-04-03,2,LONG,PDC,0.518,0.52,0.514591,ctx
XRP,2023-04-04,1,LONG,RND,0.5,0.5023,0.496912,lean
XRP,2023-04-04,2,SHORT,PDC,0.4959,0.4871,0.498988,ctx
XRP,2023-04-05,1,LONG,RND,0.52,0.526738,0.517506,lean
XRP,2023-04-05,2,SHORT,PDH,0.5078,0.503462,0.510294,ctx
XRP,2023-04-06,1,LONG,RND,0.5,0.5055,0.497935,lean
XRP,2023-04-06,2,SHORT,PDL,0.4986,0.4913,0.500665,ctx
XRP,2023-04-07,1,SHORT,PDC,0.5028,0.5,0.50481,lean
XRP,2023-04-07,2,LONG,PDH,0.5097,0.513482,0.50769,ctx
XRP,2023-04-10,1,LONG,PDC,0.5054,0.5084,0.503401,ctx
XRP,2023-04-11,1,LONG,ONH,0.5283,0.529177,0.526355,lean
XRP,2023-04-11,2,SHORT,RND,0.52,0.5199,0.521945,ctx
XRP,2023-04-12,1,LONG,PDL,0.511,0.511473,0.509099,lean
XRP,2023-04-12,2,SHORT,ONL,0.5004,0.5,0.502301,ctx
XRP,2023-04-13,1,LONG,RND,0.51,0.5137,0.508275,lean
XRP,2023-04-13,2,SHORT,PDC,0.5049,0.5014,0.506625,ctx
XRP,2023-04-14,1,SHORT,RND,0.53,0.52355,0.531811,lean
XRP,2023-04-17,1,LONG,PDL,0.5152,0.5209,0.513412,lean
XRP,2023-04-17,2,SHORT,RND,0.51,0.5085,0.511788,ctx
XRP,2023-04-18,1,SHORT,RND,0.52,0.512299,0.521693,lean
XRP,2023-04-18,2,LONG,ONH,0.5208,0.521,0.519107,ctx
XRP,2023-04-19,1,LONG,RND,0.5,0.507307,0.497963,ctx
XRP,2023-04-20,1,LONG,RND,0.49,0.4911,0.488269,lean
XRP,2023-04-20,2,SHORT,ONL,0.4846,0.480122,0.486331,ctx
XRP,2023-04-21,1,LONG,RND,0.47,0.4752,0.468202,lean
XRP,2023-04-21,2,SHORT,PDL,0.465,0.4644,0.466798,ctx
XRP,2023-04-24,1,SHORT,PDC,0.4647,0.457283,0.466439,lean
XRP,2023-04-24,2,LONG,RND,0.47,0.472,0.468261,ctx
XRP,2023-04-25,1,LONG,RND,0.46,0.4611,0.458329,lean
XRP,2023-04-25,2,SHORT,ONL,0.4506,0.448902,0.452271,ctx
XRP,2023-04-26,1,LONG,ONH,0.4749,0.481933,0.472986,lean
XRP,2023-04-26,2,SHORT,PDH,0.4723,0.47,0.474214,ctx
XRP,2023-04-27,1,SHORT,ONL,0.4546,0.451557,0.456302,lean
XRP,2023-04-27,2,LONG,RND,0.46,0.4618,0.458298,ctx
XRP,2023-04-28,1,SHORT,RND,0.47,0.4699,0.471691,lean
XRP,2023-05-01,1,SHORT,ONL,0.4591,0.457612,0.460704,lean
XRP,2023-05-01,2,LONG,PDL,0.4687,0.47,0.467096,ctx
XRP,2023-05-02,1,LONG,PDC,0.4649,0.4656,0.46324,lean
XRP,2023-05-02,2,SHORT,RND,0.46,0.4588,0.46166,ctx
XRP,2023-05-03,1,LONG,PDL,0.4574,0.46,0.455717,lean
XRP,2023-05-03,2,SHORT,ONL,0.4546,0.447345,0.456283,ctx
XRP,2023-05-04,1,LONG,PDC,0.4632,0.4655,0.46162,lean
XRP,2023-05-04,2,SHORT,ONL,0.4584,0.452629,0.45998,ctx
XRP,2023-05-05,1,SHORT,PDC,0.4608,0.46,0.462363,ctx
XRP,2023-05-08,1,LONG,RND,0.44,0.444594,0.438287,ctx
XRP,2023-05-09,1,SHORT,ONL,0.4202,0.42,0.421834,lean
XRP,2023-05-09,2,LONG,PDC,0.4283,0.4295,0.426666,ctx
XRP,2023-05-10,1,LONG,PDC,0.4289,0.43,0.427316,lean
XRP,2023-05-10,2,SHORT,ONL,0.4231,0.4202,0.424684,ctx
XRP,2023-05-11,1,SHORT,ONL,0.4213,0.42,0.422928,lean
XRP,2023-05-11,2,LONG,PDC,0.4303,0.4317,0.428672,ctx
XRP,2023-05-12,1,SHORT,PDC,0.4207,0.420054,0.422381,lean
XRP,2023-05-12,2,LONG,RND,0.43,0.4305,0.428319,ctx
XRP,2023-05-15,1,LONG,RND,0.43,0.4304,0.428432,lean
XRP,2023-05-15,2,SHORT,PDC,0.4253,0.4214,0.426868,ctx
XRP,2023-05-16,1,SHORT,PDL,0.4214,0.4201,0.422901,lean
XRP,2023-05-16,2,LONG,PDC,0.4273,0.429004,0.425799,ctx
XRP,2023-05-17,1,SHORT,PDH,0.443,0.4425,0.444493,lean
XRP,2023-05-17,2,LONG,RND,0.45,0.452065,0.448507,ctx
XRP,2023-05-18,1,SHORT,PDH,0.4616,0.457717,0.463225,lean
XRP,2023-05-18,2,LONG,RND,0.47,0.472883,0.468375,ctx
XRP,2023-05-19,1,SHORT,RND,0.46,0.4596,0.461727,lean
XRP,2023-05-19,2,LONG,ONH,0.4683,0.471061,0.466573,ctx
XRP,2023-05-22,1,LONG,ONH,0.4674,0.469906,0.465663,lean
XRP,2023-05-22,2,SHORT,RND,0.46,0.4575,0.461737,ctx
XRP,2023-05-23,1,SHORT,RND,0.46,0.4593,0.461725,lean
XRP,2023-05-23,2,LONG,PDC,0.4618,0.4672,0.460075,ctx
XRP,2023-05-24,1,LONG,PDL,0.4583,0.46,0.456534,lean
XRP,2023-05-24,2,SHORT,ONL,0.4531,0.44826,0.454866,ctx
XRP,2023-05-25,1,LONG,PDC,0.453,0.4546,0.451337,lean
XRP,2023-05-25,2,SHORT,RND,0.45,0.4457,0.451663,ctx
XRP,2023-05-26,1,LONG,ONH,0.4677,0.47,0.466034,ctx
XRP,2023-05-29,1,SHORT,RND,0.48,0.4773,0.481812,lean
XRP,2023-05-29,2,LONG,PDC,0.482,0.4863,0.480188,ctx
XRP,2023-05-30,1,SHORT,RND,0.5,0.4954,0.501956,lean
XRP,2023-05-30,2,LONG,ONH,0.506,0.511628,0.504044,ctx
XRP,2023-05-31,1,SHORT,RND,0.51,0.50103,0.512201,lean
XRP,2023-05-31,2,LONG,PDC,0.5205,0.52157,0.518299,ctx
XRP,2023-06-01,1,LONG,RND,0.51,0.514755,0.507974,lean
XRP,2023-06-01,2,SHORT,ONL,0.5023,0.5009,0.504326,ctx
XRP,2023-06-02,1,SHORT,RND,0.51,0.5065,0.511895,lean
XRP,2023-06-02,2,LONG,PDH,0.5167,0.5197,0.514805,ctx
XRP,2023-06-05,1,SHORT,RND,0.53,0.5277,0.532119,lean
XRP,2023-06-05,2,LONG,PDC,0.5359,0.544491,0.533781,ctx
XRP,2023-06-06,1,SHORT,ONL,0.5024,0.499004,0.504499,lean
XRP,2023-06-06,2,LONG,PDC,0.509,0.51,0.506901,ctx
XRP,2023-06-07,1,SHORT,PDH,0.5328,0.53,0.535129,lean
XRP,2023-06-07,2,LONG,ONH,0.5384,0.543867,0.536071,ctx
XRP,2023-06-08,1,LONG,RND,0.52,0.524,0.517967,lean
XRP,2023-06-08,2,SHORT,PDC,0.5183,0.514,0.520333,ctx
XRP,2023-06-09,1,SHORT,PDH,0.5278,0.5236,0.529788,lean
XRP,2023-06-09,2,LONG,ONH,0.5297,0.53,0.527712,ctx
XRP,2023-06-12,1,LONG,RND,0.52,0.5208,0.518023,ctx
XRP,2023-06-13,1,SHORT,RND,0.56,0.548283,0.562875,lean
XRP,2023-06-13,2,LONG,ONH,0.5658,0.575117,0.562925,ctx
XRP,2023-06-14,1,SHORT,PDL,0.5054,0.4972,0.507857,lean
XRP,2023-06-14,2,LONG,RND,0.51,0.5192,0.507543,ctx
XRP,2023-06-15,1,LONG,RND,0.48,0.4801,0.47823,ctx
XRP,2023-06-16,1,SHORT,RND,0.46,0.4562,0.462008,lean
XRP,2023-06-16,2,LONG,PDL,0.4663,0.472371,0.464292,ctx
XRP,2023-06-19,1,LONG,RND,0.49,0.4947,0.488284,lean
XRP,2023-06-19,2,SHORT,PDC,0.4868,0.481493,0.488516,ctx
XRP,2023-06-20,1,SHORT,PDL,0.4811,0.48,0.482916,ctx
XRP,2023-06-21,1,LONG,PDH,0.4967,0.503136,0.494914,lean
XRP,2023-06-21,2,SHORT,PDC,0.4929,0.49,0.494686,ctx
XRP,2023-06-22,1,LONG,PDC,0.4999,0.503103,0.497842,lean
XRP,2023-06-22,2,SHORT,RND,0.49,0.4892,0.492058,ctx
XRP,2023-06-23,1,SHORT,ONL,0.4904,0.49,0.492163,lean
XRP,2023-06-23,2,LONG,PDC,0.4938,0.500628,0.492037,ctx
XRP,2023-06-26,1,LONG,PDC,0.4903,0.490977,0.488569,lean
XRP,2023-06-26,2,SHORT,RND,0.48,0.4782,0.481731,ctx
XRP,2023-06-27,1,LONG,ONH,0.4833,0.489082,0.48159,lean
XRP,2023-06-27,2,SHORT,RND,0.48,0.479,0.48171,ctx
XRP,2023-06-28,1,SHORT,ONL,0.4705,0.46733,0.472208,lean
XRP,2023-06-28,2,LONG,PDL,0.4759,0.48,0.474192,ctx
XRP,2023-06-29,1,SHORT,PDC,0.4647,0.462057,0.466359,lean
XRP,2023-06-29,2,LONG,RND,0.47,0.4731,0.468341,ctx
XRP,2023-06-30,1,LONG,RND,0.48,0.4827,0.478371,lean
XRP,2023-06-30,2,SHORT,PDH,0.4773,0.4747,0.478929,ctx
XRP,2023-07-03,1,SHORT,PDC,0.4845,0.4784,0.486256,lean
XRP,2023-07-03,2,LONG,ONH,0.487,0.49,0.485244,ctx
XRP,2023-07-04,1,SHORT,ONL,0.4846,0.480357,0.486324,lean
XRP,2023-07-04,2,LONG,PDC,0.489,0.49,0.487276,ctx
XRP,2023-07-05,1,SHORT,ONL,0.47,0.469761,0.471766,lean
XRP,2023-07-05,2,LONG,RND,0.48,0.4816,0.478234,ctx
XRP,2023-07-06,1,LONG,PDC,0.4777,0.48,0.476095,lean
XRP,2023-07-06,2,SHORT,ONL,0.4734,0.4696,0.475005,ctx
XRP,2023-07-07,1,LONG,RND,0.47,0.4708,0.468432,lean
XRP,2023-07-07,2,SHORT,PDC,0.4622,0.4612,0.463768,ctx
XRP,2023-07-10,1,LONG,PDH,0.4717,0.4739,0.47011,lean
XRP,2023-07-10,2,SHORT,RND,0.47,0.468,0.47159,ctx
XRP,2023-07-11,1,SHORT,ONL,0.472,0.47,0.473552,lean
XRP,2023-07-11,2,LONG,PDC,0.478,0.4784,0.476448,ctx
XRP,2023-07-12,1,SHORT,ONL,0.4722,0.4709,0.473743,lean
XRP,2023-07-12,2,LONG,PDC,0.4753,0.4772,0.473757,ctx
XRP,2023-07-13,1,SHORT,PDC,0.471,0.47,0.472529,lean
XRP,2023-07-13,2,LONG,ONH,0.4742,0.4772,0.472671,ctx
XRP,2023-07-14,1,LONG,RND,0.8,0.8153,0.79176,ctx
XRP,2023-07-17,1,LONG,RND,0.74,0.7468,0.734301,lean
XRP,2023-07-17,2,SHORT,ONL,0.72,0.709203,0.725699,ctx
XRP,2023-07-18,1,SHORT,PDC,0.7374,0.7304,0.743397,lean
XRP,2023-07-18,2,LONG,RND,0.75,0.764,0.744003,ctx
XRP,2023-07-19,1,SHORT,RND,0.79,0.785,0.796211,lean
XRP,2023-07-19,2,LONG,ONH,0.818,0.823886,0.811789,ctx
XRP,2023-07-20,1,LONG,RND,0.81,0.8199,0.803453,lean
XRP,2023-07-20,2,SHORT,ONL,0.8012,0.777649,0.807747,ctx
XRP,2023-07-21,1,LONG,PDC,0.7942,0.800419,0.78856,lean
XRP,2023-07-21,2,SHORT,PDL,0.771,0.77,0.77664,ctx
XRP,2023-07-24,1,LONG,PDL,0.7149,0.716664,0.709851,lean
XRP,2023-07-24,2,SHORT,RND,0.69,0.6808,0.695049,ctx
XRP,2023-07-25,1,SHORT,PDL,0.6808,0.6743,0.685508,lean
XRP,2023-07-25,2,LONG,RND,0.69,0.7021,0.685292,ctx
XRP,2023-07-26,1,SHORT,ONL,0.6927,0.676722,0.697217,lean
XRP,2023-07-26,2,LONG,RND,0.7,0.7089,0.695483,ctx
XRP,2023-07-27,1,LONG,RND,0.72,0.7222,0.715698,lean
XRP,2023-07-27,2,SHORT,PDC,0.7161,0.7081,0.720402,ctx
XRP,2023-07-28,1,LONG,RND,0.71,0.7139,0.706821,lean
XRP,2023-07-28,2,SHORT,PDL,0.7061,0.7021,0.709279,ctx
XRP,2023-07-31,1,SHORT,RND,0.7,0.6993,0.702675,lean
XRP,2023-07-31,2,LONG,PDC,0.7046,0.7118,0.701925,ctx
XRP,2023-08-01,1,SHORT,PDL,0.685,0.675241,0.687648,lean
XRP,2023-08-01,2,LONG,RND,0.69,0.6976,0.687352,ctx
XRP,2023-08-02,1,LONG,RND,0.7,0.7069,0.697386,lean
XRP,2023-08-02,2,SHORT,ONL,0.6922,0.683999,0.694814,ctx
XRP,2023-08-03,1,LONG,RND,0.67,0.6762,0.667554,lean
XRP,2023-08-03,2,SHORT,ONL,0.6543,0.654286,0.656746,ctx
XRP,2023-08-04,1,LONG,RND,0.66,0.663,0.657517,lean
XRP,2023-08-04,2,SHORT,ONL,0.6557,0.6543,0.658183,ctx
XRP,2023-08-07,1,LONG,RND,0.62,0.6214,0.617883,lean
XRP,2023-08-08,1,SHORT,RND,0.62,0.6141,0.622359,lean
XRP,2023-08-08,2,LONG,PDC,0.6236,0.627,0.621241,ctx
XRP,2023-08-09,1,LONG,PDH,0.6482,0.6491,0.645838,lean
XRP,2023-08-09,2,SHORT,PDC,0.6418,0.64,0.644162,ctx
XRP,2023-08-10,1,LONG,RND,0.63,0.6314,0.627546,lean
XRP,2023-08-10,2,SHORT,ONL,0.6241,0.617046,0.626554,ctx
XRP,2023-08-11,1,SHORT,RND,0.63,0.6283,0.632315,lean
XRP,2023-08-11,2,LONG,ONH,0.6413,0.643902,0.638985,ctx
XRP,2023-08-14,1,LONG,RND,0.63,0.6344,0.627878,lean
XRP,2023-08-14,2,SHORT,PDC,0.6256,0.6235,0.627722,ctx
XRP,2023-08-15,1,SHORT,ONL,0.6256,0.6241,0.627687,lean
XRP,2023-08-15,2,LONG,RND,0.63,0.6343,0.627913,ctx
XRP,2023-08-16,1,SHORT,RND,0.6,0.5948,0.602071,ctx
XRP,2023-08-17,1,LONG,PDC,0.5889,0.594022,0.586902,lean
XRP,2023-08-17,2,SHORT,RND,0.58,0.5792,0.581998,ctx
XRP,2023-08-18,1,LONG,RND,0.51,0.518533,0.507871,lean
XRP,2023-08-18,2,SHORT,PDC,0.5064,0.498667,0.508529,ctx
XRP,2023-08-21,1,LONG,RND,0.53,0.535173,0.527992,lean
XRP,2023-08-21,2,SHORT,ONL,0.5173,0.516427,0.519308,ctx
XRP,2023-08-22,1,SHORT,ONL,0.5147,0.508069,0.516657,lean
XRP,2023-08-22,2,LONG,RND,0.52,0.5245,0.518043,ctx
XRP,2023-08-23,1,LONG,RND,0.52,0.521,0.518012,lean
XRP,2023-08-23,2,SHORT,ONL,0.5113,0.510024,0.513288,ctx
XRP,2023-08-24,1,SHORT,ONL,0.5227,0.52,0.524678,lean
XRP,2023-08-24,2,LONG,PDC,0.5301,0.5319,0.528122,ctx
XRP,2023-08-25,1,LONG,PDC,0.5187,0.5211,0.516765,lean
XRP,2023-08-25,2,SHORT,PDL,0.5111,0.51,0.513035,ctx
XRP,2023-08-28,1,SHORT,PDL,0.5163,0.5102,0.518428,lean
XRP,2023-08-28,2,LONG,RND,0.52,0.5236,0.517872,ctx
XRP,2023-08-29,1,SHORT,ONL,0.5131,0.5102,0.515096,lean
XRP,2023-08-29,2,LONG,RND,0.52,0.5232,0.518004,ctx
XRP,2023-08-30,1,SHORT,ONL,0.5277,0.519835,0.529793,lean
XRP,2023-08-30,2,LONG,RND,0.53,0.539365,0.527907,ctx
XRP,2023-08-31,1,SHORT,ONL,0.5229,0.5216,0.524848,lean
XRP,2023-08-31,2,LONG,PDC,0.5284,0.5296,0.526452,ctx
XRP,2023-09-01,1,SHORT,ONL,0.5022,0.498002,0.50415,lean
XRP,2023-09-01,2,LONG,RND,0.51,0.511,0.50805,ctx
XRP,2023-09-04,1,LONG,PDC,0.5047,0.509871,0.50282,lean
XRP,2023-09-04,2,SHORT,ONL,0.5004,0.5,0.50228,ctx
XRP,2023-09-05,1,LONG,PDC,0.5087,0.509,0.506965,lean
XRP,2023-09-05,2,SHORT,ONL,0.5016,0.5,0.503335,ctx
XRP,2023-09-06,1,LONG,PDC,0.5056,0.5066,0.503754,ctx
XRP,2023-09-07,1,LONG,RND,0.5,0.5033,0.498032,lean
XRP,2023-09-07,2,SHORT,ONL,0.4965,0.4909,0.498468,ctx
XRP,2023-09-08,1,LONG,RND,0.5,0.505,0.497997,lean
XRP,2023-09-08,2,SHORT,PDL,0.4965,0.4941,0.498503,ctx
XRP,2023-09-11,1,LONG,RND,0.47,0.478936,0.467978,ctx
XRP,2023-09-12,1,SHORT,PDC,0.4744,0.470318,0.476282,lean
XRP,2023-09-12,2,LONG,RND,0.48,0.4844,0.478118,ctx
XRP,2023-09-13,1,LONG,PDH,0.4867,0.4897,0.484794,lean
XRP,2023-09-13,2,SHORT,PDC,0.4804,0.48,0.482306,ctx
XRP,2023-09-14,1,SHORT,PDC,0.4832,0.48,0.484964,lean
XRP,2023-09-14,2,LONG,ONH,0.4865,0.4897,0.484736,ctx
XRP,2023-09-15,1,SHORT,RND,0.49,0.4892,0.491695,lean
XRP,2023-09-15,2,LONG,PDH,0.4941,0.50171,0.492405,ctx
XRP,2023-09-18,1,LONG,ONH,0.5019,0.509452,0.500239,lean
XRP,2023-09-18,2,SHORT,PDH,0.5004,0.5,0.502061,ctx
XRP,2023-09-19,1,SHORT,PDH,0.5077,0.503,0.509327,lean
XRP,2023-09-19,2,LONG,RND,0.51,0.5155,0.508373,ctx
XRP,2023-09-20,1,LONG,PDH,0.5166,0.52,0.514677,lean
XRP,2023-09-20,2,SHORT,PDC,0.514,0.506726,0.515923,ctx
XRP,2023-09-21,1,LONG,PDL,0.5065,0.51,0.504586,lean
XRP,2023-09-21,2,SHORT,ONL,0.5007,0.496268,0.502614,ctx
XRP,2023-09-22,1,LONG,RND,0.51,0.5142,0.508312,lean
XRP,2023-09-22,2,SHORT,PDC,0.5071,0.5036,0.508788,ctx
XRP,2023-09-25,1,SHORT,ONL,0.4912,0.487387,0.492981,lean
XRP,2023-09-25,2,LONG,PDL,0.4984,0.5,0.496619,ctx
XRP,2023-09-26,1,SHORT,RND,0.5,0.498,0.501683,lean
XRP,2023-09-26,2,LONG,PDC,0.5056,0.5072,0.503917,ctx
XRP,2023-09-27,1,LONG,ONH,0.5071,0.5075,0.505437,lean
XRP,2023-09-27,2,SHORT,PDC,0.5019,0.498638,0.503563,ctx
XRP,2023-09-28,1,SHORT,RND,0.5,0.4993,0.501603,lean
XRP,2023-09-28,2,LONG,ONH,0.5033,0.5071,0.501697,ctx
XRP,2023-09-29,1,SHORT,PDH,0.5102,0.51,0.512216,lean
XRP,2023-09-29,2,LONG,ONH,0.5129,0.521309,0.510884,ctx
XRP,2023-10-02,1,SHORT,RND,0.52,0.5177,0.521781,lean
XRP,2023-10-02,2,LONG,PDC,0.5241,0.526,0.522319,ctx
XRP,2023-10-03,1,SHORT,PDL,0.5075,0.5066,0.509163,lean
XRP,2023-10-03,2,LONG,RND,0.51,0.5123,0.508337,ctx
XRP,2023-10-04,1,LONG,PDC,0.539,0.542393,0.536987,lean
XRP,2023-10-04,2,SHORT,RND,0.53,0.523607,0.532013,ctx
XRP,2023-10-05,1,SHORT,ONL,0.5206,0.52,0.52233,lean
XRP,2023-10-06,1,LONG,PDC,0.5227,0.5271,0.521003,lean
XRP,2023-10-06,2,SHORT,RND,0.52,0.5186,0.521697,ctx
XRP,2023-10-09,1,LONG,RND,0.5,0.50617,0.498271,ctx
XRP,2023-10-10,1,SHORT,ONL,0.4955,0.489147,0.497161,lean
XRP,2023-10-10,2,LONG,RND,0.5,0.5027,0.498339,ctx
XRP,2023-10-11,1,SHORT,ONL,0.4813,0.479356,0.482959,lean
XRP,2023-10-11,2,LONG,RND,0.49,0.4917,0.488341,ctx
XRP,2023-10-12,1,SHORT,RND,0.48,0.4788,0.481586,lean
XRP,2023-10-13,1,LONG,RND,0.48,0.483,0.478409,lean
XRP,2023-10-13,2,SHORT,ONL,0.4789,0.4729,0.480491,ctx
XRP,2023-10-16,1,LONG,ONH,0.4978,0.501182,0.496304,lean
XRP,2023-10-16,2,SHORT,PDH,0.4902,0.49,0.491696,ctx
XRP,2023-10-17,1,SHORT,RND,0.49,0.4872,0.491691,lean
XRP,2023-10-17,2,LONG,PDC,0.4978,0.4993,0.496109,ctx
XRP,2023-10-18,1,LONG,PDC,0.4912,0.4924,0.489606,lean
XRP,2023-10-18,2,SHORT,RND,0.49,0.4864,0.491594,ctx
XRP,2023-10-19,1,LONG,PDL,0.4855,0.4878,0.483991,lean
XRP,2023-10-19,2,SHORT,RND,0.48,0.4769,0.481509,ctx
XRP,2023-10-20,1,LONG,PDC,0.5197,0.52,0.517827,lean
XRP,2023-10-23,1,LONG,ONH,0.5357,0.539713,0.533919,lean
XRP,2023-10-23,2,SHORT,RND,0.53,0.5242,0.531781,ctx
XRP,2023-10-24,1,SHORT,RND,0.55,0.5475,0.552513,lean
XRP,2023-10-24,2,LONG,PDH,0.5536,0.5572,0.551087,ctx
XRP,2023-10-25,1,SHORT,RND,0.55,0.541487,0.55221,lean
XRP,2023-10-25,2,LONG,PDC,0.5588,0.562113,0.55659,ctx
XRP,2023-10-26,1,LONG,RND,0.56,0.5639,0.557914,lean
XRP,2023-10-26,2,SHORT,PDC,0.5552,0.5488,0.557286,ctx
XRP,2023-10-27,1,LONG,RND,0.55,0.5533,0.547921,lean
XRP,2023-10-27,2,SHORT,ONL,0.545,0.5426,0.547079,ctx
XRP,2023-10-30,1,SHORT,PDH,0.5614,0.56,0.563563,lean
XRP,2023-10-30,2,LONG,ONH,0.5671,0.572693,0.564937,ctx
XRP,2023-10-31,1,SHORT,RND,0.6,0.590371,0.602942,lean
XRP,2023-11-01,1,SHORT,RND,0.6,0.5996,0.602491,lean
XRP,2023-11-01,2,LONG,ONH,0.6093,0.614724,0.606809,ctx
XRP,2023-11-02,1,SHORT,PDH,0.6164,0.6085,0.619074,lean
XRP,2023-11-02,2,LONG,RND,0.62,0.6245,0.617326,ctx
XRP,2023-11-03,1,SHORT,RND,0.6,0.5914,0.602729,lean
XRP,2023-11-03,2,LONG,PDC,0.6054,0.6081,0.602671,ctx
XRP,2023-11-06,1,SHORT,RND,0.71,0.695772,0.713585,lean
XRP,2023-11-06,2,LONG,ONH,0.7188,0.729228,0.715215,ctx
XRP,2023-11-07,1,LONG,RND,0.69,0.705257,0.686088,ctx
XRP,2023-11-08,1,SHORT,RND,0.69,0.685,0.69301,lean
XRP,2023-11-08,2,LONG,ONH,0.699,0.704345,0.69599,ctx
XRP,2023-11-09,1,SHORT,PDL,0.6725,0.670823,0.675581,lean
XRP,2023-11-09,2,LONG,PDC,0.6869,0.69,0.683819,ctx
XRP,2023-11-10,1,LONG,RND,0.66,0.6665,0.6561,lean
XRP,2023-11-10,2,SHORT,ONL,0.645,0.638999,0.6489,ctx
XRP,2023-11-13,1,SHORT,RND,0.65,0.6459,0.653018,lean
XRP,2023-11-13,2,LONG,PDC,0.6613,0.6675,0.658282,ctx
XRP,2023-11-14,1,SHORT,RND,0.65,0.6473,0.652876,ctx
XRP,2023-11-15,1,SHORT,PDC,0.6296,0.6251,0.632954,lean
XRP,2023-11-15,2,LONG,RND,0.64,0.6407,0.636646,ctx
XRP,2023-11-16,1,SHORT,ONL,0.6363,0.6251,0.639787,lean
XRP,2023-11-16,2,LONG,RND,0.64,0.6481,0.636513,ctx
XRP,2023-11-17,1,SHORT,RND,0.61,0.6046,0.612883,lean
XRP,2023-11-17,2,LONG,PDC,0.6119,0.6244,0.609017,ctx
XRP,2023-11-20,1,SHORT,RND,0.62,0.6154,0.62291,lean
XRP,2023-11-20,2,LONG,PDC,0.6258,0.6286,0.62289,ctx
XRP,2023-11-21,1,SHORT,PDC,0.6122,0.61,0.614761,lean
XRP,2023-11-21,2,LONG,ONH,0.6178,0.62545,0.615239,ctx
XRP,2023-11-22,1,LONG,ONH,0.5981,0.6,0.595602,lean
XRP,2023-11-23,1,SHORT,PDC,0.6109,0.61,0.613415,lean
XRP,2023-11-23,2,LONG,PDH,0.6162,0.6231,0.613685,ctx
XRP,2023-11-24,1,SHORT,ONL,0.6172,0.607466,0.619672,lean
XRP,2023-11-24,2,LONG,RND,0.62,0.6209,0.617528,ctx
XRP,2023-11-27,1,LONG,PDL,0.6064,0.614251,0.603882,lean
XRP,2023-11-27,2,SHORT,RND,0.6,0.5983,0.602518,ctx
XRP,2023-11-28,1,LONG,ONH,0.6072,0.61,0.605044,lean
XRP,2023-11-28,2,SHORT,PDC,0.6039,0.595937,0.606056,ctx
XRP,2023-11-29,1,SHORT,RND,0.61,0.6086,0.612075,lean
XRP,2023-11-29,2,LONG,PDH,0.6139,0.617,0.611825,ctx
XRP,2023-11-30,1,LONG,PDC,0.6091,0.6099,0.607009,lean
XRP,2023-11-30,2,SHORT,PDL,0.604,0.6,0.606091,ctx
XRP,2023-12-01,1,LONG,PDH,0.6099,0.61,0.608007,lean
XRP,2023-12-01,2,SHORT,PDC,0.6063,0.6031,0.608193,ctx
XRP,2023-12-04,1,SHORT,PDC,0.6229,0.62,0.625177,lean
XRP,2023-12-05,1,SHORT,RND,0.61,0.6076,0.612293,ctx
XRP,2023-12-06,1,SHORT,PDC,0.621,0.62,0.623104,lean
XRP,2023-12-06,2,LONG,PDH,0.6307,0.634619,0.628596,ctx
XRP,2023-12-08,1,SHORT,RND,0.65,0.6432,0.652382,lean
XRP,2023-12-08,2,LONG,PDH,0.6544,0.658,0.652018,ctx
XRP,2023-12-11,1,SHORT,RND,0.62,0.611788,0.622617,lean
XRP,2023-12-12,1,SHORT,RND,0.62,0.6187,0.621954,lean
XRP,2023-12-12,2,LONG,ONH,0.6263,0.631219,0.624346,ctx
XRP,2023-12-13,1,LONG,PDL,0.6067,0.61,0.604596,ctx
XRP,2023-12-14,1,SHORT,RND,0.63,0.6275,0.632215,lean
XRP,2023-12-14,2,LONG,ONH,0.6343,0.6348,0.632085,ctx
XRP,2023-12-15,1,LONG,RND,0.63,0.6316,0.62777,lean
XRP,2023-12-15,2,SHORT,ONL,0.6251,0.615595,0.62733,ctx
XRP,2023-12-18,1,SHORT,ONL,0.5778,0.577341,0.579998,lean
XRP,2023-12-18,2,LONG,RND,0.59,0.597859,0.587802,ctx
XRP,2023-12-19,1,SHORT,ONL,0.6062,0.597872,0.608134,lean
XRP,2023-12-19,2,LONG,RND,0.61,0.6125,0.608066,ctx
XRP,2023-12-20,1,SHORT,RND,0.61,0.6047,0.612088,lean
XRP,2023-12-20,2,LONG,ONH,0.6145,0.6167,0.612412,ctx
XRP,2023-12-21,1,LONG,RND,0.62,0.6211,0.617955,lean
XRP,2023-12-21,2,SHORT,PDC,0.6171,0.6107,0.619145,ctx
XRP,2023-12-22,1,SHORT,ONL,0.6164,0.6103,0.61849,lean
XRP,2023-12-22,2,LONG,RND,0.62,0.6241,0.61791,ctx
XRP,2023-12-25,1,SHORT,RND,0.64,0.632034,0.64205,lean
XRP,2023-12-25,2,LONG,ONH,0.6488,0.651166,0.64675,ctx
XRP,2023-12-26,1,SHORT,RND,0.63,0.620954,0.632195,lean
XRP,2023-12-27,1,SHORT,PDC,0.6219,0.618138,0.623949,lean
XRP,2023-12-27,2,LONG,RND,0.63,0.6315,0.627951,ctx
XRP,2023-12-28,1,SHORT,ONL,0.6316,0.63,0.633835,lean
XRP,2023-12-28,2,LONG,PDC,0.634,0.6421,0.631765,ctx
XRP,2023-12-29,1,LONG,PDC,0.6346,0.6365,0.632442,lean
XRP,2023-12-29,2,SHORT,RND,0.63,0.6249,0.632158,ctx
XRP,2024-01-01,1,LONG,RND,0.62,0.6213,0.617931,lean
XRP,2024-01-01,2,SHORT,PDC,0.6156,0.609947,0.617669,ctx
XRP,2024-01-02,1,LONG,RND,0.63,0.6309,0.62784,lean
XRP,2024-01-02,2,SHORT,PDC,0.6294,0.6269,0.63156,ctx
XRP,2024-01-03,1,SHORT,RND,0.56,0.547654,0.563138,ctx
XRP,2024-01-04,1,LONG,RND,0.58,0.5823,0.577921,lean
XRP,2024-01-05,1,SHORT,RND,0.57,0.5692,0.572126,ctx
XRP,2024-01-08,1,LONG,RND,0.57,0.573,0.56794,ctx
XRP,2024-01-09,1,SHORT,ONL,0.5531,0.548543,0.555191,lean
XRP,2024-01-09,2,LONG,RND,0.56,0.568057,0.557909,ctx
XRP,2024-01-10,1,SHORT,PDL,0.5531,0.55,0.555152,lean
XRP,2024-01-11,1,SHORT,PDH,0.615,0.606521,0.61761,lean
XRP,2024-01-11,2,LONG,ONH,0.6194,0.62,0.61679,ctx
XRP,2024-01-12,1,SHORT,ONL,0.5884,0.586238,0.590878,lean
XRP,2024-01-12,2,LONG,RND,0.6,0.6019,0.597522,ctx
XRP,2024-01-15,1,SHORT,PDC,0.5763,0.574,0.578672,lean
XRP,2024-01-15,2,LONG,RND,0.58,0.58927,0.577628,ctx
XRP,2024-01-16,1,SHORT,PDC,0.5757,0.5716,0.577939,lean
XRP,2024-01-16,2,LONG,ONH,0.5793,0.58,0.577061,ctx
XRP,2024-01-17,1,LONG,PDC,0.5757,0.5792,0.573461,lean
XRP,2024-01-17,2,SHORT,RND,0.57,0.5681,0.572239,ctx
XRP,2024-01-18,1,LONG,PDL,0.5611,0.5685,0.559096,lean
XRP,2024-01-18,2,SHORT,RND,0.56,0.5591,0.562004,ctx
XRP,2024-01-19,1,SHORT,RND,0.55,0.5446,0.551875,lean
XRP,2024-01-19,2,LONG,PDC,0.552,0.5537,0.550125,ctx
XRP,2024-01-22,1,SHORT,RND,0.53,0.5258,0.532038,lean
XRP,2024-01-23,1,SHORT,ONL,0.5011,0.495874,0.503205,lean
XRP,2024-01-23,2,LONG,RND,0.51,0.515526,0.507895,ctx
XRP,2024-01-24,1,SHORT,ONL,0.511,0.506851,0.512961,lean
XRP,2024-01-24,2,LONG,PDC,0.5183,0.5194,0.516339,ctx
XRP,2024-01-25,1,SHORT,ONL,0.5067,0.499955,0.508467,lean
XRP,2024-01-25,2,LONG,RND,0.51,0.511,0.508233,ctx
XRP,2024-01-26,1,SHORT,PDH,0.5182,0.5138,0.519952,lean
XRP,2024-01-26,2,LONG,ONH,0.523,0.528177,0.521248,ctx
XRP,2024-01-29,1,LONG,ONH,0.5295,0.533241,0.527713,lean
XRP,2024-01-29,2,SHORT,PDC,0.5241,0.5211,0.525887,ctx
XRP,2024-01-30,1,SHORT,ONL,0.5286,0.521106,0.53042,lean
XRP,2024-01-30,2,LONG,RND,0.53,0.5352,0.52818,ctx
XRP,2024-01-31,1,LONG,RND,0.51,0.5107,0.508258,lean
XRP,2024-01-31,2,SHORT,PDL,0.5071,0.5014,0.508842,ctx
XRP,2024-02-01,1,LONG,PDC,0.5033,0.503485,0.501396,lean
XRP,2024-02-02,1,SHORT,ONL,0.5028,0.5,0.504577,lean
XRP,2024-02-02,2,LONG,PDC,0.5058,0.5077,0.504023,ctx
XRP,2024-02-05,1,SHORT,PDC,0.5032,0.5003,0.504938,lean
XRP,2024-02-05,2,LONG,ONH,0.5076,0.51,0.505862,ctx
XRP,2024-02-06,1,LONG,PDC,0.5069,0.5086,0.50522,lean
XRP,2024-02-06,2,SHORT,RND,0.5,0.4981,0.50168,ctx
XRP,2024-02-07,1,LONG,PDC,0.505,0.5078,0.503438,lean
XRP,2024-02-07,2,SHORT,RND,0.5,0.4993,0.501562,ctx
XRP,2024-02-08,1,SHORT,ONL,0.5101,0.51,0.511846,lean
XRP,2024-02-08,2,LONG,PDC,0.5138,0.5155,0.512054,ctx
XRP,2024-02-09,1,LONG,ONH,0.5265,0.531598,0.524829,ctx
XRP,2024-02-12,1,SHORT,ONL,0.5143,0.510113,0.516204,lean
XRP,2024-02-12,2,LONG,RND,0.52,0.5216,0.518096,ctx
XRP,2024-02-13,1,LONG,RND,0.53,0.5315,0.528032,lean
XRP,2024-02-13,2,SHORT,ONL,0.5263,0.518816,0.528268,ctx
XRP,2024-02-14,1,LONG,RND,0.53,0.5329,0.528237,lean
XRP,2024-02-14,2,SHORT,PDC,0.5247,0.521372,0.526463,ctx
XRP,2024-02-15,1,SHORT,PDH,0.5418,0.540784,0.543775,lean
XRP,2024-02-15,2,LONG,ONH,0.559,0.559216,0.557025,ctx
XRP,2024-02-16,1,SHORT,RND,0.57,0.562724,0.572223,lean
XRP,2024-02-16,2,LONG,PDH,0.5769,0.5791,0.574677,ctx
XRP,2024-02-19,1,LONG,RND,0.56,0.5625,0.557919,lean
XRP,2024-02-19,2,SHORT,PDC,0.5571,0.5559,0.559181,ctx
XRP,2024-02-20,1,LONG,RND,0.57,0.5741,0.567794,lean
XRP,2024-02-20,2,SHORT,PDH,0.5679,0.5626,0.570106,ctx
XRP,2024-02-21,1,LONG,PDL,0.543,0.553163,0.540715,lean
XRP,2024-02-21,2,SHORT,RND,0.54,0.5326,0.542285,ctx
XRP,2024-02-22,1,LONG,PDC,0.5491,0.5505,0.547112,lean
XRP,2024-02-22,2,SHORT,RND,0.54,0.5386,0.541988,ctx
XRP,2024-02-23,1,SHORT,RND,0.53,0.5289,0.531857,lean
XRP,2024-02-23,2,LONG,PDL,0.5366,0.541,0.534743,ctx
XRP,2024-02-26,1,SHORT,RND,0.53,0.5288,0.531843,ctx
XRP,2024-02-27,1,LONG,RND,0.56,0.5648,0.557961,lean
XRP,2024-02-27,2,SHORT,PDH,0.5528,0.5506,0.554839,ctx
XRP,2024-02-28,1,SHORT,RND,0.58,0.5754,0.582299,lean
XRP,2024-02-28,2,LONG,PDC,0.5861,0.5922,0.583801,ctx
XRP,2024-02-29,1,LONG,RND,0.6,0.6059,0.596906,lean
XRP,2024-03-01,1,SHORT,RND,0.59,0.5867,0.592437,lean
XRP,2024-03-01,2,LONG,ONH,0.5965,0.601774,0.594063,ctx
XRP,2024-03-04,1,SHORT,RND,0.65,0.6446,0.653432,lean
XRP,2024-03-04,2,LONG,ONH,0.666,0.669317,0.662568,ctx
XRP,2024-03-05,1,LONG,PDH,0.666,0.667059,0.662452,lean
XRP,2024-03-05,2,SHORT,RND,0.65,0.6477,0.653548,ctx
XRP,2024-03-06,1,SHORT,RND,0.6,0.5912,0.603552,ctx
XRP,2024-03-07,1,SHORT,RND,0.62,0.6121,0.623174,lean
XRP,2024-03-07,2,LONG,PDH,0.624,0.6305,0.620826,ctx
XRP,2024-03-08,1,SHORT,PDC,0.627,0.618,0.629862,lean
XRP,2024-03-08,2,LONG,RND,0.63,0.6338,0.627138,ctx
XRP,2024-03-11,1,LONG,PDH,0.6278,0.6301,0.62436,lean
XRP,2024-03-11,2,SHORT,RND,0.62,0.608,0.62344,ctx
XRP,2024-03-12,1,LONG,PDC,0.723,0.726545,0.717547,lean
XRP,2024-03-12,2,SHORT,RND,0.7,0.6777,0.705453,ctx
XRP,2024-03-13,1,SHORT,PDC,0.688,0.6818,0.692443,lean
XRP,2024-03-13,2,LONG,RND,0.69,0.7026,0.685557,ctx
XRP,2024-03-14,1,LONG,PDC,0.6891,0.69,0.684809,lean
XRP,2024-03-14,2,SHORT,ONL,0.6725,0.6684,0.676791,ctx
XRP,2024-03-15,1,LONG,PDL,0.6378,0.643036,0.633314,lean
XRP,2024-03-15,2,SHORT,RND,0.62,0.601164,0.624486,ctx
XRP,2024-03-18,1,LONG,PDC,0.6191,0.6249,0.61583,lean
XRP,2024-03-18,2,SHORT,RND,0.61,0.6022,0.61327,ctx
XRP,2024-03-19,1,SHORT,RND,0.59,0.5712,0.594167,lean
XRP,2024-03-19,2,LONG,PDL,0.5946,0.609946,0.590433,ctx
XRP,2024-03-20,1,SHORT,PDC,0.5845,0.583163,0.587315,lean
XRP,2024-03-20,2,LONG,RND,0.6,0.6012,0.597185,ctx
XRP,2024-03-21,1,SHORT,PDC,0.6107,0.603121,0.613867,lean
XRP,2024-03-21,2,LONG,PDH,0.6187,0.62,0.615533,ctx
XRP,2024-03-22,1,SHORT,ONL,0.614,0.599681,0.617497,lean
XRP,2024-03-22,2,LONG,RND,0.62,0.632319,0.616503,ctx
XRP,2024-03-25,1,SHORT,ONL,0.6263,0.6133,0.62958,lean
XRP,2024-03-25,2,LONG,RND,0.63,0.6325,0.62672,ctx
XRP,2024-03-26,1,LONG,ONH,0.653,0.658472,0.649985,lean
XRP,2024-03-26,2,SHORT,PDC,0.6406,0.64,0.643615,ctx
XRP,2024-03-27,1,LONG,PDL,0.625,0.6317,0.622117,lean
XRP,2024-03-27,2,SHORT,RND,0.62,0.6117,0.622883,ctx
XRP,2024-03-28,1,SHORT,RND,0.62,0.6118,0.622648,lean
XRP,2024-03-28,2,LONG,ONH,0.6246,0.633659,0.621952,ctx
XRP,2024-03-29,1,LONG,RND,0.63,0.632,0.627446,lean
XRP,2024-03-29,2,SHORT,PDC,0.6244,0.617483,0.626954,ctx
XRP,2024-04-01,1,LONG,RND,0.61,0.6204,0.60741,lean
XRP,2024-04-01,2,SHORT,ONL,0.601,0.597513,0.60359,ctx
XRP,2024-04-02,1,SHORT,ONL,0.5802,0.576939,0.582699,lean
XRP,2024-04-02,2,LONG,RND,0.59,0.5947,0.587501,ctx
XRP,2024-04-03,1,LONG,PDC,0.5854,0.592655,0.58331,lean
XRP,2024-04-03,2,SHORT,RND,0.58,0.579,0.58209,ctx
XRP,2024-04-04,1,SHORT,PDC,0.5742,0.57,0.576183,lean
XRP,2024-04-04,2,LONG,ONH,0.5792,0.584253,0.577217,ctx
XRP,2024-04-05,1,SHORT,ONL,0.5718,0.57,0.574014,ctx
XRP,2024-04-08,1,SHORT,PDH,0.6028,0.597723,0.604895,lean
XRP,2024-04-08,2,LONG,RND,0.61,0.6119,0.607905,ctx
XRP,2024-04-09,1,LONG,ONH,0.626,0.6265,0.623666,lean
XRP,2024-04-09,2,SHORT,RND,0.62,0.6147,0.622334,ctx
XRP,2024-04-10,1,SHORT,RND,0.61,0.6012,0.612528,lean
XRP,2024-04-10,2,LONG,PDC,0.6141,0.624096,0.611572,ctx
XRP,2024-04-11,1,LONG,RND,0.61,0.6172,0.607729,lean
XRP,2024-04-11,2,SHORT,ONL,0.6075,0.598502,0.609771,ctx
XRP,2024-04-12,1,SHORT,ONL,0.6065,0.6029,0.608739,lean
XRP,2024-04-12,2,LONG,PDC,0.6086,0.61,0.606361,ctx
XRP,2024-04-15,1,LONG,ONH,0.5189,0.523336,0.516342,lean
XRP,2024-04-15,2,SHORT,RND,0.51,0.5073,0.512558,ctx
XRP,2024-04-16,1,LONG,PDC,0.4977,0.5021,0.495085,lean
XRP,2024-04-16,2,SHORT,RND,0.49,0.4811,0.492615,ctx
XRP,2024-04-17,1,SHORT,ONL,0.4872,0.476613,0.489533,lean
XRP,2024-04-17,2,LONG,RND,0.49,0.4965,0.487667,ctx
XRP,2024-04-18,1,LONG,ONH,0.4994,0.5,0.496943,lean
XRP,2024-04-18,2,SHORT,PDC,0.4951,0.4856,0.497557,ctx
XRP,2024-04-19,1,LONG,PDC,0.5025,0.5039,0.499837,lean
XRP,2024-04-19,2,SHORT,RND,0.5,0.489174,0.502663,ctx
XRP,2024-04-22,1,LONG,PDH,0.5367,0.54,0.534235,lean
XRP,2024-04-22,2,SHORT,RND,0.53,0.5246,0.532465,ctx
XRP,2024-04-23,1,SHORT,ONL,0.5415,0.54,0.544259,lean
XRP,2024-04-23,2,LONG,PDC,0.556,0.556674,0.553241,ctx
XRP,2024-04-24,1,SHORT,PDL,0.5415,0.5407,0.543985,lean
XRP,2024-04-24,2,LONG,PDC,0.5445,0.5519,0.542015,ctx
XRP,2024-04-25,1,SHORT,ONL,0.5157,0.507322,0.518203,lean
XRP,2024-04-25,2,LONG,RND,0.52,0.5212,0.517497,ctx
XRP,2024-04-26,1,LONG,PDC,0.5254,0.5327,0.522931,lean
XRP,2024-04-26,2,SHORT,RND,0.52,0.5171,0.522469,ctx
XRP,2024-04-29,1,SHORT,ONL,0.4986,0.496123,0.500674,lean
XRP,2024-04-29,2,LONG,PDL,0.5085,0.51,0.506426,ctx
XRP,2024-04-30,1,SHORT,ONL,0.4953,0.488423,0.497181,lean
XRP,2024-04-30,2,LONG,PDL,0.4986,0.5,0.496719,ctx
XRP,2024-05-01,1,LONG,PDC,0.5006,0.503726,0.498559,lean
XRP,2024-05-01,2,SHORT,RND,0.49,0.4875,0.492041,ctx
XRP,2024-05-03,1,SHORT,ONL,0.5145,0.507523,0.516402,lean
XRP,2024-05-03,2,LONG,PDC,0.518,0.52,0.516098,ctx
XRP,2024-05-06,1,SHORT,PDH,0.5334,0.5296,0.535409,lean
XRP,2024-05-06,2,LONG,RND,0.54,0.544375,0.537991,ctx
XRP,2024-05-07,1,SHORT,ONL,0.5313,0.53,0.533396,lean
XRP,2024-05-07,2,LONG,PDC,0.5402,0.544384,0.538104,ctx
XRP,2024-05-08,1,LONG,RND,0.52,0.5217,0.518099,lean
XRP,2024-05-08,2,SHORT,ONL,0.5175,0.51083,0.519401,ctx
XRP,2024-05-09,1,LONG,PDL,0.5153,0.5171,0.513481,lean
XRP,2024-05-09,2,SHORT,RND,0.51,0.5093,0.511819,ctx
XRP,2024-05-10,1,SHORT,ONL,0.5126,0.5087,0.514436,lean
XRP,2024-05-10,2,LONG,RND,0.52,0.5209,0.518164,ctx
XRP,2024-05-13,1,SHORT,PDC,0.4993,0.497908,0.501163,lean
XRP,2024-05-13,2,LONG,PDH,0.5088,0.51,0.506937,ctx
XRP,2024-05-14,1,SHORT,PDC,0.5053,0.499049,0.50694,lean
XRP,2024-05-14,2,LONG,ONH,0.5096,0.51,0.50796,ctx
XRP,2024-05-15,1,SHORT,PDC,0.5002,0.5,0.501858,lean
XRP,2024-05-15,2,LONG,ONH,0.5036,0.508536,0.501942,ctx
XRP,2024-05-16,1,SHORT,ONL,0.5153,0.510266,0.517129,lean
XRP,2024-05-16,2,LONG,PDH,0.5196,0.52,0.517771,ctx
XRP,2024-05-17,1,LONG,PDH,0.5228,0.523,0.521076,lean
XRP,2024-05-17,2,SHORT,RND,0.52,0.5157,0.521724,ctx
XRP,2024-05-20,1,LONG,ONH,0.5182,0.520095,0.516551,lean
XRP,2024-05-20,2,SHORT,RND,0.51,0.5096,0.511649,ctx
XRP,2024-05-21,1,SHORT,RND,0.54,0.538,0.541807,lean
XRP,2024-05-21,2,LONG,ONH,0.5467,0.551131,0.544893,ctx
XRP,2024-05-22,1,SHORT,PDL,0.5319,0.53,0.533789,lean
XRP,2024-05-22,2,LONG,PDC,0.537,0.5385,0.535111,ctx
XRP,2024-05-23,1,LONG,RND,0.53,0.5308,0.528192,lean
XRP,2024-05-23,2,SHORT,PDC,0.5268,0.5224,0.528608,ctx
XRP,2024-05-24,1,LONG,PDC,0.5289,0.53,0.527085,lean
XRP,2024-05-27,1,SHORT,PDL,0.5255,0.5236,0.527256,lean
XRP,2024-05-27,2,LONG,PDC,0.5283,0.53,0.526544,ctx
XRP,2024-05-28,1,SHORT,RND,0.53,0.5236,0.531775,lean
XRP,2024-05-28,2,LONG,PDC,0.534,0.5366,0.532225,ctx
XRP,2024-05-29,1,SHORT,PDC,0.5287,0.5215,0.530452,lean
XRP,2024-05-29,2,LONG,RND,0.53,0.5334,0.528248,ctx
XRP,2024-05-30,1,LONG,PDC,0.5238,0.5283,0.5221,lean
XRP,2024-05-31,1,LONG,ONH,0.5234,0.5283,0.521762,lean
XRP,2024-05-31,2,SHORT,RND,0.52,0.5186,0.521638,ctx
XRP,2024-06-03,1,LONG,RND,0.52,0.5209,0.518308,lean
XRP,2024-06-03,2,SHORT,PDC,0.5135,0.5118,0.515192,ctx
XRP,2024-06-04,1,SHORT,RND,0.52,0.5199,0.521555,lean
XRP,2024-06-04,2,LONG,PDH,0.5232,0.5257,0.521645,ctx
XRP,2024-06-05,1,SHORT,PDC,0.5257,0.524,0.527272,lean
XRP,2024-06-05,2,LONG,RND,0.53,0.5303,0.528428,ctx
XRP,2024-06-06,1,SHORT,PDC,0.5258,0.524,0.52735,lean
XRP,2024-06-06,2,LONG,ONH,0.5275,0.53,0.52595,ctx
XRP,2024-06-07,1,LONG,ONH,0.528,0.5281,0.526395,lean
XRP,2024-06-07,2,SHORT,PDC,0.5215,0.519809,0.523105,ctx
XRP,2024-06-10,1,LONG,PDC,0.4986,0.4992,0.497087,lean
XRP,2024-06-10,2,SHORT,ONL,0.4933,0.4909,0.494813,ctx
XRP,2024-06-11,1,SHORT,RND,0.48,0.4795,0.481537,lean
XRP,2024-06-12,1,SHORT,PDC,0.4802,0.48,0.481973,lean
XRP,2024-06-12,2,LONG,ONH,0.4851,0.489874,0.483327,ctx
XRP,2024-06-13,1,SHORT,ONL,0.4827,0.48,0.484293,lean
XRP,2024-06-13,2,LONG,PDC,0.4916,0.491934,0.490007,ctx
XRP,2024-06-14,1,SHORT,PDC,0.4769,0.4756,0.478335,lean
XRP,2024-06-14,2,LONG,RND,0.48,0.4814,0.478565,ctx
XRP,2024-06-14,3,FADE,RND,0.48,0.4769,0.481435,ctx
XRP,2024-06-17,1,LONG,PDH,0.4997,0.5,0.497938,ctx
XRP,2024-06-18,1,LONG,RND,0.5,0.5047,0.497942,ctx
XRP,2024-06-19,1,SHORT,PDC,0.491,0.49,0.492715,lean
XRP,2024-06-19,2,LONG,ONH,0.4976,0.500405,0.495885,ctx
XRP,2024-06-20,1,SHORT,RND,0.5,0.4996,0.501739,lean
XRP,2024-06-20,2,LONG,ONH,0.5023,0.509114,0.500561,ctx
XRP,2024-06-21,1,LONG,ONH,0.4959,0.502217,0.494139,lean
XRP,2024-06-21,2,SHORT,RND,0.49,0.4888,0.491761,ctx
XRP,2024-06-24,1,LONG,PDC,0.4797,0.48,0.478103,lean
XRP,2024-06-24,2,SHORT,PDL,0.4742,0.468249,0.475797,ctx
XRP,2024-06-25,1,LONG,ONH,0.4794,0.48,0.477934,lean
XRP,2024-06-25,2,SHORT,PDC,0.474,0.4719,0.475466,ctx
XRP,2024-06-26,1,SHORT,PDL,0.4731,0.4708,0.474414,lean
XRP,2024-06-26,2,LONG,PDC,0.4757,0.4783,0.474386,ctx
XRP,2024-06-26,3,FADE,PDH,0.4802,0.4757,0.481514,ctx
XRP,2024-06-27,1,SHORT,RND,0.47,0.4698,0.471548,lean
XRP,2024-06-27,2,LONG,ONH,0.4719,0.477623,0.470352,ctx
XRP,2024-06-28,1,SHORT,RND,0.48,0.4771,0.48145,lean
XRP,2024-06-28,2,LONG,ONH,0.481,0.486868,0.47955,ctx
XRP,2024-07-01,1,LONG,RND,0.48,0.4849,0.478547,lean
XRP,2024-07-01,2,SHORT,PDH,0.4784,0.4761,0.479853,ctx
XRP,2024-07-02,1,SHORT,PDH,0.4849,0.479608,0.486355,lean
XRP,2024-07-02,2,LONG,ONH,0.4889,0.49,0.487445,ctx
XRP,2024-07-03,1,SHORT,RND,0.48,0.4771,0.481668,lean
XRP,2024-07-03,2,LONG,PDC,0.4853,0.4875,0.483632,ctx
XRP,2024-07-04,1,SHORT,RND,0.45,0.445465,0.451593,lean
XRP,2024-07-05,1,LONG,RND,0.42,0.42558,0.418161,ctx
XRP,2024-07-08,1,LONG,RND,0.44,0.4415,0.438134,ctx
XRP,2024-07-09,1,SHORT,PDC,0.4316,0.43,0.433233,lean
XRP,2024-07-09,2,LONG,ONH,0.4398,0.441821,0.438167,ctx
XRP,2024-07-10,1,SHORT,RND,0.44,0.4398,0.441531,lean
XRP,2024-07-10,2,LONG,ONH,0.4426,0.447443,0.441069,ctx
XRP,2024-07-11,1,SHORT,PDH,0.4426,0.442352,0.444217,lean
XRP,2024-07-11,2,LONG,RND,0.45,0.4531,0.448383,ctx
XRP,2024-07-12,1,LONG,ONH,0.478,0.480082,0.47614,lean
XRP,2024-07-12,2,SHORT,RND,0.47,0.462718,0.47186,ctx
XRP,2024-07-16,1,SHORT,PDH,0.5404,0.5372,0.543341,lean
XRP,2024-07-16,2,LONG,RND,0.55,0.560227,0.547059,ctx
XRP,2024-07-17,1,SHORT,RND,0.61,0.59568,0.613904,lean
XRP,2024-07-17,2,LONG,ONH,0.6238,0.63212,0.619896,ctx
XRP,2024-07-18,1,LONG,RND,0.58,0.599745,0.575555,lean
XRP,2024-07-18,2,SHORT,PDL,0.5783,0.5669,0.582745,ctx
XRP,2024-07-19,1,LONG,PDL,0.5575,0.569273,0.554077,lean
XRP,2024-07-19,2,SHORT,RND,0.55,0.54,0.553423,ctx
XRP,2024-07-22,1,LONG,ONH,0.6149,0.629827,0.610887,lean
XRP,2024-07-22,2,SHORT,RND,0.61,0.608,0.614013,ctx
XRP,2024-07-23,1,SHORT,ONL,0.5925,0.5855,0.596206,lean
XRP,2024-07-23,2,LONG,RND,0.6,0.608,0.596294,ctx
XRP,2024-07-24,1,LONG,RND,0.63,0.6327,0.626358,lean
XRP,2024-07-24,2,SHORT,PDH,0.617,0.611402,0.620642,ctx
XRP,2024-07-25,1,LONG,PDC,0.6179,0.6221,0.614081,lean
XRP,2024-07-25,2,SHORT,RND,0.61,0.5942,0.613819,ctx
XRP,2024-07-26,1,LONG,ONH,0.6093,0.618074,0.605791,lean
XRP,2024-07-26,2,SHORT,RND,0.6,0.5996,0.603509,ctx
XRP,2024-07-29,1,SHORT,PDC,0.6012,0.5985,0.603742,lean
XRP,2024-07-29,2,LONG,RND,0.61,0.6124,0.607458,ctx
XRP,2024-07-30,1,LONG,RND,0.63,0.6379,0.626713,ctx
XRP,2024-07-31,1,LONG,RND,0.65,0.6586,0.646572,lean
XRP,2024-07-31,2,SHORT,PDH,0.6379,0.633503,0.641328,ctx
XRP,2024-08-01,1,SHORT,RND,0.61,0.5965,0.61338,lean
XRP,2024-08-01,2,LONG,PDL,0.6217,0.623,0.61832,ctx
XRP,2024-08-02,1,SHORT,RND,0.57,0.568,0.572591,ctx
XRP,2024-08-05,1,SHORT,RND,0.45,0.43753,0.453079,ctx
XRP,2024-08-06,1,SHORT,RND,0.5,0.491349,0.502604,ctx
XRP,2024-08-07,1,SHORT,RND,0.51,0.5062,0.512477,lean
XRP,2024-08-07,2,LONG,PDH,0.5188,0.5195,0.516323,ctx
XRP,2024-08-08,1,LONG,RND,0.62,0.633287,0.616124,lean
XRP,2024-08-08,2,SHORT,PDC,0.6002,0.597113,0.604076,ctx
XRP,2024-08-09,1,SHORT,ONL,0.5826,0.5785,0.586505,lean
XRP,2024-08-09,2,LONG,RND,0.59,0.604922,0.586095,ctx
XRP,2024-08-12,1,LONG,ONH,0.5795,0.58,0.576404,ctx
XRP,2024-08-13,1,SHORT,PDC,0.5684,0.5626,0.571555,lean
XRP,2024-08-13,2,LONG,ONH,0.5792,0.5795,0.576045,ctx
XRP,2024-08-14,1,SHORT,PDC,0.577,0.5711,0.580159,lean
XRP,2024-08-14,2,LONG,RND,0.58,0.5828,0.576841,ctx
XRP,2024-08-15,1,SHORT,PDC,0.5687,0.5641,0.571649,lean
XRP,2024-08-15,2,LONG,RND,0.57,0.5742,0.567051,ctx
XRP,2024-08-16,1,SHORT,PDC,0.5607,0.5549,0.563608,lean
XRP,2024-08-16,2,LONG,RND,0.57,0.5723,0.567092,ctx
XRP,2024-08-19,1,SHORT,PDH,0.5845,0.571673,0.58742,lean
XRP,2024-08-19,2,LONG,ONH,0.5899,0.59,0.58698,ctx
XRP,2024-08-20,1,SHORT,PDC,0.5985,0.5956,0.60172,lean
XRP,2024-08-20,2,LONG,PDH,0.6091,0.61,0.60588,ctx
XRP,2024-08-21,1,LONG,RND,0.6,0.6022,0.59716,lean
XRP,2024-08-21,2,SHORT,PDC,0.5937,0.5923,0.59654,ctx
XRP,2024-08-22,1,SHORT,RND,0.6,0.5999,0.602373,lean
XRP,2024-08-22,2,LONG,ONH,0.6049,0.6056,0.602527,ctx
XRP,2024-08-23,1,LONG,PDC,0.5976,0.6,0.595368,lean
XRP,2024-08-23,2,SHORT,ONL,0.5955,0.5923,0.597732,ctx
XRP,2024-08-26,1,SHORT,PDL,0.595,0.5915,0.597241,lean
XRP,2024-08-27,1,LONG,RND,0.59,0.5957,0.587843,lean
XRP,2024-08-27,2,SHORT,ONL,0.5838,0.5782,0.585957,ctx
XRP,2024-08-28,1,SHORT,RND,0.58,0.571708,0.581927,lean
XRP,2024-08-28,2,LONG,ONH,0.5837,0.589692,0.581773,ctx
XRP,2024-08-29,1,LONG,ONH,0.577,0.583535,0.575064,lean
XRP,2024-08-29,2,SHORT,RND,0.57,0.5693,0.571936,ctx
XRP,2024-08-30,1,LONG,ONH,0.5661,0.57191,0.564362,lean
XRP,2024-08-30,2,SHORT,PDC,0.5619,0.56,0.563638,ctx
XRP,2024-09-02,1,SHORT,PDC,0.5472,0.546441,0.549034,lean
XRP,2024-09-02,2,LONG,ONH,0.5581,0.56,0.556266,ctx
XRP,2024-09-03,1,SHORT,RND,0.57,0.5688,0.57187,lean
XRP,2024-09-03,2,LONG,ONH,0.5724,0.578829,0.57053,ctx
XRP,2024-09-04,1,LONG,PDL,0.5565,0.5572,0.554621,lean
XRP,2024-09-04,2,SHORT,RND,0.55,0.541729,0.551879,ctx
XRP,2024-09-05,1,LONG,PDC,0.5579,0.559054,0.556003,lean
XRP,2024-09-05,2,SHORT,RND,0.55,0.5485,0.551897,ctx
XRP,2024-09-06,1,SHORT,ONL,0.5323,0.529697,0.534186,lean
XRP,2024-09-06,2,LONG,PDL,0.5399,0.54,0.538014,ctx
XRP,2024-09-09,1,LONG,PDH,0.5316,0.5342,0.529804,lean
XRP,2024-09-09,2,SHORT,RND,0.53,0.5295,0.531796,ctx
XRP,2024-09-10,1,SHORT,ONL,0.5337,0.530813,0.535369,lean
XRP,2024-09-10,2,LONG,PDC,0.5395,0.54,0.537831,ctx
XRP,2024-09-11,1,SHORT,PDL,0.5337,0.5305,0.535373,lean
XRP,2024-09-11,2,LONG,PDC,0.5408,0.541805,0.539127,ctx
XRP,2024-09-12,1,SHORT,PDC,0.5348,0.5334,0.538177,lean
XRP,2024-09-12,2,LONG,RND,0.54,0.5413,0.536623,ctx
XRP,2024-09-13,1,SHORT,PDC,0.5626,0.56,0.564577,lean
XRP,2024-09-16,1,SHORT,PDC,0.5706,0.57,0.572731,lean
XRP,2024-09-16,2,LONG,ONH,0.5789,0.580747,0.576769,ctx
XRP,2024-09-17,1,LONG,PDC,0.5866,0.5906,0.584319,lean
XRP,2024-09-17,2,SHORT,RND,0.58,0.5789,0.582281,ctx
XRP,2024-09-18,1,SHORT,RND,0.57,0.5696,0.572217,lean
XRP,2024-09-18,2,LONG,PDL,0.5789,0.583247,0.576683,ctx
XRP,2024-09-19,1,LONG,PDH,0.5858,0.5899,0.583578,lean
XRP,2024-09-19,2,SHORT,PDC,0.5852,0.5788,0.587422,ctx
XRP,2024-09-20,1,SHORT,PDL,0.581,0.58,0.583192,lean
XRP,2024-09-20,2,LONG,PDC,0.5868,0.593,0.584608,ctx
XRP,2024-09-23,1,LONG,PDC,0.5871,0.59,0.584944,lean
XRP,2024-09-24,1,SHORT,PDC,0.5847,0.5814,0.586774,lean
XRP,2024-09-24,2,LONG,RND,0.59,0.5909,0.587926,ctx
XRP,2024-09-25,1,SHORT,RND,0.59,0.5851,0.592171,lean
XRP,2024-09-25,2,LONG,PDC,0.5911,0.5927,0.588929,ctx
XRP,2024-09-26,1,SHORT,PDC,0.5831,0.5824,0.585063,lean
XRP,2024-09-26,2,LONG,RND,0.59,0.5912,0.588037,ctx
XRP,2024-09-27,1,SHORT,ONL,0.5824,0.577324,0.584495,lean
XRP,2024-09-27,2,LONG,RND,0.59,0.5905,0.587905,ctx
XRP,2024-09-30,1,LONG,RND,0.63,0.641077,0.627605,lean
XRP,2024-09-30,2,SHORT,ONL,0.6252,0.618723,0.627595,ctx
XRP,2024-10-01,1,LONG,RND,0.63,0.6342,0.628022,ctx
XRP,2024-10-02,1,LONG,RND,0.59,0.595528,0.587915,lean
XRP,2024-10-02,2,SHORT,ONL,0.5791,0.5778,0.581185,ctx
XRP,2024-10-03,1,LONG,RND,0.52,0.5267,0.517908,ctx
XRP,2024-10-04,1,SHORT,PDC,0.5217,0.515675,0.52372,ctx
XRP,2024-10-07,1,SHORT,PDH,0.5372,0.5336,0.538866,lean
XRP,2024-10-07,2,LONG,RND,0.54,0.5445,0.538334,ctx
XRP,2024-10-08,1,LONG,ONH,0.5391,0.539204,0.537385,lean
XRP,2024-10-08,2,SHORT,RND,0.53,0.5286,0.531715,ctx
XRP,2024-10-09,1,SHORT,PDC,0.531,0.53,0.53263,lean
XRP,2024-10-09,2,LONG,ONH,0.5346,0.5358,0.53297,ctx
XRP,2024-10-10,1,SHORT,PDC,0.5245,0.5228,0.526342,lean
XRP,2024-10-11,1,LONG,RND,0.54,0.5412,0.538375,lean
XRP,2024-10-11,2,SHORT,PDC,0.5305,0.528015,0.532125,ctx
XRP,2024-10-14,1,SHORT,PDC,0.5321,0.531646,0.533633,lean
XRP,2024-10-14,2,LONG,PDH,0.5395,0.54,0.537967,ctx
XRP,2024-10-15,1,SHORT,ONL,0.5343,0.5282,0.536163,lean
XRP,2024-10-15,2,LONG,RND,0.54,0.544893,0.538137,ctx
XRP,2024-10-16,1,LONG,ONH,0.5458,0.551845,0.54414,lean
XRP,2024-10-16,2,SHORT,PDC,0.5417,0.54,0.54336,ctx
XRP,2024-10-17,1,SHORT,RND,0.55,0.5482,0.551899,lean
XRP,2024-10-17,2,LONG,PDH,0.5538,0.561364,0.551901,ctx
XRP,2024-10-18,1,SHORT,PDC,0.5441,0.5419,0.545903,lean
XRP,2024-10-18,2,LONG,RND,0.55,0.5532,0.548197,ctx
XRP,2024-10-21,1,SHORT,RND,0.55,0.549,0.551806,lean
XRP,2024-10-21,2,LONG,ONH,0.5608,0.562129,0.558994,ctx
XRP,2024-10-22,1,SHORT,ONL,0.5308,0.53,0.532569,lean
XRP,2024-10-22,2,LONG,PDL,0.5409,0.542555,0.539131,ctx
XRP,2024-10-23,1,SHORT,ONL,0.5227,0.519094,0.524351,lean
XRP,2024-10-23,2,LONG,PDL,0.5291,0.53,0.527449,ctx
XRP,2024-10-24,1,LONG,RND,0.53,0.5335,0.528268,lean
XRP,2024-10-24,2,SHORT,PDC,0.5258,0.5233,0.527532,ctx
XRP,2024-10-25,1,SHORT,PDL,0.5241,0.5202,0.525684,lean
XRP,2024-10-25,2,LONG,RND,0.53,0.532,0.528416,ctx
XRP,2024-10-28,1,SHORT,PDH,0.518,0.5168,0.519577,lean
XRP,2024-10-28,2,LONG,RND,0.52,0.5214,0.518423,ctx
XRP,2024-10-29,1,LONG,ONH,0.5284,0.53,0.526815,lean
XRP,2024-10-29,2,SHORT,PDH,0.5217,0.5195,0.523285,ctx
XRP,2024-10-30,1,SHORT,ONL,0.5205,0.52,0.522212,lean
XRP,2024-10-30,2,LONG,PDC,0.5284,0.52879,0.526688,ctx
XRP,2024-10-31,1,LONG,PDL,0.5194,0.52,0.517822,lean
XRP,2024-10-31,2,SHORT,ONL,0.5152,0.511234,0.516778,ctx
XRP,2024-11-01,1,LONG,RND,0.52,0.5238,0.518347,lean
XRP,2024-11-04,1,SHORT,RND,0.51,0.503284,0.511632,lean
XRP,2024-11-04,2,LONG,PDH,0.5111,0.5147,0.509468,ctx
XRP,2024-11-05,1,LONG,RND,0.51,0.514672,0.508485,lean
XRP,2024-11-05,2,SHORT,PDC,0.5035,0.5017,0.505015,ctx
XRP,2024-11-06,1,SHORT,RND,0.53,0.52455,0.531704,lean
XRP,2024-11-07,1,SHORT,PDH,0.5469,0.5418,0.549275,lean
XRP,2024-11-07,2,LONG,RND,0.55,0.560883,0.547625,ctx
XRP,2024-11-08,1,SHORT,RND,0.55,0.546,0.552161,lean
XRP,2024-11-08,2,LONG,PDC,0.5556,0.56,0.553439,ctx
XRP,2024-11-11,1,SHORT,RND,0.58,0.572241,0.582327,lean
XRP,2024-11-11,2,LONG,PDC,0.5884,0.593959,0.586073,ctx
XRP,2024-11-12,1,SHORT,RND,0.64,0.633,0.643447,ctx
XRP,2024-11-13,1,SHORT,RND,0.67,0.648762,0.675258,ctx
XRP,2024-11-14,1,LONG,RND,0.72,0.7263,0.715461,lean
XRP,2024-11-15,1,LONG,RND,0.87,0.8729,0.864166,lean
XRP,2024-11-15,2,SHORT,PDH,0.8473,0.838174,0.853134,ctx
XRP,2024-11-18,1,LONG,RND,1.13,1.1603,1.122145,lean
XRP,2024-11-19,1,SHORT,ONL,1.0816,1.071957,1.089516,lean
XRP,2024-11-19,2,LONG,RND,1.11,1.1137,1.102084,ctx
XRP,2024-11-20,1,SHORT,PDC,1.1003,1.085566,1.107679,lean
XRP,2024-11-20,2,LONG,PDH,1.148,1.151,1.140621,ctx
XRP,2024-11-21,1,LONG,PDH,1.151,1.1577,1.143596,lean
XRP,2024-11-21,2,SHORT,RND,1.13,1.1041,1.137404,ctx
XRP,2024-11-22,1,LONG,RND,1.48,1.5,1.467382,ctx
XRP,2024-11-25,1,SHORT,PDC,1.4331,1.400457,1.447424,lean
XRP,2024-11-25,2,LONG,RND,1.47,1.513,1.455676,ctx
XRP,2024-11-26,1,SHORT,ONL,1.2833,1.271629,1.295187,lean
XRP,2024-11-26,2,LONG,RND,1.33,1.355,1.318113,ctx
XRP,2024-11-27,1,SHORT,PDC,1.3984,1.379312,1.40834,lean
XRP,2024-11-27,2,LONG,RND,1.43,1.4588,1.42006,ctx
XRP,2024-11-28,1,LONG,PDC,1.4696,1.4923,1.459399,lean
XRP,2024-11-28,2,SHORT,RND,1.46,1.4363,1.470201,ctx
XRP,2024-11-29,1,LONG,RND,1.66,1.6833,1.648751,lean
XRP,2024-12-02,1,SHORT,PDC,2.2937,2.249908,2.315063,lean
XRP,2024-12-03,1,SHORT,RND,2.7,2.567765,2.732729,lean
XRP,2024-12-03,2,LONG,PDC,2.7245,2.8723,2.691771,ctx
XRP,2024-12-04,1,SHORT,PDC,2.5102,2.5,2.531447,lean
XRP,2024-12-04,2,LONG,RND,2.6,2.670251,2.578753,ctx
XRP,2024-12-05,1,SHORT,PDC,2.3574,2.28,2.380761,lean
XRP,2024-12-05,2,LONG,RND,2.38,2.48782,2.356639,ctx
XRP,2024-12-06,1,SHORT,RND,2.26,2.2446,2.280778,ctx
XRP,2024-12-09,1,SHORT,RND,2.39,2.3427,2.413352,lean
XRP,2024-12-09,2,LONG,PDL,2.4843,2.503274,2.460948,ctx
XRP,2024-12-10,1,LONG,PDC,2.2124,2.214307,2.194484,lean
XRP,2024-12-10,2,SHORT,RND,2.13,2.047093,2.147916,ctx
XRP,2024-12-11,1,LONG,RND,2.38,2.4084,2.360531,lean
XRP,2024-12-11,2,SHORT,PDC,2.3709,2.285344,2.390369,ctx
XRP,2024-12-12,1,SHORT,RND,2.44,2.3941,2.458051,lean
XRP,2024-12-12,2,LONG,PDH,2.4703,2.484,2.452249,ctx
XRP,2024-12-13,1,LONG,ONH,2.3991,2.450251,2.382868,lean
XRP,2024-12-13,2,SHORT,RND,2.37,2.3384,2.386232,ctx
XRP,2024-12-16,1,SHORT,ONL,2.3333,2.278415,2.350033,lean
XRP,2024-12-16,2,LONG,RND,2.36,2.3677,2.343267,ctx
XRP,2024-12-17,1,SHORT,RND,2.7,2.609851,2.722296,lean
XRP,2024-12-17,2,LONG,ONH,2.7281,2.817949,2.705804,ctx
XRP,2024-12-18,1,LONG,PDC,2.5673,2.5921,2.549331,lean
XRP,2024-12-18,2,SHORT,RND,2.5,2.4683,2.517969,ctx
XRP,2024-12-19,1,LONG,ONH,2.4317,2.46004,2.414613,lean
XRP,2024-12-19,2,SHORT,RND,2.38,2.3103,2.397087,ctx
XRP,2024-12-20,1,LONG,PDL,2.1595,2.16,2.141114,lean
XRP,2024-12-23,1,SHORT,PDC,2.2031,2.1604,2.218504,lean
XRP,2024-12-23,2,LONG,RND,2.22,2.2356,2.204596,ctx
XRP,2024-12-24,1,SHORT,RND,2.24,2.2138,2.255466,lean
XRP,2024-12-24,2,LONG,PDC,2.2617,2.2665,2.246234,ctx
XRP,2024-12-25,1,SHORT,RND,2.28,2.2621,2.291339,lean
XRP,2024-12-25,2,LONG,PDC,2.3238,2.3333,2.312461,ctx
XRP,2024-12-26,1,SHORT,RND,2.17,2.1547,2.180485,lean
XRP,2024-12-27,1,LONG,ONH,2.2379,2.248623,2.228274,lean
XRP,2024-12-27,2,SHORT,RND,2.2,2.158777,2.209626,ctx
XRP,2024-12-30,1,LONG,RND,2.08,2.0942,2.069984,lean
XRP,2024-12-30,2,SHORT,PDL,2.0711,2.0468,2.081116,ctx
XRP,2024-12-31,1,LONG,ONH,2.1031,2.125497,2.093908,lean
XRP,2024-12-31,2,SHORT,RND,2.08,2.0587,2.089192,ctx
XRP,2025-01-01,1,LONG,RND,2.17,2.1737,2.160792,lean
XRP,2025-01-01,2,SHORT,PDH,2.1491,2.124927,2.158308,ctx
XRP,2025-01-02,1,LONG,RND,2.41,2.4522,2.399019,lean
XRP,2025-01-03,1,SHORT,PDC,2.4024,2.4,2.41238,ctx
XRP,2025-01-06,1,SHORT,RND,2.39,2.3734,2.399252,lean
XRP,2025-01-06,2,LONG,PDC,2.3994,2.4285,2.390148,ctx
XRP,2025-01-07,1,SHORT,RND,2.41,2.3933,2.419633,lean
XRP,2025-01-07,2,LONG,PDC,2.42,2.4584,2.410367,ctx
XRP,2025-01-08,1,SHORT,RND,2.31,2.2712,2.319586,ctx
XRP,2025-01-09,1,SHORT,ONL,2.2839,2.234398,2.2974,lean
XRP,2025-01-09,2,LONG,RND,2.3,2.360402,2.2865,ctx
XRP,2025-01-10,1,SHORT,PDC,2.2722,2.26282,2.28216,lean
XRP,2025-01-10,2,LONG,RND,2.31,2.3265,2.30004,ctx
XRP,2025-01-13,1,LONG,RND,2.38,2.441531,2.366279,lean
XRP,2025-01-13,2,SHORT,ONL,2.3329,2.313469,2.346621,ctx
XRP,2025-01-14,1,LONG,PDH,2.5634,2.6,2.549577,lean
XRP,2025-01-14,2,SHORT,PDC,2.5232,2.5126,2.537023,ctx
XRP,2025-01-15,1,LONG,RND,2.8,2.851596,2.781551,lean
XRP,2025-01-15,2,SHORT,PDH,2.7,2.679404,2.718449,ctx
XRP,2025-01-16,1,SHORT,RND,3.3,3.234344,3.322341,lean
XRP,2025-01-16,2,LONG,ONH,3.3478,3.442856,3.325459,ctx
XRP,2025-01-17,1,LONG,PDC,3.2451,3.340456,3.223338,lean
XRP,2025-01-17,2,SHORT,RND,3.2,3.1649,3.221762,ctx
XRP,2025-01-20,1,SHORT,RND,3.2,3.139614,3.223547,lean
XRP,2025-01-20,2,LONG,PDH,3.2929,3.353,3.269353,ctx
XRP,2025-01-21,1,SHORT,PDC,3.1053,3.1,3.127034,lean
XRP,2025-01-21,2,LONG,ONH,3.193,3.231626,3.171266,ctx
XRP,2025-01-22,1,SHORT,RND,3.2,3.1738,3.221703,lean
XRP,2025-01-22,2,LONG,PDH,3.246,3.2606,3.224297,ctx
XRP,2025-01-23,1,SHORT,ONL,3.05,2.96447,3.069142,lean
XRP,2025-01-23,2,LONG,RND,3.1,3.1237,3.080858,ctx
XRP,2025-01-24,1,SHORT,PDH,3.1868,3.1194,3.205748,lean
XRP,2025-01-24,2,LONG,RND,3.2,3.2031,3.181052,ctx
XRP,2025-01-27,1,LONG,RND,2.9,2.96878,2.880526,lean
XRP,2025-01-28,1,LONG,ONH,3.197,3.2,3.180652,lean
XRP,2025-01-29,1,SHORT,PDC,3.0572,3.0379,3.071232,lean
XRP,2025-01-29,2,LONG,RND,3.1,3.129482,3.085968,ctx
XRP,2025-01-30,1,LONG,RND,3.1,3.1356,3.087786,lean
XRP,2025-01-30,2,SHORT,PDC,3.0683,3.0466,3.080514,ctx
XRP,2025-01-31,1,SHORT,ONL,3.0588,3.0466,3.07125,lean
XRP,2025-01-31,2,LONG,RND,3.1,3.1276,3.08755,ctx
XRP,2025-02-03,1,LONG,RND,2.36,2.454421,2.339467,lean
XRP,2025-02-04,1,LONG,PDC,2.7001,2.73035,2.680932,lean
XRP,2025-02-04,2,SHORT,RND,2.6,2.55145,2.619168,ctx
XRP,2025-02-05,1,SHORT,PDC,2.5274,2.5,2.539819,lean
XRP,2025-02-05,2,LONG,ONH,2.5692,2.587956,2.556781,ctx
XRP,2025-02-06,1,SHORT,PDC,2.381,2.3616,2.395177,lean
XRP,2025-02-06,2,LONG,RND,2.4,2.464061,2.385823,ctx
XRP,2025-02-07,1,SHORT,RND,2.41,2.339311,2.426048,lean
XRP,2025-02-07,2,LONG,ONH,2.4333,2.4699,2.417252,ctx
XRP,2025-02-10,1,LONG,ONH,2.4534,2.486177,2.437848,lean
XRP,2025-02-10,2,SHORT,RND,2.41,2.3928,2.425552,ctx
XRP,2025-02-11,1,SHORT,PDH,2.4733,2.4237,2.487328,lean
XRP,2025-02-11,2,LONG,RND,2.49,2.529,2.475972,ctx
XRP,2025-02-12,1,LONG,ONH,2.4461,2.479968,2.433421,lean
XRP,2025-02-12,2,SHORT,RND,2.42,2.4131,2.432679,ctx
XRP,2025-02-13,1,SHORT,ONL,2.4195,2.375645,2.432326,lean
XRP,2025-02-13,2,LONG,RND,2.44,2.4734,2.427174,ctx
XRP,2025-02-14,1,LONG,RND,2.7,2.75879,2.686974,ctx
XRP,2025-02-17,1,SHORT,PDL,2.6879,2.6357,2.701148,lean
XRP,2025-02-17,2,LONG,RND,2.7,2.7283,2.686752,ctx
XRP,2025-02-18,1,SHORT,PDL,2.6075,2.6,2.619708,lean
XRP,2025-02-18,2,LONG,PDC,2.6599,2.666073,2.647692,ctx
XRP,2025-02-19,1,SHORT,PDC,2.5628,2.526428,2.575244,lean
XRP,2025-02-19,2,LONG,RND,2.6,2.6322,2.587556,ctx
XRP,2025-02-20,1,SHORT,ONL,2.6701,2.624019,2.683553,lean
XRP,2025-02-20,2,LONG,RND,2.7,2.7378,2.686547,ctx
XRP,2025-02-21,1,LONG,PDL,2.6671,2.6877,2.654126,lean
XRP,2025-02-21,2,SHORT,ONL,2.6396,2.605054,2.652574,ctx
XRP,2025-02-24,1,LONG,RND,2.48,2.5201,2.468614,lean
XRP,2025-02-24,2,SHORT,ONL,2.433,2.426466,2.444386,ctx
XRP,2025-02-25,1,LONG,PDC,2.2783,2.329721,2.266188,lean
XRP,2025-02-25,2,SHORT,RND,2.27,2.2336,2.282112,ctx
XRP,2025-02-26,1,LONG,RND,2.25,2.302152,2.237882,lean
XRP,2025-02-26,2,SHORT,ONL,2.2346,2.189048,2.246718,ctx
XRP,2025-02-27,1,SHORT,RND,2.23,2.1982,2.240834,lean
XRP,2025-02-27,2,LONG,ONH,2.2577,2.28106,2.246866,ctx
XRP,2025-02-28,1,SHORT,RND,2.03,1.979357,2.041709,ctx
XRP,2025-03-03,1,LONG,RND,2.7,2.765399,2.678657,ctx
XRP,2025-03-04,1,LONG,PDC,2.3873,2.421384,2.372089,lean
XRP,2025-03-04,2,SHORT,RND,2.35,2.2976,2.365211,ctx
XRP,2025-03-05,1,LONG,RND,2.49,2.5388,2.475134,lean
XRP,2025-03-05,2,SHORT,PDC,2.4543,2.417026,2.469166,ctx
XRP,2025-03-06,1,SHORT,PDH,2.5409,2.511787,2.555324,lean
XRP,2025-03-06,2,LONG,RND,2.6,2.6461,2.585576,ctx
XRP,2025-03-07,1,SHORT,RND,2.5,2.4707,2.514711,ctx
XRP,2025-03-10,1,SHORT,RND,2.21,2.15136,2.22338,lean
XRP,2025-03-10,2,LONG,ONH,2.2613,2.27624,2.24792,ctx
XRP,2025-03-11,1,LONG,RND,2.16,2.1646,2.146232,lean
XRP,2025-03-12,1,LONG,ONH,2.2464,2.277686,2.232817,lean
XRP,2025-03-12,2,SHORT,PDH,2.2138,2.21,2.227383,ctx
XRP,2025-03-13,1,SHORT,RND,2.28,2.2769,2.293106,lean
XRP,2025-03-13,2,LONG,ONH,2.2889,2.345259,2.275794,ctx
XRP,2025-03-14,1,LONG,RND,2.32,2.3322,2.306355,lean
XRP,2025-03-17,1,SHORT,PDC,2.2938,2.283112,2.305712,lean
XRP,2025-03-17,2,LONG,RND,2.34,2.37,2.328088,ctx
XRP,2025-03-17,3,FADE,RND,2.34,2.2938,2.351912,ctx
XRP,2025-03-18,1,SHORT,RND,2.26,2.2432,2.271867,lean
XRP,2025-03-18,2,LONG,PDL,2.2915,2.317278,2.279633,ctx
XRP,2025-03-18,3,FADE,PDL,2.2915,2.2432,2.303367,ctx
XRP,2025-03-19,1,LONG,PDH,2.3399,2.34,2.329382,lean
XRP,2025-03-19,2,FADE,ONH,2.3488,2.287216,2.359318,ctx
XRP,2025-03-20,1,SHORT,RND,2.49,2.4312,2.504262,lean
XRP,2025-03-20,2,LONG,PDC,2.5469,2.557458,2.532638,ctx
XRP,2025-03-21,1,LONG,PDL,2.389,2.39,2.375258,lean
XRP,2025-03-21,2,SHORT,ONL,2.3713,2.324169,2.385042,ctx
XRP,2025-03-24,1,SHORT,PDH,2.4409,2.4393,2.452033,lean
XRP,2025-03-24,2,LONG,RND,2.46,2.4772,2.448867,ctx
XRP,2025-03-24,3,FADE,ONH,2.4772,2.4393,2.488333,ctx
XRP,2025-03-25,1,SHORT,RND,2.44,2.4134,2.451032,lean
XRP,2025-03-25,2,LONG,PDC,2.4501,2.4665,2.439068,ctx
XRP,2025-03-25,3,FADE,PDC,2.4501,2.4071,2.461132,ctx
XRP,2025-03-26,1,SHORT,PDC,2.4492,2.4335,2.458644,lean
XRP,2025-03-26,2,LONG,RND,2.46,2.4783,2.450556,ctx
XRP,2025-03-26,3,FADE,ONH,2.4794,2.4492,2.488844,ctx
XRP,2025-03-27,1,LONG,PDC,2.3494,2.387903,2.339821,lean
XRP,2025-03-27,2,SHORT,RND,2.34,2.328,2.349579,ctx
XRP,2025-03-27,3,FADE,PDC,2.3494,2.328,2.358979,ctx
XRP,2025-03-28,1,LONG,RND,2.23,2.271643,2.220455,lean
XRP,2025-03-28,2,SHORT,ONL,2.1945,2.182557,2.204045,ctx
XRP,2025-03-28,3,FADE,RND,2.23,2.1945,2.239545,ctx
XRP,2025-03-31,1,LONG,PDL,2.1077,2.125842,2.098434,lean
XRP,2025-03-31,2,SHORT,RND,2.08,2.039358,2.089266,ctx
XRP,2025-03-31,3,FADE,PDL,2.1077,2.039358,2.116966,ctx
XRP,2025-04-01,1,LONG,PDH,2.1415,2.175077,2.132698,lean
XRP,2025-04-01,2,SHORT,RND,2.13,2.092923,2.138802,ctx
XRP,2025-04-01,3,FADE,PDH,2.1415,2.092923,2.150302,ctx
XRP,2025-04-02,1,SHORT,RND,2.11,2.071975,2.119027,lean
XRP,2025-04-02,2,LONG,PDC,2.1387,2.1538,2.129673,ctx
XRP,2025-04-02,3,FADE,PDC,2.1387,2.071975,2.147727,ctx
XRP,2025-04-03,1,SHORT,RND,2.03,2.0237,2.04032,lean
XRP,2025-04-04,1,LONG,RND,2.05,2.0648,2.040954,lean
XRP,2025-04-04,2,SHORT,ONL,2.016,2.005684,2.025046,ctx
XRP,2025-04-04,3,FADE,RND,2.05,2.016,2.059046,ctx
XRP,2025-04-07,1,LONG,RND,1.77,1.822331,1.757779,lean
XRP,2025-04-08,1,LONG,RND,1.96,1.9704,1.948012,ctx
XRP,2025-04-09,1,LONG,PDC,1.7963,1.834726,1.784959,lean
XRP,2025-04-09,2,SHORT,RND,1.78,1.777,1.791341,ctx
XRP,2025-04-10,1,SHORT,ONL,1.9708,1.933876,1.984969,lean
XRP,2025-04-10,2,LONG,PDC,2.0529,2.066124,2.038731,ctx
XRP,2025-04-11,1,LONG,RND,2.01,2.034,1.997588,lean
XRP,2025-04-11,2,SHORT,PDC,1.9658,1.951579,1.978212,ctx
XRP,2025-04-14,1,SHORT,PDC,2.1196,2.100682,2.131497,lean
XRP,2025-04-14,2,LONG,RND,2.16,2.1804,2.148103,ctx
XRP,2025-04-15,1,SHORT,RND,2.15,2.1275,2.161384,lean
XRP,2025-04-15,2,LONG,PDH,2.1804,2.1853,2.169016,ctx
XRP,2025-04-16,1,SHORT,PDC,2.0842,2.0837,2.095414,lean
XRP,2025-04-16,2,LONG,RND,2.09,2.1181,2.078786,ctx
XRP,2025-04-17,1,LONG,ONH,2.1104,2.13,2.100163,lean
XRP,2025-04-17,2,SHORT,RND,2.1,2.0834,2.110237,ctx
XRP,2025-04-18,1,SHORT,RND,2.08,2.0673,2.089347,lean
XRP,2025-04-18,2,LONG,ONH,2.0812,2.1146,2.071853,ctx
XRP,2025-04-18,3,FADE,PDH,2.1146,2.0673,2.123947,ctx
XRP,2025-04-21,1,SHORT,PDH,2.0945,2.0787,2.103634,lean
XRP,2025-04-21,2,LONG,RND,2.12,2.1409,2.110866,ctx
XRP,2025-04-21,3,FADE,ONH,2.1409,2.0787,2.150034,ctx
XRP,2025-04-22,1,LONG,RND,2.1,2.108,2.090941,lean
XRP,2025-04-22,2,SHORT,PDC,2.0855,2.0638,2.094559,ctx
XRP,2025-04-22,3,FADE,PDH,2.1409,2.0855,2.149959,ctx
XRP,2025-04-23,1,SHORT,PDH,2.2504,2.2139,2.261454,lean
XRP,2025-04-23,2,LONG,RND,2.26,2.301,2.248946,ctx
XRP,2025-04-24,1,SHORT,ONL,2.1166,2.10465,2.127496,lean
XRP,2025-04-24,2,LONG,RND,2.16,2.1902,2.149104,ctx
XRP,2025-04-25,1,SHORT,RND,2.2,2.1634,2.209564,lean
XRP,2025-04-25,2,LONG,PDC,2.2049,2.2174,2.195336,ctx
XRP,2025-04-25,3,FADE,PDH,2.2354,2.2049,2.244964,ctx
XRP,2025-04-28,1,SHORT,PDH,2.2948,2.277485,2.303675,lean
XRP,2025-04-28,2,LONG,RND,2.32,2.360315,2.311125,ctx
XRP,2025-04-28,3,FADE,RND,2.32,2.277485,2.328875,ctx
XRP,2025-04-29,1,LONG,PDC,2.2949,2.3147,2.285856,lean
XRP,2025-04-29,2,SHORT,RND,2.29,2.2647,2.299044,ctx
XRP,2025-04-29,3,FADE,PDC,2.2949,2.2647,2.303944,ctx
XRP,2025-04-30,1,SHORT,PDC,2.238,2.2217,2.247042,lean
XRP,2025-04-30,2,LONG,RND,2.24,2.2626,2.230958,ctx
XRP,2025-04-30,3,FADE,RND,2.24,2.238,2.249042,ctx
XRP,2025-05-01,1,LONG,RND,2.24,2.2467,2.232481,ctx
XRP,2025-05-01,2,FADE,PDH,2.2588,2.20251,2.266319,ctx
XRP,2025-05-02,1,SHORT,PDC,2.2123,2.192,2.219287,lean
XRP,2025-05-02,2,LONG,RND,2.22,2.2336,2.213013,ctx
XRP,2025-05-02,3,FADE,RND,2.22,2.2123,2.226987,ctx
XRP,2025-05-05,1,SHORT,RND,2.14,2.1318,2.147206,lean
XRP,2025-05-05,2,LONG,PDL,2.151,2.156,2.143794,ctx
XRP,2025-05-05,3,FADE,PDL,2.151,2.1318,2.158206,ctx
XRP,2025-05-06,1,LONG,PDL,2.1067,2.124189,2.099438,lean
XRP,2025-05-06,2,SHORT,RND,2.09,2.0803,2.097262,ctx
XRP,2025-05-06,3,FADE,PDL,2.1067,2.0803,2.113962,ctx
XRP,2025-05-07,1,LONG,PDC,2.155,2.1595,2.147908,lean
XRP,2025-05-07,2,SHORT,RND,2.14,2.1184,2.147092,ctx
XRP,2025-05-07,3,FADE,ONH,2.1716,2.155,2.178692,ctx
XRP,2025-05-08,1,LONG,RND,2.21,2.2188,2.202893,ctx
XRP,2025-05-08,2,FADE,ONH,2.2188,2.175034,2.225907,ctx
XRP,2025-05-09,1,LONG,RND,2.4,2.4291,2.391253,ctx
XRP,2025-05-09,2,FADE,ONH,2.4291,2.354182,2.437847,ctx
XRP,2025-05-12,1,LONG,RND,2.45,2.4844,2.436008,lean
XRP,2025-05-13,1,SHORT,RND,2.5,2.477093,2.51228,lean
XRP,2025-05-13,2,LONG,PDC,2.5439,2.5676,2.53162,ctx
XRP,2025-05-14,1,SHORT,PDH,2.6053,2.6,2.618058,lean
XRP,2025-05-14,2,LONG,ONH,2.6516,2.673739,2.638842,ctx
XRP,2025-05-15,1,SHORT,ONL,2.4479,2.421838,2.459892,lean
XRP,2025-05-15,2,LONG,RND,2.48,2.5194,2.468008,ctx
XRP,2025-05-16,1,SHORT,PDC,2.3856,2.383564,2.394565,lean
XRP,2025-05-16,2,LONG,RND,2.43,2.4409,2.421035,ctx
XRP,2025-05-16,3,FADE,RND,2.43,2.3856,2.438965,ctx
XRP,2025-05-19,1,SHORT,RND,2.32,2.2827,2.329809,lean
XRP,2025-05-19,2,LONG,PDL,2.332,2.370077,2.322191,ctx
XRP,2025-05-19,3,FADE,PDL,2.332,2.2827,2.341809,ctx
XRP,2025-05-20,1,SHORT,ONL,2.3346,2.30629,2.343216,lean
XRP,2025-05-20,2,LONG,RND,2.35,2.3803,2.341384,ctx
XRP,2025-05-20,3,FADE,RND,2.35,2.3346,2.358616,ctx
XRP,2025-05-21,1,LONG,PDC,2.3565,2.390818,2.348267,lean
XRP,2025-05-21,2,SHORT,RND,2.35,2.3308,2.358233,ctx
XRP,2025-05-21,3,FADE,PDC,2.3565,2.3308,2.364733,ctx
XRP,2025-05-22,1,LONG,ONH,2.4555,2.47,2.447336,lean
XRP,2025-05-22,2,SHORT,RND,2.43,2.4288,2.438164,ctx
XRP,2025-05-22,3,FADE,ONH,2.4555,2.3952,2.463664,ctx
XRP,2025-05-23,1,SHORT,RND,2.36,2.352,2.368237,lean
XRP,2025-05-23,2,LONG,PDL,2.3881,2.402039,2.379863,ctx
XRP,2025-05-23,3,FADE,PDL,2.3881,2.352,2.396337,ctx
XRP,2025-05-26,1,LONG,PDC,2.3417,2.345,2.333663,lean
XRP,2025-05-26,2,SHORT,RND,2.33,2.3025,2.338037,ctx
XRP,2025-05-26,3,FADE,ONH,2.3593,2.3417,2.367337,ctx
XRP,2025-05-27,1,LONG,RND,2.32,2.3248,2.312397,lean
XRP,2025-05-27,2,SHORT,PDC,2.3103,2.2958,2.317903,ctx
XRP,2025-05-27,3,FADE,RND,2.32,2.3103,2.327603,ctx
XRP,2025-05-28,1,SHORT,ONL,2.2842,2.27243,2.291822,lean
XRP,2025-05-28,2,LONG,RND,2.31,2.3168,2.302378,ctx
XRP,2025-05-28,3,FADE,RND,2.31,2.2842,2.317622,ctx
XRP,2025-05-29,1,LONG,ONH,2.3125,2.3232,2.304745,lean
XRP,2025-05-29,2,SHORT,RND,2.3,2.2742,2.307755,ctx
XRP,2025-05-29,3,FADE,PDH,2.3232,2.2742,2.330955,ctx
XRP,2025-05-30,1,LONG,RND,2.21,2.238,2.201597,ctx
XRP,2025-06-02,1,SHORT,RND,2.14,2.1357,2.147428,ctx
XRP,2025-06-02,2,FADE,PDC,2.1792,2.1357,2.186628,ctx
XRP,2025-06-03,1,SHORT,RND,2.21,2.2045,2.217228,lean
XRP,2025-06-03,2,LONG,ONH,2.2219,2.248632,2.214672,ctx
XRP,2025-06-03,3,FADE,ONH,2.2219,2.1965,2.229128,ctx
XRP,2025-06-04,1,SHORT,RND,2.25,2.2446,2.257614,lean
XRP,2025-06-04,2,LONG,ONH,2.2658,2.2821,2.258186,ctx
XRP,2025-06-05,1,SHORT,PDC,2.2009,2.1951,2.207659,lean
XRP,2025-06-05,2,LONG,RND,2.21,2.2163,2.203241,ctx
XRP,2025-06-05,3,FADE,RND,2.21,2.2009,2.216759,ctx
XRP,2025-06-06,1,LONG,ONH,2.156,2.181806,2.149227,lean
XRP,2025-06-06,2,SHORT,RND,2.15,2.118594,2.156773,ctx
XRP,2025-06-06,3,FADE,ONH,2.156,2.118594,2.162773,ctx
XRP,2025-06-09,1,SHORT,PDC,2.267,2.234044,2.274469,lean
XRP,2025-06-09,2,LONG,RND,2.27,2.2754,2.262531,ctx
XRP,2025-06-10,1,SHORT,RND,2.3,2.2703,2.30754,lean
XRP,2025-06-10,2,LONG,PDC,2.3211,2.3293,2.31356,ctx
XRP,2025-06-10,3,FADE,ONH,2.3293,2.3211,2.33684,ctx
XRP,2025-06-11,1,SHORT,RND,2.31,2.3074,2.318061,lean
XRP,2025-06-11,2,LONG,PDH,2.3276,2.3296,2.319539,ctx
XRP,2025-06-12,1,LONG,RND,2.23,2.2524,2.222286,lean
XRP,2025-06-12,2,SHORT,ONL,2.2237,2.189502,2.231414,ctx
XRP,2025-06-13,1,SHORT,RND,2.15,2.119645,2.157448,lean
XRP,2025-06-13,2,LONG,PDL,2.1706,2.189155,2.163152,ctx
XRP,2025-06-16,1,LONG,ONH,2.2498,2.25,2.243103,lean
XRP,2025-06-16,2,FADE,RND,2.25,2.214345,2.256697,ctx
XRP,2025-06-17,1,SHORT,RND,2.19,2.1881,2.198498,lean
XRP,2025-06-18,1,LONG,PDC,2.159,2.17248,2.152447,lean
XRP,2025-06-18,2,SHORT,PDL,2.1417,2.14,2.148253,ctx
XRP,2025-06-18,3,FADE,PDC,2.159,2.1244,2.165553,ctx
XRP,2025-06-19,1,SHORT,RND,2.15,2.149,2.157374,lean
XRP,2025-06-19,2,LONG,PDC,2.1705,2.1808,2.163126,ctx
XRP,2025-06-20,1,SHORT,RND,2.17,2.1648,2.176695,lean
XRP,2025-06-20,2,LONG,ONH,2.1765,2.1855,2.169805,ctx
XRP,2025-06-23,1,LONG,PDC,2.0172,2.0356,2.008843,lean
XRP,2025-06-23,2,SHORT,RND,2.0,1.962303,2.008357,ctx
XRP,2025-06-24,1,SHORT,RND,2.18,2.1706,2.188394,lean
XRP,2025-06-24,2,LONG,ONH,2.2106,2.222972,2.202206,ctx
XRP,2025-06-25,1,SHORT,PDC,2.1898,2.1696,2.197503,lean
XRP,2025-06-25,2,LONG,RND,2.2,2.2047,2.192297,ctx
XRP,2025-06-26,1,LONG,PDC,2.1859,2.208642,2.17777,ctx
XRP,2025-06-27,1,SHORT,RND,2.09,2.0782,2.09716,lean
XRP,2025-06-27,2,LONG,PDL,2.0956,2.1054,2.08844,ctx
XRP,2025-06-30,1,SHORT,PDL,2.1754,2.1692,2.183606,lean
XRP,2025-06-30,2,LONG,RND,2.18,2.2061,2.171794,ctx
XRP,2025-07-01,1,SHORT,RND,2.2,2.1924,2.208491,lean
XRP,2025-07-01,2,LONG,PDC,2.2362,2.241625,2.227709,ctx
XRP,2025-07-02,1,LONG,RND,2.18,2.2042,2.172412,lean
XRP,2025-07-02,2,SHORT,PDC,2.172,2.157,2.179588,ctx
XRP,2025-07-03,1,SHORT,PDH,2.2917,2.254777,2.300534,lean
XRP,2025-07-03,2,LONG,RND,2.3,2.3116,2.291166,ctx
XRP,2025-07-04,1,SHORT,PDL,2.2243,2.2077,2.232781,lean
XRP,2025-07-04,2,LONG,RND,2.24,2.2569,2.231519,ctx
XRP,2025-07-07,1,SHORT,RND,2.28,2.2709,2.288535,lean
XRP,2025-07-07,2,LONG,PDH,2.29,2.2978,2.281465,ctx
XRP,2025-07-08,1,LONG,ONH,2.3009,2.332092,2.292609,lean
XRP,2025-07-08,2,SHORT,RND,2.29,2.2708,2.298291,ctx
XRP,2025-07-09,1,SHORT,RND,2.38,2.341218,2.388632,lean
XRP,2025-07-09,2,LONG,ONH,2.3884,2.421782,2.379768,ctx
XRP,2025-07-10,1,SHORT,RND,2.45,2.4288,2.459473,lean
XRP,2025-07-10,2,LONG,ONH,2.4618,2.496706,2.452327,ctx
XRP,2025-07-11,1,LONG,ONH,2.6607,2.694683,2.646561,lean
XRP,2025-07-11,2,SHORT,RND,2.6,2.5678,2.614139,ctx
XRP,2025-07-14,1,LONG,RND,3.0,3.0222,2.981947,lean
XRP,2025-07-14,2,SHORT,PDH,2.8949,2.892953,2.912953,ctx
XRP,2025-07-15,1,SHORT,RND,2.9,2.829343,2.916191,lean
XRP,2025-07-15,2,LONG,PDC,2.9582,2.9637,2.942009,ctx
XRP,2025-07-16,1,SHORT,PDC,2.919,2.879164,2.934458,lean
XRP,2025-07-16,2,LONG,PDH,2.9582,2.9637,2.942742,ctx
XRP,2025-07-17,1,LONG,ONH,3.2986,3.3,3.28008,ctx
XRP,2025-07-18,1,SHORT,PDC,3.4814,3.4005,3.504747,lean
XRP,2025-07-18,2,LONG,RND,3.5,3.5495,3.476653,ctx
XRP,2025-07-21,1,LONG,PDH,3.5579,3.5809,3.536772,lean
XRP,2025-07-21,2,SHORT,RND,3.5,3.454,3.521128,ctx
XRP,2025-07-22,1,SHORT,RND,3.5,3.4218,3.521638,lean
XRP,2025-07-22,2,LONG,PDC,3.5495,3.575,3.527862,ctx
XRP,2025-07-23,1,LONG,RND,3.5,3.5504,3.475867,lean
XRP,2025-07-23,2,SHORT,ONL,3.4304,3.4218,3.454533,ctx
XRP,2025-07-24,1,LONG,PDC,3.1838,3.2,3.16294,ctx
XRP,2025-07-25,1,SHORT,RND,3.1,3.048708,3.118406,lean
XRP,2025-07-25,2,LONG,PDC,3.1453,3.1966,3.126894,ctx
XRP,2025-07-28,1,SHORT,PDC,3.2389,3.2072,3.256954,lean
XRP,2025-07-28,2,LONG,PDH,3.2515,3.329051,3.233446,ctx
XRP,2025-07-29,1,SHORT,PDC,3.1235,3.1073,3.140839,lean
XRP,2025-07-29,2,LONG,ONH,3.1856,3.218516,3.168261,ctx
XRP,2025-07-30,1,LONG,PDL,3.0533,3.1,3.036131,lean
XRP,2025-07-30,2,SHORT,ONL,3.0436,2.971679,3.060769,ctx
XRP,2025-07-31,1,SHORT,PDC,3.0966,3.075163,3.112958,lean
XRP,2025-07-31,2,LONG,PDH,3.1621,3.1784,3.145742,ctx
XRP,2025-08-01,1,LONG,RND,3.0,3.0108,2.987969,lean
XRP,2025-08-04,1,LONG,RND,3.0,3.0312,2.987944,lean
XRP,2025-08-04,2,SHORT,PDH,2.9625,2.948,2.974556,ctx
XRP,2025-08-05,1,LONG,PDC,3.0716,3.0899,3.05884,ctx
XRP,2025-08-06,1,LONG,PDC,2.9623,2.9759,2.951277,lean
XRP,2025-08-06,2,SHORT,PDL,2.9164,2.9014,2.927423,ctx
XRP,2025-08-07,1,LONG,ONH,3.0882,3.1,3.077071,ctx
XRP,2025-08-08,1,SHORT,PDH,3.3338,3.3197,3.34822,lean
XRP,2025-08-08,2,LONG,ONH,3.3825,3.403694,3.36808,ctx
XRP,2025-08-11,1,SHORT,RND,3.2,3.187,3.214798,lean
XRP,2025-08-11,2,LONG,PDH,3.2795,3.284059,3.264702,ctx
XRP,2025-08-12,1,LONG,ONH,3.1765,3.2,3.16436,lean
XRP,2025-08-12,2,SHORT,PDC,3.1295,3.1176,3.14164,ctx
XRP,2025-08-13,1,SHORT,PDC,3.2676,3.214482,3.282625,lean
XRP,2025-08-13,2,LONG,ONH,3.2994,3.3,3.284375,ctx
XRP,2025-08-14,1,SHORT,PDL,3.2026,3.2,3.223199,lean
XRP,2025-08-14,2,LONG,PDC,3.2744,3.314228,3.253801,ctx
XRP,2025-08-15,1,LONG,ONH,3.1427,3.179271,3.128092,lean
XRP,2025-08-15,2,SHORT,RND,3.1,3.0792,3.114608,ctx
XRP,2025-08-18,1,LONG,RND,3.0,3.026228,2.986751,lean
XRP,2025-08-18,2,SHORT,ONL,2.9404,2.902572,2.953649,ctx
XRP,2025-08-19,1,SHORT,RND,3.0,2.9731,3.012187,lean
XRP,2025-08-19,2,LONG,PDC,3.0616,3.072474,3.049413,ctx
XRP,2025-08-20,1,LONG,RND,2.9,2.9142,2.888925,lean
XRP,2025-08-20,2,SHORT,PDC,2.8608,2.8488,2.871875,ctx
XRP,2025-08-21,1,LONG,PDC,2.9512,2.966134,2.937478,lean
XRP,2025-08-21,2,SHORT,RND,2.9,2.8858,2.913722,ctx
XRP,2025-08-22,1,LONG,PDL,2.8424,2.851556,2.832552,lean
XRP,2025-08-22,2,SHORT,ONL,2.8041,2.8,2.813948,ctx
XRP,2025-08-25,1,SHORT,ONL,2.9193,2.9,2.93642,lean
XRP,2025-08-25,2,LONG,PDL,2.987,3.022793,2.96988,ctx
XRP,2025-08-26,1,LONG,ONH,2.935,2.957282,2.922961,lean
XRP,2025-08-26,2,SHORT,RND,2.9,2.8584,2.912039,ctx
XRP,2025-08-27,1,SHORT,ONL,2.9811,2.942262,2.99313,lean
XRP,2025-08-27,2,LONG,RND,3.0,3.0123,2.98797,ctx
XRP,2025-08-28,1,SHORT,RND,3.0,2.9688,3.010428,lean
XRP,2025-08-28,2,LONG,ONH,3.0161,3.0454,3.005672,ctx
XRP,2025-08-29,1,SHORT,ONL,2.8436,2.825274,2.854534,lean
XRP,2025-08-29,2,LONG,RND,2.9,2.927326,2.889066,ctx
XRP,2025-09-01,1,LONG,PDL,2.7707,2.7757,2.759847,lean
XRP,2025-09-02,1,LONG,RND,2.8,2.8329,2.788645,lean
XRP,2025-09-02,2,SHORT,PDC,2.7589,2.74571,2.770255,ctx
XRP,2025-09-03,1,LONG,PDC,2.862,2.8641,2.852416,lean
XRP,2025-09-04,1,SHORT,ONL,2.814,2.811,2.822879,lean
XRP,2025-09-04,2,LONG,PDC,2.8443,2.8629,2.835421,ctx
XRP,2025-09-05,1,SHORT,RND,2.8,2.798092,2.809816,lean
XRP,2025-09-05,2,LONG,ONH,2.8543,2.8629,2.844484,ctx
XRP,2025-09-08,1,SHORT,PDH,2.9285,2.9,2.938914,lean
XRP,2025-09-08,2,LONG,ONH,2.955,2.9848,2.944586,ctx
XRP,2025-09-09,1,SHORT,RND,3.0,2.9964,3.009979,lean
XRP,2025-09-09,2,LONG,ONH,3.0365,3.050867,3.026521,ctx
XRP,2025-09-10,1,SHORT,PDC,2.9474,2.9357,2.958069,lean
XRP,2025-09-10,2,LONG,ONH,2.9871,3.0,2.976431,ctx
XRP,2025-09-11,1,SHORT,RND,3.0,2.9834,3.010423,lean
XRP,2025-09-11,2,LONG,PDH,3.024,3.035,3.013577,ctx
XRP,2025-09-12,1,SHORT,ONL,3.013,3.0,3.024163,lean
XRP,2025-09-12,2,LONG,PDC,3.0398,3.049,3.028637,ctx
XRP,2025-09-15,1,SHORT,ONL,2.9532,2.952441,2.963263,lean
XRP,2025-09-15,2,LONG,RND,3.0,3.0099,2.989937,ctx
XRP,2025-09-16,1,SHORT,RND,3.0,2.9969,3.009356,lean
XRP,2025-09-16,2,LONG,ONH,3.0496,3.0669,3.040244,ctx
XRP,2025-09-17,1,LONG,PDC,3.0376,3.050575,3.028648,lean
XRP,2025-09-17,2,SHORT,ONL,3.0029,3.0,3.011852,ctx
XRP,2025-09-18,1,LONG,ONH,3.1375,3.18786,3.126558,lean
XRP,2025-09-18,2,SHORT,PDH,3.1079,3.1,3.118842,ctx
XRP,2025-09-19,1,SHORT,ONL,3.0223,3.0,3.031898,lean
XRP,2025-09-19,2,LONG,PDL,3.0558,3.0735,3.046202,ctx
XRP,2025-09-22,1,SHORT,RND,2.8,2.76324,2.811349,lean
XRP,2025-09-23,1,SHORT,PDC,2.8526,2.817781,2.861304,lean
XRP,2025-09-23,2,LONG,ONH,2.8843,2.899019,2.875596,ctx
XRP,2025-09-24,1,LONG,ONH,2.8842,2.8964,2.875673,lean
XRP,2025-09-25,1,SHORT,ONL,2.8074,2.8,2.817028,ctx
XRP,2025-09-26,1,LONG,PDC,2.7435,2.777453,2.732839,lean
XRP,2025-09-26,2,SHORT,PDL,2.7244,2.7,2.735061,ctx
XRP,2025-09-29,1,SHORT,ONL,2.8391,2.811566,2.848429,lean
XRP,2025-09-29,2,LONG,PDC,2.8674,2.8675,2.858071,ctx
XRP,2025-09-30,1,SHORT,PDL,2.8454,2.8341,2.854224,lean
XRP,2025-09-30,2,LONG,PDC,2.8801,2.88798,2.871276,ctx
XRP,2025-10-01,1,SHORT,PDH,2.9077,2.9,2.917403,lean
XRP,2025-10-01,2,LONG,ONH,2.952,2.98918,2.942297,ctx
XRP,2025-10-02,1,SHORT,PDH,2.9616,2.9485,2.972273,lean
XRP,2025-10-02,2,LONG,ONH,2.9962,3.0,2.985527,ctx
XRP,2025-10-03,1,SHORT,ONL,3.0041,3.0,3.015452,lean
XRP,2025-10-03,2,LONG,PDC,3.0389,3.0582,3.027548,ctx
XRP,2025-10-06,1,LONG,RND,3.0,3.0088,2.989625,lean
XRP,2025-10-06,2,SHORT,PDC,2.9697,2.9551,2.980075,ctx
XRP,2025-10-07,1,SHORT,PDL,2.9551,2.9546,2.965158,lean
XRP,2025-10-07,2,LONG,PDC,2.9883,3.0,2.978242,ctx
XRP,2025-10-08,1,LONG,ONH,2.881,2.9,2.871417,lean
XRP,2025-10-08,2,SHORT,PDC,2.852,2.8489,2.861583,ctx
XRP,2025-10-09,1,SHORT,RND,2.8,2.786,2.809884,lean
XRP,2025-10-09,2,LONG,PDL,2.8303,2.872424,2.820416,ctx
XRP,2025-10-10,1,LONG,ONH,2.8308,2.858072,2.822342,lean
XRP,2025-10-10,2,SHORT,PDC,2.8021,2.8,2.810558,ctx
XRP,2025-10-13,1,LONG,PDH,2.5841,2.6,2.571528,lean
XRP,2025-10-13,2,SHORT,PDC,2.5282,2.510529,2.540772,ctx
XRP,2025-10-14,1,SHORT,RND,2.45,2.412,2.464076,lean
XRP,2025-10-14,2,LONG,PDL,2.5125,2.517387,2.498424,ctx
XRP,2025-10-15,1,LONG,PDC,2.5033,2.5475,2.490802,lean
XRP,2025-10-15,2,SHORT,RND,2.49,2.4775,2.502498,ctx
XRP,2025-10-16,1,SHORT,RND,2.45,2.4109,2.462079,lean
XRP,2025-10-16,2,LONG,ONH,2.4573,2.508769,2.445221,ctx
XRP,2025-10-17,1,LONG,PDL,2.2833,2.328,2.269677,lean
XRP,2025-10-17,2,SHORT,RND,2.28,2.219527,2.293623,ctx
XRP,2025-10-20,1,SHORT,PDH,2.4195,2.39747,2.432364,lean
XRP,2025-10-20,2,LONG,RND,2.46,2.48,2.447136,ctx
XRP,2025-10-21,1,SHORT,RND,2.43,2.4011,2.442456,lean
XRP,2025-10-22,1,LONG,RND,2.4,2.4011,2.386937,lean
XRP,2025-10-22,2,SHORT,ONL,2.3639,2.335241,2.376963,ctx
XRP,2025-10-23,1,LONG,ONH,2.4193,2.4375,2.407494,lean
XRP,2025-10-23,2,SHORT,RND,2.39,2.3647,2.401806,ctx
XRP,2025-10-24,1,SHORT,PDH,2.4259,2.399909,2.437898,lean
XRP,2025-10-24,2,LONG,RND,2.46,2.4641,2.448002,ctx
XRP,2025-10-27,1,SHORT,ONL,2.6051,2.6,2.615369,lean
XRP,2025-10-27,2,LONG,PDC,2.6461,2.6624,2.635831,ctx
XRP,2025-10-28,1,SHORT,PDC,2.634,2.6084,2.64474,lean
XRP,2025-10-28,2,LONG,ONH,2.6684,2.691518,2.65766,ctx
XRP,2025-10-29,1,SHORT,PDC,2.6034,2.602651,2.613525,lean
XRP,2025-10-29,2,LONG,ONH,2.6605,2.6887,2.650375,ctx
XRP,2025-10-30,1,SHORT,PDL,2.537,2.5,2.548062,lean
XRP,2025-10-30,2,LONG,PDC,2.5502,2.595821,2.539138,ctx
XRP,2025-10-31,1,LONG,ONH,2.5161,2.558588,2.506653,lean
XRP,2025-10-31,2,SHORT,RND,2.5,2.470412,2.509447,ctx
XRP,2025-11-03,1,SHORT,RND,2.4,2.3817,2.410467,lean
XRP,2025-11-04,1,SHORT,PDL,2.2631,2.26,2.273097,lean
XRP,2025-11-04,2,LONG,PDC,2.3096,2.311355,2.299603,ctx
XRP,2025-11-05,1,LONG,RND,2.25,2.2606,2.238793,lean
XRP,2025-11-05,2,SHORT,PDC,2.2053,2.196602,2.216507,ctx
XRP,2025-11-06,1,SHORT,RND,2.28,2.277,2.290926,lean
XRP,2025-11-07,1,LONG,RND,2.17,2.1796,2.158862,lean
XRP,2025-11-07,2,SHORT,ONL,2.1536,2.116721,2.164738,ctx
XRP,2025-11-10,1,LONG,ONH,2.5731,2.597224,2.558673,lean
XRP,2025-11-10,2,SHORT,RND,2.5,2.462576,2.514427,ctx
XRP,2025-11-11,1,SHORT,ONL,2.44,2.394075,2.453591,lean
XRP,2025-11-11,2,LONG,RND,2.46,2.520925,2.446409,ctx
XRP,2025-11-12,1,LONG,ONH,2.4477,2.498676,2.435834,lean
XRP,2025-11-12,2,SHORT,RND,2.44,2.3915,2.451866,ctx
XRP,2025-11-13,1,LONG,ONH,2.5264,2.54485,2.512889,lean
XRP,2025-11-13,2,SHORT,RND,2.48,2.4491,2.493511,ctx
XRP,2025-11-14,1,LONG,RND,2.29,2.3225,2.277504,lean
XRP,2025-11-14,2,SHORT,PDL,2.2757,2.227585,2.288196,ctx
XRP,2025-11-17,1,SHORT,RND,2.26,2.2149,2.271796,lean
XRP,2025-11-17,2,LONG,PDH,2.28,2.2847,2.268204,ctx
XRP,2025-11-18,1,LONG,RND,2.19,2.2031,2.178709,lean
XRP,2025-11-18,2,SHORT,PDC,2.1637,2.134808,2.174991,ctx
XRP,2025-11-19,1,SHORT,RND,2.14,2.1247,2.151749,ctx
XRP,2025-11-20,1,SHORT,PDC,2.1098,2.0915,2.120476,lean
XRP,2025-11-20,2,LONG,RND,2.13,2.1498,2.119324,ctx
XRP,2025-11-21,1,LONG,RND,1.91,1.96956,1.897001,lean
XRP,2025-11-24,1,SHORT,PDC,2.0491,2.0238,2.061355,lean
XRP,2025-11-24,2,LONG,RND,2.07,2.0846,2.057745,ctx
XRP,2025-11-25,1,SHORT,ONL,2.1855,2.160083,2.198104,lean
XRP,2025-11-25,2,LONG,RND,2.22,2.2276,2.207396,ctx
XRP,2025-11-26,1,SHORT,RND,2.15,2.1482,2.16118,lean
XRP,2025-11-26,2,LONG,PDC,2.2024,2.203774,2.19122,ctx
XRP,2025-11-27,1,SHORT,ONL,2.1732,2.1447,2.18519,lean
XRP,2025-11-27,2,LONG,RND,2.18,2.2233,2.16801,ctx
XRP,2025-11-28,1,SHORT,PDL,2.1727,2.1664,2.184108,lean
XRP,2025-11-28,2,LONG,PDC,2.1999,2.2,2.188492,ctx
XRP,2025-12-01,1,SHORT,ONL,2.0021,1.971455,2.014195,lean
XRP,2025-12-01,2,LONG,RND,2.03,2.084345,2.017905,ctx
XRP,2025-12-02,1,LONG,ONH,2.0437,2.087203,2.033607,lean
XRP,2025-12-02,2,SHORT,RND,2.04,2.0297,2.050093,ctx
XRP,2025-12-03,1,SHORT,PDC,2.1532,2.1414,2.165285,lean
XRP,2025-12-03,2,LONG,RND,2.18,2.1831,2.167915,ctx
XRP,2025-12-04,1,SHORT,PDL,2.1414,2.1385,2.152796,lean
XRP,2025-12-04,2,LONG,RND,2.15,2.1976,2.138604,ctx
XRP,2025-12-05,1,LONG,PDL,2.0691,2.07,2.060027,lean
XRP,2025-12-05,2,SHORT,ONL,2.0541,2.02576,2.063173,ctx
XRP,2025-12-08,1,LONG,RND,2.1,2.1109,2.090591,ctx
XRP,2025-12-09,1,LONG,ONH,2.086,2.122172,2.07782,lean
XRP,2025-12-09,2,SHORT,RND,2.08,2.0724,2.08818,ctx
XRP,2025-12-10,1,SHORT,RND,2.06,2.059,2.069296,lean
XRP,2025-12-10,2,LONG,PDC,2.1062,2.10768,2.096904,ctx
XRP,2025-12-11,1,SHORT,ONL,1.9927,1.97228,2.000226,lean
XRP,2025-12-11,2,LONG,RND,2.01,2.0346,2.002474,ctx
XRP,2025-12-12,1,LONG,ONH,2.0463,2.057,2.039309,lean
XRP,2025-12-12,2,SHORT,RND,2.04,2.034,2.046991,ctx
XRP,2025-12-15,1,LONG,ONH,2.0143,2.020654,2.006338,lean
XRP,2025-12-15,2,SHORT,RND,1.98,1.9784,1.987962,ctx
XRP,2025-12-16,1,LONG,ONH,1.939,1.94,1.930383,lean
XRP,2025-12-16,2,SHORT,PDC,1.8981,1.895087,1.906717,ctx
XRP,2025-12-17,1,SHORT,RND,1.91,1.8965,1.917545,lean
XRP,2025-12-17,2,LONG,PDC,1.9297,1.9401,1.922155,ctx
XRP,2025-12-18,1,LONG,ONH,1.8887,1.923174,1.87992,lean
XRP,2025-12-18,2,SHORT,RND,1.88,1.8627,1.88878,ctx
XRP,2025-12-19,1,SHORT,RND,1.88,1.84239,1.888081,lean
XRP,2025-12-19,2,LONG,ONH,1.8879,1.91781,1.879819,ctx
XRP,2025-12-22,1,SHORT,PDC,1.9223,1.903345,1.929319,lean
XRP,2025-12-22,2,LONG,RND,1.94,1.9493,1.932981,ctx
XRP,2025-12-23,1,SHORT,PDL,1.8917,1.8736,1.898905,lean
XRP,2025-12-23,2,LONG,RND,1.9,1.9043,1.892795,ctx
XRP,2025-12-24,1,SHORT,RND,1.87,1.863,1.875848,lean
XRP,2025-12-24,2,LONG,PDC,1.8734,1.8797,1.867552,ctx
XRP,2025-12-25,1,SHORT,PDC,1.8628,1.8534,1.868434,lean
XRP,2025-12-25,2,LONG,RND,1.87,1.8783,1.864366,ctx
XRP,2025-12-26,1,SHORT,RND,1.87,1.842806,1.876299,lean
XRP,2025-12-26,2,LONG,ONH,1.8833,1.8892,1.877001,ctx
XRP,2025-12-29,1,LONG,RND,1.87,1.8796,1.863947,lean
XRP,2025-12-29,2,SHORT,PDC,1.8654,1.8555,1.871453,ctx
XRP,2025-12-30,1,LONG,ONH,1.872,1.889972,1.866413,lean
XRP,2025-12-30,2,SHORT,RND,1.86,1.8508,1.865587,ctx
XRP,2025-12-31,1,LONG,PDC,1.8776,1.88,1.871871,lean
XRP,2025-12-31,2,SHORT,ONL,1.8655,1.849364,1.871229,ctx
XRP,2026-01-01,1,LONG,ONH,1.8564,1.878733,1.850843,lean
XRP,2026-01-01,2,SHORT,RND,1.85,1.8423,1.855557,ctx
XRP,2026-01-02,1,LONG,RND,1.9,1.9091,1.894264,lean
XRP,2026-01-02,2,SHORT,PDH,1.8811,1.8799,1.886836,ctx
XRP,2026-01-05,1,LONG,RND,2.13,2.165135,2.121893,lean
XRP,2026-01-05,2,SHORT,PDH,2.1204,2.0909,2.128507,ctx
XRP,2026-01-06,1,SHORT,RND,2.37,2.3695,2.38221,lean
XRP,2026-01-06,2,LONG,ONH,2.4172,2.431079,2.40499,ctx
XRP,2026-01-07,1,SHORT,ONL,2.2327,2.2046,2.245283,lean
XRP,2026-01-07,2,LONG,RND,2.25,2.3042,2.237417,ctx
XRP,2026-01-08,1,SHORT,RND,2.08,2.0727,2.088621,lean
XRP,2026-01-09,1,LONG,RND,2.1,2.1232,2.090629,lean
XRP,2026-01-09,2,SHORT,ONL,2.0727,2.0649,2.082071,ctx
XRP,2026-01-12,1,SHORT,PDL,2.045,2.035,2.053594,lean
XRP,2026-01-12,2,LONG,PDC,2.0745,2.090103,2.065906,ctx
XRP,2026-01-13,1,SHORT,RND,2.06,2.054,2.068369,lean
XRP,2026-01-13,2,LONG,ONH,2.0808,2.102856,2.072431,ctx
XRP,2026-01-14,1,LONG,RND,2.13,2.1655,2.121004,lean
XRP,2026-01-14,2,SHORT,ONL,2.1116,2.083318,2.120596,ctx
XRP,2026-01-15,1,LONG,RND,2.12,2.1394,2.110382,lean
XRP,2026-01-15,2,SHORT,PDL,2.1116,2.0819,2.121218,ctx
XRP,2026-01-16,1,SHORT,RND,2.06,2.0577,2.06806,lean
XRP,2026-01-16,2,LONG,PDC,2.0789,2.0866,2.07084,ctx
XRP,2026-01-19,1,LONG,PDL,1.9861,1.9914,1.977271,lean
XRP,2026-01-19,2,SHORT,RND,1.97,1.9324,1.978829,ctx
XRP,2026-01-20,1,LONG,RND,1.94,1.969085,1.932739,lean
XRP,2026-01-20,2,SHORT,ONL,1.9191,1.901315,1.926361,ctx
XRP,2026-01-21,1,LONG,RND,1.9,1.925746,1.893862,lean
XRP,2026-01-21,2,SHORT,PDC,1.89,1.8798,1.896138,ctx
XRP,2026-01-22,1,SHORT,RND,1.94,1.9393,1.946642,lean
XRP,2026-01-22,2,LONG,PDC,1.9476,1.9681,1.940958,ctx
XRP,2026-01-23,1,SHORT,ONL,1.9017,1.9016,1.908225,lean
XRP,2026-01-23,2,LONG,RND,1.91,1.9236,1.903475,ctx
XRP,2026-01-23,3,FADE,RND,1.91,1.9017,1.916525,ctx
XRP,2026-01-26,1,LONG,RND,1.9,1.902,1.892741,ctx
XRP,2026-01-27,1,SHORT,ONL,1.8818,1.88,1.88796,lean
XRP,2026-01-27,2,LONG,PDC,1.9041,1.913745,1.89794,ctx
XRP,2026-01-27,3,FADE,PDC,1.9041,1.8818,1.91026,ctx
XRP,2026-01-28,1,SHORT,PDC,1.9158,1.895611,1.922355,lean
XRP,2026-01-28,2,LONG,PDH,1.9295,1.93,1.922945,ctx
XRP,2026-01-28,3,FADE,ONH,1.9427,1.9158,1.949255,ctx
XRP,2026-01-29,1,SHORT,RND,1.87,1.8654,1.876297,lean
XRP,2026-01-29,2,LONG,PDL,1.8944,1.902484,1.888103,ctx
XRP,2026-01-29,3,FADE,PDL,1.8944,1.8654,1.900697,ctx
XRP,2026-01-30,1,LONG,PDL,1.778,1.795098,1.770843,lean
XRP,2026-01-30,2,SHORT,RND,1.76,1.728302,1.767157,ctx
XRP,2026-02-02,1,LONG,RND,1.65,1.6554,1.642947,lean
XRP,2026-02-03,1,SHORT,ONL,1.5879,1.579095,1.594158,lean
XRP,2026-02-03,2,LONG,RND,1.61,1.6198,1.603742,ctx
XRP,2026-02-04,1,LONG,ONH,1.6122,1.625081,1.605004,lean
XRP,2026-02-04,2,SHORT,RND,1.59,1.5791,1.597196,ctx
XRP,2026-02-05,1,LONG,RND,1.37,1.40298,1.361947,lean
XRP,2026-02-05,2,SHORT,ONL,1.3422,1.32782,1.350253,ctx
XRP,2026-02-06,1,LONG,ONH,1.3881,1.428919,1.377982,lean
XRP,2026-02-06,2,SHORT,RND,1.38,1.334481,1.390118,ctx
XRP,2026-02-09,1,SHORT,ONL,1.3728,1.364769,1.38215,lean
XRP,2026-02-09,2,LONG,PDL,1.4099,1.41,1.40055,ctx
XRP,2026-02-10,1,SHORT,ONL,1.4055,1.3728,1.414491,lean
XRP,2026-02-10,2,LONG,RND,1.41,1.437,1.401009,ctx
XRP,2026-02-11,1,LONG,PDL,1.3916,1.3999,1.38295,lean
XRP,2026-02-11,2,SHORT,RND,1.37,1.3553,1.37865,ctx
XRP,2026-02-12,1,SHORT,RND,1.39,1.3697,1.398644,lean
XRP,2026-02-12,2,LONG,ONH,1.4082,1.4205,1.399556,ctx
XRP,2026-02-13,1,LONG,ONH,1.373,1.404141,1.364548,lean
XRP,2026-02-13,2,SHORT,PDC,1.3635,1.36,1.371952,ctx
XRP,2026-02-16,1,SHORT,RND,1.5,1.4753,1.508936,lean
XRP,2026-02-16,2,LONG,ONH,1.5141,1.546602,1.505164,ctx
XRP,2026-02-17,1,SHORT,ONL,1.4499,1.4485,1.458711,lean
XRP,2026-02-17,2,LONG,RND,1.46,1.4876,1.451189,ctx
XRP,2026-02-18,1,LONG,PDC,1.4743,1.4943,1.465519,lean
XRP,2026-02-18,2,SHORT,RND,1.46,1.4588,1.468781,ctx
XRP,2026-02-19,1,SHORT,ONL,1.4051,1.367608,1.413713,lean
XRP,2026-02-19,2,LONG,RND,1.41,1.4102,1.401387,ctx
XRP,2026-02-20,1,LONG,PDC,1.4068,1.41,1.399459,lean
XRP,2026-02-20,2,SHORT,ONL,1.4,1.382,1.407341,ctx
XRP,2026-02-23,1,SHORT,RND,1.41,1.3932,1.416546,lean
XRP,2026-02-23,2,LONG,ONH,1.4248,1.4338,1.418254,ctx
XRP,2026-02-24,1,LONG,PDC,1.3518,1.358158,1.34628,lean
XRP,2026-02-24,2,SHORT,PDL,1.3301,1.33,1.33562,ctx
XRP,2026-02-25,1,LONG,RND,1.4,1.4033,1.394154,ctx
XRP,2026-02-26,1,SHORT,RND,1.44,1.4339,1.446557,lean
XRP,2026-02-26,2,LONG,ONH,1.4691,1.472801,1.462543,ctx
XRP,2026-02-27,1,LONG,RND,1.38,1.3827,1.373388,lean
XRP,2026-02-27,2,SHORT,ONL,1.3728,1.346745,1.379412,ctx
XRP,2026-03-02,1,LONG,RND,1.35,1.3524,1.344256,lean
XRP,2026-03-02,2,SHORT,ONL,1.3379,1.3369,1.343644,ctx
XRP,2026-03-03,1,SHORT,ONL,1.3422,1.3341,1.348998,lean
XRP,2026-03-03,2,LONG,RND,1.36,1.389922,1.353202,ctx
XRP,2026-03-04,1,LONG,PDH,1.3953,1.423506,1.388956,lean
XRP,2026-03-04,2,SHORT,RND,1.39,1.364294,1.396344,ctx
XRP,2026-03-05,1,SHORT,RND,1.44,1.4309,1.447518,lean
XRP,2026-03-05,2,LONG,ONH,1.4525,1.4732,1.444982,ctx
XRP,2026-03-06,1,LONG,RND,1.39,1.396,1.384009,lean
XRP,2026-03-06,2,SHORT,ONL,1.3846,1.361244,1.390591,ctx
XRP,2026-03-09,1,LONG,ONH,1.3653,1.3712,1.35951,lean
XRP,2026-03-09,2,SHORT,RND,1.35,1.34,1.35579,ctx
XRP,2026-03-10,1,SHORT,RND,1.39,1.3841,1.39538,lean
XRP,2026-03-11,1,LONG,PDC,1.3863,1.3926,1.380828,lean
XRP,2026-03-11,2,SHORT,ONL,1.3722,1.37,1.377672,ctx
XRP,2026-03-12,1,SHORT,PDC,1.3847,1.3706,1.389718,lean
XRP,2026-03-12,2,LONG,RND,1.39,1.3973,1.384982,ctx
XRP,2026-03-13,1,LONG,ONH,1.4385,1.446583,1.432846,lean
XRP,2026-03-13,2,SHORT,RND,1.42,1.393817,1.425654,ctx
XRP,2026-03-16,1,LONG,RND,1.47,1.4892,1.464555,lean
XRP,2026-03-16,2,SHORT,PDH,1.4649,1.4487,1.470345,ctx
XRP,2026-03-17,1,SHORT,ONL,1.5024,1.477405,1.50932,lean
XRP,2026-03-17,2,LONG,RND,1.51,1.541995,1.50308,ctx
XRP,2026-03-18,1,SHORT,ONL,1.4839,1.457284,1.490803,lean
XRP,2026-03-18,2,LONG,RND,1.49,1.4941,1.483097,ctx
XRP,2026-03-19,1,LONG,RND,1.46,1.4647,1.454207,lean
XRP,2026-03-19,2,SHORT,ONL,1.4507,1.4359,1.456493,ctx
XRP,2026-03-20,1,LONG,RND,1.45,1.4665,1.445032,lean
XRP,2026-03-20,2,SHORT,PDC,1.4475,1.4427,1.452468,ctx
XRP,2026-03-20,3,FADE,RND,1.45,1.4475,1.454968,ctx
XRP,2026-03-23,1,LONG,PDH,1.4263,1.436774,1.420884,lean
XRP,2026-03-23,2,SHORT,RND,1.41,1.386226,1.415416,ctx
XRP,2026-03-24,1,SHORT,RND,1.42,1.4052,1.424787,lean
XRP,2026-03-24,2,LONG,PDC,1.4323,1.437,1.427513,ctx
XRP,2026-03-24,3,FADE,PDC,1.4323,1.4052,1.437087,ctx
XRP,2026-03-25,1,LONG,RND,1.43,1.435,1.425184,lean
XRP,2026-03-25,2,SHORT,PDC,1.416,1.4071,1.420816,ctx
XRP,2026-03-25,3,FADE,ONH,1.4379,1.416,1.442716,ctx
XRP,2026-03-26,1,SHORT,RND,1.37,1.3683,1.374855,lean
XRP,2026-03-27,1,LONG,PDL,1.336,1.34,1.331483,lean
XRP,2026-03-27,2,SHORT,ONL,1.3262,1.31392,1.330717,ctx
XRP,2026-03-27,3,FADE,PDL,1.336,1.3262,1.340517,ctx
XRP,2026-03-30,1,LONG,RND,1.35,1.3669,1.345098,lean
XRP,2026-03-30,2,SHORT,PDH,1.3433,1.3278,1.348202,ctx
XRP,2026-03-31,1,LONG,PDL,1.3166,1.32,1.312303,lean
XRP,2026-03-31,2,SHORT,ONL,1.3038,1.294949,1.308097,ctx
XRP,2026-03-31,3,FADE,PDL,1.3166,1.3038,1.320897,ctx
XRP,2026-04-01,1,SHORT,PDH,1.3503,1.35,1.354651,lean
XRP,2026-04-01,2,LONG,ONH,1.3675,1.374707,1.363149,ctx
XRP,2026-04-01,3,FADE,ONH,1.3675,1.3411,1.371851,ctx
XRP,2026-04-02,1,SHORT,RND,1.3,1.2989,1.30467,lean
XRP,2026-04-03,1,LONG,ONH,1.3261,1.33894,1.322127,ctx
XRP,2026-04-03,2,FADE,ONH,1.3261,1.32,1.330073,ctx
XRP,2026-04-06,1,SHORT,PDH,1.332,1.328454,1.336596,lean
XRP,2026-04-06,2,LONG,RND,1.35,1.3577,1.345404,ctx
XRP,2026-04-07,1,SHORT,ONL,1.3034,1.287859,1.307352,lean
XRP,2026-04-07,2,LONG,RND,1.31,1.3122,1.306048,ctx
XRP,2026-04-07,3,FADE,RND,1.31,1.3034,1.313952,ctx
XRP,2026-04-08,1,LONG,PDC,1.3787,1.38,1.374224,ctx
XRP,2026-04-09,1,SHORT,ONL,1.3255,1.308901,1.329957,lean
XRP,2026-04-09,2,LONG,RND,1.33,1.3389,1.325543,ctx
XRP,2026-04-10,1,SHORT,RND,1.34,1.3348,1.344515,lean
XRP,2026-04-10,2,LONG,PDC,1.3438,1.362572,1.339285,ctx
XRP,2026-04-13,1,SHORT,PDC,1.3247,1.3193,1.329059,lean
XRP,2026-04-13,2,LONG,RND,1.33,1.3374,1.325641,ctx
XRP,2026-04-14,1,LONG,RND,1.37,1.3756,1.365931,ctx
XRP,2026-04-15,1,SHORT,PDC,1.3617,1.36,1.365756,lean
XRP,2026-04-15,2,LONG,ONH,1.3668,1.382526,1.362744,ctx
XRP,2026-04-16,1,SHORT,PDH,1.4086,1.3922,1.413443,lean
XRP,2026-04-16,2,LONG,RND,1.41,1.4231,1.405157,ctx
XRP,2026-04-17,1,SHORT,ONL,1.4225,1.422171,1.427928,lean
XRP,2026-04-17,2,LONG,RND,1.45,1.453,1.444572,ctx
XRP,2026-04-20,1,SHORT,PDC,1.3942,1.393861,1.398837,lean
XRP,2026-04-20,2,LONG,RND,1.42,1.4326,1.415363,ctx
XRP,2026-04-21,1,LONG,RND,1.44,1.45,1.435505,lean
XRP,2026-04-21,2,SHORT,PDH,1.4369,1.4243,1.441395,ctx
XRP,2026-04-22,1,LONG,ONH,1.4606,1.475975,1.455955,lean
XRP,2026-04-23,1,SHORT,ONL,1.409,1.395536,1.413492,lean
XRP,2026-04-23,2,LONG,RND,1.42,1.4268,1.415508,ctx
XRP,2026-04-24,1,LONG,PDC,1.4386,1.44,1.434108,lean
XRP,2026-04-24,2,SHORT,ONL,1.4239,1.417336,1.428392,ctx
XRP,2026-04-27,1,SHORT,ONL,1.4126,1.41,1.416964,lean
XRP,2026-04-27,2,LONG,PDL,1.418,1.4307,1.413636,ctx
XRP,2026-04-28,1,SHORT,RND,1.38,1.3794,1.384332,lean
XRP,2026-04-28,2,LONG,PDL,1.3836,1.4007,1.379268,ctx
XRP,2026-04-29,1,LONG,PDH,1.4009,1.4067,1.396357,lean
XRP,2026-04-29,2,SHORT,RND,1.39,1.3805,1.394543,ctx
XRP,2026-04-30,1,SHORT,PDC,1.3691,1.3591,1.373195,lean
XRP,2026-04-30,2,LONG,RND,1.37,1.3847,1.365905,ctx
XRP,2026-05-01,1,SHORT,PDC,1.3679,1.3644,1.371974,lean
XRP,2026-05-01,2,LONG,RND,1.38,1.3807,1.375926,ctx
XRP,2026-05-04,1,SHORT,RND,1.39,1.388,1.394568,lean
XRP,2026-05-04,2,LONG,PDH,1.4042,1.415416,1.399632,ctx
XRP,2026-05-05,1,SHORT,PDC,1.3918,1.3901,1.395945,ctx
XRP,2026-05-06,1,SHORT,RND,1.45,1.431797,1.454115,lean
XRP,2026-05-06,2,LONG,ONH,1.4573,1.470203,1.453185,ctx
XRP,2026-05-07,1,SHORT,PDL,1.4073,1.4035,1.411544,lean
XRP,2026-05-07,2,LONG,RND,1.41,1.4249,1.405756,ctx
XRP,2026-05-08,1,LONG,ONH,1.3925,1.410837,1.388314,lean
XRP,2026-05-08,2,SHORT,RND,1.39,1.3869,1.394186,ctx
XRP,2026-05-11,1,SHORT,ONL,1.4399,1.434557,1.444902,lean
XRP,2026-05-11,2,LONG,RND,1.46,1.4734,1.454998,ctx
XRP,2026-05-12,1,SHORT,ONL,1.444,1.4399,1.44943,lean
XRP,2026-05-12,2,LONG,RND,1.45,1.474342,1.44457,ctx
XRP,2026-05-13,1,LONG,RND,1.45,1.4693,1.44498,lean
XRP,2026-05-13,2,SHORT,PDC,1.437,1.4333,1.44202,ctx
XRP,2026-05-14,1,SHORT,RND,1.43,1.4273,1.434986,lean
XRP,2026-05-14,2,LONG,ONH,1.4397,1.455769,1.434714,ctx
XRP,2026-05-15,1,SHORT,ONL,1.4534,1.441785,1.459039,lean
XRP,2026-05-15,2,LONG,RND,1.47,1.4852,1.464361,ctx
XRP,2026-05-18,1,LONG,PDC,1.4016,1.412304,1.396906,lean
XRP,2026-05-18,2,SHORT,RND,1.39,1.3715,1.394694,ctx
XRP,2026-05-19,1,LONG,PDC,1.39,1.392006,1.385756,lean
XRP,2026-05-19,2,SHORT,RND,1.37,1.3685,1.374244,ctx
XRP,2026-05-20,1,LONG,RND,1.37,1.3754,1.365821,lean
XRP,2026-05-20,2,SHORT,PDC,1.3616,1.3531,1.365779,ctx
XRP,2026-05-21,1,SHORT,ONL,1.3604,1.36,1.364524,lean
XRP,2026-05-21,2,LONG,PDC,1.3672,1.3807,1.363076,ctx
XRP,2026-05-22,1,SHORT,RND,1.36,1.3551,1.36418,lean
XRP,2026-05-22,2,LONG,PDC,1.3739,1.3767,1.36972,ctx
XRP,2026-05-25,1,SHORT,PDC,1.351,1.340308,1.354727,lean
XRP,2026-05-25,2,LONG,RND,1.36,1.3656,1.356273,ctx
XRP,2026-05-26,1,SHORT,PDC,1.3503,1.35,1.353964,lean
XRP,2026-05-26,2,LONG,ONH,1.3595,1.3657,1.355836,ctx
XRP,2026-05-27,1,SHORT,PDC,1.3292,1.3273,1.333011,lean
XRP,2026-05-27,2,LONG,RND,1.33,1.3379,1.326189,ctx
XRP,2026-05-28,1,LONG,RND,1.29,1.3033,1.285621,lean
XRP,2026-05-28,2,SHORT,ONL,1.2677,1.267265,1.272079,ctx
XRP,2026-05-29,1,SHORT,RND,1.31,1.3038,1.313629,lean
XRP,2026-05-29,2,LONG,PDC,1.3156,1.3275,1.311971,ctx
XRP,2026-06-01,1,SHORT,RND,1.3,1.2987,1.303645,lean
XRP,2026-06-02,1,SHORT,RND,1.26,1.2572,1.26359,lean
XRP,2026-06-03,1,LONG,RND,1.24,1.2491,1.235262,ctx
XRP,2026-06-04,1,LONG,RND,1.16,1.181345,1.154526,lean
XRP,2026-06-04,2,SHORT,ONL,1.1407,1.130255,1.146174,ctx
XRP,2026-06-05,1,LONG,RND,1.12,1.140699,1.115329,lean
XRP,2026-06-08,1,LONG,RND,1.16,1.1719,1.155213,lean
XRP,2026-06-08,2,SHORT,PDC,1.1556,1.135459,1.160387,ctx
XRP,2026-06-09,1,SHORT,ONL,1.1433,1.13346,1.148002,lean
XRP,2026-06-09,2,LONG,RND,1.16,1.1683,1.155298,ctx
XRP,2026-06-10,1,LONG,PDL,1.1187,1.128399,1.113536,lean
XRP,2026-06-10,2,SHORT,RND,1.1,1.0994,1.105164,ctx
XRP,2026-06-11,1,LONG,ONH,1.1257,1.1412,1.120951,lean
XRP,2026-06-11,2,SHORT,RND,1.12,1.10014,1.124749,ctx
XRP,2026-06-12,1,SHORT,RND,1.14,1.1275,1.144932,lean
XRP,2026-06-12,2,LONG,PDC,1.1428,1.15,1.137868,ctx
XRP,2026-06-15,1,SHORT,RND,1.23,1.205185,1.235832,lean
XRP,2026-06-15,2,LONG,ONH,1.2333,1.259615,1.227468,ctx
XRP,2026-06-16,1,SHORT,ONL,1.2141,1.209265,1.220257,lean
XRP,2026-06-16,2,LONG,PDC,1.2382,1.24,1.232043,ctx
XRP,2026-06-17,1,LONG,PDL,1.2053,1.2173,1.19926,lean
XRP,2026-06-17,2,SHORT,RND,1.19,1.1883,1.19604,ctx
XRP,2026-06-18,1,LONG,PDL,1.1715,1.1868,1.165766,lean
XRP,2026-06-18,2,SHORT,ONL,1.1615,1.16,1.167234,ctx
XRP,2026-06-19,1,SHORT,ONL,1.1211,1.10311,1.126305,lean
XRP,2026-06-19,2,LONG,RND,1.13,1.1329,1.124795,ctx
XRP,2026-06-22,1,LONG,RND,1.15,1.1522,1.145474,ctx
XRP,2026-06-23,1,LONG,RND,1.11,1.1216,1.105316,lean
XRP,2026-06-23,2,SHORT,ONL,1.0946,1.087439,1.099284,ctx
XRP,2026-06-24,1,LONG,RND,1.1,1.1103,1.095868,lean
XRP,2026-06-24,2,SHORT,PDL,1.092,1.0823,1.096132,ctx
XRP,2026-06-25,1,LONG,PDC,1.0736,1.0899,1.06911,lean
XRP,2026-06-25,2,SHORT,RND,1.07,1.068,1.07449,ctx
XRP,2026-06-26,1,SHORT,RND,1.02,1.0122,1.024504,lean
XRP,2026-06-26,2,LONG,PDC,1.0435,1.043717,1.038996,ctx
XRP,2026-06-29,1,LONG,PDH,1.0591,1.0612,1.054763,lean
XRP,2026-06-29,2,SHORT,RND,1.05,1.0485,1.054337,ctx
XRP,2026-06-30,1,SHORT,ONL,1.0371,1.0322,1.041529,lean
XRP,2026-06-30,2,LONG,RND,1.04,1.059,1.035571,ctx
XRP,2026-07-01,1,SHORT,PDL,1.0274,1.022,1.031053,lean
XRP,2026-07-01,2,LONG,RND,1.04,1.0401,1.036347,ctx
XRP,2026-07-02,1,LONG,ONH,1.0862,1.104347,1.081861,lean
XRP,2026-07-02,2,SHORT,RND,1.08,1.0738,1.084339,ctx
XRP,2026-07-03,1,LONG,PDH,1.1125,1.1129,1.10876,lean
XRP,2026-07-06,1,LONG,RND,1.14,1.157145,1.135298,lean
XRP,2026-07-06,2,SHORT,ONL,1.1342,1.1248,1.138902,ctx
XRP,2026-07-07,1,SHORT,ONL,1.12,1.1095,1.124518,lean
XRP,2026-07-07,2,LONG,RND,1.13,1.145,1.125482,ctx
XRP,2026-07-08,1,LONG,RND,1.09,1.105648,1.08594,lean
XRP,2026-07-08,2,SHORT,ONL,1.0751,1.067752,1.07916,ctx
XRP,2026-07-09,1,SHORT,PDC,1.0908,1.09,1.094658,lean
XRP,2026-07-09,2,LONG,ONH,1.1029,1.111605,1.099042,ctx
XRP,2026-07-10,1,SHORT,RND,1.11,1.1029,1.113946,lean
XRP,2026-07-10,2,LONG,ONH,1.1183,1.130916,1.114354,ctx
XRP,2026-07-13,1,SHORT,ONL,1.0674,1.059951,1.071139,lean
XRP,2026-07-13,2,LONG,RND,1.08,1.0811,1.076261,ctx
XRP,2026-07-14,1,LONG,ONH,1.0732,1.089702,1.069514,lean
XRP,2026-07-14,2,SHORT,RND,1.07,1.0675,1.073686,ctx
XRP,2026-07-15,1,SHORT,ONL,1.099,1.088801,1.103178,lean
XRP,2026-07-15,2,LONG,RND,1.11,1.1117,1.105822,ctx
XRP,2026-07-16,1,LONG,RND,1.11,1.1133,1.105878,lean
XRP,2026-07-16,2,SHORT,ONL,1.0996,1.099,1.103722,ctx
XRP,2026-07-17,1,LONG,PDL,1.0853,1.0871,1.081564,lean
XRP,2026-07-17,2,SHORT,RND,1.08,1.0793,1.083736,ctx
XRP,2026-07-20,1,LONG,ONH,1.1083,1.11,1.104683,lean
XRP,2026-07-20,2,SHORT,PDH,1.1018,1.0978,1.105417,ctx
XRP,2026-07-21,1,SHORT,PDH,1.1207,1.117509,1.124727,lean
XRP,2026-07-21,2,LONG,ONH,1.1385,1.14,1.134473,ctx
XRP,2026-07-22,1,SHORT,ONL,1.1288,1.120951,1.132603,lean
XRP,2026-07-22,2,LONG,RND,1.14,1.1436,1.136197,ctx
XRP,2026-07-23,1,LONG,PDC,1.1421,1.1452,1.138256,lean
XRP,2026-07-23,2,SHORT,RND,1.13,1.1296,1.133844,ctx
