coin,date,yd_arch,yd_eff
BTC,2017-08-18,CHOP,0.083
BTC,2017-08-19,CHOP,-0.408
BTC,2017-08-20,CHOP,0.094
BTC,2017-08-21,CHOP,-0.301
BTC,2017-08-22,CHOP,-0.256
BTC,2017-08-23,CHOP,0.034
BTC,2017-08-24,CHOP,0.294
BTC,2017-08-25,UP,0.59
BTC,2017-08-26,CHOP,-0.171
BTC,2017-08-27,CHOP,0.367
BTC,2017-08-28,CHOP,-0.197
BTC,2017-08-29,CHOP,0.279
BTC,2017-08-30,UP,0.749
BTC,2017-08-31,CHOP,-0.041
BTC,2017-09-01,UP,0.892
BTC,2017-09-02,UP,0.629
BTC,2017-09-03,CHOP,-0.497
BTC,2017-09-04,CHOP,0.001
BTC,2017-09-05,DN,-0.737
BTC,2017-09-06,CHOP,0.294
BTC,2017-09-07,UP,0.773
BTC,2017-09-08,CHOP,0.205
BTC,2017-09-09,DN,-0.579
BTC,2017-09-10,CHOP,-0.087
BTC,2017-09-11,CHOP,-0.266
BTC,2017-09-12,CHOP,0.233
BTC,2017-09-13,CHOP,-0.127
BTC,2017-09-14,DN,-0.53
BTC,2017-09-15,DN,-0.912
BTC,2017-09-16,CHOP,0.493
BTC,2017-09-17,CHOP,0.085
BTC,2017-09-18,CHOP,0.059
BTC,2017-09-19,UP,0.796
BTC,2017-09-20,DN,-0.579
BTC,2017-09-21,CHOP,-0.044
BTC,2017-09-22,DN,-0.816
BTC,2017-09-23,CHOP,0.012
BTC,2017-09-24,UP,0.671
BTC,2017-09-25,DN,-0.715
BTC,2017-09-26,UP,0.799
BTC,2017-09-27,CHOP,-0.36
BTC,2017-09-28,UP,0.824
BTC,2017-09-29,CHOP,-0.088
BTC,2017-09-30,CHOP,-0.014
BTC,2017-10-01,UP,0.841
BTC,2017-10-02,CHOP,-0.0
BTC,2017-10-03,CHOP,-0.099
BTC,2017-10-04,CHOP,-0.244
BTC,2017-10-05,CHOP,-0.46
BTC,2017-10-06,CHOP,0.342
BTC,2017-10-07,CHOP,0.4
BTC,2017-10-08,CHOP,0.323
BTC,2017-10-09,UP,0.923
BTC,2017-10-10,CHOP,0.432
BTC,2017-10-11,CHOP,-0.014
BTC,2017-10-12,CHOP,0.224
BTC,2017-10-13,UP,0.966
BTC,2017-10-14,CHOP,0.45
BTC,2017-10-15,UP,0.687
BTC,2017-10-16,CHOP,-0.278
BTC,2017-10-17,CHOP,0.246
BTC,2017-10-18,DN,-0.619
BTC,2017-10-19,CHOP,-0.149
BTC,2017-10-20,UP,0.778
BTC,2017-10-21,UP,0.639
BTC,2017-10-22,CHOP,0.035
BTC,2017-10-23,CHOP,-0.157
BTC,2017-10-24,CHOP,-0.129
BTC,2017-10-25,DN,-0.91
BTC,2017-10-26,CHOP,0.438
BTC,2017-10-27,UP,0.661
BTC,2017-10-28,CHOP,-0.281
BTC,2017-10-29,CHOP,-0.223
BTC,2017-10-30,UP,0.849
BTC,2017-10-31,CHOP,-0.057
BTC,2017-11-01,UP,0.86
BTC,2017-11-02,UP,0.666
BTC,2017-11-03,CHOP,0.433
BTC,2017-11-04,CHOP,0.247
BTC,2017-11-05,CHOP,0.417
BTC,2017-11-06,CHOP,-0.039
BTC,2017-11-07,DN,-0.778
BTC,2017-11-08,CHOP,0.277
BTC,2017-11-09,CHOP,0.208
BTC,2017-11-10,DN,-0.592
BTC,2017-11-11,DN,-0.558
BTC,2017-11-12,CHOP,-0.37
BTC,2017-11-13,CHOP,-0.333
BTC,2017-11-14,UP,0.628
BTC,2017-11-15,CHOP,0.292
BTC,2017-11-16,UP,0.92
BTC,2017-11-17,UP,0.723
BTC,2017-11-18,CHOP,-0.33
BTC,2017-11-19,CHOP,0.206
BTC,2017-11-20,UP,0.584
BTC,2017-11-21,CHOP,0.423
BTC,2017-11-22,CHOP,-0.155
BTC,2017-11-23,CHOP,0.496
BTC,2017-11-24,DN,-0.819
BTC,2017-11-25,CHOP,0.227
BTC,2017-11-26,UP,0.87
BTC,2017-11-27,UP,0.574
BTC,2017-11-28,UP,0.963
BTC,2017-11-29,UP,0.67
BTC,2017-11-30,CHOP,-0.075
BTC,2017-12-01,CHOP,0.074
BTC,2017-12-02,UP,0.623
BTC,2017-12-03,CHOP,0.202
BTC,2017-12-04,CHOP,0.198
BTC,2017-12-05,UP,0.518
BTC,2017-12-06,CHOP,0.318
BTC,2017-12-07,UP,0.949
BTC,2017-12-08,UP,0.849
BTC,2017-12-09,CHOP,-0.225
BTC,2017-12-10,CHOP,-0.328
BTC,2017-12-11,CHOP,0.07
BTC,2017-12-12,UP,0.639
BTC,2017-12-13,CHOP,-0.216
BTC,2017-12-14,CHOP,-0.169
BTC,2017-12-15,CHOP,0.306
BTC,2017-12-16,UP,0.712
BTC,2017-12-17,UP,0.675
BTC,2017-12-18,CHOP,-0.202
BTC,2017-12-19,CHOP,-0.002
BTC,2017-12-20,DN,-0.589
BTC,2017-12-21,CHOP,-0.274
BTC,2017-12-22,CHOP,-0.3
BTC,2017-12-23,CHOP,-0.462
BTC,2017-12-24,CHOP,-0.013
BTC,2017-12-25,CHOP,0.092
BTC,2017-12-26,CHOP,0.125
BTC,2017-12-27,UP,0.79
BTC,2017-12-28,CHOP,-0.109
BTC,2017-12-29,DN,-0.535
BTC,2017-12-30,CHOP,0.159
BTC,2017-12-31,DN,-0.732
BTC,2018-01-01,UP,0.722
BTC,2018-01-02,CHOP,-0.314
BTC,2018-01-03,UP,0.5
BTC,2018-01-04,CHOP,0.198
BTC,2018-01-05,CHOP,0.103
BTC,2018-01-06,UP,0.738
BTC,2018-01-07,CHOP,0.097
BTC,2018-01-08,DN,-0.617
BTC,2018-01-09,CHOP,-0.375
BTC,2018-01-10,CHOP,-0.338
BTC,2018-01-11,CHOP,0.277
BTC,2018-01-12,CHOP,-0.477
BTC,2018-01-13,CHOP,0.311
BTC,2018-01-14,UP,0.526
BTC,2018-01-15,CHOP,-0.415
BTC,2018-01-16,CHOP,0.056
BTC,2018-01-17,DN,-0.577
BTC,2018-01-18,CHOP,0.034
BTC,2018-01-19,CHOP,-0.007
BTC,2018-01-20,CHOP,0.359
BTC,2018-01-21,UP,0.786
BTC,2018-01-22,DN,-0.692
BTC,2018-01-23,CHOP,-0.38
BTC,2018-01-24,CHOP,0.026
BTC,2018-01-25,UP,0.515
BTC,2018-01-26,CHOP,-0.207
BTC,2018-01-27,CHOP,-0.072
BTC,2018-01-28,CHOP,0.498
BTC,2018-01-29,CHOP,0.455
BTC,2018-01-30,DN,-0.753
BTC,2018-01-31,DN,-0.719
BTC,2018-02-01,CHOP,0.076
BTC,2018-02-02,DN,-0.67
BTC,2018-02-03,CHOP,-0.283
BTC,2018-02-04,CHOP,0.263
BTC,2018-02-05,DN,-0.706
BTC,2018-02-06,DN,-0.705
BTC,2018-02-07,CHOP,0.379
BTC,2018-02-08,CHOP,-0.042
BTC,2018-02-09,UP,0.68
BTC,2018-02-10,UP,0.916
BTC,2018-02-11,CHOP,-0.131
BTC,2018-02-12,DN,-0.572
BTC,2018-02-13,UP,0.897
BTC,2018-02-14,DN,-0.606
BTC,2018-02-15,UP,0.956
BTC,2018-02-16,UP,0.599
BTC,2018-02-17,CHOP,0.242
BTC,2018-02-18,UP,0.862
BTC,2018-02-19,DN,-0.55
BTC,2018-02-20,UP,0.794
BTC,2018-02-21,CHOP,0.079
BTC,2018-02-22,DN,-0.686
BTC,2018-02-23,DN,-0.501
BTC,2018-02-24,CHOP,0.365
BTC,2018-02-25,CHOP,-0.381
BTC,2018-02-26,CHOP,-0.183
BTC,2018-02-27,UP,0.671
BTC,2018-02-28,CHOP,0.331
BTC,2018-03-01,CHOP,-0.323
BTC,2018-03-02,UP,0.724
BTC,2018-03-03,CHOP,0.269
BTC,2018-03-04,UP,0.804
BTC,2018-03-05,CHOP,0.098
BTC,2018-03-06,CHOP,-0.207
BTC,2018-03-07,DN,-0.821
BTC,2018-03-08,DN,-0.534
BTC,2018-03-09,DN,-0.614
BTC,2018-03-10,CHOP,-0.037
BTC,2018-03-11,DN,-0.559
BTC,2018-03-12,UP,0.592
BTC,2018-03-13,CHOP,-0.363
BTC,2018-03-14,CHOP,0.029
BTC,2018-03-15,DN,-0.685
BTC,2018-03-16,CHOP,0.073
BTC,2018-03-17,CHOP,0.027
BTC,2018-03-18,DN,-0.695
BTC,2018-03-19,CHOP,0.368
BTC,2018-03-20,UP,0.666
BTC,2018-03-21,CHOP,0.409
BTC,2018-03-22,CHOP,-0.059
BTC,2018-03-23,CHOP,-0.255
BTC,2018-03-24,CHOP,0.278
BTC,2018-03-25,DN,-0.69
BTC,2018-03-26,CHOP,-0.201
BTC,2018-03-27,CHOP,-0.491
BTC,2018-03-28,DN,-0.697
BTC,2018-03-29,CHOP,0.404
BTC,2018-03-30,DN,-0.831
BTC,2018-03-31,CHOP,-0.361
BTC,2018-04-01,CHOP,0.187
BTC,2018-04-02,CHOP,-0.176
BTC,2018-04-03,UP,0.675
BTC,2018-04-04,UP,0.67
BTC,2018-04-05,DN,-0.845
BTC,2018-04-06,CHOP,-0.076
BTC,2018-04-07,CHOP,-0.482
BTC,2018-04-08,UP,0.609
BTC,2018-04-09,UP,0.533
BTC,2018-04-10,CHOP,-0.398
BTC,2018-04-11,CHOP,0.266
BTC,2018-04-12,UP,0.563
BTC,2018-04-13,UP,0.764
BTC,2018-04-14,CHOP,-0.091
BTC,2018-04-15,CHOP,0.323
BTC,2018-04-16,UP,0.815
BTC,2018-04-17,DN,-0.526
BTC,2018-04-18,DN,-0.517
BTC,2018-04-19,UP,0.766
BTC,2018-04-20,CHOP,0.482
BTC,2018-04-21,UP,0.775
BTC,2018-04-22,CHOP,0.134
BTC,2018-04-23,CHOP,-0.438
BTC,2018-04-24,UP,0.618
BTC,2018-04-25,UP,0.848
BTC,2018-04-26,DN,-0.727
BTC,2018-04-27,UP,0.604
BTC,2018-04-28,DN,-0.695
BTC,2018-04-29,UP,0.776
BTC,2018-04-30,CHOP,0.175
BTC,2018-05-01,DN,-0.513
BTC,2018-05-02,CHOP,-0.389
BTC,2018-05-03,UP,0.592
BTC,2018-05-04,UP,0.743
BTC,2018-05-05,CHOP,-0.116
BTC,2018-05-06,CHOP,0.444
BTC,2018-05-07,CHOP,-0.371
BTC,2018-05-08,DN,-0.582
BTC,2018-05-09,CHOP,-0.427
BTC,2018-05-10,CHOP,0.311
BTC,2018-05-11,DN,-0.724
BTC,2018-05-12,DN,-0.891
BTC,2018-05-13,CHOP,0.121
BTC,2018-05-14,CHOP,0.439
BTC,2018-05-15,CHOP,-0.027
BTC,2018-05-16,CHOP,-0.439
BTC,2018-05-17,CHOP,-0.326
BTC,2018-05-18,DN,-0.595
BTC,2018-05-19,UP,0.556
BTC,2018-05-20,CHOP,-0.015
BTC,2018-05-21,UP,0.659
BTC,2018-05-22,DN,-0.502
BTC,2018-05-23,DN,-0.881
BTC,2018-05-24,DN,-0.783
BTC,2018-05-25,CHOP,0.158
BTC,2018-05-26,CHOP,-0.357
BTC,2018-05-27,CHOP,-0.384
BTC,2018-05-28,CHOP,0.03
BTC,2018-05-29,DN,-0.633
BTC,2018-05-30,UP,0.715
BTC,2018-05-31,CHOP,-0.298
BTC,2018-06-01,CHOP,0.277
BTC,2018-06-02,CHOP,0.142
BTC,2018-06-03,CHOP,0.457
BTC,2018-06-04,CHOP,0.415
BTC,2018-06-05,DN,-0.724
BTC,2018-06-06,CHOP,0.429
BTC,2018-06-07,CHOP,0.139
BTC,2018-06-08,CHOP,0.223
BTC,2018-06-09,DN,-0.508
BTC,2018-06-10,CHOP,-0.477
BTC,2018-06-11,DN,-0.836
BTC,2018-06-12,CHOP,0.343
BTC,2018-06-13,DN,-0.751
BTC,2018-06-14,CHOP,-0.466
BTC,2018-06-15,UP,0.746
BTC,2018-06-16,DN,-0.821
BTC,2018-06-17,CHOP,0.435
BTC,2018-06-18,CHOP,-0.197
BTC,2018-06-19,UP,0.648
BTC,2018-06-20,CHOP,0.158
BTC,2018-06-21,CHOP,0.081
BTC,2018-06-22,CHOP,-0.362
BTC,2018-06-23,DN,-0.825
BTC,2018-06-24,CHOP,0.414
BTC,2018-06-25,CHOP,-0.026
BTC,2018-06-26,CHOP,0.396
BTC,2018-06-27,DN,-0.763
BTC,2018-06-28,CHOP,0.309
BTC,2018-06-29,DN,-0.811
BTC,2018-06-30,UP,0.667
BTC,2018-07-01,UP,0.56
BTC,2018-07-02,CHOP,-0.18
BTC,2018-07-03,UP,0.616
BTC,2018-07-04,CHOP,-0.469
BTC,2018-07-05,CHOP,0.221
BTC,2018-07-06,CHOP,-0.218
BTC,2018-07-07,CHOP,0.36
BTC,2018-07-08,CHOP,0.476
BTC,2018-07-09,CHOP,-0.368
BTC,2018-07-10,CHOP,-0.263
BTC,2018-07-11,DN,-0.875
BTC,2018-07-12,UP,0.639
BTC,2018-07-13,CHOP,-0.411
BTC,2018-07-14,CHOP,-0.153
BTC,2018-07-15,CHOP,0.238
BTC,2018-07-16,UP,0.602
BTC,2018-07-17,UP,0.886
BTC,2018-07-18,UP,0.727
BTC,2018-07-19,CHOP,0.178
BTC,2018-07-20,CHOP,0.275
BTC,2018-07-21,CHOP,-0.308
BTC,2018-07-22,CHOP,0.248
BTC,2018-07-23,CHOP,-0.018
BTC,2018-07-24,UP,0.712
BTC,2018-07-25,UP,0.855
BTC,2018-07-26,DN,-0.502
BTC,2018-07-27,DN,-0.549
BTC,2018-07-28,UP,0.56
BTC,2018-07-29,CHOP,0.203
BTC,2018-07-30,CHOP,-0.078
BTC,2018-07-31,CHOP,-0.091
BTC,2018-08-01,DN,-0.805
BTC,2018-08-02,CHOP,-0.41
BTC,2018-08-03,CHOP,-0.293
BTC,2018-08-04,CHOP,-0.415
BTC,2018-08-05,DN,-0.707
BTC,2018-08-06,CHOP,0.069
BTC,2018-08-07,CHOP,-0.264
BTC,2018-08-08,CHOP,-0.447
BTC,2018-08-09,DN,-0.728
BTC,2018-08-10,UP,0.555
BTC,2018-08-11,DN,-0.702
BTC,2018-08-12,CHOP,0.163
BTC,2018-08-13,CHOP,0.251
BTC,2018-08-14,CHOP,-0.156
BTC,2018-08-15,CHOP,-0.162
BTC,2018-08-16,CHOP,0.181
BTC,2018-08-17,CHOP,0.169
BTC,2018-08-18,UP,0.896
BTC,2018-08-19,DN,-0.576
BTC,2018-08-20,CHOP,0.372
BTC,2018-08-21,DN,-0.718
BTC,2018-08-22,UP,0.864
BTC,2018-08-23,CHOP,-0.189
BTC,2018-08-24,UP,0.692
BTC,2018-08-25,UP,0.551
BTC,2018-08-26,CHOP,0.337
BTC,2018-08-27,CHOP,-0.162
BTC,2018-08-28,UP,0.71
BTC,2018-08-29,UP,0.614
BTC,2018-08-30,CHOP,-0.207
BTC,2018-08-31,CHOP,-0.173
BTC,2018-09-01,CHOP,0.131
BTC,2018-09-02,UP,0.709
BTC,2018-09-03,CHOP,0.46
BTC,2018-09-04,CHOP,-0.266
BTC,2018-09-05,UP,0.525
BTC,2018-09-06,DN,-0.921
BTC,2018-09-07,CHOP,-0.394
BTC,2018-09-08,DN,-0.542
BTC,2018-09-09,DN,-0.574
BTC,2018-09-10,CHOP,0.22
BTC,2018-09-11,CHOP,0.391
BTC,2018-09-12,CHOP,-0.073
BTC,2018-09-13,CHOP,0.272
BTC,2018-09-14,UP,0.753
BTC,2018-09-15,CHOP,-0.054
BTC,2018-09-16,CHOP,0.386
BTC,2018-09-17,CHOP,-0.064
BTC,2018-09-18,DN,-0.755
BTC,2018-09-19,UP,0.532
BTC,2018-09-20,CHOP,0.141
BTC,2018-09-21,CHOP,0.465
BTC,2018-09-22,UP,0.909
BTC,2018-09-23,CHOP,-0.17
BTC,2018-09-24,CHOP,-0.119
BTC,2018-09-25,DN,-0.725
BTC,2018-09-26,DN,-0.517
BTC,2018-09-27,CHOP,0.112
BTC,2018-09-28,UP,0.7
BTC,2018-09-29,CHOP,-0.199
BTC,2018-09-30,CHOP,-0.223
BTC,2018-10-01,CHOP,0.224
BTC,2018-10-02,CHOP,-0.095
BTC,2018-10-03,DN,-0.577
BTC,2018-10-04,CHOP,-0.133
BTC,2018-10-05,UP,0.605
BTC,2018-10-06,CHOP,0.286
BTC,2018-10-07,CHOP,-0.491
BTC,2018-10-08,CHOP,0.164
BTC,2018-10-09,CHOP,0.449
BTC,2018-10-10,CHOP,-0.209
BTC,2018-10-11,CHOP,-0.198
BTC,2018-10-12,DN,-0.88
BTC,2018-10-13,CHOP,0.3
BTC,2018-10-14,UP,0.583
BTC,2018-10-15,CHOP,0.059
BTC,2018-10-16,CHOP,0.299
BTC,2018-10-17,CHOP,0.029
BTC,2018-10-18,CHOP,-0.162
BTC,2018-10-19,DN,-0.524
BTC,2018-10-20,DN,-0.72
BTC,2018-10-21,UP,0.531
BTC,2018-10-22,CHOP,0.052
BTC,2018-10-23,CHOP,-0.086
BTC,2018-10-24,CHOP,-0.348
BTC,2018-10-25,CHOP,0.145
BTC,2018-10-26,DN,-0.536
BTC,2018-10-27,CHOP,0.124
BTC,2018-10-28,CHOP,-0.347
BTC,2018-10-29,CHOP,-0.256
BTC,2018-10-30,DN,-0.765
BTC,2018-10-31,CHOP,-0.175
BTC,2018-11-01,CHOP,0.229
BTC,2018-11-02,CHOP,0.431
BTC,2018-11-03,CHOP,0.332
BTC,2018-11-04,CHOP,-0.481
BTC,2018-11-05,UP,0.589
BTC,2018-11-06,CHOP,-0.23
BTC,2018-11-07,UP,0.582
BTC,2018-11-08,UP,0.525
BTC,2018-11-09,DN,-0.784
BTC,2018-11-10,CHOP,-0.497
BTC,2018-11-11,CHOP,0.202
BTC,2018-11-12,CHOP,0.137
BTC,2018-11-13,CHOP,0.031
BTC,2018-11-14,CHOP,0.056
BTC,2018-11-15,DN,-0.65
BTC,2018-11-16,CHOP,-0.306
BTC,2018-11-17,CHOP,-0.433
BTC,2018-11-18,CHOP,-0.244
BTC,2018-11-19,CHOP,0.26
BTC,2018-11-20,DN,-0.929
BTC,2018-11-21,CHOP,-0.491
BTC,2018-11-22,CHOP,0.271
BTC,2018-11-23,DN,-0.753
BTC,2018-11-24,CHOP,0.19
BTC,2018-11-25,DN,-0.688
BTC,2018-11-26,CHOP,0.262
BTC,2018-11-27,CHOP,-0.448
BTC,2018-11-28,CHOP,0.043
BTC,2018-11-29,UP,0.748
BTC,2018-11-30,CHOP,0.104
BTC,2018-12-01,DN,-0.639
BTC,2018-12-02,CHOP,0.441
BTC,2018-12-03,CHOP,-0.143
BTC,2018-12-04,DN,-0.786
BTC,2018-12-05,CHOP,0.22
BTC,2018-12-06,DN,-0.805
BTC,2018-12-07,DN,-0.649
BTC,2018-12-08,CHOP,-0.323
BTC,2018-12-09,CHOP,0.027
BTC,2018-12-10,UP,0.508
BTC,2018-12-11,CHOP,-0.482
BTC,2018-12-12,CHOP,-0.344
BTC,2018-12-13,CHOP,0.463
BTC,2018-12-14,DN,-0.706
BTC,2018-12-15,CHOP,-0.492
BTC,2018-12-16,CHOP,-0.112
BTC,2018-12-17,CHOP,0.157
BTC,2018-12-18,UP,0.758
BTC,2018-12-19,UP,0.566
BTC,2018-12-20,CHOP,0.032
BTC,2018-12-21,UP,0.803
BTC,2018-12-22,DN,-0.567
BTC,2018-12-23,UP,0.56
BTC,2018-12-24,CHOP,-0.127
BTC,2018-12-25,CHOP,0.287
BTC,2018-12-26,DN,-0.708
BTC,2018-12-27,CHOP,0.178
BTC,2018-12-28,DN,-0.752
BTC,2018-12-29,UP,0.782
BTC,2018-12-30,DN,-0.647
BTC,2018-12-31,CHOP,0.428
BTC,2019-01-01,DN,-0.558
BTC,2019-01-02,UP,0.57
BTC,2019-01-03,CHOP,0.472
BTC,2019-01-04,DN,-0.684
BTC,2019-01-05,CHOP,0.207
BTC,2019-01-06,CHOP,-0.213
BTC,2019-01-07,UP,0.752
BTC,2019-01-08,CHOP,-0.126
BTC,2019-01-09,CHOP,-0.13
BTC,2019-01-10,CHOP,0.146
BTC,2019-01-11,DN,-0.834
BTC,2019-01-12,CHOP,0.08
BTC,2019-01-13,CHOP,-0.206
BTC,2019-01-14,DN,-0.632
BTC,2019-01-15,UP,0.725
BTC,2019-01-16,DN,-0.554
BTC,2019-01-17,CHOP,0.382
BTC,2019-01-18,CHOP,0.234
BTC,2019-01-19,CHOP,-0.34
BTC,2019-01-20,UP,0.56
BTC,2019-01-21,DN,-0.578
BTC,2019-01-22,CHOP,-0.147
BTC,2019-01-23,CHOP,0.254
BTC,2019-01-24,CHOP,-0.188
BTC,2019-01-25,CHOP,0.279
BTC,2019-01-26,CHOP,-0.058
BTC,2019-01-27,CHOP,-0.012
BTC,2019-01-28,CHOP,-0.159
BTC,2019-01-29,DN,-0.653
BTC,2019-01-30,CHOP,-0.245
BTC,2019-01-31,UP,0.53
BTC,2019-02-01,CHOP,-0.332
BTC,2019-02-02,CHOP,0.322
BTC,2019-02-03,CHOP,0.494
BTC,2019-02-04,DN,-0.54
BTC,2019-02-05,CHOP,0.099
BTC,2019-02-06,CHOP,0.274
BTC,2019-02-07,DN,-0.644
BTC,2019-02-08,CHOP,-0.236
BTC,2019-02-09,UP,0.723
BTC,2019-02-10,CHOP,0.089
BTC,2019-02-11,CHOP,0.198
BTC,2019-02-12,DN,-0.702
BTC,2019-02-13,CHOP,0.005
BTC,2019-02-14,CHOP,-0.283
BTC,2019-02-15,CHOP,-0.305
BTC,2019-02-16,CHOP,0.149
BTC,2019-02-17,CHOP,0.317
BTC,2019-02-18,UP,0.526
BTC,2019-02-19,UP,0.855
BTC,2019-02-20,CHOP,0.075
BTC,2019-02-21,UP,0.536
BTC,2019-02-22,CHOP,-0.281
BTC,2019-02-23,CHOP,0.402
BTC,2019-02-24,UP,0.681
BTC,2019-02-25,DN,-0.772
BTC,2019-02-26,UP,0.636
BTC,2019-02-27,CHOP,-0.298
BTC,2019-02-28,CHOP,0.054
BTC,2019-03-01,CHOP,-0.035
BTC,2019-03-02,CHOP,0.199
BTC,2019-03-03,CHOP,-0.032
BTC,2019-03-04,CHOP,-0.228
BTC,2019-03-05,DN,-0.578
BTC,2019-03-06,UP,0.816
BTC,2019-03-07,CHOP,0.045
BTC,2019-03-08,CHOP,0.182
BTC,2019-03-09,CHOP,-0.066
BTC,2019-03-10,UP,0.668
BTC,2019-03-11,CHOP,-0.431
BTC,2019-03-12,CHOP,-0.415
BTC,2019-03-13,CHOP,0.141
BTC,2019-03-14,CHOP,-0.312
BTC,2019-03-15,CHOP,0.101
BTC,2019-03-16,UP,0.696
BTC,2019-03-17,UP,0.604
BTC,2019-03-18,CHOP,-0.401
BTC,2019-03-19,CHOP,0.071
BTC,2019-03-20,CHOP,0.454
BTC,2019-03-21,CHOP,0.368
BTC,2019-03-22,CHOP,-0.33
BTC,2019-03-23,CHOP,0.153
BTC,2019-03-24,CHOP,0.444
BTC,2019-03-25,CHOP,-0.247
BTC,2019-03-26,CHOP,-0.499
BTC,2019-03-27,CHOP,0.201
BTC,2019-03-28,UP,0.798
BTC,2019-03-29,CHOP,-0.312
BTC,2019-03-30,UP,0.753
BTC,2019-03-31,CHOP,0.031
BTC,2019-04-01,CHOP,-0.091
BTC,2019-04-02,CHOP,0.459
BTC,2019-04-03,UP,0.941
BTC,2019-04-04,CHOP,0.145
BTC,2019-04-05,CHOP,-0.129
BTC,2019-04-06,UP,0.72
BTC,2019-04-07,CHOP,0.141
BTC,2019-04-08,UP,0.616
BTC,2019-04-09,CHOP,0.25
BTC,2019-04-10,DN,-0.547
BTC,2019-04-11,UP,0.551
BTC,2019-04-12,DN,-0.716
BTC,2019-04-13,CHOP,0.14
BTC,2019-04-14,CHOP,-0.019
BTC,2019-04-15,UP,0.548
BTC,2019-04-16,CHOP,-0.489
BTC,2019-04-17,UP,0.768
BTC,2019-04-18,CHOP,0.348
BTC,2019-04-19,UP,0.635
BTC,2019-04-20,CHOP,0.002
BTC,2019-04-21,CHOP,0.32
BTC,2019-04-22,CHOP,-0.246
BTC,2019-04-23,UP,0.52
BTC,2019-04-24,UP,0.509
BTC,2019-04-25,CHOP,-0.305
BTC,2019-04-26,DN,-0.5
BTC,2019-04-27,CHOP,0.269
BTC,2019-04-28,CHOP,-0.228
BTC,2019-04-29,CHOP,0.147
BTC,2019-04-30,CHOP,-0.468
BTC,2019-05-01,UP,0.559
BTC,2019-05-02,UP,0.714
BTC,2019-05-03,UP,0.653
BTC,2019-05-04,UP,0.758
BTC,2019-05-05,CHOP,0.188
BTC,2019-05-06,CHOP,-0.377
BTC,2019-05-07,CHOP,-0.137
BTC,2019-05-08,CHOP,0.344
BTC,2019-05-09,UP,0.581
BTC,2019-05-10,UP,0.924
BTC,2019-05-11,UP,0.55
BTC,2019-05-12,UP,0.722
BTC,2019-05-13,CHOP,-0.141
BTC,2019-05-14,UP,0.669
BTC,2019-05-15,CHOP,0.198
BTC,2019-05-16,UP,0.563
BTC,2019-05-17,CHOP,-0.492
BTC,2019-05-18,DN,-0.507
BTC,2019-05-19,CHOP,-0.325
BTC,2019-05-20,UP,0.864
BTC,2019-05-21,CHOP,-0.348
BTC,2019-05-22,CHOP,-0.119
BTC,2019-05-23,DN,-0.501
BTC,2019-05-24,CHOP,0.466
BTC,2019-05-25,CHOP,0.316
BTC,2019-05-26,CHOP,0.332
BTC,2019-05-27,UP,0.652
BTC,2019-05-28,CHOP,0.45
BTC,2019-05-29,CHOP,-0.128
BTC,2019-05-30,CHOP,-0.207
BTC,2019-05-31,CHOP,-0.353
BTC,2019-06-01,UP,0.593
BTC,2019-06-02,CHOP,-0.06
BTC,2019-06-03,UP,0.622
BTC,2019-06-04,DN,-0.847
BTC,2019-06-05,DN,-0.675
BTC,2019-06-06,CHOP,0.276
BTC,2019-06-07,CHOP,0.02
BTC,2019-06-08,UP,0.532
BTC,2019-06-09,CHOP,-0.291
BTC,2019-06-10,DN,-0.624
BTC,2019-06-11,UP,0.698
BTC,2019-06-12,CHOP,-0.302
BTC,2019-06-13,UP,0.591
BTC,2019-06-14,CHOP,0.303
BTC,2019-06-15,UP,0.803
BTC,2019-06-16,UP,0.531
BTC,2019-06-17,CHOP,0.249
BTC,2019-06-18,UP,0.731
BTC,2019-06-19,DN,-0.597
BTC,2019-06-20,UP,0.504
BTC,2019-06-21,UP,0.635
BTC,2019-06-22,UP,0.977
BTC,2019-06-23,CHOP,0.46
BTC,2019-06-24,CHOP,0.211
BTC,2019-06-25,CHOP,0.288
BTC,2019-06-26,UP,0.928
BTC,2019-06-27,UP,0.571
BTC,2019-06-28,DN,-0.599
BTC,2019-06-29,UP,0.715
BTC,2019-06-30,DN,-0.521
BTC,2019-07-01,DN,-0.742
BTC,2019-07-02,CHOP,-0.183
BTC,2019-07-03,CHOP,0.18
BTC,2019-07-04,UP,0.951
BTC,2019-07-05,DN,-0.841
BTC,2019-07-06,CHOP,-0.287
BTC,2019-07-07,CHOP,0.391
BTC,2019-07-08,CHOP,0.338
BTC,2019-07-09,UP,0.741
BTC,2019-07-10,CHOP,0.419
BTC,2019-07-11,CHOP,-0.279
BTC,2019-07-12,DN,-0.688
BTC,2019-07-13,UP,0.51
BTC,2019-07-14,CHOP,-0.414
BTC,2019-07-15,DN,-0.876
BTC,2019-07-16,UP,0.536
BTC,2019-07-17,DN,-0.831
BTC,2019-07-18,CHOP,0.265
BTC,2019-07-19,UP,0.624
BTC,2019-07-20,CHOP,-0.192
BTC,2019-07-21,CHOP,0.326
BTC,2019-07-22,CHOP,-0.285
BTC,2019-07-23,CHOP,-0.428
BTC,2019-07-24,DN,-0.916
BTC,2019-07-25,CHOP,-0.246
BTC,2019-07-26,CHOP,0.256
BTC,2019-07-27,CHOP,-0.23
BTC,2019-07-28,CHOP,-0.406
BTC,2019-07-29,CHOP,0.146
BTC,2019-07-30,CHOP,-0.101
BTC,2019-07-31,CHOP,0.209
BTC,2019-08-01,UP,0.911
BTC,2019-08-02,CHOP,0.487
BTC,2019-08-03,CHOP,0.383
BTC,2019-08-04,UP,0.72
BTC,2019-08-05,CHOP,0.23
BTC,2019-08-06,UP,0.89
BTC,2019-08-07,CHOP,-0.315
BTC,2019-08-08,UP,0.651
BTC,2019-08-09,CHOP,0.046
BTC,2019-08-10,CHOP,-0.33
BTC,2019-08-11,DN,-0.798
BTC,2019-08-12,CHOP,0.493
BTC,2019-08-13,CHOP,-0.417
BTC,2019-08-14,DN,-0.757
BTC,2019-08-15,DN,-0.87
BTC,2019-08-16,CHOP,0.435
BTC,2019-08-17,CHOP,0.044
BTC,2019-08-18,CHOP,-0.248
BTC,2019-08-19,CHOP,0.216
BTC,2019-08-20,UP,0.908
BTC,2019-08-21,CHOP,-0.395
BTC,2019-08-22,DN,-0.653
BTC,2019-08-23,CHOP,-0.085
BTC,2019-08-24,UP,0.681
BTC,2019-08-25,CHOP,-0.479
BTC,2019-08-26,CHOP,0.019
BTC,2019-08-27,CHOP,0.493
BTC,2019-08-28,DN,-0.555
BTC,2019-08-29,DN,-0.666
BTC,2019-08-30,DN,-0.551
BTC,2019-08-31,CHOP,0.247
BTC,2019-09-01,CHOP,0.018
BTC,2019-09-02,CHOP,0.439
BTC,2019-09-03,UP,0.836
BTC,2019-09-04,UP,0.549
BTC,2019-09-05,CHOP,-0.104
BTC,2019-09-06,CHOP,-0.003
BTC,2019-09-07,CHOP,-0.35
BTC,2019-09-08,UP,0.583
BTC,2019-09-09,CHOP,-0.194
BTC,2019-09-10,CHOP,-0.19
BTC,2019-09-11,CHOP,-0.473
BTC,2019-09-12,CHOP,0.146
BTC,2019-09-13,UP,0.627
BTC,2019-09-14,CHOP,-0.255
BTC,2019-09-15,CHOP,-0.046
BTC,2019-09-16,CHOP,-0.286
BTC,2019-09-17,CHOP,-0.188
BTC,2019-09-18,CHOP,-0.421
BTC,2019-09-19,CHOP,-0.193
BTC,2019-09-20,CHOP,0.131
BTC,2019-09-21,CHOP,-0.342
BTC,2019-09-22,DN,-0.656
BTC,2019-09-23,CHOP,0.186
BTC,2019-09-24,DN,-0.75
BTC,2019-09-25,DN,-0.606
BTC,2019-09-26,CHOP,-0.131
BTC,2019-09-27,DN,-0.512
BTC,2019-09-28,CHOP,0.277
BTC,2019-09-29,CHOP,0.068
BTC,2019-09-30,CHOP,-0.459
BTC,2019-10-01,CHOP,0.393
BTC,2019-10-02,CHOP,0.008
BTC,2019-10-03,CHOP,0.302
BTC,2019-10-04,CHOP,-0.409
BTC,2019-10-05,CHOP,-0.384
BTC,2019-10-06,CHOP,-0.064
BTC,2019-10-07,DN,-0.741
BTC,2019-10-08,UP,0.622
BTC,2019-10-09,CHOP,-0.095
BTC,2019-10-10,UP,0.703
BTC,2019-10-11,CHOP,-0.018
BTC,2019-10-12,DN,-0.528
BTC,2019-10-13,CHOP,0.281
BTC,2019-10-14,CHOP,-0.093
BTC,2019-10-15,CHOP,0.393
BTC,2019-10-16,DN,-0.599
BTC,2019-10-17,DN,-0.634
BTC,2019-10-18,CHOP,0.386
BTC,2019-10-19,CHOP,-0.414
BTC,2019-10-20,CHOP,0.005
BTC,2019-10-21,UP,0.64
BTC,2019-10-22,CHOP,-0.137
BTC,2019-10-23,DN,-0.595
BTC,2019-10-24,DN,-0.74
BTC,2019-10-25,CHOP,-0.338
BTC,2019-10-26,UP,0.864
BTC,2019-10-27,CHOP,0.302
BTC,2019-10-28,CHOP,0.416
BTC,2019-10-29,CHOP,-0.435
BTC,2019-10-30,CHOP,0.425
BTC,2019-10-31,DN,-0.619
BTC,2019-11-01,CHOP,-0.027
BTC,2019-11-02,CHOP,0.364
BTC,2019-11-03,CHOP,0.31
BTC,2019-11-04,CHOP,-0.321
BTC,2019-11-05,CHOP,0.495
BTC,2019-11-06,CHOP,-0.3
BTC,2019-11-07,CHOP,0.164
BTC,2019-11-08,CHOP,-0.449
BTC,2019-11-09,DN,-0.779
BTC,2019-11-10,CHOP,0.23
BTC,2019-11-11,UP,0.58
BTC,2019-11-12,DN,-0.677
BTC,2019-11-13,CHOP,0.276
BTC,2019-11-14,CHOP,-0.313
BTC,2019-11-15,DN,-0.602
BTC,2019-11-16,CHOP,-0.448
BTC,2019-11-17,CHOP,0.136
BTC,2019-11-18,CHOP,0.041
BTC,2019-11-19,DN,-0.712
BTC,2019-11-20,CHOP,-0.245
BTC,2019-11-21,CHOP,-0.159
BTC,2019-11-22,DN,-0.742
BTC,2019-11-23,CHOP,-0.375
BTC,2019-11-24,CHOP,0.164
BTC,2019-11-25,DN,-0.869
BTC,2019-11-26,CHOP,0.243
BTC,2019-11-27,CHOP,0.143
BTC,2019-11-28,CHOP,0.434
BTC,2019-11-29,CHOP,-0.312
BTC,2019-11-30,UP,0.659
BTC,2019-12-01,DN,-0.54
BTC,2019-12-02,CHOP,-0.451
BTC,2019-12-03,CHOP,-0.361
BTC,2019-12-04,CHOP,-0.011
BTC,2019-12-05,CHOP,-0.144
BTC,2019-12-06,UP,0.58
BTC,2019-12-07,CHOP,0.486
BTC,2019-12-08,CHOP,-0.265
BTC,2019-12-09,CHOP,0.121
BTC,2019-12-10,CHOP,-0.455
BTC,2019-12-11,CHOP,-0.457
BTC,2019-12-12,CHOP,-0.094
BTC,2019-12-13,CHOP,-0.056
BTC,2019-12-14,UP,0.513
BTC,2019-12-15,DN,-0.744
BTC,2019-12-16,CHOP,0.284
BTC,2019-12-17,DN,-0.726
BTC,2019-12-18,DN,-0.7
BTC,2019-12-19,UP,0.651
BTC,2019-12-20,CHOP,-0.373
BTC,2019-12-21,CHOP,0.26
BTC,2019-12-22,DN,-0.646
BTC,2019-12-23,UP,0.934
BTC,2019-12-24,CHOP,-0.427
BTC,2019-12-25,CHOP,-0.22
BTC,2019-12-26,CHOP,-0.358
BTC,2019-12-27,CHOP,-0.011
BTC,2019-12-28,CHOP,0.264
BTC,2019-12-29,CHOP,0.486
BTC,2019-12-30,CHOP,0.303
BTC,2019-12-31,DN,-0.757
BTC,2020-01-01,CHOP,-0.29
BTC,2020-01-02,CHOP,0.07
BTC,2020-01-03,DN,-0.817
BTC,2020-01-04,UP,0.711
BTC,2020-01-05,CHOP,0.069
BTC,2020-01-06,CHOP,0.026
BTC,2020-01-07,UP,0.893
BTC,2020-01-08,UP,0.798
BTC,2020-01-09,CHOP,-0.154
BTC,2020-01-10,DN,-0.774
BTC,2020-01-11,UP,0.72
BTC,2020-01-12,DN,-0.632
BTC,2020-01-13,UP,0.696
BTC,2020-01-14,DN,-0.533
BTC,2020-01-15,UP,0.903
BTC,2020-01-16,CHOP,0.019
BTC,2020-01-17,CHOP,-0.365
BTC,2020-01-18,UP,0.523
BTC,2020-01-19,CHOP,0.015
BTC,2020-01-20,CHOP,-0.291
BTC,2020-01-21,CHOP,-0.263
BTC,2020-01-22,CHOP,0.311
BTC,2020-01-23,CHOP,-0.235
BTC,2020-01-24,DN,-0.722
BTC,2020-01-25,CHOP,0.119
BTC,2020-01-26,DN,-0.501
BTC,2020-01-27,UP,0.848
BTC,2020-01-28,UP,0.63
BTC,2020-01-29,UP,0.868
BTC,2020-01-30,CHOP,-0.316
BTC,2020-01-31,UP,0.567
BTC,2020-02-01,CHOP,-0.495
BTC,2020-02-02,CHOP,0.179
BTC,2020-02-03,CHOP,-0.148
BTC,2020-02-04,CHOP,-0.102
BTC,2020-02-05,CHOP,-0.367
BTC,2020-02-06,UP,0.732
BTC,2020-02-07,CHOP,0.476
BTC,2020-02-08,CHOP,0.269
BTC,2020-02-09,CHOP,0.297
BTC,2020-02-10,UP,0.9
BTC,2020-02-11,DN,-0.694
BTC,2020-02-12,UP,0.595
BTC,2020-02-13,CHOP,0.456
BTC,2020-02-14,CHOP,-0.228
BTC,2020-02-15,CHOP,0.431
BTC,2020-02-16,DN,-0.766
BTC,2020-02-17,CHOP,0.031
BTC,2020-02-18,CHOP,-0.4
BTC,2020-02-19,UP,0.681
BTC,2020-02-20,DN,-0.634
BTC,2020-02-21,CHOP,0.006
BTC,2020-02-22,CHOP,0.389
BTC,2020-02-23,CHOP,-0.176
BTC,2020-02-24,UP,0.828
BTC,2020-02-25,DN,-0.543
BTC,2020-02-26,DN,-0.799
BTC,2020-02-27,DN,-0.714
BTC,2020-02-28,CHOP,0.084
BTC,2020-02-29,CHOP,-0.286
BTC,2020-03-01,DN,-0.627
BTC,2020-03-02,CHOP,0.024
BTC,2020-03-03,UP,0.823
BTC,2020-03-04,DN,-0.562
BTC,2020-03-05,CHOP,-0.049
BTC,2020-03-06,UP,0.736
BTC,2020-03-07,CHOP,0.419
BTC,2020-03-08,DN,-0.692
BTC,2020-03-09,DN,-0.961
BTC,2020-03-10,CHOP,-0.192
BTC,2020-03-11,CHOP,-0.084
BTC,2020-03-12,CHOP,0.102
BTC,2020-03-13,DN,-0.881
BTC,2020-03-14,CHOP,0.358
BTC,2020-03-15,DN,-0.69
BTC,2020-03-16,CHOP,0.223
BTC,2020-03-17,CHOP,-0.359
BTC,2020-03-18,CHOP,0.47
BTC,2020-03-19,CHOP,0.188
BTC,2020-03-20,UP,0.67
BTC,2020-03-21,CHOP,0.038
BTC,2020-03-22,CHOP,-0.029
BTC,2020-03-23,DN,-0.55
BTC,2020-03-24,UP,0.714
BTC,2020-03-25,UP,0.605
BTC,2020-03-26,CHOP,-0.132
BTC,2020-03-27,CHOP,0.222
BTC,2020-03-28,DN,-0.65
BTC,2020-03-29,CHOP,-0.364
BTC,2020-03-30,DN,-0.889
BTC,2020-03-31,UP,0.693
BTC,2020-04-01,CHOP,0.079
BTC,2020-04-02,CHOP,0.436
BTC,2020-04-03,CHOP,0.233
BTC,2020-04-04,CHOP,-0.134
BTC,2020-04-05,CHOP,0.364
BTC,2020-04-06,CHOP,-0.388
BTC,2020-04-07,UP,0.944
BTC,2020-04-08,CHOP,-0.346
BTC,2020-04-09,UP,0.607
BTC,2020-04-10,CHOP,-0.291
BTC,2020-04-11,DN,-0.764
BTC,2020-04-12,CHOP,0.097
BTC,2020-04-13,CHOP,0.068
BTC,2020-04-14,CHOP,-0.2
BTC,2020-04-15,CHOP,0.137
BTC,2020-04-16,DN,-0.754
BTC,2020-04-17,UP,0.666
BTC,2020-04-18,CHOP,-0.425
BTC,2020-04-19,UP,0.796
BTC,2020-04-20,DN,-0.607
BTC,2020-04-21,DN,-0.628
BTC,2020-04-22,CHOP,0.07
BTC,2020-04-23,UP,0.839
BTC,2020-04-24,CHOP,0.498
BTC,2020-04-25,CHOP,0.092
BTC,2020-04-26,CHOP,0.123
BTC,2020-04-27,UP,0.7
BTC,2020-04-28,CHOP,0.438
BTC,2020-04-29,CHOP,-0.286
BTC,2020-04-30,UP,0.837
BTC,2020-05-01,CHOP,-0.15
BTC,2020-05-02,CHOP,0.464
BTC,2020-05-03,UP,0.57
BTC,2020-05-04,CHOP,-0.161
BTC,2020-05-05,CHOP,-0.052
BTC,2020-05-06,CHOP,0.418
BTC,2020-05-07,CHOP,0.249
BTC,2020-05-08,UP,0.806
BTC,2020-05-09,DN,-0.563
BTC,2020-05-10,DN,-0.661
BTC,2020-05-11,DN,-0.56
BTC,2020-05-12,CHOP,-0.167
BTC,2020-05-13,UP,0.553
BTC,2020-05-14,UP,0.824
BTC,2020-05-15,UP,0.707
BTC,2020-05-16,DN,-0.684
BTC,2020-05-17,CHOP,0.177
BTC,2020-05-18,UP,0.529
BTC,2020-05-19,CHOP,0.109
BTC,2020-05-20,CHOP,0.098
BTC,2020-05-21,DN,-0.511
BTC,2020-05-22,DN,-0.58
BTC,2020-05-23,CHOP,0.304
BTC,2020-05-24,CHOP,0.038
BTC,2020-05-25,DN,-0.767
BTC,2020-05-26,UP,0.541
BTC,2020-05-27,CHOP,-0.186
BTC,2020-05-28,UP,0.879
BTC,2020-05-29,UP,0.721
BTC,2020-05-30,DN,-0.541
BTC,2020-05-31,UP,0.663
BTC,2020-06-01,DN,-0.783
BTC,2020-06-02,UP,0.785
BTC,2020-06-03,DN,-0.711
BTC,2020-06-04,CHOP,0.456
BTC,2020-06-05,CHOP,0.284
BTC,2020-06-06,DN,-0.61
BTC,2020-06-07,CHOP,0.221
BTC,2020-06-08,CHOP,0.187
BTC,2020-06-09,CHOP,0.21
BTC,2020-06-10,CHOP,-0.031
BTC,2020-06-11,CHOP,0.39
BTC,2020-06-12,DN,-0.711
BTC,2020-06-13,UP,0.574
BTC,2020-06-14,CHOP,0.058
BTC,2020-06-15,DN,-0.556
BTC,2020-06-16,CHOP,0.144
BTC,2020-06-17,CHOP,0.461
BTC,2020-06-18,CHOP,-0.188
BTC,2020-06-19,CHOP,-0.377
BTC,2020-06-20,CHOP,-0.342
BTC,2020-06-21,CHOP,0.217
BTC,2020-06-22,CHOP,-0.457
BTC,2020-06-23,UP,0.777
BTC,2020-06-24,CHOP,-0.425
BTC,2020-06-25,DN,-0.71
BTC,2020-06-26,CHOP,-0.148
BTC,2020-06-27,CHOP,-0.346
BTC,2020-06-28,CHOP,-0.414
BTC,2020-06-29,CHOP,0.43
BTC,2020-06-30,CHOP,0.358
BTC,2020-07-01,CHOP,-0.388
BTC,2020-07-02,CHOP,0.443
BTC,2020-07-03,CHOP,-0.452
BTC,2020-07-04,CHOP,-0.323
BTC,2020-07-05,UP,0.518
BTC,2020-07-06,CHOP,-0.26
BTC,2020-07-07,UP,0.861
BTC,2020-07-08,CHOP,-0.482
BTC,2020-07-09,UP,0.748
BTC,2020-07-10,DN,-0.725
BTC,2020-07-11,CHOP,0.291
BTC,2020-07-12,CHOP,-0.449
BTC,2020-07-13,CHOP,0.367
BTC,2020-07-14,CHOP,-0.425
BTC,2020-07-15,CHOP,0.08
BTC,2020-07-16,DN,-0.503
BTC,2020-07-17,CHOP,-0.357
BTC,2020-07-18,CHOP,0.212
BTC,2020-07-19,CHOP,0.163
BTC,2020-07-20,CHOP,0.296
BTC,2020-07-21,DN,-0.533
BTC,2020-07-22,UP,0.804
BTC,2020-07-23,CHOP,0.453
BTC,2020-07-24,CHOP,0.381
BTC,2020-07-25,CHOP,-0.377
BTC,2020-07-26,UP,0.738
BTC,2020-07-27,UP,0.501
BTC,2020-07-28,UP,0.743
BTC,2020-07-29,CHOP,-0.183
BTC,2020-07-30,CHOP,0.366
BTC,2020-07-31,CHOP,-0.003
BTC,2020-08-01,CHOP,0.487
BTC,2020-08-02,UP,0.727
BTC,2020-08-03,CHOP,-0.455
BTC,2020-08-04,CHOP,0.276
BTC,2020-08-05,CHOP,-0.067
BTC,2020-08-06,UP,0.804
BTC,2020-08-07,CHOP,0.052
BTC,2020-08-08,CHOP,-0.286
BTC,2020-08-09,UP,0.564
BTC,2020-08-10,CHOP,-0.288
BTC,2020-08-11,CHOP,0.342
BTC,2020-08-12,DN,-0.618
BTC,2020-08-13,CHOP,0.368
BTC,2020-08-14,CHOP,0.413
BTC,2020-08-15,CHOP,-0.089
BTC,2020-08-16,CHOP,0.306
BTC,2020-08-17,CHOP,0.238
BTC,2020-08-18,UP,0.53
BTC,2020-08-19,DN,-0.59
BTC,2020-08-20,CHOP,-0.415
BTC,2020-08-21,CHOP,0.451
BTC,2020-08-22,DN,-0.822
BTC,2020-08-23,CHOP,0.426
BTC,2020-08-24,CHOP,-0.075
BTC,2020-08-25,CHOP,0.417
BTC,2020-08-26,DN,-0.661
BTC,2020-08-27,CHOP,0.484
BTC,2020-08-28,CHOP,-0.28
BTC,2020-08-29,UP,0.74
BTC,2020-08-30,CHOP,-0.375
BTC,2020-08-31,UP,0.94
BTC,2020-09-01,CHOP,-0.267
BTC,2020-09-02,UP,0.508
BTC,2020-09-03,DN,-0.671
BTC,2020-09-04,DN,-0.831
BTC,2020-09-05,CHOP,0.41
BTC,2020-09-06,CHOP,-0.377
BTC,2020-09-07,CHOP,0.254
BTC,2020-09-08,CHOP,0.219
BTC,2020-09-09,CHOP,-0.42
BTC,2020-09-10,CHOP,0.256
BTC,2020-09-11,CHOP,0.285
BTC,2020-09-12,CHOP,0.258
BTC,2020-09-13,CHOP,0.254
BTC,2020-09-14,CHOP,-0.284
BTC,2020-09-15,UP,0.63
BTC,2020-09-16,CHOP,0.351
BTC,2020-09-17,CHOP,0.391
BTC,2020-09-18,CHOP,-0.047
BTC,2020-09-19,CHOP,-0.029
BTC,2020-09-20,UP,0.504
BTC,2020-09-21,CHOP,-0.448
BTC,2020-09-22,DN,-0.726
BTC,2020-09-23,UP,0.512
BTC,2020-09-24,DN,-0.72
BTC,2020-09-25,UP,0.819
BTC,2020-09-26,CHOP,-0.243
BTC,2020-09-27,CHOP,0.238
BTC,2020-09-28,CHOP,0.224
BTC,2020-09-29,CHOP,-0.241
BTC,2020-09-30,UP,0.623
BTC,2020-10-01,CHOP,-0.347
BTC,2020-10-02,CHOP,-0.326
BTC,2020-10-03,CHOP,-0.168
BTC,2020-10-04,CHOP,-0.265
BTC,2020-10-05,UP,0.696
BTC,2020-10-06,UP,0.689
BTC,2020-10-07,DN,-0.7
BTC,2020-10-08,CHOP,0.492
BTC,2020-10-09,UP,0.618
BTC,2020-10-10,CHOP,0.454
BTC,2020-10-11,UP,0.551
BTC,2020-10-12,CHOP,0.338
BTC,2020-10-13,CHOP,0.291
BTC,2020-10-14,CHOP,-0.419
BTC,2020-10-15,CHOP,-0.01
BTC,2020-10-16,CHOP,0.238
BTC,2020-10-17,DN,-0.545
BTC,2020-10-18,CHOP,0.278
BTC,2020-10-19,UP,0.9
BTC,2020-10-20,UP,0.597
BTC,2020-10-21,CHOP,0.439
BTC,2020-10-22,UP,0.654
BTC,2020-10-23,CHOP,0.37
BTC,2020-10-24,CHOP,-0.149
BTC,2020-10-25,UP,0.636
BTC,2020-10-26,CHOP,-0.179
BTC,2020-10-27,CHOP,0.048
BTC,2020-10-28,UP,0.759
BTC,2020-10-29,CHOP,-0.381
BTC,2020-10-30,CHOP,0.262
BTC,2020-10-31,CHOP,0.188
BTC,2020-11-01,CHOP,0.335
BTC,2020-11-02,CHOP,-0.101
BTC,2020-11-03,CHOP,-0.334
BTC,2020-11-04,UP,0.607
BTC,2020-11-05,CHOP,0.164
BTC,2020-11-06,UP,0.873
BTC,2020-11-07,CHOP,-0.013
BTC,2020-11-08,DN,-0.54
BTC,2020-11-09,UP,0.694
BTC,2020-11-10,CHOP,-0.142
BTC,2020-11-11,CHOP,-0.081
BTC,2020-11-12,UP,0.559
BTC,2020-11-13,UP,0.675
BTC,2020-11-14,CHOP,0.055
BTC,2020-11-15,CHOP,-0.38
BTC,2020-11-16,CHOP,-0.278
BTC,2020-11-17,UP,0.745
BTC,2020-11-18,UP,0.716
BTC,2020-11-19,CHOP,0.092
BTC,2020-11-20,CHOP,0.03
BTC,2020-11-21,UP,0.793
BTC,2020-11-22,CHOP,0.073
BTC,2020-11-23,CHOP,-0.254
BTC,2020-11-24,CHOP,-0.06
BTC,2020-11-25,UP,0.565
BTC,2020-11-26,CHOP,-0.448
BTC,2020-11-27,DN,-0.575
BTC,2020-11-28,CHOP,-0.01
BTC,2020-11-29,UP,0.572
BTC,2020-11-30,UP,0.552
BTC,2020-12-01,UP,0.9
BTC,2020-12-02,CHOP,-0.493
BTC,2020-12-03,CHOP,0.434
BTC,2020-12-04,CHOP,0.298
BTC,2020-12-05,DN,-0.803
BTC,2020-12-06,UP,0.734
BTC,2020-12-07,CHOP,0.376
BTC,2020-12-08,CHOP,-0.37
BTC,2020-12-09,DN,-0.77
BTC,2020-12-10,CHOP,0.219
BTC,2020-12-11,CHOP,-0.444
BTC,2020-12-12,CHOP,-0.303
BTC,2020-12-13,UP,0.832
BTC,2020-12-14,UP,0.523
BTC,2020-12-15,CHOP,0.281
BTC,2020-12-16,CHOP,0.294
BTC,2020-12-17,UP,0.837
BTC,2020-12-18,UP,0.569
BTC,2020-12-19,CHOP,0.332
BTC,2020-12-20,UP,0.502
BTC,2020-12-21,CHOP,-0.296
BTC,2020-12-22,CHOP,-0.322
BTC,2020-12-23,UP,0.735
BTC,2020-12-24,CHOP,-0.385
BTC,2020-12-25,CHOP,0.455
BTC,2020-12-26,UP,0.725
BTC,2020-12-27,UP,0.752
BTC,2020-12-28,CHOP,-0.078
BTC,2020-12-29,UP,0.57
BTC,2020-12-30,CHOP,0.2
BTC,2020-12-31,UP,0.889
BTC,2021-01-01,CHOP,0.033
BTC,2021-01-02,CHOP,0.418
BTC,2021-01-03,UP,0.654
BTC,2021-01-04,CHOP,0.293
BTC,2021-01-05,CHOP,-0.185
BTC,2021-01-06,CHOP,0.439
BTC,2021-01-07,UP,0.772
BTC,2021-01-08,UP,0.655
BTC,2021-01-09,CHOP,0.211
BTC,2021-01-10,CHOP,-0.187
BTC,2021-01-11,CHOP,-0.311
BTC,2021-01-12,CHOP,-0.35
BTC,2021-01-13,CHOP,-0.332
BTC,2021-01-14,UP,0.607
BTC,2021-01-15,UP,0.522
BTC,2021-01-16,CHOP,-0.45
BTC,2021-01-17,CHOP,-0.286
BTC,2021-01-18,CHOP,-0.055
BTC,2021-01-19,CHOP,0.302
BTC,2021-01-20,CHOP,-0.364
BTC,2021-01-21,CHOP,-0.144
BTC,2021-01-22,DN,-0.835
BTC,2021-01-23,CHOP,0.421
BTC,2021-01-24,CHOP,-0.422
BTC,2021-01-25,CHOP,0.084
BTC,2021-01-26,CHOP,-0.002
BTC,2021-01-27,CHOP,0.102
BTC,2021-01-28,DN,-0.633
BTC,2021-01-29,UP,0.762
BTC,2021-01-30,CHOP,0.134
BTC,2021-01-31,CHOP,0.008
BTC,2021-02-01,DN,-0.539
BTC,2021-02-02,CHOP,0.179
BTC,2021-02-03,UP,0.76
BTC,2021-02-04,UP,0.933
BTC,2021-02-05,CHOP,-0.268
BTC,2021-02-06,UP,0.778
BTC,2021-02-07,CHOP,0.328
BTC,2021-02-08,CHOP,-0.164
BTC,2021-02-09,UP,0.861
BTC,2021-02-10,CHOP,0.014
BTC,2021-02-11,CHOP,-0.45
BTC,2021-02-12,UP,0.675
BTC,2021-02-13,CHOP,-0.238
BTC,2021-02-14,CHOP,-0.074
BTC,2021-02-15,UP,0.528
BTC,2021-02-16,CHOP,-0.195
BTC,2021-02-17,CHOP,0.332
BTC,2021-02-18,UP,0.813
BTC,2021-02-19,CHOP,-0.347
BTC,2021-02-20,UP,0.769
BTC,2021-02-21,CHOP,-0.017
BTC,2021-02-22,UP,0.545
BTC,2021-02-23,CHOP,-0.336
BTC,2021-02-24,DN,-0.559
BTC,2021-02-25,CHOP,0.179
BTC,2021-02-26,CHOP,-0.485
BTC,2021-02-27,CHOP,-0.185
BTC,2021-02-28,CHOP,-0.05
BTC,2021-03-01,CHOP,-0.266
BTC,2021-03-02,UP,0.92
BTC,2021-03-03,CHOP,-0.366
BTC,2021-03-04,CHOP,0.421
BTC,2021-03-05,CHOP,-0.462
BTC,2021-03-06,CHOP,0.12
BTC,2021-03-07,CHOP,0.064
BTC,2021-03-08,UP,0.814
BTC,2021-03-09,CHOP,0.453
BTC,2021-03-10,UP,0.808
BTC,2021-03-11,CHOP,0.223
BTC,2021-03-12,CHOP,0.496
BTC,2021-03-13,CHOP,-0.177
BTC,2021-03-14,UP,0.688
BTC,2021-03-15,DN,-0.805
BTC,2021-03-16,DN,-0.559
BTC,2021-03-17,CHOP,0.353
BTC,2021-03-18,CHOP,0.415
BTC,2021-03-19,CHOP,-0.407
BTC,2021-03-20,CHOP,0.122
BTC,2021-03-21,CHOP,0.035
BTC,2021-03-22,CHOP,-0.238
BTC,2021-03-23,DN,-0.684
BTC,2021-03-24,CHOP,0.091
BTC,2021-03-25,CHOP,-0.371
BTC,2021-03-26,CHOP,-0.353
BTC,2021-03-27,UP,0.967
BTC,2021-03-28,CHOP,0.288
BTC,2021-03-29,CHOP,-0.021
BTC,2021-03-30,UP,0.515
BTC,2021-03-31,CHOP,0.484
BTC,2021-04-01,CHOP,-0.002
BTC,2021-04-02,CHOP,-0.012
BTC,2021-04-03,CHOP,0.13
BTC,2021-04-04,DN,-0.652
BTC,2021-04-05,UP,0.546
BTC,2021-04-06,CHOP,0.372
BTC,2021-04-07,DN,-0.547
BTC,2021-04-08,DN,-0.64
BTC,2021-04-09,UP,0.866
BTC,2021-04-10,CHOP,0.052
BTC,2021-04-11,CHOP,0.452
BTC,2021-04-12,CHOP,0.159
BTC,2021-04-13,CHOP,-0.071
BTC,2021-04-14,UP,0.935
BTC,2021-04-15,CHOP,-0.173
BTC,2021-04-16,CHOP,0.113
BTC,2021-04-17,DN,-0.518
BTC,2021-04-18,CHOP,-0.454
BTC,2021-04-19,CHOP,-0.403
BTC,2021-04-20,CHOP,-0.156
BTC,2021-04-21,CHOP,0.211
BTC,2021-04-22,DN,-0.819
BTC,2021-04-23,CHOP,-0.418
BTC,2021-04-24,CHOP,-0.122
BTC,2021-04-25,CHOP,-0.424
BTC,2021-04-26,CHOP,-0.27
BTC,2021-04-27,UP,0.881
BTC,2021-04-28,CHOP,0.452
BTC,2021-04-29,CHOP,-0.063
BTC,2021-04-30,CHOP,-0.451
BTC,2021-05-01,UP,0.836
BTC,2021-05-02,CHOP,0.069
BTC,2021-05-03,DN,-0.65
BTC,2021-05-04,CHOP,0.232
BTC,2021-05-05,DN,-0.956
BTC,2021-05-06,UP,0.818
BTC,2021-05-07,CHOP,-0.33
BTC,2021-05-08,CHOP,0.27
BTC,2021-05-09,UP,0.595
BTC,2021-05-10,CHOP,-0.204
BTC,2021-05-11,CHOP,-0.397
BTC,2021-05-12,CHOP,0.343
BTC,2021-05-13,DN,-0.749
BTC,2021-05-14,CHOP,0.025
BTC,2021-05-15,CHOP,0.063
BTC,2021-05-16,DN,-0.743
BTC,2021-05-17,CHOP,-0.056
BTC,2021-05-18,DN,-0.617
BTC,2021-05-19,CHOP,-0.194
BTC,2021-05-20,CHOP,-0.453
BTC,2021-05-21,UP,0.507
BTC,2021-05-22,CHOP,-0.376
BTC,2021-05-23,CHOP,0.051
BTC,2021-05-24,CHOP,-0.392
BTC,2021-05-25,UP,0.699
BTC,2021-05-26,CHOP,-0.144
BTC,2021-05-27,CHOP,0.302
BTC,2021-05-28,CHOP,-0.217
BTC,2021-05-29,DN,-0.684
BTC,2021-05-30,CHOP,-0.285
BTC,2021-05-31,CHOP,0.333
BTC,2021-06-01,CHOP,0.482
BTC,2021-06-02,CHOP,-0.252
BTC,2021-06-03,CHOP,0.379
BTC,2021-06-04,UP,0.728
BTC,2021-06-05,DN,-0.648
BTC,2021-06-06,CHOP,-0.421
BTC,2021-06-07,CHOP,0.223
BTC,2021-06-08,DN,-0.623
BTC,2021-06-09,CHOP,-0.057
BTC,2021-06-10,UP,0.78
BTC,2021-06-11,CHOP,-0.263
BTC,2021-06-12,CHOP,0.375
BTC,2021-06-13,DN,-0.624
BTC,2021-06-14,UP,0.752
BTC,2021-06-15,UP,0.641
BTC,2021-06-16,CHOP,-0.204
BTC,2021-06-17,DN,-0.744
BTC,2021-06-18,CHOP,-0.117
BTC,2021-06-19,DN,-0.74
BTC,2021-06-20,CHOP,-0.204
BTC,2021-06-21,CHOP,0.042
BTC,2021-06-22,DN,-0.887
BTC,2021-06-23,CHOP,0.199
BTC,2021-06-24,CHOP,0.365
BTC,2021-06-25,CHOP,0.328
BTC,2021-06-26,DN,-0.729
BTC,2021-06-27,CHOP,0.274
BTC,2021-06-28,UP,0.871
BTC,2021-06-29,CHOP,-0.145
BTC,2021-06-30,UP,0.597
BTC,2021-07-01,CHOP,-0.416
BTC,2021-07-02,DN,-0.656
BTC,2021-07-03,CHOP,0.222
BTC,2021-07-04,UP,0.542
BTC,2021-07-05,CHOP,0.383
BTC,2021-07-06,DN,-0.737
BTC,2021-07-07,CHOP,0.334
BTC,2021-07-08,CHOP,-0.279
BTC,2021-07-09,DN,-0.532
BTC,2021-07-10,UP,0.511
BTC,2021-07-11,CHOP,-0.249
BTC,2021-07-12,UP,0.556
BTC,2021-07-13,DN,-0.58
BTC,2021-07-14,CHOP,-0.314
BTC,2021-07-15,CHOP,0.058
BTC,2021-07-16,CHOP,-0.458
BTC,2021-07-17,CHOP,-0.399
BTC,2021-07-18,CHOP,0.172
BTC,2021-07-19,CHOP,0.195
BTC,2021-07-20,DN,-0.629
BTC,2021-07-21,DN,-0.588
BTC,2021-07-22,UP,0.697
BTC,2021-07-23,CHOP,0.162
BTC,2021-07-24,UP,0.78
BTC,2021-07-25,UP,0.568
BTC,2021-07-26,UP,0.724
BTC,2021-07-27,CHOP,0.347
BTC,2021-07-28,UP,0.702
BTC,2021-07-29,CHOP,0.265
BTC,2021-07-30,CHOP,-0.002
BTC,2021-07-31,UP,0.546
BTC,2021-08-01,DN,-0.514
BTC,2021-08-02,DN,-0.509
BTC,2021-08-03,CHOP,-0.392
BTC,2021-08-04,CHOP,-0.44
BTC,2021-08-05,UP,0.616
BTC,2021-08-06,CHOP,0.284
BTC,2021-08-07,UP,0.558
BTC,2021-08-08,UP,0.77
BTC,2021-08-09,CHOP,-0.38
BTC,2021-08-10,UP,0.669
BTC,2021-08-11,CHOP,-0.315
BTC,2021-08-12,CHOP,-0.053
BTC,2021-08-13,CHOP,-0.454
BTC,2021-08-14,UP,0.927
BTC,2021-08-15,CHOP,-0.337
BTC,2021-08-16,CHOP,-0.051
BTC,2021-08-17,CHOP,-0.448
BTC,2021-08-18,CHOP,-0.433
BTC,2021-08-19,CHOP,0.005
BTC,2021-08-20,UP,0.664
BTC,2021-08-21,UP,0.928
BTC,2021-08-22,CHOP,-0.326
BTC,2021-08-23,CHOP,0.288
BTC,2021-08-24,CHOP,0.17
BTC,2021-08-25,DN,-0.803
BTC,2021-08-26,UP,0.608
BTC,2021-08-27,DN,-0.686
BTC,2021-08-28,UP,0.794
BTC,2021-08-29,CHOP,-0.183
BTC,2021-08-30,CHOP,-0.068
BTC,2021-08-31,DN,-0.877
BTC,2021-09-01,CHOP,0.076
BTC,2021-09-02,UP,0.647
BTC,2021-09-03,CHOP,0.234
BTC,2021-09-04,CHOP,0.28
BTC,2021-09-05,CHOP,-0.071
BTC,2021-09-06,UP,0.751
BTC,2021-09-07,UP,0.501
BTC,2021-09-08,DN,-0.576
BTC,2021-09-09,CHOP,-0.28
BTC,2021-09-10,CHOP,0.184
BTC,2021-09-11,DN,-0.532
BTC,2021-09-12,CHOP,0.262
BTC,2021-09-13,CHOP,0.496
BTC,2021-09-14,CHOP,-0.309
BTC,2021-09-15,UP,0.817
BTC,2021-09-16,UP,0.56
BTC,2021-09-17,CHOP,-0.25
BTC,2021-09-18,CHOP,-0.302
BTC,2021-09-19,UP,0.549
BTC,2021-09-20,DN,-0.681
BTC,2021-09-21,DN,-0.872
BTC,2021-09-22,DN,-0.565
BTC,2021-09-23,UP,0.818
BTC,2021-09-24,UP,0.691
BTC,2021-09-25,CHOP,-0.454
BTC,2021-09-26,CHOP,-0.106
BTC,2021-09-27,CHOP,0.153
BTC,2021-09-28,CHOP,-0.45
BTC,2021-09-29,DN,-0.59
BTC,2021-09-30,CHOP,0.272
BTC,2021-10-01,UP,0.842
BTC,2021-10-02,UP,0.829
BTC,2021-10-03,DN,-0.559
BTC,2021-10-04,CHOP,0.264
BTC,2021-10-05,CHOP,0.387
BTC,2021-10-06,UP,0.785
BTC,2021-10-07,UP,0.716
BTC,2021-10-08,DN,-0.774
BTC,2021-10-09,CHOP,0.067
BTC,2021-10-10,UP,0.544
BTC,2021-10-11,CHOP,-0.117
BTC,2021-10-12,UP,0.821
BTC,2021-10-13,CHOP,-0.388
BTC,2021-10-14,CHOP,0.38
BTC,2021-10-15,CHOP,-0.013
BTC,2021-10-16,UP,0.711
BTC,2021-10-17,CHOP,-0.358
BTC,2021-10-18,CHOP,0.237
BTC,2021-10-19,CHOP,0.169
BTC,2021-10-20,UP,0.719
BTC,2021-10-21,CHOP,0.489
BTC,2021-10-22,DN,-0.821
BTC,2021-10-23,CHOP,-0.403
BTC,2021-10-24,CHOP,0.274
BTC,2021-10-25,CHOP,-0.218
BTC,2021-10-26,UP,0.727
BTC,2021-10-27,DN,-0.791
BTC,2021-10-28,DN,-0.548
BTC,2021-10-29,CHOP,0.462
BTC,2021-10-30,UP,0.598
BTC,2021-10-31,CHOP,-0.234
BTC,2021-11-01,CHOP,-0.227
BTC,2021-11-02,CHOP,-0.128
BTC,2021-11-03,UP,0.633
BTC,2021-11-04,CHOP,-0.104
BTC,2021-11-05,DN,-0.623
BTC,2021-11-06,CHOP,-0.244
BTC,2021-11-07,CHOP,0.351
BTC,2021-11-08,UP,0.918
BTC,2021-11-09,UP,0.942
BTC,2021-11-10,CHOP,-0.251
BTC,2021-11-11,CHOP,-0.334
BTC,2021-11-12,CHOP,-0.072
BTC,2021-11-13,CHOP,-0.206
BTC,2021-11-14,CHOP,0.157
BTC,2021-11-15,UP,0.577
BTC,2021-11-16,DN,-0.637
BTC,2021-11-17,DN,-0.703
BTC,2021-11-18,CHOP,0.116
BTC,2021-11-19,DN,-0.767
BTC,2021-11-20,CHOP,0.427
BTC,2021-11-21,UP,0.662
BTC,2021-11-22,DN,-0.703
BTC,2021-11-23,DN,-0.618
BTC,2021-11-24,CHOP,0.482
BTC,2021-11-25,CHOP,-0.212
BTC,2021-11-26,UP,0.76
BTC,2021-11-27,DN,-0.926
BTC,2021-11-28,UP,0.597
BTC,2021-11-29,UP,0.611
BTC,2021-11-30,CHOP,0.228
BTC,2021-12-01,CHOP,-0.25
BTC,2021-12-02,CHOP,0.09
BTC,2021-12-03,CHOP,-0.44
BTC,2021-12-04,CHOP,-0.487
BTC,2021-12-05,CHOP,-0.375
BTC,2021-12-06,CHOP,0.124
BTC,2021-12-07,CHOP,0.276
BTC,2021-12-08,CHOP,0.078
BTC,2021-12-09,CHOP,-0.045
BTC,2021-12-10,DN,-0.841
BTC,2021-12-11,CHOP,-0.121
BTC,2021-12-12,UP,0.823
BTC,2021-12-13,CHOP,0.31
BTC,2021-12-14,DN,-0.742
BTC,2021-12-15,UP,0.681
BTC,2021-12-16,CHOP,0.179
BTC,2021-12-17,DN,-0.64
BTC,2021-12-18,DN,-0.591
BTC,2021-12-19,CHOP,0.37
BTC,2021-12-20,CHOP,-0.081
BTC,2021-12-21,CHOP,0.118
BTC,2021-12-22,UP,0.732
BTC,2021-12-23,CHOP,-0.259
BTC,2021-12-24,UP,0.651
BTC,2021-12-25,CHOP,-0.013
BTC,2021-12-26,CHOP,-0.415
BTC,2021-12-27,CHOP,0.201
BTC,2021-12-28,CHOP,-0.045
BTC,2021-12-29,DN,-0.931
BTC,2021-12-30,DN,-0.528
BTC,2021-12-31,CHOP,0.328
BTC,2022-01-01,CHOP,-0.315
BTC,2022-01-02,UP,0.862
BTC,2022-01-03,CHOP,-0.327
BTC,2022-01-04,CHOP,-0.448
BTC,2022-01-05,CHOP,-0.298
BTC,2022-01-06,DN,-0.521
BTC,2022-01-07,CHOP,-0.266
BTC,2022-01-08,DN,-0.598
BTC,2022-01-09,CHOP,0.063
BTC,2022-01-10,CHOP,0.117
BTC,2022-01-11,CHOP,-0.016
BTC,2022-01-12,CHOP,0.495
BTC,2022-01-13,UP,0.627
BTC,2022-01-14,DN,-0.613
BTC,2022-01-15,CHOP,0.291
BTC,2022-01-16,CHOP,0.02
BTC,2022-01-17,CHOP,-0.014
BTC,2022-01-18,DN,-0.532
BTC,2022-01-19,CHOP,0.104
BTC,2022-01-20,CHOP,-0.487
BTC,2022-01-21,CHOP,-0.332
BTC,2022-01-22,DN,-0.748
BTC,2022-01-23,CHOP,-0.486
BTC,2022-01-24,UP,0.618
BTC,2022-01-25,CHOP,0.09
BTC,2022-01-26,CHOP,0.162
BTC,2022-01-27,CHOP,-0.055
BTC,2022-01-28,CHOP,0.204
BTC,2022-01-29,CHOP,0.302
BTC,2022-01-30,CHOP,0.31
BTC,2022-01-31,CHOP,-0.283
BTC,2022-02-01,CHOP,0.277
BTC,2022-02-02,CHOP,0.18
BTC,2022-02-03,DN,-0.793
BTC,2022-02-04,CHOP,0.365
BTC,2022-02-05,UP,0.898
BTC,2022-02-06,CHOP,-0.177
BTC,2022-02-07,UP,0.648
BTC,2022-02-08,UP,0.511
BTC,2022-02-09,CHOP,0.072
BTC,2022-02-10,CHOP,0.196
BTC,2022-02-11,CHOP,-0.331
BTC,2022-02-12,DN,-0.566
BTC,2022-02-13,CHOP,-0.112
BTC,2022-02-14,CHOP,-0.185
BTC,2022-02-15,CHOP,0.373
BTC,2022-02-16,UP,0.864
BTC,2022-02-17,DN,-0.54
BTC,2022-02-18,DN,-0.821
BTC,2022-02-19,CHOP,-0.358
BTC,2022-02-20,CHOP,0.13
BTC,2022-02-21,DN,-0.796
BTC,2022-02-22,DN,-0.512
BTC,2022-02-23,UP,0.588
BTC,2022-02-24,CHOP,-0.443
BTC,2022-02-25,CHOP,0.195
BTC,2022-02-26,UP,0.533
BTC,2022-02-27,CHOP,-0.058
BTC,2022-02-28,CHOP,-0.496
BTC,2022-03-01,UP,0.806
BTC,2022-03-02,UP,0.59
BTC,2022-03-03,CHOP,-0.256
BTC,2022-03-04,DN,-0.634
BTC,2022-03-05,DN,-0.831
BTC,2022-03-06,CHOP,0.207
BTC,2022-03-07,DN,-0.609
BTC,2022-03-08,CHOP,-0.181
BTC,2022-03-09,CHOP,0.497
BTC,2022-03-10,UP,0.815
BTC,2022-03-11,DN,-0.72
BTC,2022-03-12,CHOP,-0.344
BTC,2022-03-13,CHOP,0.094
BTC,2022-03-14,DN,-0.595
BTC,2022-03-15,UP,0.792
BTC,2022-03-16,CHOP,-0.219
BTC,2022-03-17,UP,0.635
BTC,2022-03-18,CHOP,-0.2
BTC,2022-03-19,CHOP,0.383
BTC,2022-03-20,CHOP,0.493
BTC,2022-03-21,DN,-0.678
BTC,2022-03-22,CHOP,-0.241
BTC,2022-03-23,UP,0.548
BTC,2022-03-24,CHOP,0.407
BTC,2022-03-25,UP,0.668
BTC,2022-03-26,CHOP,0.212
BTC,2022-03-27,CHOP,0.275
BTC,2022-03-28,UP,0.899
BTC,2022-03-29,CHOP,0.193
BTC,2022-03-30,CHOP,0.273
BTC,2022-03-31,CHOP,-0.292
BTC,2022-04-01,DN,-0.649
BTC,2022-04-02,CHOP,0.307
BTC,2022-04-03,CHOP,-0.297
BTC,2022-04-04,CHOP,0.312
BTC,2022-04-05,CHOP,0.098
BTC,2022-04-06,DN,-0.587
BTC,2022-04-07,DN,-0.975
BTC,2022-04-08,CHOP,0.233
BTC,2022-04-09,DN,-0.64
BTC,2022-04-10,UP,0.744
BTC,2022-04-11,CHOP,-0.386
BTC,2022-04-12,DN,-0.818
BTC,2022-04-13,CHOP,0.377
BTC,2022-04-14,UP,0.544
BTC,2022-04-15,DN,-0.619
BTC,2022-04-16,UP,0.552
BTC,2022-04-17,CHOP,-0.241
BTC,2022-04-18,DN,-0.668
BTC,2022-04-19,CHOP,0.435
BTC,2022-04-20,UP,0.582
BTC,2022-04-21,CHOP,-0.098
BTC,2022-04-22,CHOP,-0.272
BTC,2022-04-23,CHOP,-0.476
BTC,2022-04-24,CHOP,-0.385
BTC,2022-04-25,CHOP,0.008
BTC,2022-04-26,CHOP,0.404
BTC,2022-04-27,DN,-0.747
BTC,2022-04-28,UP,0.705
BTC,2022-04-29,CHOP,0.34
BTC,2022-04-30,DN,-0.655
BTC,2022-05-01,DN,-0.793
BTC,2022-05-02,UP,0.65
BTC,2022-05-03,CHOP,0.051
BTC,2022-05-04,DN,-0.702
BTC,2022-05-05,UP,0.833
BTC,2022-05-06,DN,-0.734
BTC,2022-05-07,CHOP,-0.38
BTC,2022-05-08,CHOP,-0.398
BTC,2022-05-09,DN,-0.797
BTC,2022-05-10,DN,-0.941
BTC,2022-05-11,CHOP,0.322
BTC,2022-05-12,CHOP,-0.437
BTC,2022-05-13,CHOP,-0.021
BTC,2022-05-14,CHOP,0.11
BTC,2022-05-15,CHOP,0.467
BTC,2022-05-16,UP,0.627
BTC,2022-05-17,DN,-0.649
BTC,2022-05-18,CHOP,0.427
BTC,2022-05-19,DN,-0.841
BTC,2022-05-20,UP,0.865
BTC,2022-05-21,DN,-0.546
BTC,2022-05-22,CHOP,0.344
BTC,2022-05-23,UP,0.689
BTC,2022-05-24,DN,-0.657
BTC,2022-05-25,CHOP,0.463
BTC,2022-05-26,CHOP,-0.121
BTC,2022-05-27,CHOP,-0.183
BTC,2022-05-28,DN,-0.513
BTC,2022-05-29,CHOP,0.492
BTC,2022-05-30,UP,0.583
BTC,2022-05-31,UP,0.775
BTC,2022-06-01,CHOP,0.056
BTC,2022-06-02,DN,-0.744
BTC,2022-06-03,UP,0.591
BTC,2022-06-04,DN,-0.531
BTC,2022-06-05,CHOP,0.325
BTC,2022-06-06,CHOP,0.084
BTC,2022-06-07,UP,0.775
BTC,2022-06-08,CHOP,-0.105
BTC,2022-06-09,DN,-0.621
BTC,2022-06-10,CHOP,-0.125
BTC,2022-06-11,DN,-0.664
BTC,2022-06-12,CHOP,-0.498
BTC,2022-06-13,DN,-0.932
BTC,2022-06-14,DN,-0.822
BTC,2022-06-15,CHOP,-0.139
BTC,2022-06-16,CHOP,0.166
BTC,2022-06-17,DN,-0.79
BTC,2022-06-18,CHOP,0.061
BTC,2022-06-19,CHOP,-0.473
BTC,2022-06-20,UP,0.561
BTC,2022-06-21,CHOP,-0.0
BTC,2022-06-22,CHOP,0.109
BTC,2022-06-23,DN,-0.651
BTC,2022-06-24,UP,0.836
BTC,2022-06-25,CHOP,0.155
BTC,2022-06-26,CHOP,0.358
BTC,2022-06-27,CHOP,-0.491
BTC,2022-06-28,CHOP,-0.287
BTC,2022-06-29,CHOP,-0.457
BTC,2022-06-30,CHOP,-0.274
BTC,2022-07-01,CHOP,-0.116
BTC,2022-07-02,CHOP,-0.341
BTC,2022-07-03,CHOP,-0.055
BTC,2022-07-04,CHOP,0.073
BTC,2022-07-05,UP,0.709
BTC,2022-07-06,CHOP,-0.042
BTC,2022-07-07,CHOP,0.425
BTC,2022-07-08,UP,0.668
BTC,2022-07-09,CHOP,-0.023
BTC,2022-07-10,CHOP,-0.004
BTC,2022-07-11,DN,-0.766
BTC,2022-07-12,DN,-0.904
BTC,2022-07-13,DN,-0.775
BTC,2022-07-14,UP,0.621
BTC,2022-07-15,CHOP,0.276
BTC,2022-07-16,CHOP,0.295
BTC,2022-07-17,CHOP,0.329
BTC,2022-07-18,CHOP,-0.425
BTC,2022-07-19,UP,0.81
BTC,2022-07-20,CHOP,0.434
BTC,2022-07-21,CHOP,-0.128
BTC,2022-07-22,CHOP,-0.065
BTC,2022-07-23,CHOP,-0.372
BTC,2022-07-24,CHOP,-0.219
BTC,2022-07-25,CHOP,0.173
BTC,2022-07-26,DN,-0.894
BTC,2022-07-27,CHOP,-0.088
BTC,2022-07-28,UP,0.82
BTC,2022-07-29,UP,0.549
BTC,2022-07-30,CHOP,-0.07
BTC,2022-07-31,CHOP,-0.115
BTC,2022-08-01,CHOP,-0.363
BTC,2022-08-02,CHOP,-0.043
BTC,2022-08-03,CHOP,-0.346
BTC,2022-08-04,CHOP,-0.173
BTC,2022-08-05,CHOP,-0.236
BTC,2022-08-06,UP,0.779
BTC,2022-08-07,DN,-0.808
BTC,2022-08-08,CHOP,0.395
BTC,2022-08-09,UP,0.583
BTC,2022-08-10,DN,-0.619
BTC,2022-08-11,UP,0.514
BTC,2022-08-12,CHOP,-0.018
BTC,2022-08-13,UP,0.539
BTC,2022-08-14,CHOP,0.066
BTC,2022-08-15,CHOP,-0.153
BTC,2022-08-16,CHOP,-0.146
BTC,2022-08-17,CHOP,-0.414
BTC,2022-08-18,CHOP,-0.406
BTC,2022-08-19,CHOP,-0.31
BTC,2022-08-20,DN,-0.972
BTC,2022-08-21,CHOP,0.492
BTC,2022-08-22,UP,0.514
BTC,2022-08-23,CHOP,-0.177
BTC,2022-08-24,CHOP,0.162
BTC,2022-08-25,CHOP,-0.213
BTC,2022-08-26,CHOP,0.375
BTC,2022-08-27,DN,-0.741
BTC,2022-08-28,CHOP,-0.334
BTC,2022-08-29,DN,-0.74
BTC,2022-08-30,UP,0.827
BTC,2022-08-31,CHOP,-0.459
BTC,2022-09-01,CHOP,0.342
BTC,2022-09-02,CHOP,0.129
BTC,2022-09-03,CHOP,-0.264
BTC,2022-09-04,CHOP,-0.295
BTC,2022-09-05,CHOP,0.376
BTC,2022-09-06,CHOP,-0.48
BTC,2022-09-07,DN,-0.656
BTC,2022-09-08,UP,0.527
BTC,2022-09-09,CHOP,0.06
BTC,2022-09-10,UP,0.885
BTC,2022-09-11,CHOP,0.41
BTC,2022-09-12,CHOP,0.352
BTC,2022-09-13,UP,0.599
BTC,2022-09-14,DN,-0.756
BTC,2022-09-15,CHOP,0.057
BTC,2022-09-16,DN,-0.63
BTC,2022-09-17,CHOP,0.178
BTC,2022-09-18,UP,0.704
BTC,2022-09-19,DN,-0.891
BTC,2022-09-20,CHOP,0.082
BTC,2022-09-21,DN,-0.717
BTC,2022-09-22,CHOP,-0.226
BTC,2022-09-23,UP,0.788
BTC,2022-09-24,CHOP,-0.115
BTC,2022-09-25,DN,-0.721
BTC,2022-09-26,CHOP,-0.208
BTC,2022-09-27,UP,0.656
BTC,2022-09-28,CHOP,-0.094
BTC,2022-09-29,CHOP,0.254
BTC,2022-09-30,CHOP,0.223
BTC,2022-10-01,CHOP,-0.163
BTC,2022-10-02,CHOP,-0.344
BTC,2022-10-03,DN,-0.537
BTC,2022-10-04,UP,0.752
BTC,2022-10-05,UP,0.72
BTC,2022-10-06,CHOP,-0.283
BTC,2022-10-07,CHOP,-0.327
BTC,2022-10-08,DN,-0.575
BTC,2022-10-09,CHOP,-0.287
BTC,2022-10-10,CHOP,0.093
BTC,2022-10-11,DN,-0.61
BTC,2022-10-12,CHOP,-0.176
BTC,2022-10-13,CHOP,0.351
BTC,2022-10-14,CHOP,0.166
BTC,2022-10-15,CHOP,-0.225
BTC,2022-10-16,CHOP,-0.426
BTC,2022-10-17,UP,0.537
BTC,2022-10-18,UP,0.547
BTC,2022-10-19,CHOP,-0.359
BTC,2022-10-20,DN,-0.692
BTC,2022-10-21,CHOP,-0.182
BTC,2022-10-22,CHOP,0.204
BTC,2022-10-23,CHOP,0.277
BTC,2022-10-24,UP,0.586
BTC,2022-10-25,DN,-0.542
BTC,2022-10-26,UP,0.636
BTC,2022-10-27,UP,0.714
BTC,2022-10-28,DN,-0.709
BTC,2022-10-29,CHOP,0.396
BTC,2022-10-30,CHOP,0.41
BTC,2022-10-31,CHOP,-0.438
BTC,2022-11-01,CHOP,-0.225
BTC,2022-11-02,CHOP,-0.019
BTC,2022-11-03,CHOP,-0.44
BTC,2022-11-04,CHOP,0.155
BTC,2022-11-05,UP,0.84
BTC,2022-11-06,CHOP,0.377
BTC,2022-11-07,DN,-0.822
BTC,2022-11-08,CHOP,-0.459
BTC,2022-11-09,DN,-0.578
BTC,2022-11-10,DN,-0.874
BTC,2022-11-11,UP,0.687
BTC,2022-11-12,CHOP,-0.399
BTC,2022-11-13,DN,-0.529
BTC,2022-11-14,DN,-0.666
BTC,2022-11-15,CHOP,0.209
BTC,2022-11-16,CHOP,0.466
BTC,2022-11-17,CHOP,-0.373
BTC,2022-11-18,CHOP,0.091
BTC,2022-11-19,CHOP,0.017
BTC,2022-11-20,CHOP,0.005
BTC,2022-11-21,DN,-0.733
BTC,2022-11-22,DN,-0.591
BTC,2022-11-23,UP,0.638
BTC,2022-11-24,UP,0.687
BTC,2022-11-25,CHOP,-0.012
BTC,2022-11-26,CHOP,-0.24
BTC,2022-11-27,CHOP,-0.198
BTC,2022-11-28,CHOP,-0.145
BTC,2022-11-29,CHOP,-0.439
BTC,2022-11-30,UP,0.513
BTC,2022-12-01,UP,0.878
BTC,2022-12-02,CHOP,-0.401
BTC,2022-12-03,CHOP,0.361
BTC,2022-12-04,DN,-0.627
BTC,2022-12-05,UP,0.679
BTC,2022-12-06,CHOP,-0.252
BTC,2022-12-07,UP,0.611
BTC,2022-12-08,DN,-0.545
BTC,2022-12-09,UP,0.685
BTC,2022-12-10,CHOP,-0.317
BTC,2022-12-11,CHOP,-0.008
BTC,2022-12-12,CHOP,-0.212
BTC,2022-12-13,CHOP,0.337
BTC,2022-12-14,UP,0.615
BTC,2022-12-15,CHOP,0.038
BTC,2022-12-16,DN,-0.773
BTC,2022-12-17,DN,-0.722
BTC,2022-12-18,UP,0.668
BTC,2022-12-19,CHOP,-0.196
BTC,2022-12-20,DN,-0.536
BTC,2022-12-21,UP,0.688
BTC,2022-12-22,CHOP,-0.354
BTC,2022-12-23,CHOP,-0.011
BTC,2022-12-24,CHOP,-0.194
BTC,2022-12-25,UP,0.617
BTC,2022-12-26,CHOP,-0.026
BTC,2022-12-27,UP,0.569
BTC,2022-12-28,DN,-0.56
BTC,2022-12-29,CHOP,-0.496
BTC,2022-12-30,CHOP,0.491
BTC,2022-12-31,CHOP,-0.075
BTC,2023-01-01,CHOP,-0.374
BTC,2023-01-02,UP,0.581
BTC,2023-01-03,CHOP,0.222
BTC,2023-01-04,CHOP,0.014
BTC,2023-01-05,UP,0.515
BTC,2023-01-06,CHOP,-0.146
BTC,2023-01-07,CHOP,0.328
BTC,2023-01-08,CHOP,-0.091
BTC,2023-01-09,UP,0.692
BTC,2023-01-10,CHOP,0.171
BTC,2023-01-11,UP,0.742
BTC,2023-01-12,UP,0.734
BTC,2023-01-13,UP,0.737
BTC,2023-01-14,UP,0.843
BTC,2023-01-15,UP,0.748
BTC,2023-01-16,CHOP,-0.163
BTC,2023-01-17,CHOP,0.362
BTC,2023-01-18,CHOP,-0.063
BTC,2023-01-19,CHOP,-0.366
BTC,2023-01-20,UP,0.74
BTC,2023-01-21,UP,0.842
BTC,2023-01-22,CHOP,0.124
BTC,2023-01-23,CHOP,-0.096
BTC,2023-01-24,CHOP,0.309
BTC,2023-01-25,CHOP,-0.407
BTC,2023-01-26,CHOP,0.283
BTC,2023-01-27,CHOP,-0.117
BTC,2023-01-28,CHOP,0.067
BTC,2023-01-29,CHOP,-0.166
BTC,2023-01-30,UP,0.726
BTC,2023-01-31,DN,-0.705
BTC,2023-02-01,CHOP,0.492
BTC,2023-02-02,UP,0.577
BTC,2023-02-03,CHOP,-0.272
BTC,2023-02-04,CHOP,-0.112
BTC,2023-02-05,CHOP,-0.315
BTC,2023-02-06,DN,-0.572
BTC,2023-02-07,CHOP,-0.321
BTC,2023-02-08,UP,0.791
BTC,2023-02-09,CHOP,-0.355
BTC,2023-02-10,DN,-0.881
BTC,2023-02-11,CHOP,-0.354
BTC,2023-02-12,UP,0.774
BTC,2023-02-13,CHOP,-0.171
BTC,2023-02-14,CHOP,-0.015
BTC,2023-02-15,UP,0.541
BTC,2023-02-16,UP,0.911
BTC,2023-02-17,CHOP,-0.461
BTC,2023-02-18,UP,0.626
BTC,2023-02-19,CHOP,0.143
BTC,2023-02-20,CHOP,-0.36
BTC,2023-02-21,CHOP,0.445
BTC,2023-02-22,CHOP,-0.356
BTC,2023-02-23,CHOP,-0.298
BTC,2023-02-24,CHOP,-0.244
BTC,2023-02-25,DN,-0.585
BTC,2023-02-26,CHOP,-0.054
BTC,2023-02-27,UP,0.631
BTC,2023-02-28,CHOP,-0.079
BTC,2023-03-01,DN,-0.605
BTC,2023-03-02,CHOP,0.497
BTC,2023-03-03,CHOP,-0.274
BTC,2023-03-04,DN,-0.738
BTC,2023-03-05,CHOP,-0.031
BTC,2023-03-06,CHOP,0.177
BTC,2023-03-07,CHOP,-0.059
BTC,2023-03-08,CHOP,-0.335
BTC,2023-03-09,DN,-0.697
BTC,2023-03-10,DN,-0.749
BTC,2023-03-11,CHOP,-0.258
BTC,2023-03-12,CHOP,0.331
BTC,2023-03-13,UP,0.82
BTC,2023-03-14,UP,0.788
BTC,2023-03-15,CHOP,0.232
BTC,2023-03-16,CHOP,-0.296
BTC,2023-03-17,UP,0.683
BTC,2023-03-18,UP,0.836
BTC,2023-03-19,CHOP,-0.425
BTC,2023-03-20,UP,0.682
BTC,2023-03-21,CHOP,-0.19
BTC,2023-03-22,CHOP,0.342
BTC,2023-03-23,CHOP,-0.378
BTC,2023-03-24,UP,0.635
BTC,2023-03-25,DN,-0.612
BTC,2023-03-26,CHOP,0.013
BTC,2023-03-27,UP,0.65
BTC,2023-03-28,DN,-0.556
BTC,2023-03-29,CHOP,0.153
BTC,2023-03-30,UP,0.771
BTC,2023-03-31,CHOP,-0.214
BTC,2023-04-01,CHOP,0.382
BTC,2023-04-02,CHOP,-0.021
BTC,2023-04-03,CHOP,-0.417
BTC,2023-04-04,CHOP,-0.286
BTC,2023-04-05,CHOP,0.468
BTC,2023-04-06,CHOP,0.005
BTC,2023-04-07,CHOP,-0.289
BTC,2023-04-08,CHOP,-0.383
BTC,2023-04-09,CHOP,0.108
BTC,2023-04-10,UP,0.528
BTC,2023-04-11,UP,0.821
BTC,2023-04-12,UP,0.587
BTC,2023-04-13,CHOP,-0.368
BTC,2023-04-14,UP,0.656
BTC,2023-04-15,CHOP,0.09
BTC,2023-04-16,CHOP,-0.437
BTC,2023-04-17,CHOP,0.022
BTC,2023-04-18,DN,-0.813
BTC,2023-04-19,UP,0.684
BTC,2023-04-20,DN,-0.836
BTC,2023-04-21,DN,-0.513
BTC,2023-04-22,DN,-0.785
BTC,2023-04-23,UP,0.746
BTC,2023-04-24,CHOP,-0.447
BTC,2023-04-25,CHOP,-0.075
BTC,2023-04-26,UP,0.654
BTC,2023-04-27,CHOP,0.041
BTC,2023-04-28,UP,0.7
BTC,2023-04-29,CHOP,-0.227
BTC,2023-04-30,CHOP,-0.194
BTC,2023-05-01,CHOP,0.003
BTC,2023-05-02,DN,-0.697
BTC,2023-05-03,UP,0.597
BTC,2023-05-04,CHOP,0.309
BTC,2023-05-05,CHOP,-0.263
BTC,2023-05-06,UP,0.761
BTC,2023-05-07,CHOP,-0.432
BTC,2023-05-08,DN,-0.563
BTC,2023-05-09,DN,-0.556
BTC,2023-05-10,CHOP,-0.087
BTC,2023-05-11,CHOP,-0.019
BTC,2023-05-12,DN,-0.679
BTC,2023-05-13,CHOP,-0.136
BTC,2023-05-14,CHOP,-0.056
BTC,2023-05-15,CHOP,0.223
BTC,2023-05-16,CHOP,0.261
BTC,2023-05-17,CHOP,-0.288
BTC,2023-05-18,CHOP,0.389
BTC,2023-05-19,DN,-0.52
BTC,2023-05-20,CHOP,0.107
BTC,2023-05-21,UP,0.684
BTC,2023-05-22,DN,-0.58
BTC,2023-05-23,CHOP,0.181
BTC,2023-05-24,UP,0.531
BTC,2023-05-25,DN,-0.782
BTC,2023-05-26,CHOP,0.19
BTC,2023-05-27,CHOP,0.384
BTC,2023-05-28,CHOP,0.431
BTC,2023-05-29,UP,0.809
BTC,2023-05-30,CHOP,-0.356
BTC,2023-05-31,CHOP,-0.087
BTC,2023-06-01,CHOP,-0.486
BTC,2023-06-02,DN,-0.527
BTC,2023-06-03,UP,0.534
BTC,2023-06-04,CHOP,-0.414
BTC,2023-06-05,CHOP,0.091
BTC,2023-06-06,DN,-0.797
BTC,2023-06-07,UP,0.749
BTC,2023-06-08,DN,-0.703
BTC,2023-06-09,CHOP,0.265
BTC,2023-06-10,CHOP,-0.041
BTC,2023-06-11,DN,-0.541
BTC,2023-06-12,CHOP,0.147
BTC,2023-06-13,CHOP,-0.04
BTC,2023-06-14,CHOP,0.04
BTC,2023-06-15,DN,-0.631
BTC,2023-06-16,CHOP,0.49
BTC,2023-06-17,UP,0.556
BTC,2023-06-18,CHOP,0.261
BTC,2023-06-19,CHOP,-0.399
BTC,2023-06-20,UP,0.622
BTC,2023-06-21,UP,0.836
BTC,2023-06-22,UP,0.663
BTC,2023-06-23,CHOP,-0.112
BTC,2023-06-24,CHOP,0.492
BTC,2023-06-25,CHOP,-0.293
BTC,2023-06-26,CHOP,-0.084
BTC,2023-06-27,CHOP,-0.265
BTC,2023-06-28,UP,0.552
BTC,2023-06-29,DN,-0.723
BTC,2023-06-30,CHOP,0.466
BTC,2023-07-01,CHOP,0.014
BTC,2023-07-02,CHOP,0.334
BTC,2023-07-03,CHOP,0.049
BTC,2023-07-04,UP,0.666
BTC,2023-07-05,DN,-0.533
BTC,2023-07-06,CHOP,-0.386
BTC,2023-07-07,CHOP,-0.369
BTC,2023-07-08,UP,0.601
BTC,2023-07-09,CHOP,-0.175
BTC,2023-07-10,CHOP,-0.322
BTC,2023-07-11,CHOP,0.229
BTC,2023-07-12,CHOP,0.41
BTC,2023-07-13,CHOP,-0.313
BTC,2023-07-14,UP,0.692
BTC,2023-07-15,DN,-0.66
BTC,2023-07-16,CHOP,-0.118
BTC,2023-07-17,CHOP,-0.153
BTC,2023-07-18,CHOP,-0.139
BTC,2023-07-19,CHOP,-0.383
BTC,2023-07-20,CHOP,0.117
BTC,2023-07-21,CHOP,-0.129
BTC,2023-07-22,CHOP,0.303
BTC,2023-07-23,CHOP,-0.288
BTC,2023-07-24,CHOP,0.467
BTC,2023-07-25,DN,-0.733
BTC,2023-07-26,CHOP,0.16
BTC,2023-07-27,CHOP,0.207
BTC,2023-07-28,CHOP,-0.267
BTC,2023-07-29,CHOP,0.218
BTC,2023-07-30,CHOP,0.257
BTC,2023-07-31,CHOP,-0.173
BTC,2023-08-01,CHOP,-0.114
BTC,2023-08-02,CHOP,0.411
BTC,2023-08-03,CHOP,-0.464
BTC,2023-08-04,CHOP,0.016
BTC,2023-08-05,CHOP,-0.152
BTC,2023-08-06,CHOP,-0.241
BTC,2023-08-07,CHOP,0.076
BTC,2023-08-08,CHOP,0.213
BTC,2023-08-09,UP,0.51
BTC,2023-08-10,CHOP,-0.241
BTC,2023-08-11,CHOP,-0.302
BTC,2023-08-12,CHOP,-0.095
BTC,2023-08-13,CHOP,0.042
BTC,2023-08-14,DN,-0.624
BTC,2023-08-15,CHOP,0.214
BTC,2023-08-16,DN,-0.525
BTC,2023-08-17,DN,-0.875
BTC,2023-08-18,DN,-0.582
BTC,2023-08-19,CHOP,-0.469
BTC,2023-08-20,CHOP,0.096
BTC,2023-08-21,CHOP,0.274
BTC,2023-08-22,CHOP,-0.141
BTC,2023-08-23,CHOP,-0.084
BTC,2023-08-24,CHOP,0.374
BTC,2023-08-25,CHOP,-0.354
BTC,2023-08-26,CHOP,-0.224
BTC,2023-08-27,CHOP,-0.305
BTC,2023-08-28,CHOP,0.39
BTC,2023-08-29,CHOP,0.047
BTC,2023-08-30,UP,0.719
BTC,2023-08-31,DN,-0.554
BTC,2023-09-01,DN,-0.703
BTC,2023-09-02,CHOP,-0.165
BTC,2023-09-03,CHOP,0.274
BTC,2023-09-04,CHOP,0.304
BTC,2023-09-05,CHOP,-0.305
BTC,2023-09-06,CHOP,-0.096
BTC,2023-09-07,CHOP,-0.048
BTC,2023-09-08,UP,0.598
BTC,2023-09-09,CHOP,-0.432
BTC,2023-09-10,CHOP,-0.06
BTC,2023-09-11,CHOP,-0.13
BTC,2023-09-12,DN,-0.679
BTC,2023-09-13,CHOP,0.472
BTC,2023-09-14,UP,0.596
BTC,2023-09-15,CHOP,0.41
BTC,2023-09-16,CHOP,0.116
BTC,2023-09-17,CHOP,-0.121
BTC,2023-09-18,CHOP,-0.143
BTC,2023-09-19,CHOP,0.228
BTC,2023-09-20,UP,0.549
BTC,2023-09-21,CHOP,-0.145
BTC,2023-09-22,DN,-0.712
BTC,2023-09-23,CHOP,0.044
BTC,2023-09-24,CHOP,-0.034
BTC,2023-09-25,DN,-0.531
BTC,2023-09-26,CHOP,0.124
BTC,2023-09-27,CHOP,-0.269
BTC,2023-09-28,CHOP,0.205
BTC,2023-09-29,UP,0.671
BTC,2023-09-30,CHOP,-0.197
BTC,2023-10-01,CHOP,0.266
BTC,2023-10-02,UP,0.927
BTC,2023-10-03,CHOP,-0.384
BTC,2023-10-04,CHOP,-0.132
BTC,2023-10-05,UP,0.552
BTC,2023-10-06,CHOP,-0.479
BTC,2023-10-07,CHOP,0.465
BTC,2023-10-08,CHOP,0.136
BTC,2023-10-09,CHOP,-0.097
BTC,2023-10-10,CHOP,-0.449
BTC,2023-10-11,CHOP,-0.458
BTC,2023-10-12,DN,-0.548
BTC,2023-10-13,CHOP,-0.296
BTC,2023-10-14,CHOP,0.23
BTC,2023-10-15,CHOP,-0.047
BTC,2023-10-16,UP,0.622
BTC,2023-10-17,CHOP,0.466
BTC,2023-10-18,CHOP,-0.193
BTC,2023-10-19,CHOP,-0.09
BTC,2023-10-20,CHOP,0.482
BTC,2023-10-21,UP,0.586
BTC,2023-10-22,CHOP,0.263
BTC,2023-10-23,CHOP,0.136
BTC,2023-10-24,UP,0.633
BTC,2023-10-25,CHOP,0.348
BTC,2023-10-26,CHOP,0.394
BTC,2023-10-27,CHOP,-0.321
BTC,2023-10-28,CHOP,-0.304
BTC,2023-10-29,CHOP,0.298
BTC,2023-10-30,UP,0.542
BTC,2023-10-31,CHOP,-0.064
BTC,2023-11-01,CHOP,0.237
BTC,2023-11-02,UP,0.527
BTC,2023-11-03,CHOP,-0.285
BTC,2023-11-04,CHOP,-0.272
BTC,2023-11-05,UP,0.515
BTC,2023-11-06,CHOP,-0.054
BTC,2023-11-07,CHOP,0.062
BTC,2023-11-08,CHOP,0.259
BTC,2023-11-09,CHOP,0.224
BTC,2023-11-10,CHOP,0.441
BTC,2023-11-11,CHOP,0.5
BTC,2023-11-12,CHOP,-0.232
BTC,2023-11-13,CHOP,-0.134
BTC,2023-11-14,DN,-0.554
BTC,2023-11-15,CHOP,-0.469
BTC,2023-11-16,UP,0.881
BTC,2023-11-17,DN,-0.698
BTC,2023-11-18,CHOP,0.48
BTC,2023-11-19,CHOP,-0.069
BTC,2023-11-20,UP,0.709
BTC,2023-11-21,CHOP,0.083
BTC,2023-11-22,DN,-0.892
BTC,2023-11-23,UP,0.748
BTC,2023-11-24,CHOP,-0.146
BTC,2023-11-25,CHOP,0.361
BTC,2023-11-26,CHOP,0.226
BTC,2023-11-27,DN,-0.501
BTC,2023-11-28,CHOP,-0.237
BTC,2023-11-29,CHOP,0.382
BTC,2023-11-30,CHOP,0.041
BTC,2023-12-01,CHOP,-0.202
BTC,2023-12-02,UP,0.693
BTC,2023-12-03,UP,0.714
BTC,2023-12-04,UP,0.535
BTC,2023-12-05,UP,0.825
BTC,2023-12-06,UP,0.677
BTC,2023-12-07,CHOP,-0.323
BTC,2023-12-08,CHOP,-0.399
BTC,2023-12-09,UP,0.555
BTC,2023-12-10,DN,-0.591
BTC,2023-12-11,CHOP,0.156
BTC,2023-12-12,DN,-0.708
BTC,2023-12-13,CHOP,0.168
BTC,2023-12-14,CHOP,0.471
BTC,2023-12-15,CHOP,0.076
BTC,2023-12-16,DN,-0.765
BTC,2023-12-17,CHOP,0.302
BTC,2023-12-18,DN,-0.771
BTC,2023-12-19,UP,0.579
BTC,2023-12-20,CHOP,-0.226
BTC,2023-12-21,UP,0.671
BTC,2023-12-22,CHOP,0.202
BTC,2023-12-23,CHOP,0.109
BTC,2023-12-24,CHOP,-0.383
BTC,2023-12-25,CHOP,-0.491
BTC,2023-12-26,UP,0.54
BTC,2023-12-27,DN,-0.546
BTC,2023-12-28,UP,0.583
BTC,2023-12-29,DN,-0.56
BTC,2023-12-30,CHOP,-0.274
BTC,2023-12-31,CHOP,0.067
BTC,2024-01-01,CHOP,0.154
BTC,2024-01-02,UP,0.946
BTC,2024-01-03,CHOP,0.443
BTC,2024-01-04,CHOP,-0.442
BTC,2024-01-05,UP,0.617
BTC,2024-01-06,CHOP,-0.003
BTC,2024-01-07,CHOP,-0.216
BTC,2024-01-08,CHOP,-0.043
BTC,2024-01-09,UP,0.742
BTC,2024-01-10,CHOP,-0.261
BTC,2024-01-11,CHOP,0.16
BTC,2024-01-12,CHOP,-0.094
BTC,2024-01-13,DN,-0.709
BTC,2024-01-14,CHOP,0.079
BTC,2024-01-15,DN,-0.821
BTC,2024-01-16,CHOP,0.463
BTC,2024-01-17,CHOP,0.41
BTC,2024-01-18,CHOP,-0.363
BTC,2024-01-19,DN,-0.645
BTC,2024-01-20,CHOP,0.173
BTC,2024-01-21,CHOP,0.089
BTC,2024-01-22,CHOP,-0.304
BTC,2024-01-23,DN,-0.891
BTC,2024-01-24,CHOP,0.203
BTC,2024-01-25,CHOP,0.175
BTC,2024-01-26,CHOP,-0.165
BTC,2024-01-27,UP,0.768
BTC,2024-01-28,CHOP,0.369
BTC,2024-01-29,CHOP,-0.073
BTC,2024-01-30,UP,0.832
BTC,2024-01-31,CHOP,-0.302
BTC,2024-02-01,CHOP,-0.246
BTC,2024-02-02,CHOP,0.359
BTC,2024-02-03,CHOP,0.124
BTC,2024-02-04,CHOP,-0.378
BTC,2024-02-05,CHOP,-0.477
BTC,2024-02-06,CHOP,0.096
BTC,2024-02-07,CHOP,0.472
BTC,2024-02-08,UP,0.778
BTC,2024-02-09,UP,0.732
BTC,2024-02-10,UP,0.623
BTC,2024-02-11,CHOP,0.451
BTC,2024-02-12,UP,0.53
BTC,2024-02-13,UP,0.616
BTC,2024-02-14,CHOP,-0.105
BTC,2024-02-15,UP,0.743
BTC,2024-02-16,CHOP,0.056
BTC,2024-02-17,CHOP,0.243
BTC,2024-02-18,CHOP,-0.313
BTC,2024-02-19,CHOP,0.408
BTC,2024-02-20,CHOP,-0.447
BTC,2024-02-21,CHOP,0.218
BTC,2024-02-22,CHOP,-0.235
BTC,2024-02-23,CHOP,-0.499
BTC,2024-02-24,DN,-0.53
BTC,2024-02-25,UP,0.74
BTC,2024-02-26,CHOP,0.237
BTC,2024-02-27,UP,0.685
BTC,2024-02-28,UP,0.816
BTC,2024-02-29,UP,0.738
BTC,2024-03-01,CHOP,-0.393
BTC,2024-03-02,UP,0.538
BTC,2024-03-03,CHOP,-0.459
BTC,2024-03-04,UP,0.589
BTC,2024-03-05,UP,0.828
BTC,2024-03-06,CHOP,-0.452
BTC,2024-03-07,CHOP,0.483
BTC,2024-03-08,CHOP,0.308
BTC,2024-03-09,CHOP,0.333
BTC,2024-03-10,CHOP,0.278
BTC,2024-03-11,CHOP,0.358
BTC,2024-03-12,UP,0.541
BTC,2024-03-13,CHOP,-0.143
BTC,2024-03-14,UP,0.699
BTC,2024-03-15,CHOP,-0.322
BTC,2024-03-16,CHOP,-0.277
BTC,2024-03-17,DN,-0.798
BTC,2024-03-18,UP,0.708
BTC,2024-03-19,CHOP,-0.328
BTC,2024-03-20,DN,-0.864
BTC,2024-03-21,UP,0.806
BTC,2024-03-22,DN,-0.63
BTC,2024-03-23,CHOP,-0.388
BTC,2024-03-24,CHOP,0.064
BTC,2024-03-25,UP,0.835
BTC,2024-03-26,UP,0.56
BTC,2024-03-27,CHOP,0.047
BTC,2024-03-28,CHOP,-0.152
BTC,2024-03-29,CHOP,0.495
BTC,2024-03-30,CHOP,-0.488
BTC,2024-03-31,CHOP,-0.344
BTC,2024-04-01,UP,0.942
BTC,2024-04-02,DN,-0.505
BTC,2024-04-03,DN,-0.817
BTC,2024-04-04,CHOP,0.207
BTC,2024-04-05,UP,0.595
BTC,2024-04-06,CHOP,-0.238
BTC,2024-04-07,CHOP,0.479
BTC,2024-04-08,CHOP,0.309
BTC,2024-04-09,UP,0.602
BTC,2024-04-10,DN,-0.697
BTC,2024-04-11,CHOP,0.406
BTC,2024-04-12,CHOP,-0.359
BTC,2024-04-13,CHOP,-0.471
BTC,2024-04-14,CHOP,-0.439
BTC,2024-04-15,CHOP,0.469
BTC,2024-04-16,CHOP,-0.488
BTC,2024-04-17,CHOP,0.135
BTC,2024-04-18,DN,-0.522
BTC,2024-04-19,UP,0.662
BTC,2024-04-20,CHOP,0.059
BTC,2024-04-21,CHOP,0.482
BTC,2024-04-22,CHOP,0.0
BTC,2024-04-23,UP,0.687
BTC,2024-04-24,CHOP,-0.286
BTC,2024-04-25,DN,-0.613
BTC,2024-04-26,CHOP,0.083
BTC,2024-04-27,CHOP,-0.478
BTC,2024-04-28,CHOP,-0.201
BTC,2024-04-29,CHOP,-0.216
BTC,2024-04-30,CHOP,0.303
BTC,2024-05-01,DN,-0.576
BTC,2024-05-02,DN,-0.538
BTC,2024-05-03,CHOP,0.256
BTC,2024-05-04,UP,0.845
BTC,2024-05-05,UP,0.505
BTC,2024-05-06,CHOP,0.066
BTC,2024-05-07,CHOP,-0.302
BTC,2024-05-08,CHOP,-0.395
BTC,2024-05-09,DN,-0.525
BTC,2024-05-10,UP,0.672
BTC,2024-05-11,DN,-0.693
BTC,2024-05-12,CHOP,0.025
BTC,2024-05-13,UP,0.515
BTC,2024-05-14,UP,0.539
BTC,2024-05-15,DN,-0.69
BTC,2024-05-16,UP,0.903
BTC,2024-05-17,CHOP,-0.452
BTC,2024-05-18,UP,0.763
BTC,2024-05-19,CHOP,-0.136
BTC,2024-05-20,CHOP,-0.348
BTC,2024-05-21,UP,0.948
BTC,2024-05-22,CHOP,-0.461
BTC,2024-05-23,DN,-0.538
BTC,2024-05-24,CHOP,-0.316
BTC,2024-05-25,CHOP,0.219
BTC,2024-05-26,UP,0.667
BTC,2024-05-27,DN,-0.546
BTC,2024-05-28,CHOP,0.381
BTC,2024-05-29,CHOP,-0.449
BTC,2024-05-30,CHOP,-0.412
BTC,2024-05-31,CHOP,0.295
BTC,2024-06-01,CHOP,-0.342
BTC,2024-06-02,CHOP,0.481
BTC,2024-06-03,CHOP,-0.001
BTC,2024-06-04,CHOP,0.39
BTC,2024-06-05,UP,0.692
BTC,2024-06-06,CHOP,0.415
BTC,2024-06-07,CHOP,-0.195
BTC,2024-06-08,CHOP,-0.404
BTC,2024-06-09,CHOP,-0.109
BTC,2024-06-10,CHOP,0.465
BTC,2024-06-11,CHOP,-0.106
BTC,2024-06-12,DN,-0.629
BTC,2024-06-13,CHOP,0.307
BTC,2024-06-14,DN,-0.678
BTC,2024-06-15,CHOP,-0.318
BTC,2024-06-16,CHOP,0.297
BTC,2024-06-17,CHOP,0.465
BTC,2024-06-18,CHOP,-0.08
BTC,2024-06-19,DN,-0.526
BTC,2024-06-20,CHOP,-0.189
BTC,2024-06-21,CHOP,-0.054
BTC,2024-06-22,CHOP,-0.431
BTC,2024-06-23,CHOP,0.196
BTC,2024-06-24,DN,-0.784
BTC,2024-06-25,DN,-0.587
BTC,2024-06-26,UP,0.699
BTC,2024-06-27,DN,-0.53
BTC,2024-06-28,CHOP,0.472
BTC,2024-06-29,DN,-0.591
BTC,2024-06-30,UP,0.665
BTC,2024-07-01,UP,0.761
BTC,2024-07-02,CHOP,0.094
BTC,2024-07-03,DN,-0.516
BTC,2024-07-04,DN,-0.668
BTC,2024-07-05,DN,-0.847
BTC,2024-07-06,CHOP,-0.104
BTC,2024-07-07,UP,0.652
BTC,2024-07-08,DN,-0.871
BTC,2024-07-09,CHOP,0.215
BTC,2024-07-10,UP,0.666
BTC,2024-07-11,CHOP,-0.14
BTC,2024-07-12,CHOP,-0.148
BTC,2024-07-13,CHOP,0.277
BTC,2024-07-14,UP,0.628
BTC,2024-07-15,UP,0.716
BTC,2024-07-16,UP,0.92
BTC,2024-07-17,CHOP,0.106
BTC,2024-07-18,CHOP,-0.42
BTC,2024-07-19,CHOP,-0.053
BTC,2024-07-20,UP,0.654
BTC,2024-07-21,CHOP,0.349
BTC,2024-07-22,CHOP,0.396
BTC,2024-07-23,CHOP,-0.331
BTC,2024-07-24,DN,-0.691
BTC,2024-07-25,CHOP,-0.281
BTC,2024-07-26,CHOP,0.156
BTC,2024-07-27,UP,0.851
BTC,2024-07-28,CHOP,-0.004
BTC,2024-07-29,CHOP,0.282
BTC,2024-07-30,CHOP,-0.401
BTC,2024-07-31,CHOP,-0.352
BTC,2024-08-01,DN,-0.673
BTC,2024-08-02,CHOP,0.216
BTC,2024-08-03,DN,-0.883
BTC,2024-08-04,CHOP,-0.341
BTC,2024-08-05,DN,-0.635
BTC,2024-08-06,CHOP,-0.445
BTC,2024-08-07,UP,0.648
BTC,2024-08-08,CHOP,-0.279
BTC,2024-08-09,UP,0.817
BTC,2024-08-10,CHOP,-0.384
BTC,2024-08-11,CHOP,0.07
BTC,2024-08-12,DN,-0.619
BTC,2024-08-13,CHOP,0.207
BTC,2024-08-14,CHOP,0.389
BTC,2024-08-15,DN,-0.565
BTC,2024-08-16,CHOP,-0.303
BTC,2024-08-17,CHOP,0.49
BTC,2024-08-18,UP,0.675
BTC,2024-08-19,DN,-0.567
BTC,2024-08-20,UP,0.552
BTC,2024-08-21,CHOP,-0.149
BTC,2024-08-22,UP,0.705
BTC,2024-08-23,CHOP,-0.466
BTC,2024-08-24,UP,0.794
BTC,2024-08-25,CHOP,0.124
BTC,2024-08-26,CHOP,0.051
BTC,2024-08-27,DN,-0.825
BTC,2024-08-28,DN,-0.66
BTC,2024-08-29,CHOP,-0.16
BTC,2024-08-30,CHOP,0.132
BTC,2024-08-31,CHOP,-0.105
BTC,2024-09-01,CHOP,-0.209
BTC,2024-09-02,DN,-0.892
BTC,2024-09-03,UP,0.797
BTC,2024-09-04,DN,-0.687
BTC,2024-09-05,CHOP,0.166
BTC,2024-09-06,DN,-0.667
BTC,2024-09-07,CHOP,-0.497
BTC,2024-09-08,CHOP,0.179
BTC,2024-09-09,CHOP,0.42
BTC,2024-09-10,UP,0.621
BTC,2024-09-11,CHOP,0.358
BTC,2024-09-12,CHOP,-0.122
BTC,2024-09-13,UP,0.628
BTC,2024-09-14,UP,0.791
BTC,2024-09-15,CHOP,-0.417
BTC,2024-09-16,DN,-0.505
BTC,2024-09-17,DN,-0.535
BTC,2024-09-18,UP,0.566
BTC,2024-09-19,UP,0.554
BTC,2024-09-20,UP,0.518
BTC,2024-09-21,CHOP,0.142
BTC,2024-09-22,CHOP,0.184
BTC,2024-09-23,CHOP,0.14
BTC,2024-09-24,CHOP,-0.108
BTC,2024-09-25,CHOP,0.464
BTC,2024-09-26,DN,-0.594
BTC,2024-09-27,UP,0.638
BTC,2024-09-28,CHOP,0.355
BTC,2024-09-29,CHOP,0.105
BTC,2024-09-30,CHOP,-0.397
BTC,2024-10-01,DN,-0.823
BTC,2024-10-02,DN,-0.636
BTC,2024-10-03,CHOP,-0.065
BTC,2024-10-04,CHOP,0.063
BTC,2024-10-05,UP,0.658
BTC,2024-10-06,CHOP,-0.041
BTC,2024-10-07,UP,0.648
BTC,2024-10-08,CHOP,-0.254
BTC,2024-10-09,CHOP,-0.047
BTC,2024-10-10,DN,-0.68
BTC,2024-10-11,CHOP,-0.13
BTC,2024-10-12,UP,0.665
BTC,2024-10-13,UP,0.671
BTC,2024-10-14,CHOP,-0.272
BTC,2024-10-15,UP,0.795
BTC,2024-10-16,CHOP,0.314
BTC,2024-10-17,CHOP,0.326
BTC,2024-10-18,CHOP,-0.156
BTC,2024-10-19,UP,0.557
BTC,2024-10-20,CHOP,-0.073
BTC,2024-10-21,UP,0.503
BTC,2024-10-22,DN,-0.618
BTC,2024-10-23,CHOP,0.038
BTC,2024-10-24,CHOP,-0.342
BTC,2024-10-25,UP,0.654
BTC,2024-10-26,CHOP,-0.472
BTC,2024-10-27,CHOP,0.389
BTC,2024-10-28,UP,0.655
BTC,2024-10-29,UP,0.732
BTC,2024-10-30,UP,0.719
BTC,2024-10-31,CHOP,-0.257
BTC,2024-11-01,DN,-0.681
BTC,2024-11-02,CHOP,-0.283
BTC,2024-11-03,CHOP,-0.133
BTC,2024-11-04,CHOP,-0.313
BTC,2024-11-05,CHOP,-0.347
BTC,2024-11-06,CHOP,0.491
BTC,2024-11-07,UP,0.873
BTC,2024-11-08,CHOP,0.117
BTC,2024-11-09,CHOP,0.396
BTC,2024-11-10,CHOP,0.141
BTC,2024-11-11,UP,0.737
BTC,2024-11-12,UP,0.889
BTC,2024-11-13,CHOP,-0.143
BTC,2024-11-14,CHOP,0.339
BTC,2024-11-15,DN,-0.595
BTC,2024-11-16,UP,0.776
BTC,2024-11-17,CHOP,-0.258
BTC,2024-11-18,CHOP,-0.268
BTC,2024-11-19,CHOP,0.189
BTC,2024-11-20,UP,0.52
BTC,2024-11-21,UP,0.593
BTC,2024-11-22,UP,0.815
BTC,2024-11-23,CHOP,0.233
BTC,2024-11-24,DN,-0.688
BTC,2024-11-25,CHOP,0.08
BTC,2024-11-26,DN,-0.78
BTC,2024-11-27,CHOP,-0.25
BTC,2024-11-28,UP,0.72
BTC,2024-11-29,CHOP,-0.114
BTC,2024-11-30,UP,0.558
BTC,2024-12-01,DN,-0.767
BTC,2024-12-02,CHOP,0.363
BTC,2024-12-03,CHOP,-0.36
BTC,2024-12-04,CHOP,0.003
BTC,2024-12-05,UP,0.62
BTC,2024-12-06,CHOP,-0.121
BTC,2024-12-07,CHOP,0.472
BTC,2024-12-08,CHOP,0.057
BTC,2024-12-09,CHOP,0.474
BTC,2024-12-10,DN,-0.542
BTC,2024-12-11,CHOP,-0.17
BTC,2024-12-12,UP,0.727
BTC,2024-12-13,CHOP,-0.347
BTC,2024-12-14,UP,0.528
BTC,2024-12-15,CHOP,-0.002
BTC,2024-12-16,UP,0.759
BTC,2024-12-17,CHOP,0.358
BTC,2024-12-18,CHOP,0.025
BTC,2024-12-19,DN,-0.909
BTC,2024-12-20,CHOP,-0.386
BTC,2024-12-21,CHOP,0.057
BTC,2024-12-22,CHOP,-0.163
BTC,2024-12-23,DN,-0.659
BTC,2024-12-24,CHOP,-0.076
BTC,2024-12-25,UP,0.639
BTC,2024-12-26,CHOP,0.395
BTC,2024-12-27,DN,-0.764
BTC,2024-12-28,CHOP,-0.369
BTC,2024-12-29,UP,0.626
BTC,2024-12-30,DN,-0.67
BTC,2024-12-31,CHOP,-0.271
BTC,2025-01-01,CHOP,0.186
BTC,2025-01-02,CHOP,0.449
BTC,2025-01-03,UP,0.694
BTC,2025-01-04,CHOP,0.413
BTC,2025-01-05,CHOP,0.037
BTC,2025-01-06,CHOP,0.092
BTC,2025-01-07,UP,0.849
BTC,2025-01-08,DN,-0.807
BTC,2025-01-09,CHOP,-0.397
BTC,2025-01-10,DN,-0.6
BTC,2025-01-11,UP,0.599
BTC,2025-01-12,CHOP,-0.103
BTC,2025-01-13,CHOP,-0.032
BTC,2025-01-14,CHOP,-0.001
BTC,2025-01-15,UP,0.669
BTC,2025-01-16,UP,0.941
BTC,2025-01-17,CHOP,-0.144
BTC,2025-01-18,UP,0.692
BTC,2025-01-19,CHOP,0.177
BTC,2025-01-20,CHOP,-0.476
BTC,2025-01-21,CHOP,0.092
BTC,2025-01-22,UP,0.545
BTC,2025-01-23,DN,-0.798
BTC,2025-01-24,CHOP,0.036
BTC,2025-01-25,CHOP,0.22
BTC,2025-01-26,CHOP,-0.105
BTC,2025-01-27,DN,-0.714
BTC,2025-01-28,CHOP,-0.098
BTC,2025-01-29,CHOP,-0.212
BTC,2025-01-30,UP,0.694
BTC,2025-01-31,CHOP,0.311
BTC,2025-02-01,DN,-0.515
BTC,2025-02-02,DN,-0.716
BTC,2025-02-03,DN,-0.553
BTC,2025-02-04,CHOP,0.322
BTC,2025-02-05,DN,-0.639
BTC,2025-02-06,CHOP,-0.384
BTC,2025-02-07,CHOP,-0.017
BTC,2025-02-08,CHOP,-0.011
BTC,2025-02-09,CHOP,-0.052
BTC,2025-02-10,CHOP,0.007
BTC,2025-02-11,CHOP,0.313
BTC,2025-02-12,CHOP,-0.459
BTC,2025-02-13,UP,0.519
BTC,2025-02-14,CHOP,-0.44
BTC,2025-02-15,CHOP,0.347
BTC,2025-02-16,CHOP,0.092
BTC,2025-02-17,DN,-0.875
BTC,2025-02-18,CHOP,-0.184
BTC,2025-02-19,CHOP,-0.032
BTC,2025-02-20,UP,0.52
BTC,2025-02-21,UP,0.723
BTC,2025-02-22,CHOP,-0.461
BTC,2025-02-23,CHOP,0.305
BTC,2025-02-24,CHOP,-0.206
BTC,2025-02-25,DN,-0.913
BTC,2025-02-26,CHOP,-0.443
BTC,2025-02-27,DN,-0.619
BTC,2025-02-28,CHOP,0.105
BTC,2025-03-01,CHOP,-0.052
BTC,2025-03-02,UP,0.627
BTC,2025-03-03,UP,0.825
BTC,2025-03-04,DN,-0.866
BTC,2025-03-05,CHOP,0.142
BTC,2025-03-06,UP,0.712
BTC,2025-03-07,CHOP,-0.136
BTC,2025-03-08,CHOP,-0.473
BTC,2025-03-09,CHOP,-0.345
BTC,2025-03-10,DN,-0.844
BTC,2025-03-11,CHOP,-0.321
BTC,2025-03-12,UP,0.619
BTC,2025-03-13,CHOP,0.19
BTC,2025-03-14,DN,-0.583
BTC,2025-03-15,UP,0.638
BTC,2025-03-16,CHOP,0.336
BTC,2025-03-17,DN,-0.562
BTC,2025-03-18,UP,0.624
BTC,2025-03-19,CHOP,-0.449
BTC,2025-03-20,UP,0.928
BTC,2025-03-21,DN,-0.69
BTC,2025-03-22,CHOP,-0.08
BTC,2025-03-23,CHOP,-0.272
BTC,2025-03-24,UP,0.966
BTC,2025-03-25,CHOP,0.436
BTC,2025-03-26,CHOP,-0.047
BTC,2025-03-27,CHOP,-0.2
BTC,2025-03-28,CHOP,0.165
BTC,2025-03-29,DN,-0.714
BTC,2025-03-30,DN,-0.596
BTC,2025-03-31,CHOP,-0.131
BTC,2025-04-01,CHOP,0.06
BTC,2025-04-02,UP,0.829
BTC,2025-04-03,CHOP,-0.428
BTC,2025-04-04,CHOP,0.25
BTC,2025-04-05,CHOP,0.221
BTC,2025-04-06,CHOP,-0.187
BTC,2025-04-07,DN,-0.767
BTC,2025-04-08,CHOP,0.109
BTC,2025-04-09,DN,-0.614
BTC,2025-04-10,UP,0.702
BTC,2025-04-11,DN,-0.701
BTC,2025-04-12,UP,0.716
BTC,2025-04-13,UP,0.595
BTC,2025-04-14,CHOP,-0.495
BTC,2025-04-15,CHOP,0.392
BTC,2025-04-16,CHOP,-0.327
BTC,2025-04-17,CHOP,0.162
BTC,2025-04-18,UP,0.529
BTC,2025-04-19,DN,-0.571
BTC,2025-04-20,CHOP,0.459
BTC,2025-04-21,CHOP,0.075
BTC,2025-04-22,UP,0.704
BTC,2025-04-23,UP,0.87
BTC,2025-04-24,CHOP,0.09
BTC,2025-04-25,CHOP,0.123
BTC,2025-04-26,CHOP,0.227
BTC,2025-04-27,CHOP,-0.008
BTC,2025-04-28,CHOP,-0.497
BTC,2025-04-29,CHOP,0.446
BTC,2025-04-30,CHOP,-0.439
BTC,2025-05-01,CHOP,-0.037
BTC,2025-05-02,UP,0.704
BTC,2025-05-03,CHOP,0.257
BTC,2025-05-04,DN,-0.872
BTC,2025-05-05,DN,-0.733
BTC,2025-05-06,CHOP,0.271
BTC,2025-05-07,UP,0.593
BTC,2025-05-08,CHOP,0.101
BTC,2025-05-09,UP,0.857
BTC,2025-05-10,CHOP,-0.142
BTC,2025-05-11,UP,0.848
BTC,2025-05-12,CHOP,-0.425
BTC,2025-05-13,CHOP,-0.26
BTC,2025-05-14,CHOP,0.37
BTC,2025-05-15,CHOP,-0.34
BTC,2025-05-16,CHOP,0.091
BTC,2025-05-17,CHOP,-0.207
BTC,2025-05-18,CHOP,-0.307
BTC,2025-05-19,UP,0.936
BTC,2025-05-20,CHOP,-0.172
BTC,2025-05-21,CHOP,0.407
BTC,2025-05-22,UP,0.595
BTC,2025-05-23,UP,0.732
BTC,2025-05-24,DN,-0.876
BTC,2025-05-25,CHOP,0.169
BTC,2025-05-26,CHOP,0.46
BTC,2025-05-27,CHOP,0.246
BTC,2025-05-28,CHOP,-0.155
BTC,2025-05-29,CHOP,-0.46
BTC,2025-05-30,DN,-0.614
BTC,2025-05-31,DN,-0.596
BTC,2025-06-01,CHOP,0.331
BTC,2025-06-02,CHOP,0.497
BTC,2025-06-03,CHOP,0.095
BTC,2025-06-04,CHOP,-0.25
BTC,2025-06-05,CHOP,-0.373
BTC,2025-06-06,DN,-0.576
BTC,2025-06-07,UP,0.656
BTC,2025-06-08,UP,0.623
BTC,2025-06-09,CHOP,0.119
BTC,2025-06-10,UP,0.869
BTC,2025-06-11,CHOP,0.005
BTC,2025-06-12,DN,-0.7
BTC,2025-06-13,DN,-0.946
BTC,2025-06-14,CHOP,0.112
BTC,2025-06-15,CHOP,-0.334
BTC,2025-06-16,CHOP,0.11
BTC,2025-06-17,CHOP,0.302
BTC,2025-06-18,DN,-0.51
BTC,2025-06-19,CHOP,0.164
BTC,2025-06-20,CHOP,-0.176
BTC,2025-06-21,CHOP,-0.326
BTC,2025-06-22,CHOP,-0.375
BTC,2025-06-23,CHOP,-0.222
BTC,2025-06-24,UP,0.676
BTC,2025-06-25,CHOP,0.449
BTC,2025-06-26,UP,0.54
BTC,2025-06-27,CHOP,-0.23
BTC,2025-06-28,CHOP,0.073
BTC,2025-06-29,CHOP,0.325
BTC,2025-06-30,UP,0.782
BTC,2025-07-01,DN,-0.589
BTC,2025-07-02,DN,-0.64
BTC,2025-07-03,UP,0.684
BTC,2025-07-04,CHOP,0.368
BTC,2025-07-05,DN,-0.634
BTC,2025-07-06,CHOP,0.322
BTC,2025-07-07,UP,0.529
BTC,2025-07-08,CHOP,-0.43
BTC,2025-07-09,CHOP,0.369
BTC,2025-07-10,UP,0.629
BTC,2025-07-11,UP,0.75
BTC,2025-07-12,CHOP,0.416
BTC,2025-07-13,CHOP,-0.083
BTC,2025-07-14,UP,0.736
BTC,2025-07-15,CHOP,0.175
BTC,2025-07-16,CHOP,-0.496
BTC,2025-07-17,CHOP,0.286
BTC,2025-07-18,CHOP,0.154
BTC,2025-07-19,CHOP,-0.313
BTC,2025-07-20,CHOP,-0.069
BTC,2025-07-21,CHOP,-0.241
BTC,2025-07-22,CHOP,0.036
BTC,2025-07-23,UP,0.625
BTC,2025-07-24,CHOP,-0.43
BTC,2025-07-25,CHOP,-0.177
BTC,2025-07-26,CHOP,-0.195
BTC,2025-07-27,CHOP,0.264
BTC,2025-07-28,UP,0.77
BTC,2025-07-29,DN,-0.57
BTC,2025-07-30,CHOP,-0.048
BTC,2025-07-31,CHOP,-0.037
BTC,2025-08-01,DN,-0.607
BTC,2025-08-02,DN,-0.741
BTC,2025-08-03,CHOP,-0.365
BTC,2025-08-04,UP,0.577
BTC,2025-08-05,UP,0.525
BTC,2025-08-06,CHOP,-0.373
BTC,2025-08-07,CHOP,0.365
BTC,2025-08-08,UP,0.738
BTC,2025-08-09,CHOP,-0.455
BTC,2025-08-10,CHOP,-0.129
BTC,2025-08-11,UP,0.993
BTC,2025-08-12,CHOP,-0.142
BTC,2025-08-13,UP,0.684
BTC,2025-08-14,UP,0.668
BTC,2025-08-15,DN,-0.687
BTC,2025-08-16,CHOP,-0.395
BTC,2025-08-17,CHOP,0.051
BTC,2025-08-18,CHOP,0.017
BTC,2025-08-19,CHOP,-0.406
BTC,2025-08-20,DN,-0.84
BTC,2025-08-21,UP,0.626
BTC,2025-08-22,DN,-0.631
BTC,2025-08-23,UP,0.772
BTC,2025-08-24,DN,-0.606
BTC,2025-08-25,CHOP,-0.39
BTC,2025-08-26,DN,-0.77
BTC,2025-08-27,CHOP,0.446
BTC,2025-08-28,CHOP,-0.22
BTC,2025-08-29,CHOP,0.497
BTC,2025-08-30,DN,-0.81
BTC,2025-08-31,CHOP,0.279
BTC,2025-09-01,CHOP,-0.406
BTC,2025-09-02,CHOP,0.373
BTC,2025-09-03,UP,0.593
BTC,2025-09-04,CHOP,0.228
BTC,2025-09-05,CHOP,-0.342
BTC,2025-09-06,CHOP,-0.022
BTC,2025-09-07,CHOP,-0.355
BTC,2025-09-08,UP,0.669
BTC,2025-09-09,CHOP,0.403
BTC,2025-09-10,CHOP,-0.205
BTC,2025-09-11,UP,0.711
BTC,2025-09-12,UP,0.74
BTC,2025-09-13,CHOP,0.284
BTC,2025-09-14,CHOP,-0.095
BTC,2025-09-15,DN,-0.631
BTC,2025-09-16,CHOP,0.034
BTC,2025-09-17,UP,0.646
BTC,2025-09-18,CHOP,-0.133
BTC,2025-09-19,CHOP,0.346
BTC,2025-09-20,DN,-0.611
BTC,2025-09-21,CHOP,0.075
BTC,2025-09-22,DN,-0.718
BTC,2025-09-23,DN,-0.721
BTC,2025-09-24,CHOP,-0.356
BTC,2025-09-25,CHOP,0.452
BTC,2025-09-26,DN,-0.884
BTC,2025-09-27,CHOP,0.386
BTC,2025-09-28,CHOP,-0.011
BTC,2025-09-29,UP,0.8
BTC,2025-09-30,UP,0.757
BTC,2025-10-01,CHOP,-0.123
BTC,2025-10-02,UP,0.971
BTC,2025-10-03,UP,0.705
BTC,2025-10-04,CHOP,0.366
BTC,2025-10-05,CHOP,0.123
BTC,2025-10-06,CHOP,0.305
BTC,2025-10-07,CHOP,0.378
BTC,2025-10-08,DN,-0.731
BTC,2025-10-09,UP,0.63
BTC,2025-10-10,CHOP,-0.4
BTC,2025-10-11,CHOP,-0.433
BTC,2025-10-12,DN,-0.566
BTC,2025-10-13,UP,0.695
BTC,2025-10-14,CHOP,0.088
BTC,2025-10-15,CHOP,-0.386
BTC,2025-10-16,DN,-0.657
BTC,2025-10-17,DN,-0.564
BTC,2025-10-18,CHOP,-0.309
BTC,2025-10-19,UP,0.64
BTC,2025-10-20,CHOP,0.436
BTC,2025-10-21,CHOP,0.439
BTC,2025-10-22,CHOP,-0.342
BTC,2025-10-23,CHOP,-0.292
BTC,2025-10-24,UP,0.662
BTC,2025-10-25,CHOP,0.385
BTC,2025-10-26,UP,0.505
BTC,2025-10-27,UP,0.693
BTC,2025-10-28,CHOP,-0.176
BTC,2025-10-29,CHOP,-0.312
BTC,2025-10-30,DN,-0.647
BTC,2025-10-31,CHOP,-0.321
BTC,2025-11-01,CHOP,0.441
BTC,2025-11-02,CHOP,0.419
BTC,2025-11-03,CHOP,0.249
BTC,2025-11-04,DN,-0.727
BTC,2025-11-05,DN,-0.609
BTC,2025-11-06,CHOP,0.429
BTC,2025-11-07,DN,-0.651
BTC,2025-11-08,CHOP,0.412
BTC,2025-11-09,DN,-0.526
BTC,2025-11-10,UP,0.588
BTC,2025-11-11,UP,0.536
BTC,2025-11-12,DN,-0.588
BTC,2025-11-13,CHOP,-0.311
BTC,2025-11-14,CHOP,-0.323
BTC,2025-11-15,DN,-0.871
BTC,2025-11-16,CHOP,0.438
BTC,2025-11-17,CHOP,-0.368
BTC,2025-11-18,CHOP,-0.424
BTC,2025-11-19,CHOP,0.163
BTC,2025-11-20,CHOP,-0.322
BTC,2025-11-21,DN,-0.697
BTC,2025-11-22,CHOP,-0.219
BTC,2025-11-23,CHOP,-0.184
BTC,2025-11-24,UP,0.604
BTC,2025-11-25,CHOP,0.372
BTC,2025-11-26,CHOP,-0.387
BTC,2025-11-27,UP,0.716
BTC,2025-11-28,CHOP,0.457
BTC,2025-11-29,CHOP,-0.152
BTC,2025-11-30,CHOP,-0.087
BTC,2025-12-01,CHOP,-0.266
BTC,2025-12-02,DN,-0.618
BTC,2025-12-03,UP,0.815
BTC,2025-12-04,UP,0.681
BTC,2025-12-05,CHOP,-0.424
BTC,2025-12-06,DN,-0.593
BTC,2025-12-07,CHOP,-0.067
BTC,2025-12-08,CHOP,0.287
BTC,2025-12-09,CHOP,0.089
BTC,2025-12-10,CHOP,0.402
BTC,2025-12-11,CHOP,-0.228
BTC,2025-12-12,CHOP,0.116
BTC,2025-12-13,DN,-0.686
BTC,2025-12-14,CHOP,-0.033
BTC,2025-12-15,DN,-0.714
BTC,2025-12-16,CHOP,-0.355
BTC,2025-12-17,CHOP,0.492
BTC,2025-12-18,CHOP,-0.321
BTC,2025-12-19,CHOP,-0.145
BTC,2025-12-20,UP,0.611
BTC,2025-12-21,CHOP,0.288
BTC,2025-12-22,CHOP,0.201
BTC,2025-12-23,CHOP,-0.014
BTC,2025-12-24,CHOP,-0.485
BTC,2025-12-25,CHOP,0.113
BTC,2025-12-26,CHOP,-0.268
BTC,2025-12-27,CHOP,0.05
BTC,2025-12-28,UP,0.694
BTC,2025-12-29,CHOP,0.116
BTC,2025-12-30,CHOP,-0.199
BTC,2025-12-31,CHOP,0.489
BTC,2026-01-01,CHOP,-0.429
BTC,2026-01-02,UP,0.87
BTC,2026-01-03,CHOP,0.448
BTC,2026-01-04,CHOP,0.443
BTC,2026-01-05,UP,0.763
BTC,2026-01-06,UP,0.712
BTC,2026-01-07,CHOP,-0.035
BTC,2026-01-08,DN,-0.776
BTC,2026-01-09,CHOP,-0.111
BTC,2026-01-10,CHOP,-0.192
BTC,2026-01-11,CHOP,-0.319
BTC,2026-01-12,CHOP,0.486
BTC,2026-01-13,CHOP,0.118
BTC,2026-01-14,UP,0.755
BTC,2026-01-15,CHOP,0.457
BTC,2026-01-16,DN,-0.654
BTC,2026-01-17,CHOP,-0.034
BTC,2026-01-18,DN,-0.653
BTC,2026-01-19,DN,-0.77
BTC,2026-01-20,DN,-0.591
BTC,2026-01-21,DN,-0.845
BTC,2026-01-22,CHOP,0.31
BTC,2026-01-23,CHOP,0.057
BTC,2026-01-24,CHOP,0.015
BTC,2026-01-25,CHOP,-0.471
BTC,2026-01-26,DN,-0.788
BTC,2026-01-27,UP,0.713
BTC,2026-01-28,CHOP,0.407
BTC,2026-01-29,CHOP,0.028
BTC,2026-01-30,DN,-0.78
BTC,2026-01-31,CHOP,-0.108
BTC,2026-02-01,DN,-0.646
BTC,2026-02-02,CHOP,-0.476
BTC,2026-02-03,CHOP,0.372
BTC,2026-02-04,CHOP,-0.476
BTC,2026-02-05,DN,-0.512
BTC,2026-02-06,DN,-0.933
BTC,2026-02-07,UP,0.653
BTC,2026-02-08,CHOP,-0.294
BTC,2026-02-09,CHOP,0.308
BTC,2026-02-10,CHOP,-0.061
BTC,2026-02-11,CHOP,-0.475
BTC,2026-02-12,CHOP,-0.497
BTC,2026-02-13,CHOP,-0.246
BTC,2026-02-14,UP,0.715
BTC,2026-02-15,UP,0.53
BTC,2026-02-16,CHOP,-0.332
BTC,2026-02-17,CHOP,0.021
BTC,2026-02-18,DN,-0.53
BTC,2026-02-19,CHOP,-0.4
BTC,2026-02-20,CHOP,0.321
BTC,2026-02-21,CHOP,0.499
BTC,2026-02-22,CHOP,-0.038
BTC,2026-02-23,CHOP,-0.315
BTC,2026-02-24,DN,-0.787
BTC,2026-02-25,CHOP,-0.238
BTC,2026-02-26,UP,0.647
BTC,2026-02-27,CHOP,-0.213
BTC,2026-02-28,CHOP,-0.488
BTC,2026-03-01,CHOP,0.233
BTC,2026-03-02,CHOP,-0.381
BTC,2026-03-03,UP,0.631
BTC,2026-03-04,CHOP,-0.159
BTC,2026-03-05,UP,0.651
BTC,2026-03-06,DN,-0.61
BTC,2026-03-07,DN,-0.756
BTC,2026-03-08,DN,-0.52
BTC,2026-03-09,DN,-0.5
BTC,2026-03-10,UP,0.666
BTC,2026-03-11,CHOP,0.448
BTC,2026-03-12,CHOP,0.104
BTC,2026-03-13,CHOP,0.219
BTC,2026-03-14,CHOP,0.11
BTC,2026-03-15,CHOP,0.285
BTC,2026-03-16,UP,0.685
BTC,2026-03-17,UP,0.784
BTC,2026-03-18,CHOP,-0.375
BTC,2026-03-19,DN,-0.638
BTC,2026-03-20,CHOP,-0.467
BTC,2026-03-21,CHOP,0.293
BTC,2026-03-22,DN,-0.63
BTC,2026-03-23,CHOP,-0.475
BTC,2026-03-24,UP,0.697
BTC,2026-03-25,CHOP,-0.141
BTC,2026-03-26,CHOP,0.482
BTC,2026-03-27,DN,-0.766
BTC,2026-03-28,DN,-0.665
BTC,2026-03-29,CHOP,-0.022
BTC,2026-03-30,CHOP,-0.172
BTC,2026-03-31,CHOP,0.332
BTC,2026-04-01,UP,0.574
BTC,2026-04-02,CHOP,-0.099
BTC,2026-04-03,CHOP,-0.412
BTC,2026-04-04,CHOP,0.057
BTC,2026-04-05,CHOP,0.427
BTC,2026-04-06,UP,0.687
BTC,2026-04-07,CHOP,-0.088
BTC,2026-04-08,UP,0.611
BTC,2026-04-09,CHOP,-0.397
BTC,2026-04-10,CHOP,0.268
BTC,2026-04-11,UP,0.585
BTC,2026-04-12,CHOP,0.063
BTC,2026-04-13,DN,-0.875
BTC,2026-04-14,UP,0.848
BTC,2026-04-15,CHOP,-0.128
BTC,2026-04-16,CHOP,0.355
BTC,2026-04-17,CHOP,0.155
BTC,2026-04-18,UP,0.504
BTC,2026-04-19,DN,-0.699
BTC,2026-04-20,DN,-0.763
BTC,2026-04-21,UP,0.719
BTC,2026-04-22,CHOP,0.235
BTC,2026-04-23,UP,0.552
BTC,2026-04-24,CHOP,0.047
BTC,2026-04-25,DN,-0.622
BTC,2026-04-26,CHOP,0.252
BTC,2026-04-27,UP,0.632
BTC,2026-04-28,CHOP,-0.425
BTC,2026-04-29,DN,-0.568
BTC,2026-04-30,CHOP,-0.19
BTC,2026-05-01,CHOP,0.421
BTC,2026-05-02,UP,0.727
BTC,2026-05-03,CHOP,0.393
BTC,2026-05-04,CHOP,-0.087
BTC,2026-05-05,UP,0.502
BTC,2026-05-06,UP,0.527
BTC,2026-05-07,CHOP,0.256
BTC,2026-05-08,DN,-0.653
BTC,2026-05-09,CHOP,0.142
BTC,2026-05-10,UP,0.511
BTC,2026-05-11,UP,0.696
BTC,2026-05-12,CHOP,-0.242
BTC,2026-05-13,DN,-0.638
BTC,2026-05-14,CHOP,-0.463
BTC,2026-05-15,UP,0.568
BTC,2026-05-16,DN,-0.658
BTC,2026-05-17,DN,-0.608
BTC,2026-05-18,CHOP,-0.37
BTC,2026-05-19,CHOP,-0.261
BTC,2026-05-20,CHOP,-0.132
BTC,2026-05-21,UP,0.537
BTC,2026-05-22,CHOP,0.043
BTC,2026-05-23,DN,-0.817
BTC,2026-05-24,CHOP,0.389
BTC,2026-05-25,CHOP,0.218
BTC,2026-05-26,CHOP,0.259
BTC,2026-05-27,DN,-0.58
BTC,2026-05-28,DN,-0.767
BTC,2026-05-29,CHOP,-0.414
BTC,2026-05-30,CHOP,-0.078
BTC,2026-05-31,CHOP,0.457
BTC,2026-06-01,CHOP,-0.24
BTC,2026-06-02,DN,-0.665
BTC,2026-06-03,DN,-0.891
BTC,2026-06-04,DN,-0.765
BTC,2026-06-05,CHOP,-0.076
BTC,2026-06-06,DN,-0.584
BTC,2026-06-07,CHOP,-0.085
BTC,2026-06-08,UP,0.702
BTC,2026-06-09,CHOP,-0.137
BTC,2026-06-10,CHOP,-0.494
BTC,2026-06-11,CHOP,-0.104
BTC,2026-06-12,UP,0.873
BTC,2026-06-13,CHOP,-0.029
BTC,2026-06-14,UP,0.653
BTC,2026-06-15,UP,0.607
BTC,2026-06-16,CHOP,0.3
BTC,2026-06-17,CHOP,-0.401
BTC,2026-06-18,CHOP,-0.461
BTC,2026-06-19,DN,-0.612
BTC,2026-06-20,CHOP,0.434
BTC,2026-06-21,UP,0.626
BTC,2026-06-22,DN,-0.748
BTC,2026-06-23,CHOP,0.306
BTC,2026-06-24,DN,-0.55
BTC,2026-06-25,CHOP,-0.4
BTC,2026-06-26,CHOP,-0.334
BTC,2026-06-27,CHOP,0.125
BTC,2026-06-28,CHOP,-0.063
BTC,2026-06-29,CHOP,-0.276
BTC,2026-06-30,CHOP,0.363
BTC,2026-07-01,DN,-0.788
BTC,2026-07-02,CHOP,0.396
BTC,2026-07-03,UP,0.588
BTC,2026-07-04,UP,0.591
BTC,2026-07-05,CHOP,0.495
BTC,2026-07-06,CHOP,0.324
BTC,2026-07-07,CHOP,0.116
BTC,2026-07-08,CHOP,-0.413
BTC,2026-07-09,CHOP,-0.484
BTC,2026-07-10,UP,0.524
BTC,2026-07-11,UP,0.527
BTC,2026-07-12,DN,-0.5
BTC,2026-07-13,CHOP,-0.06
BTC,2026-07-14,DN,-0.556
BTC,2026-07-15,UP,0.958
BTC,2026-07-16,CHOP,-0.258
BTC,2026-07-17,DN,-0.742
BTC,2026-07-18,CHOP,0.055
BTC,2026-07-19,UP,0.923
BTC,2026-07-20,CHOP,-0.162
BTC,2026-07-21,CHOP,0.197
BTC,2026-07-22,UP,0.72
ETH,2017-08-18,CHOP,0.061
ETH,2017-08-19,CHOP,-0.289
ETH,2017-08-20,CHOP,-0.139
ETH,2017-08-21,CHOP,0.463
ETH,2017-08-22,CHOP,0.466
ETH,2017-08-23,CHOP,-0.06
ETH,2017-08-24,CHOP,0.224
ETH,2017-08-25,UP,0.547
ETH,2017-08-26,CHOP,0.257
ETH,2017-08-27,CHOP,0.295
ETH,2017-08-28,UP,0.917
ETH,2017-08-29,CHOP,-0.111
ETH,2017-08-30,UP,0.877
ETH,2017-08-31,CHOP,0.355
ETH,2017-09-01,CHOP,0.013
ETH,2017-09-02,CHOP,0.327
ETH,2017-09-03,DN,-0.61
ETH,2017-09-04,CHOP,-0.038
ETH,2017-09-05,DN,-0.757
ETH,2017-09-06,CHOP,0.294
ETH,2017-09-07,UP,0.895
ETH,2017-09-08,CHOP,-0.023
ETH,2017-09-09,CHOP,-0.499
ETH,2017-09-10,CHOP,-0.129
ETH,2017-09-11,CHOP,-0.077
ETH,2017-09-12,CHOP,0.192
ETH,2017-09-13,CHOP,-0.11
ETH,2017-09-14,CHOP,-0.454
ETH,2017-09-15,DN,-0.88
ETH,2017-09-16,CHOP,0.456
ETH,2017-09-17,CHOP,-0.184
ETH,2017-09-18,CHOP,0.324
ETH,2017-09-19,UP,0.754
ETH,2017-09-20,CHOP,-0.468
ETH,2017-09-21,CHOP,-0.111
ETH,2017-09-22,DN,-0.716
ETH,2017-09-23,CHOP,0.351
ETH,2017-09-24,UP,0.705
ETH,2017-09-25,CHOP,-0.229
ETH,2017-09-26,UP,0.703
ETH,2017-09-27,DN,-0.617
ETH,2017-09-28,UP,0.738
ETH,2017-09-29,CHOP,-0.494
ETH,2017-09-30,CHOP,-0.352
ETH,2017-10-01,UP,0.769
ETH,2017-10-02,CHOP,-0.098
ETH,2017-10-03,DN,-0.744
ETH,2017-10-04,CHOP,-0.301
ETH,2017-10-05,CHOP,-0.048
ETH,2017-10-06,CHOP,0.404
ETH,2017-10-07,UP,0.939
ETH,2017-10-08,CHOP,0.074
ETH,2017-10-09,CHOP,-0.001
ETH,2017-10-10,DN,-0.547
ETH,2017-10-11,CHOP,0.083
ETH,2017-10-12,CHOP,0.418
ETH,2017-10-13,CHOP,-0.003
ETH,2017-10-14,UP,0.605
ETH,2017-10-15,CHOP,0.273
ETH,2017-10-16,CHOP,-0.127
ETH,2017-10-17,CHOP,-0.109
ETH,2017-10-18,DN,-0.835
ETH,2017-10-19,CHOP,-0.165
ETH,2017-10-20,CHOP,-0.191
ETH,2017-10-21,CHOP,-0.452
ETH,2017-10-22,CHOP,-0.363
ETH,2017-10-23,CHOP,-0.303
ETH,2017-10-24,DN,-0.567
ETH,2017-10-25,CHOP,0.438
ETH,2017-10-26,CHOP,-0.049
ETH,2017-10-27,CHOP,0.07
ETH,2017-10-28,CHOP,0.267
ETH,2017-10-29,DN,-0.619
ETH,2017-10-30,UP,0.749
ETH,2017-10-31,CHOP,0.162
ETH,2017-11-01,CHOP,-0.393
ETH,2017-11-02,DN,-0.914
ETH,2017-11-03,CHOP,-0.229
ETH,2017-11-04,UP,0.838
ETH,2017-11-05,CHOP,-0.47
ETH,2017-11-06,CHOP,-0.285
ETH,2017-11-07,CHOP,0.158
ETH,2017-11-08,CHOP,-0.331
ETH,2017-11-09,CHOP,0.375
ETH,2017-11-10,CHOP,0.484
ETH,2017-11-11,DN,-0.679
ETH,2017-11-12,UP,0.632
ETH,2017-11-13,CHOP,-0.156
ETH,2017-11-14,UP,0.592
ETH,2017-11-15,UP,0.919
ETH,2017-11-16,CHOP,-0.285
ETH,2017-11-17,CHOP,0.038
ETH,2017-11-18,CHOP,-0.024
ETH,2017-11-19,UP,0.647
ETH,2017-11-20,CHOP,0.246
ETH,2017-11-21,UP,0.66
ETH,2017-11-22,CHOP,-0.208
ETH,2017-11-23,UP,0.717
ETH,2017-11-24,CHOP,0.443
ETH,2017-11-25,UP,0.778
ETH,2017-11-26,CHOP,-0.167
ETH,2017-11-27,CHOP,0.064
ETH,2017-11-28,CHOP,0.279
ETH,2017-11-29,CHOP,-0.256
ETH,2017-11-30,CHOP,-0.342
ETH,2017-12-01,CHOP,0.075
ETH,2017-12-02,UP,0.564
ETH,2017-12-03,CHOP,0.004
ETH,2017-12-04,CHOP,0.065
ETH,2017-12-05,CHOP,0.245
ETH,2017-12-06,DN,-0.614
ETH,2017-12-07,DN,-0.749
ETH,2017-12-08,CHOP,-0.136
ETH,2017-12-09,UP,0.54
ETH,2017-12-10,CHOP,0.283
ETH,2017-12-11,DN,-0.574
ETH,2017-12-12,UP,0.961
ETH,2017-12-13,UP,0.773
ETH,2017-12-14,CHOP,0.374
ETH,2017-12-15,CHOP,-0.036
ETH,2017-12-16,CHOP,-0.051
ETH,2017-12-17,CHOP,0.212
ETH,2017-12-18,UP,0.542
ETH,2017-12-19,CHOP,0.475
ETH,2017-12-20,CHOP,0.103
ETH,2017-12-21,CHOP,-0.047
ETH,2017-12-22,CHOP,-0.087
ETH,2017-12-23,DN,-0.509
ETH,2017-12-24,CHOP,0.06
ETH,2017-12-25,CHOP,0.17
ETH,2017-12-26,CHOP,0.386
ETH,2017-12-27,UP,0.985
ETH,2017-12-28,CHOP,-0.139
ETH,2017-12-29,CHOP,-0.323
ETH,2017-12-30,CHOP,0.446
ETH,2017-12-31,DN,-0.523
ETH,2018-01-01,UP,0.804
ETH,2018-01-02,CHOP,0.47
ETH,2018-01-03,UP,0.667
ETH,2018-01-04,UP,0.564
ETH,2018-01-05,CHOP,0.05
ETH,2018-01-06,CHOP,0.168
ETH,2018-01-07,UP,0.683
ETH,2018-01-08,UP,0.954
ETH,2018-01-09,CHOP,0.031
ETH,2018-01-10,UP,0.712
ETH,2018-01-11,CHOP,-0.184
ETH,2018-01-12,CHOP,-0.353
ETH,2018-01-13,UP,0.535
ETH,2018-01-14,UP,0.767
ETH,2018-01-15,CHOP,-0.24
ETH,2018-01-16,DN,-0.616
ETH,2018-01-17,DN,-0.543
ETH,2018-01-18,CHOP,0.0
ETH,2018-01-19,CHOP,-0.04
ETH,2018-01-20,CHOP,0.284
ETH,2018-01-21,UP,0.895
ETH,2018-01-22,DN,-0.655
ETH,2018-01-23,CHOP,-0.307
ETH,2018-01-24,CHOP,-0.107
ETH,2018-01-25,UP,0.66
ETH,2018-01-26,CHOP,-0.045
ETH,2018-01-27,CHOP,-0.044
ETH,2018-01-28,UP,0.709
ETH,2018-01-29,UP,0.806
ETH,2018-01-30,DN,-0.771
ETH,2018-01-31,DN,-0.674
ETH,2018-02-01,CHOP,0.379
ETH,2018-02-02,CHOP,-0.457
ETH,2018-02-03,CHOP,-0.454
ETH,2018-02-04,CHOP,0.322
ETH,2018-02-05,DN,-0.793
ETH,2018-02-06,DN,-0.544
ETH,2018-02-07,CHOP,0.357
ETH,2018-02-08,CHOP,-0.193
ETH,2018-02-09,UP,0.792
ETH,2018-02-10,UP,0.918
ETH,2018-02-11,CHOP,-0.205
ETH,2018-02-12,CHOP,-0.475
ETH,2018-02-13,UP,0.829
ETH,2018-02-14,CHOP,-0.487
ETH,2018-02-15,UP,0.926
ETH,2018-02-16,CHOP,0.107
ETH,2018-02-17,CHOP,0.3
ETH,2018-02-18,UP,0.775
ETH,2018-02-19,DN,-0.724
ETH,2018-02-20,UP,0.54
ETH,2018-02-21,DN,-0.638
ETH,2018-02-22,CHOP,-0.491
ETH,2018-02-23,CHOP,-0.408
ETH,2018-02-24,UP,0.506
ETH,2018-02-25,CHOP,-0.252
ETH,2018-02-26,CHOP,0.2
ETH,2018-02-27,UP,0.541
ETH,2018-02-28,CHOP,0.058
ETH,2018-03-01,CHOP,-0.451
ETH,2018-03-02,UP,0.547
ETH,2018-03-03,DN,-0.547
ETH,2018-03-04,CHOP,-0.014
ETH,2018-03-05,CHOP,0.32
ETH,2018-03-06,DN,-0.683
ETH,2018-03-07,DN,-0.732
ETH,2018-03-08,DN,-0.588
ETH,2018-03-09,DN,-0.608
ETH,2018-03-10,CHOP,0.321
ETH,2018-03-11,DN,-0.599
ETH,2018-03-12,UP,0.531
ETH,2018-03-13,CHOP,-0.372
ETH,2018-03-14,CHOP,-0.195
ETH,2018-03-15,DN,-0.675
ETH,2018-03-16,CHOP,-0.025
ETH,2018-03-17,CHOP,-0.238
ETH,2018-03-18,DN,-0.798
ETH,2018-03-19,CHOP,-0.1
ETH,2018-03-20,CHOP,0.441
ETH,2018-03-21,CHOP,0.002
ETH,2018-03-22,CHOP,0.048
ETH,2018-03-23,CHOP,-0.307
ETH,2018-03-24,CHOP,0.086
ETH,2018-03-25,DN,-0.84
ETH,2018-03-26,CHOP,0.107
ETH,2018-03-27,DN,-0.627
ETH,2018-03-28,DN,-0.801
ETH,2018-03-29,CHOP,-0.071
ETH,2018-03-30,DN,-0.894
ETH,2018-03-31,CHOP,0.186
ETH,2018-04-01,CHOP,0.049
ETH,2018-04-02,CHOP,-0.357
ETH,2018-04-03,CHOP,0.326
ETH,2018-04-04,UP,0.77
ETH,2018-04-05,DN,-0.792
ETH,2018-04-06,CHOP,0.143
ETH,2018-04-07,DN,-0.542
ETH,2018-04-08,UP,0.59
ETH,2018-04-09,UP,0.793
ETH,2018-04-10,CHOP,-0.021
ETH,2018-04-11,UP,0.617
ETH,2018-04-12,UP,0.604
ETH,2018-04-13,UP,0.764
ETH,2018-04-14,CHOP,0.016
ETH,2018-04-15,CHOP,0.272
ETH,2018-04-16,UP,0.96
ETH,2018-04-17,DN,-0.551
ETH,2018-04-18,CHOP,-0.45
ETH,2018-04-19,UP,0.91
ETH,2018-04-20,UP,0.823
ETH,2018-04-21,UP,0.745
ETH,2018-04-22,CHOP,-0.22
ETH,2018-04-23,CHOP,0.295
ETH,2018-04-24,UP,0.785
ETH,2018-04-25,UP,0.823
ETH,2018-04-26,DN,-0.76
ETH,2018-04-27,UP,0.661
ETH,2018-04-28,CHOP,-0.353
ETH,2018-04-29,UP,0.703
ETH,2018-04-30,CHOP,0.209
ETH,2018-05-01,DN,-0.606
ETH,2018-05-02,CHOP,0.025
ETH,2018-05-03,UP,0.572
ETH,2018-05-04,UP,0.848
ETH,2018-05-05,CHOP,0.132
ETH,2018-05-06,UP,0.659
ETH,2018-05-07,CHOP,-0.288
ETH,2018-05-08,CHOP,-0.426
ETH,2018-05-09,CHOP,-0.07
ETH,2018-05-10,CHOP,0.055
ETH,2018-05-11,DN,-0.599
ETH,2018-05-12,DN,-0.614
ETH,2018-05-13,CHOP,0.125
ETH,2018-05-14,UP,0.588
ETH,2018-05-15,CHOP,-0.027
ETH,2018-05-16,DN,-0.502
ETH,2018-05-17,CHOP,0.035
ETH,2018-05-18,DN,-0.684
ETH,2018-05-19,UP,0.642
ETH,2018-05-20,CHOP,0.105
ETH,2018-05-21,CHOP,0.462
ETH,2018-05-22,DN,-0.6
ETH,2018-05-23,DN,-0.901
ETH,2018-05-24,DN,-0.584
ETH,2018-05-25,CHOP,0.402
ETH,2018-05-26,CHOP,-0.339
ETH,2018-05-27,CHOP,0.015
ETH,2018-05-28,CHOP,-0.452
ETH,2018-05-29,DN,-0.846
ETH,2018-05-30,UP,0.881
ETH,2018-05-31,CHOP,-0.222
ETH,2018-06-01,UP,0.591
ETH,2018-06-02,CHOP,0.047
ETH,2018-06-03,CHOP,0.451
ETH,2018-06-04,UP,0.744
ETH,2018-06-05,DN,-0.632
ETH,2018-06-06,CHOP,0.413
ETH,2018-06-07,CHOP,-0.095
ETH,2018-06-08,CHOP,-0.077
ETH,2018-06-09,CHOP,-0.431
ETH,2018-06-10,CHOP,-0.357
ETH,2018-06-11,DN,-0.745
ETH,2018-06-12,CHOP,0.263
ETH,2018-06-13,DN,-0.669
ETH,2018-06-14,CHOP,-0.331
ETH,2018-06-15,UP,0.635
ETH,2018-06-16,DN,-0.808
ETH,2018-06-17,CHOP,0.474
ETH,2018-06-18,CHOP,0.046
ETH,2018-06-19,UP,0.559
ETH,2018-06-20,UP,0.529
ETH,2018-06-21,CHOP,-0.044
ETH,2018-06-22,CHOP,-0.426
ETH,2018-06-23,DN,-0.84
ETH,2018-06-24,CHOP,0.423
ETH,2018-06-25,CHOP,-0.337
ETH,2018-06-26,CHOP,0.147
ETH,2018-06-27,DN,-0.934
ETH,2018-06-28,CHOP,0.459
ETH,2018-06-29,DN,-0.768
ETH,2018-06-30,CHOP,0.381
ETH,2018-07-01,UP,0.675
ETH,2018-07-02,CHOP,-0.15
ETH,2018-07-03,UP,0.64
ETH,2018-07-04,CHOP,-0.484
ETH,2018-07-05,CHOP,0.227
ETH,2018-07-06,CHOP,0.032
ETH,2018-07-07,CHOP,0.108
ETH,2018-07-08,UP,0.57
ETH,2018-07-09,CHOP,0.086
ETH,2018-07-10,DN,-0.714
ETH,2018-07-11,DN,-0.862
ETH,2018-07-12,CHOP,0.437
ETH,2018-07-13,CHOP,-0.487
ETH,2018-07-14,CHOP,0.074
ETH,2018-07-15,CHOP,0.065
ETH,2018-07-16,UP,0.677
ETH,2018-07-17,UP,0.785
ETH,2018-07-18,CHOP,0.434
ETH,2018-07-19,CHOP,-0.41
ETH,2018-07-20,DN,-0.502
ETH,2018-07-21,DN,-0.634
ETH,2018-07-22,CHOP,0.403
ETH,2018-07-23,CHOP,-0.153
ETH,2018-07-24,CHOP,-0.327
ETH,2018-07-25,UP,0.816
ETH,2018-07-26,CHOP,-0.328
ETH,2018-07-27,CHOP,-0.379
ETH,2018-07-28,CHOP,0.436
ETH,2018-07-29,CHOP,-0.072
ETH,2018-07-30,CHOP,-0.196
ETH,2018-07-31,CHOP,-0.429
ETH,2018-08-01,DN,-0.791
ETH,2018-08-02,CHOP,-0.415
ETH,2018-08-03,DN,-0.539
ETH,2018-08-04,CHOP,0.295
ETH,2018-08-05,DN,-0.587
ETH,2018-08-06,CHOP,0.121
ETH,2018-08-07,CHOP,-0.215
ETH,2018-08-08,DN,-0.619
ETH,2018-08-09,DN,-0.685
ETH,2018-08-10,CHOP,0.403
ETH,2018-08-11,DN,-0.787
ETH,2018-08-12,CHOP,-0.497
ETH,2018-08-13,CHOP,0.029
ETH,2018-08-14,DN,-0.827
ETH,2018-08-15,CHOP,-0.16
ETH,2018-08-16,CHOP,0.094
ETH,2018-08-17,CHOP,0.271
ETH,2018-08-18,UP,0.929
ETH,2018-08-19,DN,-0.592
ETH,2018-08-20,CHOP,0.277
ETH,2018-08-21,DN,-0.834
ETH,2018-08-22,UP,0.66
ETH,2018-08-23,CHOP,-0.261
ETH,2018-08-24,CHOP,0.416
ETH,2018-08-25,CHOP,0.398
ETH,2018-08-26,DN,-0.521
ETH,2018-08-27,CHOP,-0.352
ETH,2018-08-28,UP,0.818
ETH,2018-08-29,UP,0.504
ETH,2018-08-30,DN,-0.523
ETH,2018-08-31,CHOP,-0.233
ETH,2018-09-01,CHOP,-0.201
ETH,2018-09-02,UP,0.69
ETH,2018-09-03,CHOP,-0.037
ETH,2018-09-04,DN,-0.604
ETH,2018-09-05,CHOP,-0.393
ETH,2018-09-06,DN,-0.935
ETH,2018-09-07,CHOP,0.067
ETH,2018-09-08,DN,-0.685
ETH,2018-09-09,DN,-0.612
ETH,2018-09-10,CHOP,-0.045
ETH,2018-09-11,CHOP,0.063
ETH,2018-09-12,DN,-0.501
ETH,2018-09-13,CHOP,-0.113
ETH,2018-09-14,UP,0.864
ETH,2018-09-15,CHOP,-0.097
ETH,2018-09-16,UP,0.644
ETH,2018-09-17,CHOP,-0.094
ETH,2018-09-18,DN,-0.739
ETH,2018-09-19,UP,0.542
ETH,2018-09-20,CHOP,0.079
ETH,2018-09-21,UP,0.673
ETH,2018-09-22,UP,0.755
ETH,2018-09-23,CHOP,-0.297
ETH,2018-09-24,CHOP,0.274
ETH,2018-09-25,DN,-0.789
ETH,2018-09-26,CHOP,-0.345
ETH,2018-09-27,CHOP,-0.316
ETH,2018-09-28,UP,0.509
ETH,2018-09-29,CHOP,-0.384
ETH,2018-09-30,CHOP,0.412
ETH,2018-10-01,CHOP,0.106
ETH,2018-10-02,CHOP,-0.125
ETH,2018-10-03,DN,-0.649
ETH,2018-10-04,CHOP,-0.497
ETH,2018-10-05,CHOP,0.259
ETH,2018-10-06,CHOP,0.46
ETH,2018-10-07,DN,-0.518
ETH,2018-10-08,CHOP,0.12
ETH,2018-10-09,CHOP,0.442
ETH,2018-10-10,CHOP,-0.361
ETH,2018-10-11,CHOP,-0.351
ETH,2018-10-12,DN,-0.927
ETH,2018-10-13,CHOP,0.457
ETH,2018-10-14,UP,0.667
ETH,2018-10-15,CHOP,-0.475
ETH,2018-10-16,CHOP,0.395
ETH,2018-10-17,CHOP,0.083
ETH,2018-10-18,CHOP,-0.336
ETH,2018-10-19,DN,-0.566
ETH,2018-10-20,CHOP,-0.33
ETH,2018-10-21,CHOP,0.459
ETH,2018-10-22,CHOP,-0.08
ETH,2018-10-23,CHOP,-0.184
ETH,2018-10-24,CHOP,-0.145
ETH,2018-10-25,CHOP,-0.155
ETH,2018-10-26,CHOP,-0.464
ETH,2018-10-27,CHOP,0.18
ETH,2018-10-28,CHOP,-0.154
ETH,2018-10-29,CHOP,0.233
ETH,2018-10-30,DN,-0.786
ETH,2018-10-31,CHOP,0.119
ETH,2018-11-01,CHOP,0.177
ETH,2018-11-02,CHOP,0.41
ETH,2018-11-03,UP,0.55
ETH,2018-11-04,CHOP,-0.488
ETH,2018-11-05,UP,0.599
ETH,2018-11-06,CHOP,-0.255
ETH,2018-11-07,UP,0.832
ETH,2018-11-08,CHOP,-0.218
ETH,2018-11-09,DN,-0.756
ETH,2018-11-10,CHOP,-0.315
ETH,2018-11-11,CHOP,0.378
ETH,2018-11-12,CHOP,-0.146
ETH,2018-11-13,CHOP,0.087
ETH,2018-11-14,DN,-0.667
ETH,2018-11-15,DN,-0.656
ETH,2018-11-16,CHOP,-0.162
ETH,2018-11-17,DN,-0.622
ETH,2018-11-18,CHOP,-0.184
ETH,2018-11-19,CHOP,0.405
ETH,2018-11-20,DN,-0.859
ETH,2018-11-21,DN,-0.61
ETH,2018-11-22,CHOP,0.306
ETH,2018-11-23,DN,-0.795
ETH,2018-11-24,CHOP,-0.151
ETH,2018-11-25,DN,-0.547
ETH,2018-11-26,CHOP,0.198
ETH,2018-11-27,DN,-0.528
ETH,2018-11-28,CHOP,0.064
ETH,2018-11-29,UP,0.747
ETH,2018-11-30,DN,-0.531
ETH,2018-12-01,CHOP,-0.465
ETH,2018-12-02,CHOP,0.465
ETH,2018-12-03,CHOP,-0.321
ETH,2018-12-04,DN,-0.767
ETH,2018-12-05,CHOP,0.164
ETH,2018-12-06,DN,-0.879
ETH,2018-12-07,DN,-0.81
ETH,2018-12-08,CHOP,0.126
ETH,2018-12-09,CHOP,-0.199
ETH,2018-12-10,CHOP,0.285
ETH,2018-12-11,CHOP,-0.472
ETH,2018-12-12,CHOP,-0.364
ETH,2018-12-13,CHOP,0.35
ETH,2018-12-14,DN,-0.508
ETH,2018-12-15,DN,-0.501
ETH,2018-12-16,CHOP,-0.019
ETH,2018-12-17,CHOP,0.235
ETH,2018-12-18,UP,0.741
ETH,2018-12-19,UP,0.639
ETH,2018-12-20,CHOP,-0.168
ETH,2018-12-21,UP,0.845
ETH,2018-12-22,CHOP,-0.455
ETH,2018-12-23,UP,0.744
ETH,2018-12-24,UP,0.813
ETH,2018-12-25,CHOP,0.312
ETH,2018-12-26,DN,-0.532
ETH,2018-12-27,CHOP,0.136
ETH,2018-12-28,DN,-0.783
ETH,2018-12-29,UP,0.869
ETH,2018-12-30,CHOP,-0.142
ETH,2018-12-31,CHOP,0.398
ETH,2019-01-01,DN,-0.639
ETH,2019-01-02,UP,0.717
ETH,2019-01-03,UP,0.733
ETH,2019-01-04,DN,-0.542
ETH,2019-01-05,UP,0.504
ETH,2019-01-06,CHOP,0.093
ETH,2019-01-07,CHOP,0.104
ETH,2019-01-08,DN,-0.597
ETH,2019-01-09,CHOP,-0.262
ETH,2019-01-10,CHOP,0.101
ETH,2019-01-11,DN,-0.814
ETH,2019-01-12,CHOP,-0.043
ETH,2019-01-13,CHOP,-0.315
ETH,2019-01-14,DN,-0.742
ETH,2019-01-15,UP,0.793
ETH,2019-01-16,DN,-0.597
ETH,2019-01-17,CHOP,0.305
ETH,2019-01-18,CHOP,0.008
ETH,2019-01-19,DN,-0.553
ETH,2019-01-20,UP,0.559
ETH,2019-01-21,DN,-0.673
ETH,2019-01-22,CHOP,-0.395
ETH,2019-01-23,CHOP,0.27
ETH,2019-01-24,CHOP,-0.328
ETH,2019-01-25,CHOP,-0.003
ETH,2019-01-26,CHOP,-0.403
ETH,2019-01-27,CHOP,0.07
ETH,2019-01-28,DN,-0.64
ETH,2019-01-29,DN,-0.547
ETH,2019-01-30,CHOP,-0.237
ETH,2019-01-31,UP,0.611
ETH,2019-02-01,CHOP,-0.359
ETH,2019-02-02,CHOP,0.057
ETH,2019-02-03,UP,0.73
ETH,2019-02-04,DN,-0.577
ETH,2019-02-05,CHOP,0.128
ETH,2019-02-06,CHOP,-0.222
ETH,2019-02-07,CHOP,-0.42
ETH,2019-02-08,CHOP,-0.004
ETH,2019-02-09,UP,0.754
ETH,2019-02-10,CHOP,-0.03
ETH,2019-02-11,UP,0.555
ETH,2019-02-12,DN,-0.7
ETH,2019-02-13,CHOP,0.268
ETH,2019-02-14,CHOP,-0.094
ETH,2019-02-15,CHOP,-0.327
ETH,2019-02-16,CHOP,0.296
ETH,2019-02-17,CHOP,0.293
ETH,2019-02-18,UP,0.841
ETH,2019-02-19,UP,0.751
ETH,2019-02-20,CHOP,-0.295
ETH,2019-02-21,UP,0.503
ETH,2019-02-22,CHOP,-0.395
ETH,2019-02-23,CHOP,0.336
ETH,2019-02-24,UP,0.752
ETH,2019-02-25,DN,-0.748
ETH,2019-02-26,UP,0.597
ETH,2019-02-27,CHOP,-0.354
ETH,2019-02-28,CHOP,-0.089
ETH,2019-03-01,CHOP,0.045
ETH,2019-03-02,CHOP,0.0
ETH,2019-03-03,CHOP,-0.453
ETH,2019-03-04,CHOP,-0.294
ETH,2019-03-05,DN,-0.582
ETH,2019-03-06,UP,0.873
ETH,2019-03-07,CHOP,0.099
ETH,2019-03-08,CHOP,-0.112
ETH,2019-03-09,CHOP,-0.378
ETH,2019-03-10,UP,0.657
ETH,2019-03-11,DN,-0.543
ETH,2019-03-12,DN,-0.524
ETH,2019-03-13,CHOP,0.199
ETH,2019-03-14,DN,-0.642
ETH,2019-03-15,CHOP,0.077
ETH,2019-03-16,UP,0.794
ETH,2019-03-17,UP,0.543
ETH,2019-03-18,DN,-0.587
ETH,2019-03-19,CHOP,-0.183
ETH,2019-03-20,CHOP,0.386
ETH,2019-03-21,CHOP,0.123
ETH,2019-03-22,DN,-0.502
ETH,2019-03-23,CHOP,0.388
ETH,2019-03-24,UP,0.521
ETH,2019-03-25,CHOP,-0.454
ETH,2019-03-26,CHOP,-0.409
ETH,2019-03-27,CHOP,0.085
ETH,2019-03-28,UP,0.843
ETH,2019-03-29,DN,-0.705
ETH,2019-03-30,UP,0.903
ETH,2019-03-31,CHOP,-0.136
ETH,2019-04-01,DN,-0.51
ETH,2019-04-02,CHOP,-0.048
ETH,2019-04-03,UP,0.897
ETH,2019-04-04,CHOP,-0.115
ETH,2019-04-05,CHOP,-0.232
ETH,2019-04-06,UP,0.626
ETH,2019-04-07,CHOP,0.049
ETH,2019-04-08,UP,0.761
ETH,2019-04-09,CHOP,0.296
ETH,2019-04-10,DN,-0.506
ETH,2019-04-11,CHOP,0.161
ETH,2019-04-12,DN,-0.679
ETH,2019-04-13,CHOP,-0.104
ETH,2019-04-14,CHOP,-0.045
ETH,2019-04-15,UP,0.614
ETH,2019-04-16,DN,-0.554
ETH,2019-04-17,UP,0.746
ETH,2019-04-18,CHOP,0.097
ETH,2019-04-19,UP,0.746
ETH,2019-04-20,CHOP,-0.141
ETH,2019-04-21,CHOP,0.031
ETH,2019-04-22,CHOP,-0.497
ETH,2019-04-23,CHOP,0.364
ETH,2019-04-24,CHOP,-0.169
ETH,2019-04-25,CHOP,-0.412
ETH,2019-04-26,DN,-0.664
ETH,2019-04-27,CHOP,0.291
ETH,2019-04-28,CHOP,0.14
ETH,2019-04-29,CHOP,-0.443
ETH,2019-04-30,CHOP,-0.39
ETH,2019-05-01,UP,0.86
ETH,2019-05-02,CHOP,-0.301
ETH,2019-05-03,CHOP,0.323
ETH,2019-05-04,UP,0.632
ETH,2019-05-05,CHOP,-0.381
ETH,2019-05-06,CHOP,-0.107
ETH,2019-05-07,CHOP,0.485
ETH,2019-05-08,CHOP,-0.256
ETH,2019-05-09,CHOP,0.213
ETH,2019-05-10,CHOP,0.003
ETH,2019-05-11,CHOP,0.237
ETH,2019-05-12,UP,0.535
ETH,2019-05-13,CHOP,-0.09
ETH,2019-05-14,CHOP,0.361
ETH,2019-05-15,UP,0.803
ETH,2019-05-16,UP,0.931
ETH,2019-05-17,CHOP,0.426
ETH,2019-05-18,CHOP,-0.443
ETH,2019-05-19,DN,-0.616
ETH,2019-05-20,UP,0.805
ETH,2019-05-21,CHOP,-0.419
ETH,2019-05-22,CHOP,0.185
ETH,2019-05-23,CHOP,-0.473
ETH,2019-05-24,CHOP,0.054
ETH,2019-05-25,CHOP,0.331
ETH,2019-05-26,CHOP,0.136
ETH,2019-05-27,UP,0.588
ETH,2019-05-28,CHOP,0.315
ETH,2019-05-29,CHOP,0.029
ETH,2019-05-30,CHOP,-0.161
ETH,2019-05-31,CHOP,-0.296
ETH,2019-06-01,UP,0.566
ETH,2019-06-02,CHOP,-0.241
ETH,2019-06-03,CHOP,0.455
ETH,2019-06-04,DN,-0.862
ETH,2019-06-05,CHOP,-0.499
ETH,2019-06-06,CHOP,0.32
ETH,2019-06-07,CHOP,0.201
ETH,2019-06-08,CHOP,0.0
ETH,2019-06-09,DN,-0.544
ETH,2019-06-10,DN,-0.687
ETH,2019-06-11,UP,0.759
ETH,2019-06-12,CHOP,-0.205
ETH,2019-06-13,UP,0.854
ETH,2019-06-14,DN,-0.695
ETH,2019-06-15,UP,0.624
ETH,2019-06-16,CHOP,0.458
ETH,2019-06-17,CHOP,-0.004
ETH,2019-06-18,UP,0.591
ETH,2019-06-19,DN,-0.699
ETH,2019-06-20,UP,0.54
ETH,2019-06-21,CHOP,0.386
ETH,2019-06-22,UP,0.934
ETH,2019-06-23,UP,0.67
ETH,2019-06-24,CHOP,-0.135
ETH,2019-06-25,CHOP,0.196
ETH,2019-06-26,UP,0.551
ETH,2019-06-27,CHOP,0.412
ETH,2019-06-28,DN,-0.615
ETH,2019-06-29,UP,0.692
ETH,2019-06-30,CHOP,0.226
ETH,2019-07-01,DN,-0.747
ETH,2019-07-02,CHOP,0.093
ETH,2019-07-03,CHOP,-0.142
ETH,2019-07-04,UP,0.541
ETH,2019-07-05,DN,-0.828
ETH,2019-07-06,CHOP,0.327
ETH,2019-07-07,CHOP,0.085
ETH,2019-07-08,UP,0.646
ETH,2019-07-09,UP,0.559
ETH,2019-07-10,CHOP,-0.29
ETH,2019-07-11,DN,-0.55
ETH,2019-07-12,DN,-0.76
ETH,2019-07-13,CHOP,0.466
ETH,2019-07-14,CHOP,-0.447
ETH,2019-07-15,DN,-0.915
ETH,2019-07-16,CHOP,0.073
ETH,2019-07-17,DN,-0.694
ETH,2019-07-18,CHOP,0.424
ETH,2019-07-19,UP,0.624
ETH,2019-07-20,CHOP,-0.366
ETH,2019-07-21,CHOP,0.481
ETH,2019-07-22,CHOP,-0.227
ETH,2019-07-23,CHOP,-0.496
ETH,2019-07-24,CHOP,-0.457
ETH,2019-07-25,CHOP,0.231
ETH,2019-07-26,CHOP,0.286
ETH,2019-07-27,CHOP,-0.045
ETH,2019-07-28,DN,-0.567
ETH,2019-07-29,CHOP,0.283
ETH,2019-07-30,CHOP,-0.075
ETH,2019-07-31,CHOP,-0.127
ETH,2019-08-01,UP,0.923
ETH,2019-08-02,CHOP,-0.179
ETH,2019-08-03,CHOP,0.103
ETH,2019-08-04,UP,0.564
ETH,2019-08-05,CHOP,-0.054
ETH,2019-08-06,UP,0.813
ETH,2019-08-07,CHOP,-0.45
ETH,2019-08-08,CHOP,-0.02
ETH,2019-08-09,CHOP,-0.363
ETH,2019-08-10,DN,-0.749
ETH,2019-08-11,CHOP,-0.326
ETH,2019-08-12,UP,0.92
ETH,2019-08-13,DN,-0.708
ETH,2019-08-14,CHOP,-0.221
ETH,2019-08-15,DN,-0.841
ETH,2019-08-16,CHOP,0.109
ETH,2019-08-17,CHOP,-0.3
ETH,2019-08-18,CHOP,0.147
ETH,2019-08-19,UP,0.595
ETH,2019-08-20,UP,0.731
ETH,2019-08-21,DN,-0.68
ETH,2019-08-22,DN,-0.515
ETH,2019-08-23,CHOP,0.235
ETH,2019-08-24,CHOP,0.456
ETH,2019-08-25,CHOP,-0.404
ETH,2019-08-26,CHOP,-0.423
ETH,2019-08-27,CHOP,0.277
ETH,2019-08-28,CHOP,-0.289
ETH,2019-08-29,DN,-0.655
ETH,2019-08-30,CHOP,-0.406
ETH,2019-08-31,CHOP,-0.102
ETH,2019-09-01,CHOP,0.33
ETH,2019-09-02,CHOP,-0.134
ETH,2019-09-03,UP,0.667
ETH,2019-09-04,CHOP,0.084
ETH,2019-09-05,DN,-0.57
ETH,2019-09-06,CHOP,-0.117
ETH,2019-09-07,CHOP,-0.362
ETH,2019-09-08,UP,0.681
ETH,2019-09-09,CHOP,0.448
ETH,2019-09-10,CHOP,-0.068
ETH,2019-09-11,CHOP,-0.096
ETH,2019-09-12,CHOP,-0.162
ETH,2019-09-13,CHOP,0.42
ETH,2019-09-14,CHOP,0.062
ETH,2019-09-15,UP,0.793
ETH,2019-09-16,CHOP,0.19
ETH,2019-09-17,UP,0.733
ETH,2019-09-18,UP,0.547
ETH,2019-09-19,CHOP,0.246
ETH,2019-09-20,CHOP,0.461
ETH,2019-09-21,CHOP,-0.235
ETH,2019-09-22,CHOP,-0.357
ETH,2019-09-23,CHOP,-0.404
ETH,2019-09-24,DN,-0.761
ETH,2019-09-25,DN,-0.669
ETH,2019-09-26,CHOP,0.327
ETH,2019-09-27,CHOP,-0.214
ETH,2019-09-28,UP,0.502
ETH,2019-09-29,CHOP,-0.045
ETH,2019-09-30,CHOP,-0.41
ETH,2019-10-01,UP,0.714
ETH,2019-10-02,CHOP,-0.424
ETH,2019-10-03,UP,0.601
ETH,2019-10-04,CHOP,-0.497
ETH,2019-10-05,CHOP,0.102
ETH,2019-10-06,CHOP,0.149
ETH,2019-10-07,DN,-0.655
ETH,2019-10-08,UP,0.716
ETH,2019-10-09,CHOP,0.091
ETH,2019-10-10,UP,0.725
ETH,2019-10-11,CHOP,-0.201
ETH,2019-10-12,DN,-0.607
ETH,2019-10-13,CHOP,-0.138
ETH,2019-10-14,CHOP,0.208
ETH,2019-10-15,UP,0.807
ETH,2019-10-16,DN,-0.5
ETH,2019-10-17,DN,-0.628
ETH,2019-10-18,CHOP,0.416
ETH,2019-10-19,DN,-0.505
ETH,2019-10-20,CHOP,-0.179
ETH,2019-10-21,CHOP,0.441
ETH,2019-10-22,CHOP,-0.19
ETH,2019-10-23,DN,-0.591
ETH,2019-10-24,CHOP,-0.49
ETH,2019-10-25,CHOP,-0.394
ETH,2019-10-26,UP,0.767
ETH,2019-10-27,CHOP,-0.085
ETH,2019-10-28,CHOP,0.347
ETH,2019-10-29,CHOP,-0.232
ETH,2019-10-30,UP,0.766
ETH,2019-10-31,DN,-0.589
ETH,2019-11-01,CHOP,-0.126
ETH,2019-11-02,CHOP,0.088
ETH,2019-11-03,CHOP,0.011
ETH,2019-11-04,CHOP,-0.237
ETH,2019-11-05,UP,0.505
ETH,2019-11-06,CHOP,0.289
ETH,2019-11-07,CHOP,0.341
ETH,2019-11-08,DN,-0.583
ETH,2019-11-09,CHOP,-0.428
ETH,2019-11-10,CHOP,0.373
ETH,2019-11-11,CHOP,0.495
ETH,2019-11-12,DN,-0.649
ETH,2019-11-13,CHOP,0.403
ETH,2019-11-14,CHOP,0.234
ETH,2019-11-15,DN,-0.586
ETH,2019-11-16,DN,-0.546
ETH,2019-11-17,UP,0.572
ETH,2019-11-18,CHOP,0.238
ETH,2019-11-19,DN,-0.621
ETH,2019-11-20,CHOP,-0.385
ETH,2019-11-21,CHOP,-0.309
ETH,2019-11-22,DN,-0.739
ETH,2019-11-23,CHOP,-0.462
ETH,2019-11-24,CHOP,0.279
ETH,2019-11-25,DN,-0.834
ETH,2019-11-26,CHOP,0.284
ETH,2019-11-27,CHOP,0.252
ETH,2019-11-28,CHOP,0.35
ETH,2019-11-29,CHOP,-0.341
ETH,2019-11-30,UP,0.526
ETH,2019-12-01,DN,-0.571
ETH,2019-12-02,CHOP,-0.104
ETH,2019-12-03,CHOP,-0.439
ETH,2019-12-04,CHOP,-0.358
ETH,2019-12-05,CHOP,-0.205
ETH,2019-12-06,CHOP,0.493
ETH,2019-12-07,CHOP,0.084
ETH,2019-12-08,DN,-0.5
ETH,2019-12-09,UP,0.595
ETH,2019-12-10,DN,-0.661
ETH,2019-12-11,CHOP,-0.387
ETH,2019-12-12,DN,-0.507
ETH,2019-12-13,CHOP,0.221
ETH,2019-12-14,CHOP,-0.022
ETH,2019-12-15,DN,-0.774
ETH,2019-12-16,CHOP,0.16
ETH,2019-12-17,DN,-0.658
ETH,2019-12-18,DN,-0.782
ETH,2019-12-19,UP,0.586
ETH,2019-12-20,DN,-0.566
ETH,2019-12-21,CHOP,0.025
ETH,2019-12-22,DN,-0.632
ETH,2019-12-23,UP,0.814
ETH,2019-12-24,CHOP,-0.475
ETH,2019-12-25,CHOP,-0.016
ETH,2019-12-26,DN,-0.547
ETH,2019-12-27,CHOP,0.062
ETH,2019-12-28,CHOP,0.137
ETH,2019-12-29,CHOP,0.477
ETH,2019-12-30,UP,0.592
ETH,2019-12-31,CHOP,-0.466
ETH,2020-01-01,CHOP,-0.445
ETH,2020-01-02,CHOP,0.368
ETH,2020-01-03,DN,-0.802
ETH,2020-01-04,UP,0.773
ETH,2020-01-05,CHOP,-0.051
ETH,2020-01-06,CHOP,0.293
ETH,2020-01-07,UP,0.919
ETH,2020-01-08,CHOP,-0.205
ETH,2020-01-09,CHOP,-0.194
ETH,2020-01-10,CHOP,-0.487
ETH,2020-01-11,UP,0.722
ETH,2020-01-12,CHOP,-0.411
ETH,2020-01-13,UP,0.855
ETH,2020-01-14,DN,-0.63
ETH,2020-01-15,UP,0.783
ETH,2020-01-16,CHOP,0.063
ETH,2020-01-17,CHOP,-0.228
ETH,2020-01-18,CHOP,0.443
ETH,2020-01-19,CHOP,0.289
ETH,2020-01-20,CHOP,-0.446
ETH,2020-01-21,CHOP,0.01
ETH,2020-01-22,CHOP,0.476
ETH,2020-01-23,CHOP,-0.259
ETH,2020-01-24,DN,-0.585
ETH,2020-01-25,CHOP,-0.035
ETH,2020-01-26,CHOP,-0.417
ETH,2020-01-27,UP,0.865
ETH,2020-01-28,CHOP,0.296
ETH,2020-01-29,UP,0.908
ETH,2020-01-30,CHOP,-0.363
ETH,2020-01-31,UP,0.685
ETH,2020-02-01,CHOP,-0.445
ETH,2020-02-02,UP,0.725
ETH,2020-02-03,CHOP,0.336
ETH,2020-02-04,CHOP,0.141
ETH,2020-02-05,CHOP,-0.12
ETH,2020-02-06,UP,0.766
ETH,2020-02-07,UP,0.615
ETH,2020-02-08,UP,0.858
ETH,2020-02-09,CHOP,-0.021
ETH,2020-02-10,UP,0.703
ETH,2020-02-11,CHOP,-0.433
ETH,2020-02-12,UP,0.658
ETH,2020-02-13,UP,0.752
ETH,2020-02-14,CHOP,0.119
ETH,2020-02-15,UP,0.626
ETH,2020-02-16,DN,-0.762
ETH,2020-02-17,CHOP,-0.166
ETH,2020-02-18,CHOP,0.335
ETH,2020-02-19,UP,0.528
ETH,2020-02-20,DN,-0.723
ETH,2020-02-21,CHOP,-0.078
ETH,2020-02-22,UP,0.567
ETH,2020-02-23,CHOP,-0.347
ETH,2020-02-24,UP,0.882
ETH,2020-02-25,CHOP,-0.447
ETH,2020-02-26,DN,-0.863
ETH,2020-02-27,DN,-0.656
ETH,2020-02-28,CHOP,0.135
ETH,2020-02-29,CHOP,-0.047
ETH,2020-03-01,DN,-0.597
ETH,2020-03-02,CHOP,0.033
ETH,2020-03-03,UP,0.773
ETH,2020-03-04,DN,-0.635
ETH,2020-03-05,CHOP,0.049
ETH,2020-03-06,CHOP,0.418
ETH,2020-03-07,UP,0.925
ETH,2020-03-08,CHOP,-0.483
ETH,2020-03-09,DN,-0.906
ETH,2020-03-10,CHOP,0.182
ETH,2020-03-11,CHOP,-0.196
ETH,2020-03-12,CHOP,-0.286
ETH,2020-03-13,DN,-0.92
ETH,2020-03-14,CHOP,0.492
ETH,2020-03-15,DN,-0.785
ETH,2020-03-16,CHOP,0.093
ETH,2020-03-17,DN,-0.551
ETH,2020-03-18,CHOP,0.407
ETH,2020-03-19,CHOP,0.282
ETH,2020-03-20,UP,0.657
ETH,2020-03-21,CHOP,-0.079
ETH,2020-03-22,CHOP,-0.07
ETH,2020-03-23,DN,-0.643
ETH,2020-03-24,UP,0.756
ETH,2020-03-25,CHOP,0.227
ETH,2020-03-26,CHOP,-0.237
ETH,2020-03-27,CHOP,0.353
ETH,2020-03-28,DN,-0.61
ETH,2020-03-29,CHOP,-0.043
ETH,2020-03-30,DN,-0.802
ETH,2020-03-31,UP,0.668
ETH,2020-04-01,CHOP,0.136
ETH,2020-04-02,CHOP,0.355
ETH,2020-04-03,CHOP,0.382
ETH,2020-04-04,CHOP,0.004
ETH,2020-04-05,CHOP,0.378
ETH,2020-04-06,CHOP,-0.29
ETH,2020-04-07,UP,0.974
ETH,2020-04-08,CHOP,-0.478
ETH,2020-04-09,UP,0.78
ETH,2020-04-10,CHOP,-0.443
ETH,2020-04-11,DN,-0.653
ETH,2020-04-12,CHOP,0.07
ETH,2020-04-13,CHOP,0.027
ETH,2020-04-14,CHOP,-0.253
ETH,2020-04-15,CHOP,0.328
ETH,2020-04-16,DN,-0.617
ETH,2020-04-17,UP,0.739
ETH,2020-04-18,CHOP,-0.244
ETH,2020-04-19,UP,0.881
ETH,2020-04-20,DN,-0.585
ETH,2020-04-21,CHOP,-0.497
ETH,2020-04-22,CHOP,0.079
ETH,2020-04-23,UP,0.842
ETH,2020-04-24,CHOP,0.182
ETH,2020-04-25,CHOP,0.398
ETH,2020-04-26,UP,0.525
ETH,2020-04-27,CHOP,0.412
ETH,2020-04-28,CHOP,-0.108
ETH,2020-04-29,CHOP,-0.015
ETH,2020-04-30,UP,0.848
ETH,2020-05-01,CHOP,-0.368
ETH,2020-05-02,UP,0.53
ETH,2020-05-03,CHOP,0.377
ETH,2020-05-04,CHOP,-0.262
ETH,2020-05-05,CHOP,-0.214
ETH,2020-05-06,CHOP,-0.11
ETH,2020-05-07,CHOP,-0.485
ETH,2020-05-08,UP,0.701
ETH,2020-05-09,CHOP,-0.072
ETH,2020-05-10,CHOP,-0.202
ETH,2020-05-11,DN,-0.737
ETH,2020-05-12,CHOP,-0.108
ETH,2020-05-13,UP,0.586
ETH,2020-05-14,UP,0.775
ETH,2020-05-15,CHOP,0.356
ETH,2020-05-16,DN,-0.679
ETH,2020-05-17,UP,0.542
ETH,2020-05-18,UP,0.645
ETH,2020-05-19,UP,0.784
ETH,2020-05-20,CHOP,-0.052
ETH,2020-05-21,CHOP,-0.402
ETH,2020-05-22,DN,-0.564
ETH,2020-05-23,UP,0.667
ETH,2020-05-24,CHOP,-0.114
ETH,2020-05-25,DN,-0.606
ETH,2020-05-26,UP,0.555
ETH,2020-05-27,CHOP,-0.411
ETH,2020-05-28,UP,0.96
ETH,2020-05-29,UP,0.753
ETH,2020-05-30,CHOP,0.06
ETH,2020-05-31,UP,0.817
ETH,2020-06-01,DN,-0.768
ETH,2020-06-02,UP,0.833
ETH,2020-06-03,CHOP,-0.365
ETH,2020-06-04,UP,0.554
ETH,2020-06-05,CHOP,-0.125
ETH,2020-06-06,CHOP,-0.365
ETH,2020-06-07,CHOP,0.277
ETH,2020-06-08,CHOP,0.243
ETH,2020-06-09,CHOP,0.257
ETH,2020-06-10,CHOP,-0.217
ETH,2020-06-11,CHOP,0.482
ETH,2020-06-12,DN,-0.723
ETH,2020-06-13,UP,0.634
ETH,2020-06-14,CHOP,0.138
ETH,2020-06-15,DN,-0.726
ETH,2020-06-16,CHOP,-0.058
ETH,2020-06-17,UP,0.608
ETH,2020-06-18,CHOP,-0.154
ETH,2020-06-19,CHOP,-0.379
ETH,2020-06-20,CHOP,-0.434
ETH,2020-06-21,CHOP,-0.021
ETH,2020-06-22,CHOP,-0.192
ETH,2020-06-23,UP,0.779
ETH,2020-06-24,CHOP,0.007
ETH,2020-06-25,CHOP,-0.472
ETH,2020-06-26,CHOP,-0.264
ETH,2020-06-27,CHOP,-0.486
ETH,2020-06-28,DN,-0.565
ETH,2020-06-29,CHOP,0.414
ETH,2020-06-30,CHOP,0.349
ETH,2020-07-01,CHOP,-0.411
ETH,2020-07-02,UP,0.632
ETH,2020-07-03,CHOP,-0.496
ETH,2020-07-04,CHOP,-0.382
ETH,2020-07-05,UP,0.686
ETH,2020-07-06,CHOP,-0.247
ETH,2020-07-07,UP,0.933
ETH,2020-07-08,CHOP,-0.236
ETH,2020-07-09,UP,0.681
ETH,2020-07-10,CHOP,-0.495
ETH,2020-07-11,CHOP,-0.11
ETH,2020-07-12,DN,-0.504
ETH,2020-07-13,CHOP,0.481
ETH,2020-07-14,CHOP,-0.407
ETH,2020-07-15,CHOP,0.185
ETH,2020-07-16,CHOP,-0.398
ETH,2020-07-17,DN,-0.536
ETH,2020-07-18,CHOP,-0.285
ETH,2020-07-19,UP,0.672
ETH,2020-07-20,UP,0.518
ETH,2020-07-21,DN,-0.549
ETH,2020-07-22,UP,0.865
ETH,2020-07-23,UP,0.648
ETH,2020-07-24,UP,0.57
ETH,2020-07-25,CHOP,0.18
ETH,2020-07-26,UP,0.875
ETH,2020-07-27,CHOP,0.288
ETH,2020-07-28,CHOP,0.484
ETH,2020-07-29,CHOP,-0.247
ETH,2020-07-30,CHOP,0.074
ETH,2020-07-31,UP,0.612
ETH,2020-08-01,UP,0.547
ETH,2020-08-02,UP,0.82
ETH,2020-08-03,CHOP,-0.161
ETH,2020-08-04,CHOP,0.428
ETH,2020-08-05,CHOP,0.167
ETH,2020-08-06,CHOP,0.486
ETH,2020-08-07,CHOP,-0.452
ETH,2020-08-08,CHOP,-0.436
ETH,2020-08-09,UP,0.832
ETH,2020-08-10,CHOP,-0.415
ETH,2020-08-11,CHOP,0.377
ETH,2020-08-12,DN,-0.526
ETH,2020-08-13,CHOP,0.35
ETH,2020-08-14,UP,0.681
ETH,2020-08-15,CHOP,0.491
ETH,2020-08-16,CHOP,-0.364
ETH,2020-08-17,CHOP,0.054
ETH,2020-08-18,CHOP,-0.106
ETH,2020-08-19,CHOP,-0.475
ETH,2020-08-20,CHOP,-0.432
ETH,2020-08-21,UP,0.501
ETH,2020-08-22,DN,-0.833
ETH,2020-08-23,CHOP,0.427
ETH,2020-08-24,CHOP,-0.328
ETH,2020-08-25,UP,0.738
ETH,2020-08-26,DN,-0.634
ETH,2020-08-27,CHOP,0.187
ETH,2020-08-28,CHOP,-0.099
ETH,2020-08-29,UP,0.647
ETH,2020-08-30,CHOP,0.257
ETH,2020-08-31,UP,0.959
ETH,2020-09-01,CHOP,0.231
ETH,2020-09-02,UP,0.696
ETH,2020-09-03,DN,-0.585
ETH,2020-09-04,DN,-0.738
ETH,2020-09-05,CHOP,0.09
ETH,2020-09-06,DN,-0.581
ETH,2020-09-07,CHOP,0.405
ETH,2020-09-08,CHOP,0.021
ETH,2020-09-09,DN,-0.519
ETH,2020-09-10,CHOP,0.472
ETH,2020-09-11,UP,0.625
ETH,2020-09-12,CHOP,0.288
ETH,2020-09-13,UP,0.594
ETH,2020-09-14,DN,-0.528
ETH,2020-09-15,CHOP,0.37
ETH,2020-09-16,DN,-0.649
ETH,2020-09-17,CHOP,0.057
ETH,2020-09-18,UP,0.789
ETH,2020-09-19,CHOP,-0.288
ETH,2020-09-20,CHOP,0.073
ETH,2020-09-21,DN,-0.695
ETH,2020-09-22,DN,-0.67
ETH,2020-09-23,CHOP,0.337
ETH,2020-09-24,DN,-0.748
ETH,2020-09-25,UP,0.775
ETH,2020-09-26,CHOP,0.144
ETH,2020-09-27,CHOP,0.189
ETH,2020-09-28,CHOP,0.238
ETH,2020-09-29,CHOP,-0.219
ETH,2020-09-30,UP,0.578
ETH,2020-10-01,CHOP,0.005
ETH,2020-10-02,CHOP,-0.28
ETH,2020-10-03,CHOP,-0.356
ETH,2020-10-04,CHOP,0.048
ETH,2020-10-05,UP,0.604
ETH,2020-10-06,CHOP,0.169
ETH,2020-10-07,DN,-0.704
ETH,2020-10-08,CHOP,0.073
ETH,2020-10-09,CHOP,0.49
ETH,2020-10-10,UP,0.67
ETH,2020-10-11,CHOP,0.402
ETH,2020-10-12,CHOP,0.418
ETH,2020-10-13,CHOP,0.422
ETH,2020-10-14,CHOP,-0.413
ETH,2020-10-15,CHOP,-0.165
ETH,2020-10-16,CHOP,-0.088
ETH,2020-10-17,DN,-0.65
ETH,2020-10-18,CHOP,0.397
ETH,2020-10-19,UP,0.849
ETH,2020-10-20,CHOP,0.1
ETH,2020-10-21,DN,-0.697
ETH,2020-10-22,UP,0.647
ETH,2020-10-23,UP,0.776
ETH,2020-10-24,CHOP,-0.268
ETH,2020-10-25,CHOP,0.305
ETH,2020-10-26,CHOP,-0.421
ETH,2020-10-27,CHOP,-0.463
ETH,2020-10-28,UP,0.537
ETH,2020-10-29,DN,-0.529
ETH,2020-10-30,CHOP,-0.083
ETH,2020-10-31,CHOP,-0.248
ETH,2020-11-01,CHOP,0.258
ETH,2020-11-02,UP,0.748
ETH,2020-11-03,DN,-0.514
ETH,2020-11-04,CHOP,0.246
ETH,2020-11-05,CHOP,0.458
ETH,2020-11-06,UP,0.585
ETH,2020-11-07,UP,0.9
ETH,2020-11-08,CHOP,-0.469
ETH,2020-11-09,UP,0.679
ETH,2020-11-10,CHOP,-0.383
ETH,2020-11-11,CHOP,0.369
ETH,2020-11-12,CHOP,0.473
ETH,2020-11-13,CHOP,-0.037
ETH,2020-11-14,UP,0.668
ETH,2020-11-15,DN,-0.61
ETH,2020-11-16,DN,-0.565
ETH,2020-11-17,UP,0.607
ETH,2020-11-18,UP,0.863
ETH,2020-11-19,CHOP,-0.096
ETH,2020-11-20,CHOP,-0.452
ETH,2020-11-21,UP,0.888
ETH,2020-11-22,UP,0.836
ETH,2020-11-23,CHOP,0.109
ETH,2020-11-24,UP,0.799
ETH,2020-11-25,CHOP,-0.095
ETH,2020-11-26,DN,-0.68
ETH,2020-11-27,DN,-0.515
ETH,2020-11-28,CHOP,-0.031
ETH,2020-11-29,CHOP,0.458
ETH,2020-11-30,UP,0.833
ETH,2020-12-01,UP,0.862
ETH,2020-12-02,CHOP,-0.415
ETH,2020-12-03,CHOP,0.389
ETH,2020-12-04,UP,0.504
ETH,2020-12-05,DN,-0.897
ETH,2020-12-06,UP,0.816
ETH,2020-12-07,CHOP,0.193
ETH,2020-12-08,DN,-0.545
ETH,2020-12-09,DN,-0.794
ETH,2020-12-10,CHOP,0.381
ETH,2020-12-11,DN,-0.515
ETH,2020-12-12,DN,-0.575
ETH,2020-12-13,UP,0.763
ETH,2020-12-14,UP,0.711
ETH,2020-12-15,CHOP,-0.285
ETH,2020-12-16,CHOP,0.126
ETH,2020-12-17,UP,0.816
ETH,2020-12-18,CHOP,0.109
ETH,2020-12-19,CHOP,0.316
ETH,2020-12-20,CHOP,0.174
ETH,2020-12-21,CHOP,-0.492
ETH,2020-12-22,DN,-0.586
ETH,2020-12-23,UP,0.579
ETH,2020-12-24,DN,-0.583
ETH,2020-12-25,UP,0.541
ETH,2020-12-26,CHOP,0.484
ETH,2020-12-27,CHOP,0.283
ETH,2020-12-28,UP,0.517
ETH,2020-12-29,UP,0.676
ETH,2020-12-30,CHOP,0.031
ETH,2020-12-31,CHOP,0.479
ETH,2021-01-01,CHOP,-0.467
ETH,2021-01-02,CHOP,-0.216
ETH,2021-01-03,UP,0.627
ETH,2021-01-04,UP,0.841
ETH,2021-01-05,CHOP,0.231
ETH,2021-01-06,CHOP,0.363
ETH,2021-01-07,UP,0.695
ETH,2021-01-08,CHOP,0.102
ETH,2021-01-09,CHOP,-0.038
ETH,2021-01-10,CHOP,0.446
ETH,2021-01-11,CHOP,-0.122
ETH,2021-01-12,CHOP,-0.485
ETH,2021-01-13,CHOP,-0.256
ETH,2021-01-14,UP,0.53
ETH,2021-01-15,UP,0.633
ETH,2021-01-16,CHOP,-0.338
ETH,2021-01-17,CHOP,0.406
ETH,2021-01-18,CHOP,0.044
ETH,2021-01-19,CHOP,0.332
ETH,2021-01-20,UP,0.572
ETH,2021-01-21,CHOP,0.067
ETH,2021-01-22,DN,-0.874
ETH,2021-01-23,UP,0.521
ETH,2021-01-24,CHOP,0.013
ETH,2021-01-25,UP,0.889
ETH,2021-01-26,CHOP,-0.41
ETH,2021-01-27,CHOP,0.361
ETH,2021-01-28,DN,-0.764
ETH,2021-01-29,UP,0.636
ETH,2021-01-30,CHOP,0.33
ETH,2021-01-31,CHOP,-0.019
ETH,2021-02-01,DN,-0.657
ETH,2021-02-02,UP,0.571
ETH,2021-02-03,UP,0.734
ETH,2021-02-04,UP,0.948
ETH,2021-02-05,CHOP,-0.49
ETH,2021-02-06,UP,0.73
ETH,2021-02-07,CHOP,-0.423
ETH,2021-02-08,CHOP,-0.32
ETH,2021-02-09,UP,0.655
ETH,2021-02-10,CHOP,0.172
ETH,2021-02-11,CHOP,-0.18
ETH,2021-02-12,CHOP,0.388
ETH,2021-02-13,CHOP,0.435
ETH,2021-02-14,CHOP,-0.237
ETH,2021-02-15,CHOP,-0.225
ETH,2021-02-16,CHOP,-0.115
ETH,2021-02-17,CHOP,0.026
ETH,2021-02-18,UP,0.557
ETH,2021-02-19,UP,0.892
ETH,2021-02-20,CHOP,0.197
ETH,2021-02-21,CHOP,-0.178
ETH,2021-02-22,CHOP,0.221
ETH,2021-02-23,CHOP,-0.405
ETH,2021-02-24,CHOP,-0.467
ETH,2021-02-25,CHOP,0.215
ETH,2021-02-26,DN,-0.666
ETH,2021-02-27,CHOP,-0.231
ETH,2021-02-28,CHOP,0.13
ETH,2021-03-01,CHOP,-0.223
ETH,2021-03-02,UP,0.933
ETH,2021-03-03,DN,-0.565
ETH,2021-03-04,CHOP,0.446
ETH,2021-03-05,CHOP,-0.24
ETH,2021-03-06,CHOP,-0.102
ETH,2021-03-07,UP,0.771
ETH,2021-03-08,UP,0.727
ETH,2021-03-09,UP,0.597
ETH,2021-03-10,UP,0.514
ETH,2021-03-11,DN,-0.625
ETH,2021-03-12,CHOP,0.251
ETH,2021-03-13,CHOP,-0.489
ETH,2021-03-14,UP,0.721
ETH,2021-03-15,DN,-0.765
ETH,2021-03-16,CHOP,-0.338
ETH,2021-03-17,CHOP,0.103
ETH,2021-03-18,CHOP,0.19
ETH,2021-03-19,DN,-0.522
ETH,2021-03-20,CHOP,0.31
ETH,2021-03-21,CHOP,-0.043
ETH,2021-03-22,CHOP,-0.336
ETH,2021-03-23,DN,-0.671
ETH,2021-03-24,CHOP,-0.184
ETH,2021-03-25,CHOP,-0.423
ETH,2021-03-26,CHOP,0.053
ETH,2021-03-27,UP,0.99
ETH,2021-03-28,CHOP,0.208
ETH,2021-03-29,CHOP,-0.397
ETH,2021-03-30,UP,0.794
ETH,2021-03-31,CHOP,0.325
ETH,2021-04-01,CHOP,0.441
ETH,2021-04-02,CHOP,0.488
ETH,2021-04-03,UP,0.839
ETH,2021-04-04,DN,-0.883
ETH,2021-04-05,UP,0.576
ETH,2021-04-06,CHOP,0.247
ETH,2021-04-07,CHOP,0.045
ETH,2021-04-08,DN,-0.747
ETH,2021-04-09,UP,0.852
ETH,2021-04-10,CHOP,-0.258
ETH,2021-04-11,CHOP,0.467
ETH,2021-04-12,CHOP,0.346
ETH,2021-04-13,CHOP,-0.135
ETH,2021-04-14,UP,0.884
ETH,2021-04-15,UP,0.804
ETH,2021-04-16,UP,0.568
ETH,2021-04-17,CHOP,-0.368
ETH,2021-04-18,DN,-0.566
ETH,2021-04-19,CHOP,-0.209
ETH,2021-04-20,CHOP,-0.339
ETH,2021-04-21,UP,0.579
ETH,2021-04-22,CHOP,0.114
ETH,2021-04-23,CHOP,0.12
ETH,2021-04-24,CHOP,-0.091
ETH,2021-04-25,DN,-0.72
ETH,2021-04-26,UP,0.564
ETH,2021-04-27,UP,0.887
ETH,2021-04-28,UP,0.671
ETH,2021-04-29,CHOP,0.409
ETH,2021-04-30,CHOP,0.068
ETH,2021-05-01,CHOP,0.204
ETH,2021-05-02,UP,0.817
ETH,2021-05-03,CHOP,0.036
ETH,2021-05-04,UP,0.954
ETH,2021-05-05,DN,-0.523
ETH,2021-05-06,UP,0.817
ETH,2021-05-07,CHOP,-0.151
ETH,2021-05-08,CHOP,-0.044
ETH,2021-05-09,UP,0.846
ETH,2021-05-10,CHOP,0.053
ETH,2021-05-11,CHOP,0.039
ETH,2021-05-12,UP,0.555
ETH,2021-05-13,DN,-0.522
ETH,2021-05-14,CHOP,-0.172
ETH,2021-05-15,UP,0.741
ETH,2021-05-16,DN,-0.853
ETH,2021-05-17,CHOP,-0.12
ETH,2021-05-18,DN,-0.617
ETH,2021-05-19,CHOP,0.285
ETH,2021-05-20,DN,-0.603
ETH,2021-05-21,CHOP,0.395
ETH,2021-05-22,CHOP,-0.402
ETH,2021-05-23,CHOP,-0.4
ETH,2021-05-24,CHOP,-0.305
ETH,2021-05-25,UP,0.927
ETH,2021-05-26,CHOP,0.154
ETH,2021-05-27,UP,0.674
ETH,2021-05-28,DN,-0.557
ETH,2021-05-29,DN,-0.759
ETH,2021-05-30,CHOP,-0.361
ETH,2021-05-31,CHOP,0.362
ETH,2021-06-01,UP,0.714
ETH,2021-06-02,CHOP,-0.331
ETH,2021-06-03,CHOP,0.284
ETH,2021-06-04,UP,0.658
ETH,2021-06-05,DN,-0.545
ETH,2021-06-06,CHOP,-0.234
ETH,2021-06-07,UP,0.643
ETH,2021-06-08,CHOP,-0.432
ETH,2021-06-09,CHOP,-0.268
ETH,2021-06-10,CHOP,0.464
ETH,2021-06-11,DN,-0.698
ETH,2021-06-12,DN,-0.662
ETH,2021-06-13,CHOP,0.084
ETH,2021-06-14,UP,0.578
ETH,2021-06-15,CHOP,0.482
ETH,2021-06-16,CHOP,-0.28
ETH,2021-06-17,DN,-0.857
ETH,2021-06-18,CHOP,0.034
ETH,2021-06-19,DN,-0.582
ETH,2021-06-20,DN,-0.593
ETH,2021-06-21,CHOP,0.326
ETH,2021-06-22,DN,-0.907
ETH,2021-06-23,CHOP,-0.02
ETH,2021-06-24,CHOP,0.398
ETH,2021-06-25,CHOP,0.142
ETH,2021-06-26,DN,-0.79
ETH,2021-06-27,CHOP,0.153
ETH,2021-06-28,UP,0.846
ETH,2021-06-29,UP,0.554
ETH,2021-06-30,CHOP,0.472
ETH,2021-07-01,UP,0.552
ETH,2021-07-02,DN,-0.835
ETH,2021-07-03,CHOP,0.337
ETH,2021-07-04,UP,0.571
ETH,2021-07-05,CHOP,0.478
ETH,2021-07-06,DN,-0.754
ETH,2021-07-07,UP,0.8
ETH,2021-07-08,CHOP,-0.051
ETH,2021-07-09,DN,-0.83
ETH,2021-07-10,CHOP,0.215
ETH,2021-07-11,CHOP,-0.301
ETH,2021-07-12,CHOP,0.32
ETH,2021-07-13,DN,-0.676
ETH,2021-07-14,DN,-0.707
ETH,2021-07-15,CHOP,0.351
ETH,2021-07-16,CHOP,-0.463
ETH,2021-07-17,CHOP,-0.376
ETH,2021-07-18,CHOP,0.309
ETH,2021-07-19,CHOP,-0.067
ETH,2021-07-20,DN,-0.64
ETH,2021-07-21,CHOP,-0.242
ETH,2021-07-22,UP,0.728
ETH,2021-07-23,CHOP,0.295
ETH,2021-07-24,UP,0.726
ETH,2021-07-25,UP,0.644
ETH,2021-07-26,CHOP,0.053
ETH,2021-07-27,CHOP,0.146
ETH,2021-07-28,CHOP,0.425
ETH,2021-07-29,CHOP,0.014
ETH,2021-07-30,UP,0.613
ETH,2021-07-31,UP,0.506
ETH,2021-08-01,UP,0.52
ETH,2021-08-02,CHOP,0.132
ETH,2021-08-03,CHOP,0.323
ETH,2021-08-04,DN,-0.515
ETH,2021-08-05,UP,0.687
ETH,2021-08-06,CHOP,0.326
ETH,2021-08-07,CHOP,0.285
ETH,2021-08-08,UP,0.88
ETH,2021-08-09,DN,-0.617
ETH,2021-08-10,UP,0.508
ETH,2021-08-11,CHOP,-0.104
ETH,2021-08-12,CHOP,0.126
ETH,2021-08-13,CHOP,-0.441
ETH,2021-08-14,UP,0.939
ETH,2021-08-15,CHOP,-0.452
ETH,2021-08-16,CHOP,0.21
ETH,2021-08-17,DN,-0.805
ETH,2021-08-18,CHOP,-0.454
ETH,2021-08-19,CHOP,0.016
ETH,2021-08-20,UP,0.74
ETH,2021-08-21,UP,0.82
ETH,2021-08-22,DN,-0.601
ETH,2021-08-23,CHOP,0.101
ETH,2021-08-24,UP,0.563
ETH,2021-08-25,DN,-0.716
ETH,2021-08-26,CHOP,0.335
ETH,2021-08-27,DN,-0.68
ETH,2021-08-28,UP,0.821
ETH,2021-08-29,CHOP,-0.383
ETH,2021-08-30,CHOP,-0.16
ETH,2021-08-31,CHOP,0.03
ETH,2021-09-01,UP,0.697
ETH,2021-09-02,UP,0.865
ETH,2021-09-03,CHOP,-0.342
ETH,2021-09-04,CHOP,0.472
ETH,2021-09-05,CHOP,-0.382
ETH,2021-09-06,CHOP,0.431
ETH,2021-09-07,CHOP,-0.222
ETH,2021-09-08,DN,-0.522
ETH,2021-09-09,CHOP,0.186
ETH,2021-09-10,CHOP,-0.419
ETH,2021-09-11,DN,-0.593
ETH,2021-09-12,CHOP,0.393
ETH,2021-09-13,UP,0.564
ETH,2021-09-14,CHOP,-0.37
ETH,2021-09-15,UP,0.893
ETH,2021-09-16,UP,0.693
ETH,2021-09-17,CHOP,-0.234
ETH,2021-09-18,DN,-0.689
ETH,2021-09-19,CHOP,0.207
ETH,2021-09-20,DN,-0.599
ETH,2021-09-21,DN,-0.809
ETH,2021-09-22,CHOP,-0.466
ETH,2021-09-23,UP,0.883
ETH,2021-09-24,UP,0.537
ETH,2021-09-25,DN,-0.526
ETH,2021-09-26,CHOP,-0.039
ETH,2021-09-27,CHOP,0.364
ETH,2021-09-28,DN,-0.552
ETH,2021-09-29,DN,-0.659
ETH,2021-09-30,CHOP,0.27
ETH,2021-10-01,UP,0.711
ETH,2021-10-02,UP,0.857
ETH,2021-10-03,CHOP,0.367
ETH,2021-10-04,CHOP,0.206
ETH,2021-10-05,CHOP,-0.188
ETH,2021-10-06,UP,0.712
ETH,2021-10-07,CHOP,0.205
ETH,2021-10-08,CHOP,0.069
ETH,2021-10-09,CHOP,-0.149
ETH,2021-10-10,CHOP,0.121
ETH,2021-10-11,DN,-0.807
ETH,2021-10-12,UP,0.506
ETH,2021-10-13,CHOP,-0.352
ETH,2021-10-14,UP,0.579
ETH,2021-10-15,UP,0.771
ETH,2021-10-16,CHOP,0.45
ETH,2021-10-17,CHOP,-0.229
ETH,2021-10-18,CHOP,0.06
ETH,2021-10-19,CHOP,-0.47
ETH,2021-10-20,UP,0.853
ETH,2021-10-21,UP,0.833
ETH,2021-10-22,CHOP,-0.299
ETH,2021-10-23,CHOP,-0.289
ETH,2021-10-24,UP,0.831
ETH,2021-10-25,CHOP,-0.377
ETH,2021-10-26,UP,0.82
ETH,2021-10-27,CHOP,-0.43
ETH,2021-10-28,DN,-0.526
ETH,2021-10-29,UP,0.899
ETH,2021-10-30,UP,0.683
ETH,2021-10-31,CHOP,-0.477
ETH,2021-11-01,CHOP,-0.151
ETH,2021-11-02,CHOP,0.133
ETH,2021-11-03,UP,0.858
ETH,2021-11-04,CHOP,0.065
ETH,2021-11-05,CHOP,-0.381
ETH,2021-11-06,CHOP,-0.442
ETH,2021-11-07,CHOP,0.215
ETH,2021-11-08,UP,0.698
ETH,2021-11-09,UP,0.926
ETH,2021-11-10,DN,-0.608
ETH,2021-11-11,CHOP,-0.255
ETH,2021-11-12,CHOP,0.446
ETH,2021-11-13,CHOP,-0.177
ETH,2021-11-14,CHOP,-0.172
ETH,2021-11-15,CHOP,-0.098
ETH,2021-11-16,CHOP,-0.27
ETH,2021-11-17,DN,-0.768
ETH,2021-11-18,CHOP,0.331
ETH,2021-11-19,DN,-0.75
ETH,2021-11-20,UP,0.887
ETH,2021-11-21,CHOP,0.498
ETH,2021-11-22,DN,-0.738
ETH,2021-11-23,DN,-0.584
ETH,2021-11-24,UP,0.777
ETH,2021-11-25,CHOP,-0.34
ETH,2021-11-26,UP,0.844
ETH,2021-11-27,DN,-0.757
ETH,2021-11-28,CHOP,0.348
ETH,2021-11-29,UP,0.596
ETH,2021-11-30,UP,0.823
ETH,2021-12-01,CHOP,0.457
ETH,2021-12-02,CHOP,-0.186
ETH,2021-12-03,CHOP,-0.355
ETH,2021-12-04,CHOP,-0.475
ETH,2021-12-05,CHOP,-0.133
ETH,2021-12-06,CHOP,0.365
ETH,2021-12-07,CHOP,0.332
ETH,2021-12-08,CHOP,-0.243
ETH,2021-12-09,UP,0.574
ETH,2021-12-10,DN,-0.804
ETH,2021-12-11,DN,-0.604
ETH,2021-12-12,UP,0.711
ETH,2021-12-13,CHOP,0.215
ETH,2021-12-14,DN,-0.739
ETH,2021-12-15,CHOP,0.39
ETH,2021-12-16,CHOP,0.357
ETH,2021-12-17,CHOP,-0.359
ETH,2021-12-18,CHOP,-0.285
ETH,2021-12-19,CHOP,0.368
ETH,2021-12-20,CHOP,-0.241
ETH,2021-12-21,CHOP,0.089
ETH,2021-12-22,CHOP,0.464
ETH,2021-12-23,CHOP,-0.247
ETH,2021-12-24,UP,0.514
ETH,2021-12-25,DN,-0.553
ETH,2021-12-26,CHOP,0.406
ETH,2021-12-27,CHOP,-0.293
ETH,2021-12-28,CHOP,-0.273
ETH,2021-12-29,DN,-0.88
ETH,2021-12-30,DN,-0.727
ETH,2021-12-31,CHOP,0.43
ETH,2022-01-01,CHOP,-0.171
ETH,2022-01-02,UP,0.867
ETH,2022-01-03,CHOP,0.448
ETH,2022-01-04,CHOP,-0.359
ETH,2022-01-05,CHOP,0.102
ETH,2022-01-06,DN,-0.565
ETH,2022-01-07,DN,-0.531
ETH,2022-01-08,DN,-0.589
ETH,2022-01-09,CHOP,-0.471
ETH,2022-01-10,CHOP,0.46
ETH,2022-01-11,CHOP,-0.27
ETH,2022-01-12,UP,0.741
ETH,2022-01-13,UP,0.641
ETH,2022-01-14,DN,-0.742
ETH,2022-01-15,CHOP,0.432
ETH,2022-01-16,CHOP,0.168
ETH,2022-01-17,CHOP,0.164
ETH,2022-01-18,DN,-0.634
ETH,2022-01-19,CHOP,-0.308
ETH,2022-01-20,CHOP,-0.434
ETH,2022-01-21,CHOP,-0.288
ETH,2022-01-22,DN,-0.687
ETH,2022-01-23,CHOP,-0.476
ETH,2022-01-24,UP,0.682
ETH,2022-01-25,CHOP,-0.262
ETH,2022-01-26,CHOP,0.122
ETH,2022-01-27,CHOP,0.012
ETH,2022-01-28,CHOP,-0.189
ETH,2022-01-29,UP,0.602
ETH,2022-01-30,CHOP,0.484
ETH,2022-01-31,CHOP,0.003
ETH,2022-02-01,CHOP,0.37
ETH,2022-02-02,UP,0.719
ETH,2022-02-03,DN,-0.539
ETH,2022-02-04,CHOP,0.101
ETH,2022-02-05,UP,0.926
ETH,2022-02-06,CHOP,0.172
ETH,2022-02-07,CHOP,0.341
ETH,2022-02-08,CHOP,0.437
ETH,2022-02-09,CHOP,-0.111
ETH,2022-02-10,UP,0.593
ETH,2022-02-11,DN,-0.754
ETH,2022-02-12,DN,-0.558
ETH,2022-02-13,CHOP,-0.068
ETH,2022-02-14,CHOP,-0.403
ETH,2022-02-15,CHOP,0.431
ETH,2022-02-16,UP,0.893
ETH,2022-02-17,CHOP,-0.429
ETH,2022-02-18,DN,-0.747
ETH,2022-02-19,DN,-0.579
ETH,2022-02-20,CHOP,-0.115
ETH,2022-02-21,DN,-0.751
ETH,2022-02-22,CHOP,-0.268
ETH,2022-02-23,CHOP,0.412
ETH,2022-02-24,CHOP,-0.318
ETH,2022-02-25,CHOP,0.037
ETH,2022-02-26,UP,0.654
ETH,2022-02-27,CHOP,0.076
ETH,2022-02-28,DN,-0.584
ETH,2022-03-01,UP,0.794
ETH,2022-03-02,CHOP,0.302
ETH,2022-03-03,CHOP,-0.224
ETH,2022-03-04,DN,-0.609
ETH,2022-03-05,DN,-0.805
ETH,2022-03-06,CHOP,0.45
ETH,2022-03-07,DN,-0.806
ETH,2022-03-08,CHOP,-0.295
ETH,2022-03-09,UP,0.59
ETH,2022-03-10,UP,0.725
ETH,2022-03-11,DN,-0.657
ETH,2022-03-12,CHOP,-0.323
ETH,2022-03-13,CHOP,0.188
ETH,2022-03-14,CHOP,-0.482
ETH,2022-03-15,UP,0.665
ETH,2022-03-16,CHOP,0.175
ETH,2022-03-17,UP,0.845
ETH,2022-03-18,CHOP,0.426
ETH,2022-03-19,UP,0.582
ETH,2022-03-20,CHOP,0.124
ETH,2022-03-21,DN,-0.609
ETH,2022-03-22,CHOP,0.219
ETH,2022-03-23,CHOP,0.478
ETH,2022-03-24,UP,0.533
ETH,2022-03-25,UP,0.575
ETH,2022-03-26,CHOP,-0.073
ETH,2022-03-27,UP,0.628
ETH,2022-03-28,UP,0.869
ETH,2022-03-29,CHOP,0.239
ETH,2022-03-30,CHOP,0.444
ETH,2022-03-31,CHOP,-0.128
ETH,2022-04-01,DN,-0.568
ETH,2022-04-02,UP,0.642
ETH,2022-04-03,CHOP,-0.115
ETH,2022-04-04,CHOP,0.464
ETH,2022-04-05,CHOP,-0.017
ETH,2022-04-06,DN,-0.726
ETH,2022-04-07,DN,-0.973
ETH,2022-04-08,CHOP,0.466
ETH,2022-04-09,CHOP,-0.248
ETH,2022-04-10,UP,0.76
ETH,2022-04-11,CHOP,-0.486
ETH,2022-04-12,DN,-0.847
ETH,2022-04-13,CHOP,0.355
ETH,2022-04-14,UP,0.686
ETH,2022-04-15,DN,-0.571
ETH,2022-04-16,CHOP,0.274
ETH,2022-04-17,CHOP,0.246
ETH,2022-04-18,DN,-0.703
ETH,2022-04-19,CHOP,0.362
ETH,2022-04-20,CHOP,0.459
ETH,2022-04-21,CHOP,-0.198
ETH,2022-04-22,CHOP,-0.389
ETH,2022-04-23,CHOP,-0.204
ETH,2022-04-24,CHOP,-0.458
ETH,2022-04-25,CHOP,-0.219
ETH,2022-04-26,CHOP,0.375
ETH,2022-04-27,DN,-0.723
ETH,2022-04-28,UP,0.632
ETH,2022-04-29,CHOP,0.38
ETH,2022-04-30,DN,-0.705
ETH,2022-05-01,DN,-0.683
ETH,2022-05-02,UP,0.734
ETH,2022-05-03,CHOP,0.275
ETH,2022-05-04,DN,-0.704
ETH,2022-05-05,UP,0.819
ETH,2022-05-06,DN,-0.709
ETH,2022-05-07,CHOP,-0.44
ETH,2022-05-08,CHOP,-0.481
ETH,2022-05-09,DN,-0.732
ETH,2022-05-10,DN,-0.952
ETH,2022-05-11,CHOP,0.439
ETH,2022-05-12,DN,-0.576
ETH,2022-05-13,CHOP,-0.316
ETH,2022-05-14,CHOP,0.239
ETH,2022-05-15,CHOP,0.394
ETH,2022-05-16,UP,0.534
ETH,2022-05-17,DN,-0.732
ETH,2022-05-18,UP,0.586
ETH,2022-05-19,DN,-0.866
ETH,2022-05-20,UP,0.761
ETH,2022-05-21,CHOP,-0.429
ETH,2022-05-22,CHOP,0.299
ETH,2022-05-23,UP,0.756
ETH,2022-05-24,DN,-0.532
ETH,2022-05-25,CHOP,0.075
ETH,2022-05-26,CHOP,-0.419
ETH,2022-05-27,DN,-0.651
ETH,2022-05-28,DN,-0.545
ETH,2022-05-29,UP,0.749
ETH,2022-05-30,CHOP,0.318
ETH,2022-05-31,UP,0.882
ETH,2022-06-01,DN,-0.622
ETH,2022-06-02,DN,-0.594
ETH,2022-06-03,CHOP,0.228
ETH,2022-06-04,DN,-0.552
ETH,2022-06-05,CHOP,0.436
ETH,2022-06-06,CHOP,0.029
ETH,2022-06-07,CHOP,0.464
ETH,2022-06-08,CHOP,-0.31
ETH,2022-06-09,CHOP,-0.292
ETH,2022-06-10,CHOP,-0.055
ETH,2022-06-11,DN,-0.848
ETH,2022-06-12,DN,-0.701
ETH,2022-06-13,DN,-0.791
ETH,2022-06-14,DN,-0.777
ETH,2022-06-15,CHOP,-0.002
ETH,2022-06-16,CHOP,0.121
ETH,2022-06-17,DN,-0.819
ETH,2022-06-18,CHOP,0.276
ETH,2022-06-19,CHOP,-0.425
ETH,2022-06-20,UP,0.6
ETH,2022-06-21,CHOP,-0.002
ETH,2022-06-22,CHOP,-0.028
ETH,2022-06-23,DN,-0.904
ETH,2022-06-24,UP,0.862
ETH,2022-06-25,UP,0.708
ETH,2022-06-26,CHOP,0.226
ETH,2022-06-27,DN,-0.521
ETH,2022-06-28,CHOP,-0.079
ETH,2022-06-29,CHOP,-0.477
ETH,2022-06-30,DN,-0.632
ETH,2022-07-01,CHOP,-0.269
ETH,2022-07-02,CHOP,-0.135
ETH,2022-07-03,CHOP,0.144
ETH,2022-07-04,CHOP,0.152
ETH,2022-07-05,UP,0.664
ETH,2022-07-06,CHOP,-0.188
ETH,2022-07-07,UP,0.578
ETH,2022-07-08,UP,0.559
ETH,2022-07-09,CHOP,-0.281
ETH,2022-07-10,CHOP,0.097
ETH,2022-07-11,DN,-0.727
ETH,2022-07-12,DN,-0.904
ETH,2022-07-13,DN,-0.892
ETH,2022-07-14,UP,0.677
ETH,2022-07-15,UP,0.55
ETH,2022-07-16,CHOP,0.354
ETH,2022-07-17,UP,0.538
ETH,2022-07-18,CHOP,-0.253
ETH,2022-07-19,UP,0.927
ETH,2022-07-20,CHOP,-0.281
ETH,2022-07-21,CHOP,-0.152
ETH,2022-07-22,CHOP,0.378
ETH,2022-07-23,CHOP,-0.3
ETH,2022-07-24,CHOP,0.123
ETH,2022-07-25,CHOP,0.413
ETH,2022-07-26,DN,-0.902
ETH,2022-07-27,CHOP,0.085
ETH,2022-07-28,UP,0.835
ETH,2022-07-29,CHOP,0.464
ETH,2022-07-30,CHOP,-0.026
ETH,2022-07-31,CHOP,-0.344
ETH,2022-08-01,CHOP,-0.213
ETH,2022-08-02,CHOP,-0.485
ETH,2022-08-03,CHOP,0.005
ETH,2022-08-04,CHOP,-0.134
ETH,2022-08-05,CHOP,-0.124
ETH,2022-08-06,UP,0.944
ETH,2022-08-07,DN,-0.715
ETH,2022-08-08,CHOP,0.155
ETH,2022-08-09,UP,0.619
ETH,2022-08-10,DN,-0.604
ETH,2022-08-11,UP,0.661
ETH,2022-08-12,CHOP,0.29
ETH,2022-08-13,UP,0.699
ETH,2022-08-14,CHOP,0.344
ETH,2022-08-15,CHOP,-0.389
ETH,2022-08-16,CHOP,-0.259
ETH,2022-08-17,CHOP,-0.361
ETH,2022-08-18,CHOP,-0.302
ETH,2022-08-19,CHOP,0.199
ETH,2022-08-20,DN,-0.966
ETH,2022-08-21,CHOP,-0.247
ETH,2022-08-22,UP,0.5
ETH,2022-08-23,CHOP,0.065
ETH,2022-08-24,CHOP,0.363
ETH,2022-08-25,CHOP,-0.099
ETH,2022-08-26,UP,0.564
ETH,2022-08-27,DN,-0.851
ETH,2022-08-28,CHOP,-0.241
ETH,2022-08-29,DN,-0.739
ETH,2022-08-30,UP,0.907
ETH,2022-08-31,CHOP,-0.205
ETH,2022-09-01,CHOP,0.31
ETH,2022-09-02,CHOP,0.372
ETH,2022-09-03,CHOP,-0.104
ETH,2022-09-04,CHOP,-0.369
ETH,2022-09-05,UP,0.508
ETH,2022-09-06,UP,0.511
ETH,2022-09-07,CHOP,-0.444
ETH,2022-09-08,CHOP,0.425
ETH,2022-09-09,CHOP,0.078
ETH,2022-09-10,UP,0.717
ETH,2022-09-11,UP,0.673
ETH,2022-09-12,CHOP,-0.116
ETH,2022-09-13,DN,-0.553
ETH,2022-09-14,DN,-0.71
ETH,2022-09-15,UP,0.676
ETH,2022-09-16,DN,-0.84
ETH,2022-09-17,CHOP,-0.499
ETH,2022-09-18,UP,0.521
ETH,2022-09-19,DN,-0.932
ETH,2022-09-20,CHOP,0.366
ETH,2022-09-21,DN,-0.736
ETH,2022-09-22,CHOP,-0.408
ETH,2022-09-23,UP,0.715
ETH,2022-09-24,CHOP,0.008
ETH,2022-09-25,CHOP,-0.236
ETH,2022-09-26,CHOP,-0.332
ETH,2022-09-27,UP,0.664
ETH,2022-09-28,CHOP,-0.085
ETH,2022-09-29,CHOP,0.09
ETH,2022-09-30,CHOP,-0.024
ETH,2022-10-01,CHOP,-0.116
ETH,2022-10-02,DN,-0.546
ETH,2022-10-03,DN,-0.732
ETH,2022-10-04,UP,0.694
ETH,2022-10-05,UP,0.754
ETH,2022-10-06,CHOP,-0.192
ETH,2022-10-07,CHOP,-0.004
ETH,2022-10-08,CHOP,-0.471
ETH,2022-10-09,CHOP,-0.462
ETH,2022-10-10,CHOP,0.352
ETH,2022-10-11,DN,-0.662
ETH,2022-10-12,CHOP,-0.32
ETH,2022-10-13,CHOP,0.453
ETH,2022-10-14,CHOP,-0.066
ETH,2022-10-15,CHOP,0.154
ETH,2022-10-16,DN,-0.561
ETH,2022-10-17,UP,0.763
ETH,2022-10-18,UP,0.593
ETH,2022-10-19,CHOP,-0.376
ETH,2022-10-20,DN,-0.772
ETH,2022-10-21,CHOP,-0.062
ETH,2022-10-22,CHOP,0.316
ETH,2022-10-23,UP,0.535
ETH,2022-10-24,UP,0.701
ETH,2022-10-25,CHOP,-0.443
ETH,2022-10-26,UP,0.611
ETH,2022-10-27,UP,0.773
ETH,2022-10-28,DN,-0.691
ETH,2022-10-29,CHOP,0.425
ETH,2022-10-30,UP,0.565
ETH,2022-10-31,CHOP,-0.458
ETH,2022-11-01,CHOP,-0.197
ETH,2022-11-02,CHOP,0.118
ETH,2022-11-03,DN,-0.504
ETH,2022-11-04,CHOP,0.289
ETH,2022-11-05,UP,0.75
ETH,2022-11-06,CHOP,-0.391
ETH,2022-11-07,DN,-0.786
ETH,2022-11-08,CHOP,-0.002
ETH,2022-11-09,DN,-0.672
ETH,2022-11-10,DN,-0.88
ETH,2022-11-11,UP,0.744
ETH,2022-11-12,CHOP,-0.092
ETH,2022-11-13,DN,-0.6
ETH,2022-11-14,CHOP,-0.486
ETH,2022-11-15,CHOP,0.181
ETH,2022-11-16,CHOP,0.174
ETH,2022-11-17,CHOP,-0.454
ETH,2022-11-18,CHOP,-0.333
ETH,2022-11-19,CHOP,0.349
ETH,2022-11-20,CHOP,0.136
ETH,2022-11-21,DN,-0.799
ETH,2022-11-22,DN,-0.519
ETH,2022-11-23,CHOP,0.454
ETH,2022-11-24,UP,0.722
ETH,2022-11-25,UP,0.518
ETH,2022-11-26,CHOP,-0.121
ETH,2022-11-27,CHOP,0.16
ETH,2022-11-28,CHOP,-0.338
ETH,2022-11-29,DN,-0.541
ETH,2022-11-30,UP,0.695
ETH,2022-12-01,UP,0.802
ETH,2022-12-02,CHOP,-0.486
ETH,2022-12-03,UP,0.601
ETH,2022-12-04,DN,-0.757
ETH,2022-12-05,UP,0.826
ETH,2022-12-06,CHOP,-0.342
ETH,2022-12-07,CHOP,0.359
ETH,2022-12-08,DN,-0.661
ETH,2022-12-09,UP,0.694
ETH,2022-12-10,CHOP,-0.366
ETH,2022-12-11,CHOP,0.135
ETH,2022-12-12,CHOP,-0.116
ETH,2022-12-13,CHOP,0.319
ETH,2022-12-14,CHOP,0.482
ETH,2022-12-15,CHOP,-0.256
ETH,2022-12-16,DN,-0.789
ETH,2022-12-17,DN,-0.799
ETH,2022-12-18,UP,0.724
ETH,2022-12-19,CHOP,-0.14
ETH,2022-12-20,CHOP,-0.343
ETH,2022-12-21,UP,0.729
ETH,2022-12-22,CHOP,-0.156
ETH,2022-12-23,CHOP,0.071
ETH,2022-12-24,CHOP,0.103
ETH,2022-12-25,CHOP,0.032
ETH,2022-12-26,CHOP,-0.06
ETH,2022-12-27,CHOP,0.494
ETH,2022-12-28,CHOP,-0.5
ETH,2022-12-29,DN,-0.616
ETH,2022-12-30,UP,0.522
ETH,2022-12-31,CHOP,-0.023
ETH,2023-01-01,CHOP,-0.229
ETH,2023-01-02,CHOP,0.299
ETH,2023-01-03,CHOP,0.437
ETH,2023-01-04,CHOP,0.037
ETH,2023-01-05,UP,0.707
ETH,2023-01-06,CHOP,-0.331
ETH,2023-01-07,CHOP,0.44
ETH,2023-01-08,DN,-0.517
ETH,2023-01-09,UP,0.683
ETH,2023-01-10,UP,0.508
ETH,2023-01-11,CHOP,0.493
ETH,2023-01-12,UP,0.699
ETH,2023-01-13,CHOP,0.349
ETH,2023-01-14,UP,0.56
ETH,2023-01-15,UP,0.654
ETH,2023-01-16,CHOP,0.052
ETH,2023-01-17,CHOP,0.294
ETH,2023-01-18,CHOP,-0.168
ETH,2023-01-19,CHOP,-0.498
ETH,2023-01-20,UP,0.717
ETH,2023-01-21,UP,0.84
ETH,2023-01-22,DN,-0.505
ETH,2023-01-23,CHOP,0.013
ETH,2023-01-24,CHOP,-0.018
ETH,2023-01-25,DN,-0.66
ETH,2023-01-26,CHOP,0.455
ETH,2023-01-27,CHOP,-0.196
ETH,2023-01-28,CHOP,-0.051
ETH,2023-01-29,DN,-0.502
ETH,2023-01-30,UP,0.775
ETH,2023-01-31,DN,-0.698
ETH,2023-02-01,CHOP,0.439
ETH,2023-02-02,UP,0.609
ETH,2023-02-03,CHOP,0.017
ETH,2023-02-04,CHOP,0.407
ETH,2023-02-05,CHOP,0.057
ETH,2023-02-06,DN,-0.579
ETH,2023-02-07,CHOP,-0.275
ETH,2023-02-08,UP,0.87
ETH,2023-02-09,CHOP,-0.305
ETH,2023-02-10,DN,-0.797
ETH,2023-02-11,CHOP,-0.497
ETH,2023-02-12,UP,0.67
ETH,2023-02-13,CHOP,-0.431
ETH,2023-02-14,CHOP,-0.149
ETH,2023-02-15,UP,0.584
ETH,2023-02-16,UP,0.867
ETH,2023-02-17,CHOP,-0.339
ETH,2023-02-18,UP,0.613
ETH,2023-02-19,CHOP,-0.066
ETH,2023-02-20,CHOP,-0.196
ETH,2023-02-21,CHOP,0.339
ETH,2023-02-22,DN,-0.541
ETH,2023-02-23,CHOP,-0.231
ETH,2023-02-24,CHOP,0.147
ETH,2023-02-25,CHOP,-0.48
ETH,2023-02-26,CHOP,-0.256
ETH,2023-02-27,UP,0.737
ETH,2023-02-28,CHOP,-0.138
ETH,2023-03-01,DN,-0.555
ETH,2023-03-02,UP,0.803
ETH,2023-03-03,CHOP,-0.296
ETH,2023-03-04,DN,-0.748
ETH,2023-03-05,CHOP,-0.096
ETH,2023-03-06,CHOP,-0.06
ETH,2023-03-07,CHOP,0.044
ETH,2023-03-08,CHOP,-0.08
ETH,2023-03-09,DN,-0.625
ETH,2023-03-10,DN,-0.687
ETH,2023-03-11,CHOP,-0.153
ETH,2023-03-12,UP,0.654
ETH,2023-03-13,UP,0.743
ETH,2023-03-14,UP,0.725
ETH,2023-03-15,CHOP,0.208
ETH,2023-03-16,CHOP,-0.467
ETH,2023-03-17,CHOP,0.401
ETH,2023-03-18,UP,0.841
ETH,2023-03-19,CHOP,-0.325
ETH,2023-03-20,CHOP,0.262
ETH,2023-03-21,DN,-0.591
ETH,2023-03-22,UP,0.58
ETH,2023-03-23,DN,-0.609
ETH,2023-03-24,UP,0.622
ETH,2023-03-25,DN,-0.693
ETH,2023-03-26,CHOP,-0.153
ETH,2023-03-27,UP,0.519
ETH,2023-03-28,DN,-0.622
ETH,2023-03-29,UP,0.611
ETH,2023-03-30,CHOP,0.362
ETH,2023-03-31,CHOP,0.008
ETH,2023-04-01,CHOP,0.402
ETH,2023-04-02,CHOP,-0.021
ETH,2023-04-03,CHOP,-0.495
ETH,2023-04-04,CHOP,0.207
ETH,2023-04-05,UP,0.666
ETH,2023-04-06,CHOP,0.489
ETH,2023-04-07,DN,-0.645
ETH,2023-04-08,CHOP,-0.211
ETH,2023-04-09,CHOP,-0.46
ETH,2023-04-10,CHOP,0.202
ETH,2023-04-11,UP,0.709
ETH,2023-04-12,CHOP,-0.362
ETH,2023-04-13,CHOP,0.343
ETH,2023-04-14,UP,0.766
ETH,2023-04-15,UP,0.736
ETH,2023-04-16,CHOP,-0.231
ETH,2023-04-17,CHOP,0.408
ETH,2023-04-18,DN,-0.695
ETH,2023-04-19,CHOP,0.399
ETH,2023-04-20,DN,-0.935
ETH,2023-04-21,CHOP,0.135
ETH,2023-04-22,DN,-0.712
ETH,2023-04-23,UP,0.556
ETH,2023-04-24,CHOP,-0.267
ETH,2023-04-25,CHOP,-0.24
ETH,2023-04-26,CHOP,0.318
ETH,2023-04-27,CHOP,-0.001
ETH,2023-04-28,UP,0.535
ETH,2023-04-29,CHOP,-0.355
ETH,2023-04-30,CHOP,0.483
ETH,2023-05-01,DN,-0.518
ETH,2023-05-02,CHOP,-0.49
ETH,2023-05-03,UP,0.668
ETH,2023-05-04,CHOP,0.474
ETH,2023-05-05,DN,-0.544
ETH,2023-05-06,UP,0.947
ETH,2023-05-07,DN,-0.61
ETH,2023-05-08,CHOP,-0.394
ETH,2023-05-09,CHOP,-0.312
ETH,2023-05-10,CHOP,-0.033
ETH,2023-05-11,CHOP,-0.059
ETH,2023-05-12,DN,-0.671
ETH,2023-05-13,CHOP,0.167
ETH,2023-05-14,CHOP,-0.388
ETH,2023-05-15,CHOP,0.12
ETH,2023-05-16,CHOP,0.276
ETH,2023-05-17,CHOP,0.22
ETH,2023-05-18,CHOP,-0.039
ETH,2023-05-19,CHOP,-0.355
ETH,2023-05-20,CHOP,0.359
ETH,2023-05-21,CHOP,0.326
ETH,2023-05-22,CHOP,-0.457
ETH,2023-05-23,CHOP,0.343
ETH,2023-05-24,UP,0.641
ETH,2023-05-25,DN,-0.708
ETH,2023-05-26,CHOP,0.099
ETH,2023-05-27,UP,0.538
ETH,2023-05-28,CHOP,0.087
ETH,2023-05-29,UP,0.829
ETH,2023-05-30,CHOP,-0.297
ETH,2023-05-31,CHOP,0.223
ETH,2023-06-01,CHOP,-0.448
ETH,2023-06-02,CHOP,-0.241
ETH,2023-06-03,UP,0.719
ETH,2023-06-04,DN,-0.556
ETH,2023-06-05,CHOP,-0.067
ETH,2023-06-06,DN,-0.706
ETH,2023-06-07,UP,0.733
ETH,2023-06-08,DN,-0.685
ETH,2023-06-09,CHOP,0.41
ETH,2023-06-10,CHOP,-0.189
ETH,2023-06-11,DN,-0.684
ETH,2023-06-12,CHOP,0.031
ETH,2023-06-13,CHOP,-0.259
ETH,2023-06-14,CHOP,-0.053
ETH,2023-06-15,DN,-0.746
ETH,2023-06-16,CHOP,0.292
ETH,2023-06-17,UP,0.64
ETH,2023-06-18,CHOP,0.177
ETH,2023-06-19,CHOP,-0.19
ETH,2023-06-20,CHOP,0.298
ETH,2023-06-21,UP,0.667
ETH,2023-06-22,UP,0.855
ETH,2023-06-23,CHOP,-0.254
ETH,2023-06-24,CHOP,0.274
ETH,2023-06-25,CHOP,-0.429
ETH,2023-06-26,CHOP,0.39
ETH,2023-06-27,DN,-0.554
ETH,2023-06-28,UP,0.534
ETH,2023-06-29,DN,-0.836
ETH,2023-06-30,CHOP,0.459
ETH,2023-07-01,UP,0.662
ETH,2023-07-02,CHOP,-0.265
ETH,2023-07-03,CHOP,0.177
ETH,2023-07-04,CHOP,0.424
ETH,2023-07-05,DN,-0.545
ETH,2023-07-06,DN,-0.538
ETH,2023-07-07,DN,-0.573
ETH,2023-07-08,CHOP,0.476
ETH,2023-07-09,CHOP,-0.171
ETH,2023-07-10,CHOP,-0.105
ETH,2023-07-11,CHOP,0.299
ETH,2023-07-12,CHOP,-0.071
ETH,2023-07-13,CHOP,-0.172
ETH,2023-07-14,UP,0.884
ETH,2023-07-15,DN,-0.51
ETH,2023-07-16,CHOP,-0.318
ETH,2023-07-17,CHOP,-0.315
ETH,2023-07-18,CHOP,-0.174
ETH,2023-07-19,CHOP,-0.338
ETH,2023-07-20,CHOP,-0.215
ETH,2023-07-21,CHOP,0.058
ETH,2023-07-22,CHOP,0.007
ETH,2023-07-23,DN,-0.546
ETH,2023-07-24,CHOP,0.468
ETH,2023-07-25,DN,-0.672
ETH,2023-07-26,CHOP,0.329
ETH,2023-07-27,CHOP,0.362
ETH,2023-07-28,CHOP,-0.343
ETH,2023-07-29,CHOP,0.48
ETH,2023-07-30,CHOP,0.367
ETH,2023-07-31,DN,-0.503
ETH,2023-08-01,CHOP,-0.214
ETH,2023-08-02,CHOP,0.28
ETH,2023-08-03,DN,-0.574
ETH,2023-08-04,CHOP,-0.123
ETH,2023-08-05,CHOP,-0.157
ETH,2023-08-06,UP,0.543
ETH,2023-08-07,CHOP,-0.487
ETH,2023-08-08,CHOP,-0.026
ETH,2023-08-09,UP,0.542
ETH,2023-08-10,CHOP,-0.037
ETH,2023-08-11,CHOP,-0.14
ETH,2023-08-12,CHOP,-0.189
ETH,2023-08-13,CHOP,0.137
ETH,2023-08-14,CHOP,-0.335
ETH,2023-08-15,CHOP,0.222
ETH,2023-08-16,CHOP,-0.495
ETH,2023-08-17,DN,-0.635
ETH,2023-08-18,CHOP,-0.486
ETH,2023-08-19,CHOP,-0.341
ETH,2023-08-20,CHOP,0.19
ETH,2023-08-21,CHOP,0.476
ETH,2023-08-22,CHOP,-0.451
ETH,2023-08-23,CHOP,-0.364
ETH,2023-08-24,UP,0.611
ETH,2023-08-25,CHOP,-0.384
ETH,2023-08-26,CHOP,-0.176
ETH,2023-08-27,DN,-0.582
ETH,2023-08-28,UP,0.812
ETH,2023-08-29,CHOP,-0.123
ETH,2023-08-30,UP,0.721
ETH,2023-08-31,DN,-0.661
ETH,2023-09-01,DN,-0.601
ETH,2023-09-02,CHOP,-0.319
ETH,2023-09-03,CHOP,0.466
ETH,2023-09-04,CHOP,-0.053
ETH,2023-09-05,CHOP,-0.187
ETH,2023-09-06,CHOP,0.103
ETH,2023-09-07,CHOP,-0.022
ETH,2023-09-08,CHOP,0.409
ETH,2023-09-09,CHOP,-0.273
ETH,2023-09-10,CHOP,-0.114
ETH,2023-09-11,DN,-0.507
ETH,2023-09-12,DN,-0.745
ETH,2023-09-13,UP,0.539
ETH,2023-09-14,CHOP,0.392
ETH,2023-09-15,UP,0.506
ETH,2023-09-16,CHOP,0.347
ETH,2023-09-17,CHOP,-0.316
ETH,2023-09-18,DN,-0.518
ETH,2023-09-19,CHOP,0.216
ETH,2023-09-20,CHOP,0.186
ETH,2023-09-21,CHOP,-0.466
ETH,2023-09-22,DN,-0.666
ETH,2023-09-23,CHOP,0.35
ETH,2023-09-24,CHOP,0.073
ETH,2023-09-25,CHOP,-0.422
ETH,2023-09-26,CHOP,0.221
ETH,2023-09-27,CHOP,0.287
ETH,2023-09-28,CHOP,0.091
ETH,2023-09-29,UP,0.776
ETH,2023-09-30,CHOP,0.365
ETH,2023-10-01,CHOP,0.122
ETH,2023-10-02,UP,0.758
ETH,2023-10-03,DN,-0.666
ETH,2023-10-04,CHOP,-0.2
ETH,2023-10-05,CHOP,-0.315
ETH,2023-10-06,DN,-0.714
ETH,2023-10-07,UP,0.661
ETH,2023-10-08,DN,-0.648
ETH,2023-10-09,CHOP,-0.029
ETH,2023-10-10,DN,-0.586
ETH,2023-10-11,CHOP,-0.282
ETH,2023-10-12,CHOP,-0.022
ETH,2023-10-13,DN,-0.573
ETH,2023-10-14,CHOP,0.334
ETH,2023-10-15,CHOP,0.162
ETH,2023-10-16,CHOP,0.14
ETH,2023-10-17,CHOP,0.494
ETH,2023-10-18,DN,-0.696
ETH,2023-10-19,CHOP,-0.053
ETH,2023-10-20,CHOP,0.095
ETH,2023-10-21,UP,0.539
ETH,2023-10-22,CHOP,0.48
ETH,2023-10-23,UP,0.744
ETH,2023-10-24,UP,0.712
ETH,2023-10-25,CHOP,0.199
ETH,2023-10-26,CHOP,0.038
ETH,2023-10-27,CHOP,0.157
ETH,2023-10-28,CHOP,-0.405
ETH,2023-10-29,CHOP,-0.097
ETH,2023-10-30,CHOP,0.389
ETH,2023-10-31,CHOP,0.267
ETH,2023-11-01,CHOP,0.147
ETH,2023-11-02,CHOP,0.434
ETH,2023-11-03,DN,-0.513
ETH,2023-11-04,UP,0.555
ETH,2023-11-05,CHOP,0.498
ETH,2023-11-06,UP,0.543
ETH,2023-11-07,CHOP,0.202
ETH,2023-11-08,CHOP,-0.277
ETH,2023-11-09,CHOP,0.089
ETH,2023-11-10,UP,0.933
ETH,2023-11-11,DN,-0.603
ETH,2023-11-12,CHOP,-0.414
ETH,2023-11-13,CHOP,-0.156
ETH,2023-11-14,CHOP,0.1
ETH,2023-11-15,DN,-0.579
ETH,2023-11-16,UP,0.829
ETH,2023-11-17,DN,-0.639
ETH,2023-11-18,CHOP,-0.011
ETH,2023-11-19,CHOP,0.032
ETH,2023-11-20,UP,0.671
ETH,2023-11-21,CHOP,0.13
ETH,2023-11-22,DN,-0.857
ETH,2023-11-23,UP,0.794
ETH,2023-11-24,CHOP,-0.021
ETH,2023-11-25,CHOP,0.253
ETH,2023-11-26,CHOP,0.089
ETH,2023-11-27,CHOP,-0.355
ETH,2023-11-28,CHOP,-0.408
ETH,2023-11-29,CHOP,0.258
ETH,2023-11-30,CHOP,-0.343
ETH,2023-12-01,UP,0.683
ETH,2023-12-02,UP,0.536
ETH,2023-12-03,UP,0.772
ETH,2023-12-04,CHOP,0.413
ETH,2023-12-05,UP,0.605
ETH,2023-12-06,CHOP,0.412
ETH,2023-12-07,DN,-0.657
ETH,2023-12-08,UP,0.765
ETH,2023-12-09,CHOP,0.054
ETH,2023-12-10,CHOP,-0.243
ETH,2023-12-11,CHOP,0.207
ETH,2023-12-12,DN,-0.642
ETH,2023-12-13,CHOP,-0.277
ETH,2023-12-14,CHOP,0.406
ETH,2023-12-15,UP,0.531
ETH,2023-12-16,DN,-0.805
ETH,2023-12-17,CHOP,0.158
ETH,2023-12-18,DN,-0.567
ETH,2023-12-19,CHOP,0.213
ETH,2023-12-20,CHOP,-0.348
ETH,2023-12-21,CHOP,0.221
ETH,2023-12-22,CHOP,0.389
ETH,2023-12-23,UP,0.755
ETH,2023-12-24,CHOP,-0.249
ETH,2023-12-25,DN,-0.544
ETH,2023-12-26,CHOP,0.141
ETH,2023-12-27,CHOP,-0.419
ETH,2023-12-28,UP,0.817
ETH,2023-12-29,CHOP,-0.309
ETH,2023-12-30,CHOP,-0.346
ETH,2023-12-31,CHOP,-0.137
ETH,2024-01-01,CHOP,-0.157
ETH,2024-01-02,UP,0.805
ETH,2024-01-03,CHOP,0.036
ETH,2024-01-04,DN,-0.51
ETH,2024-01-05,UP,0.619
ETH,2024-01-06,CHOP,0.024
ETH,2024-01-07,DN,-0.522
ETH,2024-01-08,CHOP,-0.355
ETH,2024-01-09,UP,0.568
ETH,2024-01-10,CHOP,0.096
ETH,2024-01-11,UP,0.791
ETH,2024-01-12,CHOP,0.273
ETH,2024-01-13,CHOP,-0.368
ETH,2024-01-14,UP,0.602
ETH,2024-01-15,DN,-0.969
ETH,2024-01-16,CHOP,0.469
ETH,2024-01-17,UP,0.661
ETH,2024-01-18,DN,-0.664
ETH,2024-01-19,CHOP,-0.489
ETH,2024-01-20,CHOP,0.238
ETH,2024-01-21,DN,-0.529
ETH,2024-01-22,CHOP,-0.498
ETH,2024-01-23,DN,-0.879
ETH,2024-01-24,CHOP,-0.389
ETH,2024-01-25,CHOP,-0.111
ETH,2024-01-26,CHOP,-0.229
ETH,2024-01-27,UP,0.567
ETH,2024-01-28,CHOP,0.009
ETH,2024-01-29,CHOP,-0.162
ETH,2024-01-30,UP,0.686
ETH,2024-01-31,CHOP,0.267
ETH,2024-02-01,DN,-0.68
ETH,2024-02-02,CHOP,0.295
ETH,2024-02-03,CHOP,0.112
ETH,2024-02-04,CHOP,-0.338
ETH,2024-02-05,CHOP,-0.149
ETH,2024-02-06,CHOP,0.174
ETH,2024-02-07,UP,0.758
ETH,2024-02-08,UP,0.58
ETH,2024-02-09,CHOP,-0.106
ETH,2024-02-10,UP,0.633
ETH,2024-02-11,CHOP,0.305
ETH,2024-02-12,CHOP,0.151
ETH,2024-02-13,UP,0.789
ETH,2024-02-14,CHOP,-0.208
ETH,2024-02-15,UP,0.804
ETH,2024-02-16,CHOP,0.441
ETH,2024-02-17,CHOP,-0.177
ETH,2024-02-18,CHOP,-0.186
ETH,2024-02-19,UP,0.729
ETH,2024-02-20,CHOP,0.498
ETH,2024-02-21,CHOP,0.442
ETH,2024-02-22,CHOP,-0.315
ETH,2024-02-23,CHOP,0.027
ETH,2024-02-24,DN,-0.56
ETH,2024-02-25,UP,0.696
ETH,2024-02-26,UP,0.867
ETH,2024-02-27,CHOP,0.397
ETH,2024-02-28,UP,0.518
ETH,2024-02-29,CHOP,0.451
ETH,2024-03-01,CHOP,-0.193
ETH,2024-03-02,UP,0.837
ETH,2024-03-03,CHOP,-0.172
ETH,2024-03-04,UP,0.504
ETH,2024-03-05,UP,0.645
ETH,2024-03-06,CHOP,-0.119
ETH,2024-03-07,UP,0.661
ETH,2024-03-08,CHOP,0.252
ETH,2024-03-09,CHOP,0.084
ETH,2024-03-10,CHOP,0.303
ETH,2024-03-11,CHOP,-0.154
ETH,2024-03-12,UP,0.513
ETH,2024-03-13,CHOP,-0.32
ETH,2024-03-14,CHOP,0.165
ETH,2024-03-15,CHOP,-0.427
ETH,2024-03-16,CHOP,-0.383
ETH,2024-03-17,DN,-0.702
ETH,2024-03-18,CHOP,0.456
ETH,2024-03-19,DN,-0.651
ETH,2024-03-20,DN,-0.911
ETH,2024-03-21,UP,0.748
ETH,2024-03-22,CHOP,-0.135
ETH,2024-03-23,DN,-0.535
ETH,2024-03-24,CHOP,-0.041
ETH,2024-03-25,UP,0.727
ETH,2024-03-26,UP,0.551
ETH,2024-03-27,CHOP,-0.023
ETH,2024-03-28,CHOP,-0.418
ETH,2024-03-29,CHOP,0.404
ETH,2024-03-30,CHOP,-0.367
ETH,2024-03-31,CHOP,-0.051
ETH,2024-04-01,UP,0.93
ETH,2024-04-02,DN,-0.609
ETH,2024-04-03,DN,-0.766
ETH,2024-04-04,CHOP,0.194
ETH,2024-04-05,CHOP,0.086
ETH,2024-04-06,CHOP,-0.068
ETH,2024-04-07,CHOP,0.368
ETH,2024-04-08,UP,0.886
ETH,2024-04-09,UP,0.741
ETH,2024-04-10,DN,-0.68
ETH,2024-04-11,CHOP,0.26
ETH,2024-04-12,CHOP,-0.3
ETH,2024-04-13,DN,-0.586
ETH,2024-04-14,DN,-0.512
ETH,2024-04-15,UP,0.554
ETH,2024-04-16,CHOP,-0.209
ETH,2024-04-17,CHOP,-0.125
ETH,2024-04-18,CHOP,-0.472
ETH,2024-04-19,UP,0.551
ETH,2024-04-20,CHOP,-0.03
ETH,2024-04-21,UP,0.649
ETH,2024-04-22,CHOP,-0.101
ETH,2024-04-23,CHOP,0.496
ETH,2024-04-24,CHOP,0.173
ETH,2024-04-25,CHOP,-0.417
ETH,2024-04-26,CHOP,0.126
ETH,2024-04-27,CHOP,-0.373
ETH,2024-04-28,UP,0.569
ETH,2024-04-29,CHOP,0.074
ETH,2024-04-30,CHOP,-0.272
ETH,2024-05-01,DN,-0.614
ETH,2024-05-02,CHOP,-0.202
ETH,2024-05-03,CHOP,0.111
ETH,2024-05-04,UP,0.69
ETH,2024-05-05,CHOP,0.195
ETH,2024-05-06,CHOP,0.194
ETH,2024-05-07,CHOP,-0.422
ETH,2024-05-08,CHOP,-0.432
ETH,2024-05-09,CHOP,-0.31
ETH,2024-05-10,UP,0.573
ETH,2024-05-11,DN,-0.718
ETH,2024-05-12,CHOP,0.042
ETH,2024-05-13,CHOP,0.312
ETH,2024-05-14,CHOP,0.165
ETH,2024-05-15,DN,-0.7
ETH,2024-05-16,UP,0.848
ETH,2024-05-17,DN,-0.742
ETH,2024-05-18,UP,0.788
ETH,2024-05-19,CHOP,0.488
ETH,2024-05-20,DN,-0.622
ETH,2024-05-21,UP,0.914
ETH,2024-05-22,UP,0.588
ETH,2024-05-23,CHOP,-0.323
ETH,2024-05-24,CHOP,0.102
ETH,2024-05-25,CHOP,-0.272
ETH,2024-05-26,CHOP,0.298
ETH,2024-05-27,UP,0.505
ETH,2024-05-28,CHOP,0.441
ETH,2024-05-29,CHOP,-0.315
ETH,2024-05-30,DN,-0.529
ETH,2024-05-31,CHOP,-0.159
ETH,2024-06-01,CHOP,0.114
ETH,2024-06-02,UP,0.664
ETH,2024-06-03,CHOP,-0.406
ETH,2024-06-04,CHOP,-0.151
ETH,2024-06-05,CHOP,0.425
ETH,2024-06-06,UP,0.506
ETH,2024-06-07,CHOP,-0.443
ETH,2024-06-08,DN,-0.56
ETH,2024-06-09,CHOP,0.066
ETH,2024-06-10,CHOP,0.45
ETH,2024-06-11,DN,-0.543
ETH,2024-06-12,DN,-0.708
ETH,2024-06-13,CHOP,0.319
ETH,2024-06-14,DN,-0.679
ETH,2024-06-15,CHOP,0.073
ETH,2024-06-16,UP,0.717
ETH,2024-06-17,CHOP,0.494
ETH,2024-06-18,DN,-0.646
ETH,2024-06-19,CHOP,-0.173
ETH,2024-06-20,UP,0.62
ETH,2024-06-21,CHOP,-0.339
ETH,2024-06-22,CHOP,0.054
ETH,2024-06-23,CHOP,-0.493
ETH,2024-06-24,DN,-0.65
ETH,2024-06-25,CHOP,-0.348
ETH,2024-06-26,CHOP,0.448
ETH,2024-06-27,CHOP,-0.231
ETH,2024-06-28,UP,0.683
ETH,2024-06-29,DN,-0.574
ETH,2024-06-30,CHOP,-0.037
ETH,2024-07-01,UP,0.553
ETH,2024-07-02,CHOP,0.04
ETH,2024-07-03,CHOP,-0.336
ETH,2024-07-04,DN,-0.695
ETH,2024-07-05,DN,-0.896
ETH,2024-07-06,CHOP,-0.26
ETH,2024-07-07,UP,0.671
ETH,2024-07-08,DN,-0.9
ETH,2024-07-09,CHOP,0.321
ETH,2024-07-10,CHOP,0.428
ETH,2024-07-11,CHOP,0.27
ETH,2024-07-12,CHOP,-0.009
ETH,2024-07-13,CHOP,0.305
ETH,2024-07-14,CHOP,0.475
ETH,2024-07-15,UP,0.658
ETH,2024-07-16,UP,0.915
ETH,2024-07-17,CHOP,-0.257
ETH,2024-07-18,CHOP,-0.405
ETH,2024-07-19,CHOP,0.321
ETH,2024-07-20,CHOP,0.472
ETH,2024-07-21,CHOP,0.234
ETH,2024-07-22,CHOP,0.136
ETH,2024-07-23,DN,-0.686
ETH,2024-07-24,CHOP,0.282
ETH,2024-07-25,DN,-0.781
ETH,2024-07-26,DN,-0.629
ETH,2024-07-27,UP,0.859
ETH,2024-07-28,CHOP,-0.187
ETH,2024-07-29,CHOP,0.246
ETH,2024-07-30,CHOP,0.342
ETH,2024-07-31,CHOP,-0.289
ETH,2024-08-01,CHOP,-0.341
ETH,2024-08-02,CHOP,-0.18
ETH,2024-08-03,DN,-0.85
ETH,2024-08-04,DN,-0.541
ETH,2024-08-05,DN,-0.703
ETH,2024-08-06,CHOP,-0.459
ETH,2024-08-07,CHOP,0.293
ETH,2024-08-08,CHOP,-0.489
ETH,2024-08-09,UP,0.841
ETH,2024-08-10,DN,-0.539
ETH,2024-08-11,CHOP,0.163
ETH,2024-08-12,CHOP,-0.303
ETH,2024-08-13,UP,0.696
ETH,2024-08-14,CHOP,-0.156
ETH,2024-08-15,CHOP,-0.277
ETH,2024-08-16,DN,-0.573
ETH,2024-08-17,CHOP,0.282
ETH,2024-08-18,UP,0.516
ETH,2024-08-19,CHOP,-0.025
ETH,2024-08-20,CHOP,0.287
ETH,2024-08-21,CHOP,-0.454
ETH,2024-08-22,CHOP,0.454
ETH,2024-08-23,CHOP,-0.129
ETH,2024-08-24,UP,0.785
ETH,2024-08-25,CHOP,0.062
ETH,2024-08-26,CHOP,-0.37
ETH,2024-08-27,DN,-0.688
ETH,2024-08-28,DN,-0.727
ETH,2024-08-29,UP,0.523
ETH,2024-08-30,CHOP,-0.008
ETH,2024-08-31,CHOP,-0.013
ETH,2024-09-01,CHOP,-0.309
ETH,2024-09-02,DN,-0.751
ETH,2024-09-03,UP,0.795
ETH,2024-09-04,DN,-0.791
ETH,2024-09-05,CHOP,0.139
ETH,2024-09-06,DN,-0.694
ETH,2024-09-07,DN,-0.556
ETH,2024-09-08,UP,0.535
ETH,2024-09-09,CHOP,0.256
ETH,2024-09-10,UP,0.573
ETH,2024-09-11,CHOP,0.364
ETH,2024-09-12,CHOP,-0.43
ETH,2024-09-13,CHOP,0.277
ETH,2024-09-14,UP,0.608
ETH,2024-09-15,CHOP,-0.335
ETH,2024-09-16,DN,-0.694
ETH,2024-09-17,CHOP,-0.245
ETH,2024-09-18,CHOP,0.354
ETH,2024-09-19,CHOP,0.334
ETH,2024-09-20,UP,0.739
ETH,2024-09-21,UP,0.715
ETH,2024-09-22,UP,0.54
ETH,2024-09-23,CHOP,-0.291
ETH,2024-09-24,CHOP,0.404
ETH,2024-09-25,CHOP,0.078
ETH,2024-09-26,DN,-0.613
ETH,2024-09-27,CHOP,0.487
ETH,2024-09-28,UP,0.548
ETH,2024-09-29,CHOP,-0.354
ETH,2024-09-30,CHOP,-0.326
ETH,2024-10-01,DN,-0.626
ETH,2024-10-02,DN,-0.63
ETH,2024-10-03,DN,-0.569
ETH,2024-10-04,CHOP,-0.153
ETH,2024-10-05,UP,0.63
ETH,2024-10-06,CHOP,0.007
ETH,2024-10-07,CHOP,0.499
ETH,2024-10-08,CHOP,-0.147
ETH,2024-10-09,CHOP,0.278
ETH,2024-10-10,DN,-0.576
ETH,2024-10-11,CHOP,0.177
ETH,2024-10-12,UP,0.592
ETH,2024-10-13,UP,0.657
ETH,2024-10-14,CHOP,-0.154
ETH,2024-10-15,UP,0.764
ETH,2024-10-16,CHOP,-0.148
ETH,2024-10-17,CHOP,0.062
ETH,2024-10-18,CHOP,-0.073
ETH,2024-10-19,CHOP,0.46
ETH,2024-10-20,CHOP,0.186
ETH,2024-10-21,UP,0.8
ETH,2024-10-22,DN,-0.701
ETH,2024-10-23,DN,-0.672
ETH,2024-10-24,DN,-0.551
ETH,2024-10-25,CHOP,0.203
ETH,2024-10-26,DN,-0.518
ETH,2024-10-27,UP,0.538
ETH,2024-10-28,CHOP,0.396
ETH,2024-10-29,UP,0.506
ETH,2024-10-30,UP,0.591
ETH,2024-10-31,CHOP,0.166
ETH,2024-11-01,DN,-0.847
ETH,2024-11-02,CHOP,-0.06
ETH,2024-11-03,CHOP,-0.323
ETH,2024-11-04,CHOP,-0.427
ETH,2024-11-05,CHOP,-0.445
ETH,2024-11-06,CHOP,0.245
ETH,2024-11-07,UP,0.923
ETH,2024-11-08,UP,0.801
ETH,2024-11-09,UP,0.696
ETH,2024-11-10,UP,0.807
ETH,2024-11-11,CHOP,0.318
ETH,2024-11-12,UP,0.667
ETH,2024-11-13,DN,-0.544
ETH,2024-11-14,CHOP,-0.264
ETH,2024-11-15,DN,-0.606
ETH,2024-11-16,CHOP,0.268
ETH,2024-11-17,CHOP,0.29
ETH,2024-11-18,CHOP,-0.447
ETH,2024-11-19,UP,0.754
ETH,2024-11-20,DN,-0.644
ETH,2024-11-21,CHOP,-0.289
ETH,2024-11-22,UP,0.807
ETH,2024-11-23,CHOP,-0.167
ETH,2024-11-24,CHOP,0.358
ETH,2024-11-25,CHOP,-0.194
ETH,2024-11-26,CHOP,0.216
ETH,2024-11-27,CHOP,-0.426
ETH,2024-11-28,UP,0.859
ETH,2024-11-29,DN,-0.564
ETH,2024-11-30,CHOP,0.118
ETH,2024-12-01,UP,0.653
ETH,2024-12-02,CHOP,0.046
ETH,2024-12-03,CHOP,-0.312
ETH,2024-12-04,CHOP,-0.17
ETH,2024-12-05,UP,0.819
ETH,2024-12-06,CHOP,-0.189
ETH,2024-12-07,UP,0.688
ETH,2024-12-08,CHOP,-0.047
ETH,2024-12-09,CHOP,0.086
ETH,2024-12-10,DN,-0.588
ETH,2024-12-11,CHOP,-0.316
ETH,2024-12-12,UP,0.711
ETH,2024-12-13,CHOP,0.261
ETH,2024-12-14,CHOP,0.218
ETH,2024-12-15,CHOP,-0.304
ETH,2024-12-16,UP,0.62
ETH,2024-12-17,CHOP,0.121
ETH,2024-12-18,CHOP,-0.481
ETH,2024-12-19,DN,-0.919
ETH,2024-12-20,DN,-0.534
ETH,2024-12-21,CHOP,0.139
ETH,2024-12-22,DN,-0.509
ETH,2024-12-23,CHOP,-0.314
ETH,2024-12-24,UP,0.563
ETH,2024-12-25,CHOP,0.389
ETH,2024-12-26,CHOP,0.036
ETH,2024-12-27,DN,-0.77
ETH,2024-12-28,CHOP,-0.011
ETH,2024-12-29,UP,0.662
ETH,2024-12-30,DN,-0.543
ETH,2024-12-31,CHOP,0.04
ETH,2025-01-01,CHOP,-0.178
ETH,2025-01-02,CHOP,0.371
ETH,2025-01-03,UP,0.613
ETH,2025-01-04,UP,0.742
ETH,2025-01-05,CHOP,0.483
ETH,2025-01-06,CHOP,-0.256
ETH,2025-01-07,CHOP,0.383
ETH,2025-01-08,DN,-0.888
ETH,2025-01-09,CHOP,-0.261
ETH,2025-01-10,DN,-0.542
ETH,2025-01-11,CHOP,0.372
ETH,2025-01-12,CHOP,0.154
ETH,2025-01-13,CHOP,-0.206
ETH,2025-01-14,CHOP,-0.31
ETH,2025-01-15,UP,0.673
ETH,2025-01-16,UP,0.786
ETH,2025-01-17,DN,-0.734
ETH,2025-01-18,UP,0.759
ETH,2025-01-19,DN,-0.621
ETH,2025-01-20,CHOP,-0.291
ETH,2025-01-21,CHOP,0.221
ETH,2025-01-22,CHOP,0.267
ETH,2025-01-23,DN,-0.593
ETH,2025-01-24,UP,0.587
ETH,2025-01-25,CHOP,-0.185
ETH,2025-01-26,CHOP,0.106
ETH,2025-01-27,DN,-0.653
ETH,2025-01-28,CHOP,-0.214
ETH,2025-01-29,DN,-0.572
ETH,2025-01-30,CHOP,0.282
ETH,2025-01-31,UP,0.694
ETH,2025-02-01,CHOP,0.24
ETH,2025-02-02,DN,-0.797
ETH,2025-02-03,DN,-0.601
ETH,2025-02-04,CHOP,0.013
ETH,2025-02-05,DN,-0.581
ETH,2025-02-06,CHOP,0.446
ETH,2025-02-07,DN,-0.502
ETH,2025-02-08,CHOP,-0.275
ETH,2025-02-09,CHOP,0.132
ETH,2025-02-10,CHOP,-0.03
ETH,2025-02-11,CHOP,0.254
ETH,2025-02-12,CHOP,-0.351
ETH,2025-02-13,UP,0.546
ETH,2025-02-14,CHOP,-0.432
ETH,2025-02-15,CHOP,0.393
ETH,2025-02-16,CHOP,-0.429
ETH,2025-02-17,CHOP,-0.416
ETH,2025-02-18,CHOP,0.39
ETH,2025-02-19,CHOP,-0.476
ETH,2025-02-20,UP,0.539
ETH,2025-02-21,CHOP,0.355
ETH,2025-02-22,CHOP,-0.328
ETH,2025-02-23,UP,0.692
ETH,2025-02-24,UP,0.504
ETH,2025-02-25,DN,-0.828
ETH,2025-02-26,CHOP,-0.081
ETH,2025-02-27,DN,-0.628
ETH,2025-02-28,CHOP,-0.19
ETH,2025-03-01,CHOP,-0.295
ETH,2025-03-02,CHOP,-0.146
ETH,2025-03-03,UP,0.794
ETH,2025-03-04,DN,-0.867
ETH,2025-03-05,CHOP,0.098
ETH,2025-03-06,UP,0.592
ETH,2025-03-07,CHOP,-0.275
ETH,2025-03-08,CHOP,-0.387
ETH,2025-03-09,CHOP,0.477
ETH,2025-03-10,DN,-0.824
ETH,2025-03-11,CHOP,-0.454
ETH,2025-03-12,CHOP,0.279
ETH,2025-03-13,CHOP,-0.117
ETH,2025-03-14,CHOP,-0.431
ETH,2025-03-15,UP,0.558
ETH,2025-03-16,CHOP,0.478
ETH,2025-03-17,DN,-0.623
ETH,2025-03-18,UP,0.543
ETH,2025-03-19,CHOP,0.082
ETH,2025-03-20,UP,0.875
ETH,2025-03-21,DN,-0.624
ETH,2025-03-22,CHOP,-0.303
ETH,2025-03-23,CHOP,0.354
ETH,2025-03-24,UP,0.576
ETH,2025-03-25,UP,0.595
ETH,2025-03-26,CHOP,-0.248
ETH,2025-03-27,DN,-0.58
ETH,2025-03-28,CHOP,-0.116
ETH,2025-03-29,DN,-0.685
ETH,2025-03-30,DN,-0.591
ETH,2025-03-31,CHOP,-0.25
ETH,2025-04-01,CHOP,0.19
ETH,2025-04-02,UP,0.75
ETH,2025-04-03,DN,-0.626
ETH,2025-04-04,CHOP,0.231
ETH,2025-04-05,CHOP,-0.005
ETH,2025-04-06,CHOP,-0.173
ETH,2025-04-07,DN,-0.806
ETH,2025-04-08,CHOP,-0.122
ETH,2025-04-09,CHOP,-0.449
ETH,2025-04-10,UP,0.645
ETH,2025-04-11,DN,-0.741
ETH,2025-04-12,UP,0.514
ETH,2025-04-13,UP,0.626
ETH,2025-04-14,DN,-0.529
ETH,2025-04-15,CHOP,0.271
ETH,2025-04-16,CHOP,-0.448
ETH,2025-04-17,CHOP,-0.154
ETH,2025-04-18,CHOP,0.12
ETH,2025-04-19,CHOP,0.183
ETH,2025-04-20,UP,0.527
ETH,2025-04-21,CHOP,-0.483
ETH,2025-04-22,CHOP,-0.082
ETH,2025-04-23,UP,0.734
ETH,2025-04-24,CHOP,0.432
ETH,2025-04-25,CHOP,-0.318
ETH,2025-04-26,CHOP,0.169
ETH,2025-04-27,UP,0.583
ETH,2025-04-28,CHOP,-0.391
ETH,2025-04-29,CHOP,0.103
ETH,2025-04-30,CHOP,-0.033
ETH,2025-05-01,CHOP,-0.049
ETH,2025-05-02,UP,0.552
ETH,2025-05-03,CHOP,0.071
ETH,2025-05-04,CHOP,-0.225
ETH,2025-05-05,DN,-0.525
ETH,2025-05-06,CHOP,0.219
ETH,2025-05-07,CHOP,-0.046
ETH,2025-05-08,CHOP,-0.094
ETH,2025-05-09,UP,0.95
ETH,2025-05-10,CHOP,0.449
ETH,2025-05-11,UP,0.842
ETH,2025-05-12,CHOP,-0.398
ETH,2025-05-13,CHOP,-0.088
ETH,2025-05-14,UP,0.57
ETH,2025-05-15,CHOP,-0.391
ETH,2025-05-16,CHOP,-0.357
ETH,2025-05-17,CHOP,-0.097
ETH,2025-05-18,DN,-0.676
ETH,2025-05-19,CHOP,0.086
ETH,2025-05-20,CHOP,0.153
ETH,2025-05-21,CHOP,-0.027
ETH,2025-05-22,CHOP,0.164
ETH,2025-05-23,UP,0.768
ETH,2025-05-24,DN,-0.586
ETH,2025-05-25,CHOP,0.064
ETH,2025-05-26,CHOP,0.228
ETH,2025-05-27,CHOP,0.171
ETH,2025-05-28,CHOP,0.479
ETH,2025-05-29,CHOP,0.258
ETH,2025-05-30,CHOP,-0.297
ETH,2025-05-31,DN,-0.705
ETH,2025-06-01,CHOP,-0.044
ETH,2025-06-02,CHOP,0.141
ETH,2025-06-03,CHOP,0.487
ETH,2025-06-04,CHOP,-0.175
ETH,2025-06-05,CHOP,0.149
ETH,2025-06-06,DN,-0.777
ETH,2025-06-07,CHOP,0.414
ETH,2025-06-08,UP,0.556
ETH,2025-06-09,CHOP,-0.255
ETH,2025-06-10,UP,0.787
ETH,2025-06-11,UP,0.795
ETH,2025-06-12,CHOP,-0.331
ETH,2025-06-13,DN,-0.765
ETH,2025-06-14,CHOP,-0.304
ETH,2025-06-15,DN,-0.534
ETH,2025-06-16,CHOP,0.249
ETH,2025-06-17,CHOP,-0.021
ETH,2025-06-18,CHOP,-0.208
ETH,2025-06-19,CHOP,0.182
ETH,2025-06-20,CHOP,-0.063
ETH,2025-06-21,DN,-0.569
ETH,2025-06-22,CHOP,-0.476
ETH,2025-06-23,CHOP,-0.336
ETH,2025-06-24,UP,0.734
ETH,2025-06-25,CHOP,0.347
ETH,2025-06-26,CHOP,-0.379
ETH,2025-06-27,CHOP,-0.02
ETH,2025-06-28,CHOP,0.089
ETH,2025-06-29,CHOP,0.296
ETH,2025-06-30,UP,0.571
ETH,2025-07-01,CHOP,-0.157
ETH,2025-07-02,DN,-0.704
ETH,2025-07-03,UP,0.672
ETH,2025-07-04,CHOP,0.263
ETH,2025-07-05,DN,-0.645
ETH,2025-07-06,CHOP,0.2
ETH,2025-07-07,UP,0.531
ETH,2025-07-08,CHOP,-0.357
ETH,2025-07-09,UP,0.697
ETH,2025-07-10,UP,0.745
ETH,2025-07-11,UP,0.747
ETH,2025-07-12,CHOP,0.055
ETH,2025-07-13,CHOP,-0.197
ETH,2025-07-14,CHOP,0.343
ETH,2025-07-15,CHOP,0.346
ETH,2025-07-16,UP,0.587
ETH,2025-07-17,UP,0.721
ETH,2025-07-18,CHOP,0.496
ETH,2025-07-19,CHOP,0.326
ETH,2025-07-20,CHOP,0.444
ETH,2025-07-21,UP,0.671
ETH,2025-07-22,CHOP,0.035
ETH,2025-07-23,CHOP,-0.088
ETH,2025-07-24,CHOP,-0.497
ETH,2025-07-25,CHOP,0.293
ETH,2025-07-26,CHOP,0.104
ETH,2025-07-27,CHOP,0.169
ETH,2025-07-28,UP,0.88
ETH,2025-07-29,CHOP,-0.391
ETH,2025-07-30,CHOP,-0.031
ETH,2025-07-31,CHOP,0.104
ETH,2025-08-01,DN,-0.574
ETH,2025-08-02,DN,-0.719
ETH,2025-08-03,DN,-0.556
ETH,2025-08-04,UP,0.614
ETH,2025-08-05,UP,0.912
ETH,2025-08-06,DN,-0.618
ETH,2025-08-07,UP,0.53
ETH,2025-08-08,UP,0.81
ETH,2025-08-09,UP,0.519
ETH,2025-08-10,UP,0.786
ETH,2025-08-11,CHOP,-0.056
ETH,2025-08-12,CHOP,-0.137
ETH,2025-08-13,UP,0.873
ETH,2025-08-14,UP,0.723
ETH,2025-08-15,DN,-0.601
ETH,2025-08-16,CHOP,-0.352
ETH,2025-08-17,CHOP,-0.148
ETH,2025-08-18,CHOP,0.277
ETH,2025-08-19,DN,-0.622
ETH,2025-08-20,DN,-0.825
ETH,2025-08-21,UP,0.819
ETH,2025-08-22,DN,-0.815
ETH,2025-08-23,UP,0.892
ETH,2025-08-24,CHOP,-0.311
ETH,2025-08-25,CHOP,0.007
ETH,2025-08-26,DN,-0.871
ETH,2025-08-27,UP,0.696
ETH,2025-08-28,DN,-0.515
ETH,2025-08-29,CHOP,0.022
ETH,2025-08-30,DN,-0.6
ETH,2025-08-31,CHOP,0.085
ETH,2025-09-01,CHOP,0.144
ETH,2025-09-02,CHOP,-0.275
ETH,2025-09-03,CHOP,0.076
ETH,2025-09-04,UP,0.598
ETH,2025-09-05,DN,-0.706
ETH,2025-09-06,CHOP,0.042
ETH,2025-09-07,CHOP,-0.368
ETH,2025-09-08,UP,0.507
ETH,2025-09-09,CHOP,0.002
ETH,2025-09-10,CHOP,0.035
ETH,2025-09-11,CHOP,0.233
ETH,2025-09-12,UP,0.77
ETH,2025-09-13,UP,0.851
ETH,2025-09-14,CHOP,-0.278
ETH,2025-09-15,DN,-0.537
ETH,2025-09-16,CHOP,-0.395
ETH,2025-09-17,CHOP,-0.196
ETH,2025-09-18,CHOP,0.436
ETH,2025-09-19,CHOP,-0.032
ETH,2025-09-20,DN,-0.644
ETH,2025-09-21,CHOP,0.218
ETH,2025-09-22,DN,-0.642
ETH,2025-09-23,DN,-0.649
ETH,2025-09-24,CHOP,-0.304
ETH,2025-09-25,CHOP,-0.086
ETH,2025-09-26,DN,-0.805
ETH,2025-09-27,UP,0.787
ETH,2025-09-28,CHOP,-0.21
ETH,2025-09-29,UP,0.692
ETH,2025-09-30,CHOP,0.475
ETH,2025-10-01,CHOP,-0.457
ETH,2025-10-02,UP,0.873
ETH,2025-10-03,UP,0.741
ETH,2025-10-04,CHOP,0.174
ETH,2025-10-05,CHOP,-0.33
ETH,2025-10-06,CHOP,0.18
ETH,2025-10-07,UP,0.685
ETH,2025-10-08,DN,-0.728
ETH,2025-10-09,UP,0.527
ETH,2025-10-10,DN,-0.592
ETH,2025-10-11,DN,-0.562
ETH,2025-10-12,CHOP,-0.353
ETH,2025-10-13,UP,0.806
ETH,2025-10-14,CHOP,0.355
ETH,2025-10-15,CHOP,-0.309
ETH,2025-10-16,CHOP,-0.479
ETH,2025-10-17,CHOP,-0.35
ETH,2025-10-18,CHOP,-0.228
ETH,2025-10-19,UP,0.53
ETH,2025-10-20,CHOP,0.458
ETH,2025-10-21,CHOP,-0.019
ETH,2025-10-22,CHOP,-0.394
ETH,2025-10-23,CHOP,-0.377
ETH,2025-10-24,CHOP,0.371
ETH,2025-10-25,CHOP,0.433
ETH,2025-10-26,CHOP,0.333
ETH,2025-10-27,UP,0.788
ETH,2025-10-28,CHOP,-0.241
ETH,2025-10-29,DN,-0.577
ETH,2025-10-30,CHOP,-0.388
ETH,2025-10-31,CHOP,-0.364
ETH,2025-11-01,CHOP,0.392
ETH,2025-11-02,CHOP,0.329
ETH,2025-11-03,CHOP,0.415
ETH,2025-11-04,DN,-0.852
ETH,2025-11-05,DN,-0.53
ETH,2025-11-06,CHOP,0.437
ETH,2025-11-07,DN,-0.517
ETH,2025-11-08,CHOP,0.434
ETH,2025-11-09,CHOP,-0.261
ETH,2025-11-10,UP,0.688
ETH,2025-11-11,CHOP,-0.103
ETH,2025-11-12,DN,-0.618
ETH,2025-11-13,CHOP,-0.013
ETH,2025-11-14,CHOP,-0.445
ETH,2025-11-15,DN,-0.638
ETH,2025-11-16,CHOP,0.465
ETH,2025-11-17,CHOP,-0.296
ETH,2025-11-18,CHOP,-0.242
ETH,2025-11-19,CHOP,0.413
ETH,2025-11-20,CHOP,-0.39
ETH,2025-11-21,DN,-0.699
ETH,2025-11-22,CHOP,-0.26
ETH,2025-11-23,CHOP,0.045
ETH,2025-11-24,CHOP,0.357
ETH,2025-11-25,UP,0.675
ETH,2025-11-26,CHOP,0.048
ETH,2025-11-27,CHOP,0.43
ETH,2025-11-28,CHOP,-0.132
ETH,2025-11-29,CHOP,0.152
ETH,2025-11-30,CHOP,-0.463
ETH,2025-12-01,CHOP,0.027
ETH,2025-12-02,DN,-0.678
ETH,2025-12-03,UP,0.783
ETH,2025-12-04,UP,0.838
ETH,2025-12-05,CHOP,-0.317
ETH,2025-12-06,DN,-0.53
ETH,2025-12-07,CHOP,0.289
ETH,2025-12-08,CHOP,0.09
ETH,2025-12-09,CHOP,0.46
ETH,2025-12-10,UP,0.631
ETH,2025-12-11,CHOP,0.038
ETH,2025-12-12,CHOP,-0.476
ETH,2025-12-13,DN,-0.693
ETH,2025-12-14,UP,0.522
ETH,2025-12-15,CHOP,-0.487
ETH,2025-12-16,CHOP,-0.349
ETH,2025-12-17,CHOP,-0.024
ETH,2025-12-18,DN,-0.537
ETH,2025-12-19,CHOP,-0.022
ETH,2025-12-20,UP,0.714
ETH,2025-12-21,CHOP,-0.052
ETH,2025-12-22,CHOP,0.347
ETH,2025-12-23,CHOP,0.065
ETH,2025-12-24,CHOP,-0.33
ETH,2025-12-25,CHOP,-0.196
ETH,2025-12-26,DN,-0.542
ETH,2025-12-27,CHOP,0.241
ETH,2025-12-28,CHOP,0.481
ETH,2025-12-29,CHOP,0.051
ETH,2025-12-30,CHOP,-0.088
ETH,2025-12-31,CHOP,0.396
ETH,2026-01-01,CHOP,-0.03
ETH,2026-01-02,UP,0.838
ETH,2026-01-03,UP,0.77
ETH,2026-01-04,CHOP,0.027
ETH,2026-01-05,CHOP,0.363
ETH,2026-01-06,UP,0.615
ETH,2026-01-07,UP,0.572
ETH,2026-01-08,DN,-0.747
ETH,2026-01-09,CHOP,-0.478
ETH,2026-01-10,CHOP,-0.204
ETH,2026-01-11,CHOP,-0.064
ETH,2026-01-12,UP,0.585
ETH,2026-01-13,CHOP,-0.262
ETH,2026-01-14,UP,0.834
ETH,2026-01-15,CHOP,0.238
ETH,2026-01-16,CHOP,-0.328
ETH,2026-01-17,CHOP,-0.304
ETH,2026-01-18,CHOP,0.308
ETH,2026-01-19,CHOP,-0.295
ETH,2026-01-20,DN,-0.793
ETH,2026-01-21,DN,-0.89
ETH,2026-01-22,CHOP,0.209
ETH,2026-01-23,CHOP,-0.224
ETH,2026-01-24,CHOP,0.029
ETH,2026-01-25,CHOP,-0.12
ETH,2026-01-26,DN,-0.787
ETH,2026-01-27,UP,0.817
ETH,2026-01-28,UP,0.713
ETH,2026-01-29,CHOP,-0.257
ETH,2026-01-30,DN,-0.727
ETH,2026-01-31,DN,-0.598
ETH,2026-02-01,DN,-0.55
ETH,2026-02-02,DN,-0.716
ETH,2026-02-03,CHOP,0.321
ETH,2026-02-04,CHOP,-0.453
ETH,2026-02-05,CHOP,-0.39
ETH,2026-02-06,DN,-0.904
ETH,2026-02-07,UP,0.683
ETH,2026-02-08,CHOP,0.187
ETH,2026-02-09,CHOP,0.03
ETH,2026-02-10,CHOP,0.11
ETH,2026-02-11,DN,-0.609
ETH,2026-02-12,DN,-0.631
ETH,2026-02-13,CHOP,0.064
ETH,2026-02-14,UP,0.677
ETH,2026-02-15,UP,0.58
ETH,2026-02-16,DN,-0.688
ETH,2026-02-17,CHOP,0.368
ETH,2026-02-18,CHOP,-0.091
ETH,2026-02-19,CHOP,-0.31
ETH,2026-02-20,CHOP,-0.085
ETH,2026-02-21,CHOP,0.34
ETH,2026-02-22,CHOP,0.112
ETH,2026-02-23,CHOP,-0.323
ETH,2026-02-24,DN,-0.838
ETH,2026-02-25,CHOP,-0.063
ETH,2026-02-26,UP,0.681
ETH,2026-02-27,CHOP,-0.276
ETH,2026-02-28,DN,-0.554
ETH,2026-03-01,CHOP,0.232
ETH,2026-03-02,CHOP,-0.168
ETH,2026-03-03,UP,0.516
ETH,2026-03-04,CHOP,-0.398
ETH,2026-03-05,UP,0.569
ETH,2026-03-06,CHOP,-0.5
ETH,2026-03-07,DN,-0.686
ETH,2026-03-08,CHOP,-0.19
ETH,2026-03-09,DN,-0.511
ETH,2026-03-10,CHOP,0.451
ETH,2026-03-11,CHOP,0.448
ETH,2026-03-12,CHOP,0.197
ETH,2026-03-13,CHOP,0.278
ETH,2026-03-14,CHOP,0.135
ETH,2026-03-15,CHOP,0.089
ETH,2026-03-16,UP,0.687
ETH,2026-03-17,UP,0.789
ETH,2026-03-18,CHOP,-0.431
ETH,2026-03-19,DN,-0.579
ETH,2026-03-20,CHOP,-0.488
ETH,2026-03-21,CHOP,0.14
ETH,2026-03-22,DN,-0.629
ETH,2026-03-23,CHOP,-0.306
ETH,2026-03-24,UP,0.559
ETH,2026-03-25,CHOP,0.058
ETH,2026-03-26,CHOP,0.243
ETH,2026-03-27,DN,-0.789
ETH,2026-03-28,DN,-0.637
ETH,2026-03-29,CHOP,0.031
ETH,2026-03-30,CHOP,-0.125
ETH,2026-03-31,CHOP,0.399
ETH,2026-04-01,UP,0.709
ETH,2026-04-02,CHOP,0.407
ETH,2026-04-03,DN,-0.584
ETH,2026-04-04,CHOP,-0.082
ETH,2026-04-05,CHOP,0.297
ETH,2026-04-06,CHOP,0.438
ETH,2026-04-07,CHOP,-0.034
ETH,2026-04-08,UP,0.622
ETH,2026-04-09,DN,-0.551
ETH,2026-04-10,CHOP,0.002
ETH,2026-04-11,UP,0.67
ETH,2026-04-12,CHOP,0.396
ETH,2026-04-13,DN,-0.822
ETH,2026-04-14,UP,0.812
ETH,2026-04-15,CHOP,-0.418
ETH,2026-04-16,CHOP,0.486
ETH,2026-04-17,CHOP,-0.139
ETH,2026-04-18,CHOP,0.48
ETH,2026-04-19,DN,-0.783
ETH,2026-04-20,DN,-0.849
ETH,2026-04-21,UP,0.581
ETH,2026-04-22,CHOP,0.244
ETH,2026-04-23,CHOP,0.423
ETH,2026-04-24,CHOP,-0.454
ETH,2026-04-25,CHOP,-0.41
ETH,2026-04-26,CHOP,0.199
ETH,2026-04-27,UP,0.682
ETH,2026-04-28,CHOP,-0.476
ETH,2026-04-29,CHOP,-0.271
ETH,2026-04-30,CHOP,-0.288
ETH,2026-05-01,CHOP,0.097
ETH,2026-05-02,UP,0.56
ETH,2026-05-03,CHOP,0.421
ETH,2026-05-04,CHOP,0.096
ETH,2026-05-05,CHOP,0.273
ETH,2026-05-06,CHOP,0.249
ETH,2026-05-07,CHOP,-0.116
ETH,2026-05-08,DN,-0.828
ETH,2026-05-09,CHOP,0.288
ETH,2026-05-10,UP,0.505
ETH,2026-05-11,UP,0.634
ETH,2026-05-12,CHOP,-0.443
ETH,2026-05-13,DN,-0.768
ETH,2026-05-14,CHOP,-0.183
ETH,2026-05-15,CHOP,0.305
ETH,2026-05-16,DN,-0.616
ETH,2026-05-17,DN,-0.636
ETH,2026-05-18,CHOP,-0.467
ETH,2026-05-19,CHOP,-0.011
ETH,2026-05-20,CHOP,-0.346
ETH,2026-05-21,CHOP,0.383
ETH,2026-05-22,CHOP,0.083
ETH,2026-05-23,DN,-0.812
ETH,2026-05-24,CHOP,0.368
ETH,2026-05-25,CHOP,-0.258
ETH,2026-05-26,CHOP,0.264
ETH,2026-05-27,CHOP,-0.459
ETH,2026-05-28,DN,-0.601
ETH,2026-05-29,CHOP,-0.237
ETH,2026-05-30,CHOP,0.066
ETH,2026-05-31,CHOP,0.263
ETH,2026-06-01,CHOP,-0.349
ETH,2026-06-02,CHOP,-0.004
ETH,2026-06-03,DN,-0.876
ETH,2026-06-04,CHOP,-0.379
ETH,2026-06-05,CHOP,-0.41
ETH,2026-06-06,DN,-0.798
ETH,2026-06-07,CHOP,-0.144
ETH,2026-06-08,UP,0.766
ETH,2026-06-09,CHOP,-0.0
ETH,2026-06-10,DN,-0.615
ETH,2026-06-11,CHOP,-0.278
ETH,2026-06-12,UP,0.72
ETH,2026-06-13,CHOP,-0.181
ETH,2026-06-14,CHOP,0.421
ETH,2026-06-15,UP,0.574
ETH,2026-06-16,UP,0.504
ETH,2026-06-17,CHOP,-0.039
ETH,2026-06-18,CHOP,-0.5
ETH,2026-06-19,CHOP,-0.433
ETH,2026-06-20,CHOP,0.002
ETH,2026-06-21,UP,0.657
ETH,2026-06-22,DN,-0.865
ETH,2026-06-23,CHOP,0.291
ETH,2026-06-24,DN,-0.607
ETH,2026-06-25,CHOP,-0.319
ETH,2026-06-26,CHOP,-0.426
ETH,2026-06-27,CHOP,0.131
ETH,2026-06-28,CHOP,-0.097
ETH,2026-06-29,CHOP,-0.05
ETH,2026-06-30,CHOP,0.472
ETH,2026-07-01,DN,-0.639
ETH,2026-07-02,CHOP,0.403
ETH,2026-07-03,UP,0.712
ETH,2026-07-04,UP,0.711
ETH,2026-07-05,CHOP,0.353
ETH,2026-07-06,CHOP,0.085
ETH,2026-07-07,CHOP,0.133
ETH,2026-07-08,DN,-0.506
ETH,2026-07-09,CHOP,-0.39
ETH,2026-07-10,CHOP,0.04
ETH,2026-07-11,UP,0.695
ETH,2026-07-12,CHOP,-0.209
ETH,2026-07-13,CHOP,0.401
ETH,2026-07-14,CHOP,-0.314
ETH,2026-07-15,UP,0.938
ETH,2026-07-16,CHOP,0.316
ETH,2026-07-17,DN,-0.739
ETH,2026-07-18,CHOP,-0.335
ETH,2026-07-19,UP,0.689
ETH,2026-07-20,CHOP,0.348
ETH,2026-07-21,CHOP,0.434
ETH,2026-07-22,CHOP,0.485
SOL,2020-08-12,UP,0.662
SOL,2020-08-13,UP,0.539
SOL,2020-08-14,CHOP,-0.031
SOL,2020-08-15,DN,-0.696
SOL,2020-08-16,CHOP,-0.415
SOL,2020-08-17,UP,0.581
SOL,2020-08-18,DN,-0.943
SOL,2020-08-19,CHOP,0.257
SOL,2020-08-20,DN,-0.648
SOL,2020-08-21,UP,0.551
SOL,2020-08-22,DN,-0.777
SOL,2020-08-23,CHOP,0.2
SOL,2020-08-24,UP,0.571
SOL,2020-08-25,CHOP,0.182
SOL,2020-08-26,CHOP,-0.248
SOL,2020-08-27,UP,0.502
SOL,2020-08-28,CHOP,-0.172
SOL,2020-08-29,UP,0.647
SOL,2020-08-30,CHOP,-0.159
SOL,2020-08-31,UP,0.589
SOL,2020-09-01,CHOP,0.421
SOL,2020-09-02,DN,-0.623
SOL,2020-09-03,CHOP,-0.219
SOL,2020-09-04,DN,-0.677
SOL,2020-09-05,CHOP,0.036
SOL,2020-09-06,DN,-0.589
SOL,2020-09-07,UP,0.523
SOL,2020-09-08,CHOP,-0.189
SOL,2020-09-09,DN,-0.829
SOL,2020-09-10,UP,0.754
SOL,2020-09-11,CHOP,-0.236
SOL,2020-09-12,CHOP,-0.157
SOL,2020-09-13,CHOP,-0.203
SOL,2020-09-14,CHOP,-0.161
SOL,2020-09-15,CHOP,-0.003
SOL,2020-09-16,DN,-0.779
SOL,2020-09-17,DN,-0.79
SOL,2020-09-18,UP,0.596
SOL,2020-09-19,UP,0.533
SOL,2020-09-20,CHOP,-0.26
SOL,2020-09-21,CHOP,-0.478
SOL,2020-09-22,CHOP,-0.167
SOL,2020-09-23,CHOP,0.419
SOL,2020-09-24,CHOP,-0.163
SOL,2020-09-25,UP,0.605
SOL,2020-09-26,CHOP,0.14
SOL,2020-09-27,CHOP,-0.256
SOL,2020-09-28,CHOP,0.14
SOL,2020-09-29,DN,-0.646
SOL,2020-09-30,CHOP,-0.029
SOL,2020-10-01,CHOP,-0.298
SOL,2020-10-02,CHOP,-0.088
SOL,2020-10-03,DN,-0.521
SOL,2020-10-04,DN,-0.586
SOL,2020-10-05,CHOP,-0.128
SOL,2020-10-06,UP,0.591
SOL,2020-10-07,DN,-0.895
SOL,2020-10-08,CHOP,0.392
SOL,2020-10-09,CHOP,0.143
SOL,2020-10-10,CHOP,0.498
SOL,2020-10-11,DN,-0.584
SOL,2020-10-12,CHOP,0.198
SOL,2020-10-13,UP,0.552
SOL,2020-10-14,DN,-0.704
SOL,2020-10-15,CHOP,-0.456
SOL,2020-10-16,CHOP,-0.274
SOL,2020-10-17,DN,-0.772
SOL,2020-10-18,UP,0.501
SOL,2020-10-19,CHOP,0.143
SOL,2020-10-20,DN,-0.937
SOL,2020-10-21,DN,-0.635
SOL,2020-10-22,CHOP,0.005
SOL,2020-10-23,CHOP,0.295
SOL,2020-10-24,CHOP,0.017
SOL,2020-10-25,DN,-0.548
SOL,2020-10-26,DN,-0.76
SOL,2020-10-27,CHOP,-0.439
SOL,2020-10-28,CHOP,0.213
SOL,2020-10-29,DN,-0.693
SOL,2020-10-30,DN,-0.522
SOL,2020-10-31,CHOP,0.034
SOL,2020-11-01,UP,0.848
SOL,2020-11-02,CHOP,0.44
SOL,2020-11-03,DN,-0.739
SOL,2020-11-04,DN,-0.785
SOL,2020-11-05,CHOP,-0.15
SOL,2020-11-06,CHOP,0.058
SOL,2020-11-07,UP,0.898
SOL,2020-11-08,CHOP,0.171
SOL,2020-11-09,CHOP,0.402
SOL,2020-11-10,CHOP,-0.48
SOL,2020-11-11,UP,0.717
SOL,2020-11-12,DN,-0.801
SOL,2020-11-13,CHOP,-0.388
SOL,2020-11-14,UP,0.581
SOL,2020-11-15,DN,-0.618
SOL,2020-11-16,CHOP,0.395
SOL,2020-11-17,UP,0.582
SOL,2020-11-18,CHOP,-0.325
SOL,2020-11-19,CHOP,-0.372
SOL,2020-11-20,CHOP,-0.159
SOL,2020-11-21,CHOP,0.103
SOL,2020-11-22,UP,0.594
SOL,2020-11-23,DN,-0.608
SOL,2020-11-24,CHOP,0.468
SOL,2020-11-25,CHOP,0.011
SOL,2020-11-26,CHOP,-0.042
SOL,2020-11-27,DN,-0.601
SOL,2020-11-28,CHOP,-0.187
SOL,2020-11-29,CHOP,0.162
SOL,2020-11-30,CHOP,0.304
SOL,2020-12-01,CHOP,0.419
SOL,2020-12-02,CHOP,0.043
SOL,2020-12-03,UP,0.545
SOL,2020-12-04,CHOP,-0.145
SOL,2020-12-05,DN,-0.88
SOL,2020-12-06,UP,0.79
SOL,2020-12-07,DN,-0.661
SOL,2020-12-08,CHOP,-0.269
SOL,2020-12-09,DN,-0.799
SOL,2020-12-10,CHOP,-0.005
SOL,2020-12-11,DN,-0.722
SOL,2020-12-12,DN,-0.934
SOL,2020-12-13,UP,0.535
SOL,2020-12-14,CHOP,0.327
SOL,2020-12-15,CHOP,0.287
SOL,2020-12-16,UP,0.761
SOL,2020-12-17,CHOP,0.133
SOL,2020-12-18,DN,-0.595
SOL,2020-12-19,CHOP,0.318
SOL,2020-12-20,CHOP,-0.259
SOL,2020-12-21,DN,-0.638
SOL,2020-12-22,CHOP,-0.211
SOL,2020-12-23,CHOP,-0.413
SOL,2020-12-24,DN,-0.605
SOL,2020-12-25,UP,0.727
SOL,2020-12-26,UP,0.696
SOL,2020-12-27,DN,-0.892
SOL,2020-12-28,CHOP,-0.131
SOL,2020-12-29,UP,0.904
SOL,2020-12-30,UP,0.512
SOL,2020-12-31,DN,-0.83
SOL,2021-01-01,CHOP,-0.2
SOL,2021-01-02,UP,0.923
SOL,2021-01-03,CHOP,-0.146
SOL,2021-01-04,UP,0.649
SOL,2021-01-05,CHOP,0.488
SOL,2021-01-06,DN,-0.732
SOL,2021-01-07,DN,-0.773
SOL,2021-01-08,UP,0.581
SOL,2021-01-09,UP,0.527
SOL,2021-01-10,CHOP,0.222
SOL,2021-01-11,CHOP,0.127
SOL,2021-01-12,CHOP,-0.362
SOL,2021-01-13,UP,0.649
SOL,2021-01-14,CHOP,-0.298
SOL,2021-01-15,DN,-0.561
SOL,2021-01-16,CHOP,-0.092
SOL,2021-01-17,CHOP,0.383
SOL,2021-01-18,UP,0.584
SOL,2021-01-19,CHOP,-0.068
SOL,2021-01-20,CHOP,-0.353
SOL,2021-01-21,CHOP,0.219
SOL,2021-01-22,DN,-0.949
SOL,2021-01-23,CHOP,0.357
SOL,2021-01-24,UP,0.604
SOL,2021-01-25,CHOP,0.404
SOL,2021-01-26,CHOP,0.136
SOL,2021-01-27,UP,0.751
SOL,2021-01-28,DN,-0.691
SOL,2021-01-29,CHOP,0.406
SOL,2021-01-30,CHOP,0.064
SOL,2021-01-31,UP,0.722
SOL,2021-02-01,CHOP,0.038
SOL,2021-02-02,UP,0.703
SOL,2021-02-03,UP,0.658
SOL,2021-02-04,UP,0.667
SOL,2021-02-05,UP,0.692
SOL,2021-02-06,CHOP,0.384
SOL,2021-02-07,DN,-0.517
SOL,2021-02-08,UP,0.509
SOL,2021-02-09,UP,0.716
SOL,2021-02-10,CHOP,-0.068
SOL,2021-02-11,UP,0.705
SOL,2021-02-12,CHOP,0.108
SOL,2021-02-13,CHOP,-0.006
SOL,2021-02-14,DN,-0.535
SOL,2021-02-15,CHOP,-0.041
SOL,2021-02-16,CHOP,0.076
SOL,2021-02-17,DN,-0.544
SOL,2021-02-18,CHOP,-0.073
SOL,2021-02-19,UP,0.675
SOL,2021-02-20,UP,0.753
SOL,2021-02-21,DN,-0.72
SOL,2021-02-22,UP,0.586
SOL,2021-02-23,UP,0.587
SOL,2021-02-24,CHOP,0.183
SOL,2021-02-25,UP,0.565
SOL,2021-02-26,DN,-0.826
SOL,2021-02-27,CHOP,-0.108
SOL,2021-02-28,CHOP,-0.216
SOL,2021-03-01,CHOP,-0.041
SOL,2021-03-02,UP,0.751
SOL,2021-03-03,DN,-0.557
SOL,2021-03-04,CHOP,0.115
SOL,2021-03-05,DN,-0.678
SOL,2021-03-06,DN,-0.541
SOL,2021-03-07,CHOP,0.349
SOL,2021-03-08,UP,0.591
SOL,2021-03-09,CHOP,-0.236
SOL,2021-03-10,UP,0.686
SOL,2021-03-11,DN,-0.557
SOL,2021-03-12,UP,0.69
SOL,2021-03-13,DN,-0.617
SOL,2021-03-14,CHOP,0.48
SOL,2021-03-15,DN,-0.801
SOL,2021-03-16,CHOP,-0.252
SOL,2021-03-17,CHOP,-0.45
SOL,2021-03-18,CHOP,0.456
SOL,2021-03-19,CHOP,0.007
SOL,2021-03-20,CHOP,-0.095
SOL,2021-03-21,CHOP,0.034
SOL,2021-03-22,CHOP,0.218
SOL,2021-03-23,CHOP,0.19
SOL,2021-03-24,DN,-0.529
SOL,2021-03-25,CHOP,-0.305
SOL,2021-03-26,CHOP,-0.48
SOL,2021-03-27,UP,0.719
SOL,2021-03-28,UP,0.808
SOL,2021-03-29,UP,0.525
SOL,2021-03-30,UP,0.653
SOL,2021-03-31,CHOP,0.06
SOL,2021-04-01,CHOP,0.177
SOL,2021-04-02,CHOP,-0.209
SOL,2021-04-03,CHOP,0.485
SOL,2021-04-04,UP,0.666
SOL,2021-04-05,CHOP,0.369
SOL,2021-04-06,CHOP,-0.399
SOL,2021-04-07,UP,0.583
SOL,2021-04-08,CHOP,0.322
SOL,2021-04-09,CHOP,0.171
SOL,2021-04-10,CHOP,0.302
SOL,2021-04-11,CHOP,-0.342
SOL,2021-04-12,CHOP,0.336
SOL,2021-04-13,CHOP,0.218
SOL,2021-04-14,CHOP,-0.421
SOL,2021-04-15,CHOP,-0.367
SOL,2021-04-16,CHOP,0.495
SOL,2021-04-17,DN,-0.733
SOL,2021-04-18,CHOP,-0.224
SOL,2021-04-19,UP,0.629
SOL,2021-04-20,CHOP,-0.137
SOL,2021-04-21,CHOP,0.043
SOL,2021-04-22,CHOP,0.17
SOL,2021-04-23,UP,0.65
SOL,2021-04-24,CHOP,-0.145
SOL,2021-04-25,CHOP,0.391
SOL,2021-04-26,UP,0.812
SOL,2021-04-27,DN,-0.672
SOL,2021-04-28,CHOP,-0.179
SOL,2021-04-29,CHOP,0.262
SOL,2021-04-30,CHOP,-0.441
SOL,2021-05-01,CHOP,0.108
SOL,2021-05-02,UP,0.874
SOL,2021-05-03,DN,-0.673
SOL,2021-05-04,CHOP,-0.24
SOL,2021-05-05,DN,-0.594
SOL,2021-05-06,UP,0.634
SOL,2021-05-07,DN,-0.605
SOL,2021-05-08,CHOP,-0.065
SOL,2021-05-09,UP,0.562
SOL,2021-05-10,CHOP,-0.286
SOL,2021-05-11,CHOP,-0.214
SOL,2021-05-12,CHOP,0.305
SOL,2021-05-13,CHOP,-0.123
SOL,2021-05-14,CHOP,-0.291
SOL,2021-05-15,CHOP,0.33
SOL,2021-05-16,CHOP,0.127
SOL,2021-05-17,CHOP,0.308
SOL,2021-05-18,CHOP,-0.016
SOL,2021-05-19,UP,0.749
SOL,2021-05-20,DN,-0.673
SOL,2021-05-21,CHOP,0.449
SOL,2021-05-22,CHOP,-0.388
SOL,2021-05-23,DN,-0.869
SOL,2021-05-24,DN,-0.503
SOL,2021-05-25,UP,0.895
SOL,2021-05-26,CHOP,-0.199
SOL,2021-05-27,UP,0.649
SOL,2021-05-28,CHOP,-0.364
SOL,2021-05-29,DN,-0.728
SOL,2021-05-30,CHOP,-0.368
SOL,2021-05-31,CHOP,0.282
SOL,2021-06-01,UP,0.756
SOL,2021-06-02,DN,-0.53
SOL,2021-06-03,UP,0.648
SOL,2021-06-04,UP,0.72
SOL,2021-06-05,CHOP,-0.407
SOL,2021-06-06,CHOP,0.392
SOL,2021-06-07,UP,0.566
SOL,2021-06-08,DN,-0.62
SOL,2021-06-09,CHOP,0.338
SOL,2021-06-10,CHOP,0.167
SOL,2021-06-11,CHOP,-0.255
SOL,2021-06-12,DN,-0.783
SOL,2021-06-13,CHOP,0.097
SOL,2021-06-14,CHOP,0.469
SOL,2021-06-15,CHOP,0.249
SOL,2021-06-16,CHOP,-0.063
SOL,2021-06-17,CHOP,0.05
SOL,2021-06-18,CHOP,-0.152
SOL,2021-06-19,DN,-0.53
SOL,2021-06-20,DN,-0.667
SOL,2021-06-21,CHOP,0.013
SOL,2021-06-22,DN,-0.904
SOL,2021-06-23,CHOP,0.042
SOL,2021-06-24,UP,0.533
SOL,2021-06-25,CHOP,0.068
SOL,2021-06-26,CHOP,-0.497
SOL,2021-06-27,CHOP,0.306
SOL,2021-06-28,UP,0.798
SOL,2021-06-29,CHOP,0.331
SOL,2021-06-30,CHOP,0.3
SOL,2021-07-01,CHOP,0.346
SOL,2021-07-02,DN,-0.659
SOL,2021-07-03,CHOP,0.256
SOL,2021-07-04,CHOP,0.227
SOL,2021-07-05,CHOP,-0.109
SOL,2021-07-06,DN,-0.646
SOL,2021-07-07,UP,0.611
SOL,2021-07-08,UP,0.573
SOL,2021-07-09,DN,-0.824
SOL,2021-07-10,CHOP,0.073
SOL,2021-07-11,DN,-0.508
SOL,2021-07-12,CHOP,0.368
SOL,2021-07-13,DN,-0.523
SOL,2021-07-14,DN,-0.715
SOL,2021-07-15,UP,0.534
SOL,2021-07-16,DN,-0.803
SOL,2021-07-17,DN,-0.698
SOL,2021-07-18,CHOP,0.287
SOL,2021-07-19,CHOP,-0.076
SOL,2021-07-20,DN,-0.793
SOL,2021-07-21,CHOP,-0.364
SOL,2021-07-22,UP,0.69
SOL,2021-07-23,CHOP,0.439
SOL,2021-07-24,CHOP,0.351
SOL,2021-07-25,CHOP,0.056
SOL,2021-07-26,CHOP,-0.158
SOL,2021-07-27,CHOP,-0.019
SOL,2021-07-28,CHOP,-0.039
SOL,2021-07-29,CHOP,-0.174
SOL,2021-07-30,UP,0.732
SOL,2021-07-31,CHOP,0.352
SOL,2021-08-01,UP,0.82
SOL,2021-08-02,DN,-0.705
SOL,2021-08-03,CHOP,-0.343
SOL,2021-08-04,CHOP,0.26
SOL,2021-08-05,CHOP,0.487
SOL,2021-08-06,UP,0.577
SOL,2021-08-07,CHOP,0.453
SOL,2021-08-08,CHOP,-0.011
SOL,2021-08-09,DN,-0.68
SOL,2021-08-10,CHOP,0.272
SOL,2021-08-11,UP,0.571
SOL,2021-08-12,CHOP,0.314
SOL,2021-08-13,CHOP,-0.127
SOL,2021-08-14,UP,0.878
SOL,2021-08-15,CHOP,-0.335
SOL,2021-08-16,UP,0.822
SOL,2021-08-17,UP,0.504
SOL,2021-08-18,CHOP,0.127
SOL,2021-08-19,CHOP,0.41
SOL,2021-08-20,CHOP,0.015
SOL,2021-08-21,UP,0.64
SOL,2021-08-22,DN,-0.519
SOL,2021-08-23,CHOP,-0.169
SOL,2021-08-24,UP,0.545
SOL,2021-08-25,CHOP,-0.468
SOL,2021-08-26,CHOP,0.214
SOL,2021-08-27,CHOP,0.243
SOL,2021-08-28,UP,0.798
SOL,2021-08-29,UP,0.674
SOL,2021-08-30,CHOP,-0.258
SOL,2021-08-31,UP,0.689
SOL,2021-09-01,CHOP,-0.074
SOL,2021-09-02,CHOP,0.176
SOL,2021-09-03,UP,0.769
SOL,2021-09-04,UP,0.872
SOL,2021-09-05,DN,-0.503
SOL,2021-09-06,CHOP,0.304
SOL,2021-09-07,UP,0.761
SOL,2021-09-08,CHOP,0.137
SOL,2021-09-09,CHOP,0.34
SOL,2021-09-10,CHOP,-0.088
SOL,2021-09-11,CHOP,-0.28
SOL,2021-09-12,CHOP,-0.03
SOL,2021-09-13,CHOP,-0.41
SOL,2021-09-14,CHOP,-0.194
SOL,2021-09-15,CHOP,-0.365
SOL,2021-09-16,CHOP,0.005
SOL,2021-09-17,CHOP,-0.401
SOL,2021-09-18,CHOP,-0.241
SOL,2021-09-19,UP,0.79
SOL,2021-09-20,DN,-0.808
SOL,2021-09-21,DN,-0.864
SOL,2021-09-22,CHOP,-0.296
SOL,2021-09-23,UP,0.811
SOL,2021-09-24,CHOP,0.197
SOL,2021-09-25,CHOP,-0.467
SOL,2021-09-26,CHOP,-0.287
SOL,2021-09-27,CHOP,-0.026
SOL,2021-09-28,CHOP,0.043
SOL,2021-09-29,CHOP,-0.369
SOL,2021-09-30,CHOP,0.335
SOL,2021-10-01,UP,0.686
SOL,2021-10-02,UP,0.756
SOL,2021-10-03,CHOP,0.389
SOL,2021-10-04,CHOP,0.326
SOL,2021-10-05,DN,-0.517
SOL,2021-10-06,CHOP,-0.239
SOL,2021-10-07,DN,-0.703
SOL,2021-10-08,CHOP,0.032
SOL,2021-10-09,CHOP,0.277
SOL,2021-10-10,CHOP,-0.277
SOL,2021-10-11,DN,-0.714
SOL,2021-10-12,CHOP,-0.203
SOL,2021-10-13,CHOP,0.474
SOL,2021-10-14,CHOP,-0.382
SOL,2021-10-15,CHOP,0.235
SOL,2021-10-16,UP,0.691
SOL,2021-10-17,DN,-0.665
SOL,2021-10-18,CHOP,0.178
SOL,2021-10-19,CHOP,-0.371
SOL,2021-10-20,CHOP,-0.21
SOL,2021-10-21,UP,0.958
SOL,2021-10-22,UP,0.787
SOL,2021-10-23,CHOP,0.215
SOL,2021-10-24,CHOP,0.105
SOL,2021-10-25,CHOP,0.224
SOL,2021-10-26,CHOP,0.361
SOL,2021-10-27,DN,-0.554
SOL,2021-10-28,DN,-0.539
SOL,2021-10-29,UP,0.556
SOL,2021-10-30,CHOP,0.468
SOL,2021-10-31,CHOP,-0.35
SOL,2021-11-01,CHOP,0.345
SOL,2021-11-02,CHOP,0.098
SOL,2021-11-03,UP,0.796
SOL,2021-11-04,UP,0.721
SOL,2021-11-05,CHOP,0.224
SOL,2021-11-06,DN,-0.595
SOL,2021-11-07,UP,0.892
SOL,2021-11-08,DN,-0.671
SOL,2021-11-09,CHOP,-0.108
SOL,2021-11-10,DN,-0.592
SOL,2021-11-11,CHOP,-0.196
SOL,2021-11-12,CHOP,0.018
SOL,2021-11-13,CHOP,-0.266
SOL,2021-11-14,UP,0.764
SOL,2021-11-15,CHOP,-0.253
SOL,2021-11-16,CHOP,-0.036
SOL,2021-11-17,DN,-0.784
SOL,2021-11-18,CHOP,-0.012
SOL,2021-11-19,DN,-0.658
SOL,2021-11-20,UP,0.656
SOL,2021-11-21,CHOP,0.155
SOL,2021-11-22,CHOP,0.437
SOL,2021-11-23,DN,-0.734
SOL,2021-11-24,CHOP,0.407
SOL,2021-11-25,DN,-0.719
SOL,2021-11-26,CHOP,0.292
SOL,2021-11-27,DN,-0.63
SOL,2021-11-28,CHOP,0.042
SOL,2021-11-29,CHOP,0.376
SOL,2021-11-30,CHOP,0.258
SOL,2021-12-01,CHOP,0.237
SOL,2021-12-02,UP,0.861
SOL,2021-12-03,CHOP,0.164
SOL,2021-12-04,DN,-0.632
SOL,2021-12-05,CHOP,-0.252
SOL,2021-12-06,CHOP,-0.184
SOL,2021-12-07,CHOP,-0.136
SOL,2021-12-08,CHOP,-0.201
SOL,2021-12-09,CHOP,0.342
SOL,2021-12-10,DN,-0.752
SOL,2021-12-11,DN,-0.778
SOL,2021-12-12,CHOP,0.382
SOL,2021-12-13,CHOP,0.071
SOL,2021-12-14,DN,-0.711
SOL,2021-12-15,CHOP,0.441
SOL,2021-12-16,UP,0.669
SOL,2021-12-17,CHOP,-0.114
SOL,2021-12-18,CHOP,-0.094
SOL,2021-12-19,UP,0.55
SOL,2021-12-20,CHOP,-0.249
SOL,2021-12-21,CHOP,-0.473
SOL,2021-12-22,CHOP,0.467
SOL,2021-12-23,CHOP,-0.116
SOL,2021-12-24,UP,0.652
SOL,2021-12-25,CHOP,0.021
SOL,2021-12-26,CHOP,0.461
SOL,2021-12-27,CHOP,0.461
SOL,2021-12-28,CHOP,-0.217
SOL,2021-12-29,DN,-0.943
SOL,2021-12-30,DN,-0.627
SOL,2021-12-31,CHOP,0.247
SOL,2022-01-01,CHOP,-0.255
SOL,2022-01-02,UP,0.976
SOL,2022-01-03,DN,-0.519
SOL,2022-01-04,DN,-0.625
SOL,2022-01-05,CHOP,-0.324
SOL,2022-01-06,DN,-0.501
SOL,2022-01-07,CHOP,-0.478
SOL,2022-01-08,DN,-0.784
SOL,2022-01-09,CHOP,0.378
SOL,2022-01-10,CHOP,-0.162
SOL,2022-01-11,CHOP,-0.358
SOL,2022-01-12,CHOP,0.44
SOL,2022-01-13,UP,0.746
SOL,2022-01-14,CHOP,-0.433
SOL,2022-01-15,CHOP,0.005
SOL,2022-01-16,CHOP,0.261
SOL,2022-01-17,CHOP,0.063
SOL,2022-01-18,DN,-0.726
SOL,2022-01-19,CHOP,0.168
SOL,2022-01-20,DN,-0.611
SOL,2022-01-21,CHOP,-0.432
SOL,2022-01-22,DN,-0.675
SOL,2022-01-23,DN,-0.652
SOL,2022-01-24,CHOP,0.45
SOL,2022-01-25,CHOP,-0.411
SOL,2022-01-26,CHOP,0.218
SOL,2022-01-27,CHOP,-0.166
SOL,2022-01-28,CHOP,-0.292
SOL,2022-01-29,CHOP,0.289
SOL,2022-01-30,UP,0.567
SOL,2022-01-31,CHOP,-0.46
SOL,2022-02-01,UP,0.51
SOL,2022-02-02,UP,0.719
SOL,2022-02-03,DN,-0.528
SOL,2022-02-04,CHOP,-0.015
SOL,2022-02-05,UP,0.861
SOL,2022-02-06,CHOP,0.134
SOL,2022-02-07,CHOP,0.31
SOL,2022-02-08,CHOP,0.248
SOL,2022-02-09,CHOP,-0.385
SOL,2022-02-10,CHOP,0.064
SOL,2022-02-11,DN,-0.803
SOL,2022-02-12,DN,-0.742
SOL,2022-02-13,CHOP,-0.082
SOL,2022-02-14,DN,-0.521
SOL,2022-02-15,CHOP,0.484
SOL,2022-02-16,UP,0.972
SOL,2022-02-17,CHOP,-0.499
SOL,2022-02-18,DN,-0.794
SOL,2022-02-19,DN,-0.523
SOL,2022-02-20,CHOP,0.34
SOL,2022-02-21,CHOP,-0.062
SOL,2022-02-22,DN,-0.572
SOL,2022-02-23,UP,0.528
SOL,2022-02-24,CHOP,-0.2
SOL,2022-02-25,CHOP,0.258
SOL,2022-02-26,CHOP,0.413
SOL,2022-02-27,CHOP,-0.399
SOL,2022-02-28,DN,-0.57
SOL,2022-03-01,UP,0.747
SOL,2022-03-02,CHOP,-0.129
SOL,2022-03-03,CHOP,0.21
SOL,2022-03-04,DN,-0.658
SOL,2022-03-05,DN,-0.818
SOL,2022-03-06,CHOP,0.249
SOL,2022-03-07,DN,-0.859
SOL,2022-03-08,CHOP,-0.43
SOL,2022-03-09,CHOP,0.179
SOL,2022-03-10,UP,0.716
SOL,2022-03-11,DN,-0.654
SOL,2022-03-12,DN,-0.519
SOL,2022-03-13,CHOP,0.326
SOL,2022-03-14,CHOP,-0.469
SOL,2022-03-15,UP,0.583
SOL,2022-03-16,CHOP,0.221
SOL,2022-03-17,UP,0.764
SOL,2022-03-18,CHOP,0.007
SOL,2022-03-19,CHOP,0.254
SOL,2022-03-20,CHOP,0.472
SOL,2022-03-21,DN,-0.78
SOL,2022-03-22,CHOP,-0.007
SOL,2022-03-23,CHOP,0.309
SOL,2022-03-24,UP,0.621
SOL,2022-03-25,UP,0.713
SOL,2022-03-26,CHOP,-0.47
SOL,2022-03-27,UP,0.542
SOL,2022-03-28,UP,0.611
SOL,2022-03-29,CHOP,-0.149
SOL,2022-03-30,UP,0.575
SOL,2022-03-31,UP,0.507
SOL,2022-04-01,CHOP,0.204
SOL,2022-04-02,UP,0.558
SOL,2022-04-03,CHOP,-0.169
SOL,2022-04-04,CHOP,0.417
SOL,2022-04-05,CHOP,-0.382
SOL,2022-04-06,CHOP,-0.499
SOL,2022-04-07,DN,-0.91
SOL,2022-04-08,UP,0.607
SOL,2022-04-09,DN,-0.597
SOL,2022-04-10,UP,0.562
SOL,2022-04-11,CHOP,-0.298
SOL,2022-04-12,DN,-0.823
SOL,2022-04-13,CHOP,0.324
SOL,2022-04-14,CHOP,0.291
SOL,2022-04-15,CHOP,-0.464
SOL,2022-04-16,CHOP,0.161
SOL,2022-04-17,CHOP,0.244
SOL,2022-04-18,CHOP,-0.328
SOL,2022-04-19,CHOP,0.271
SOL,2022-04-20,UP,0.769
SOL,2022-04-21,CHOP,-0.439
SOL,2022-04-22,CHOP,-0.375
SOL,2022-04-23,CHOP,-0.282
SOL,2022-04-24,CHOP,0.017
SOL,2022-04-25,CHOP,-0.372
SOL,2022-04-26,CHOP,0.243
SOL,2022-04-27,DN,-0.716
SOL,2022-04-28,CHOP,0.451
SOL,2022-04-29,CHOP,-0.026
SOL,2022-04-30,DN,-0.675
SOL,2022-05-01,DN,-0.715
SOL,2022-05-02,UP,0.563
SOL,2022-05-03,CHOP,-0.375
SOL,2022-05-04,CHOP,-0.393
SOL,2022-05-05,UP,0.91
SOL,2022-05-06,DN,-0.592
SOL,2022-05-07,DN,-0.584
SOL,2022-05-08,DN,-0.53
SOL,2022-05-09,DN,-0.608
SOL,2022-05-10,DN,-0.853
SOL,2022-05-11,CHOP,0.341
SOL,2022-05-12,DN,-0.633
SOL,2022-05-13,CHOP,-0.37
SOL,2022-05-14,CHOP,0.325
SOL,2022-05-15,CHOP,0.432
SOL,2022-05-16,UP,0.661
SOL,2022-05-17,DN,-0.726
SOL,2022-05-18,UP,0.622
SOL,2022-05-19,DN,-0.836
SOL,2022-05-20,CHOP,0.385
SOL,2022-05-21,CHOP,-0.477
SOL,2022-05-22,CHOP,0.32
SOL,2022-05-23,UP,0.621
SOL,2022-05-24,DN,-0.545
SOL,2022-05-25,CHOP,0.133
SOL,2022-05-26,DN,-0.567
SOL,2022-05-27,DN,-0.65
SOL,2022-05-28,DN,-0.565
SOL,2022-05-29,UP,0.646
SOL,2022-05-30,CHOP,0.191
SOL,2022-05-31,UP,0.544
SOL,2022-06-01,CHOP,-0.394
SOL,2022-06-02,DN,-0.858
SOL,2022-06-03,CHOP,0.21
SOL,2022-06-04,DN,-0.66
SOL,2022-06-05,CHOP,0.19
SOL,2022-06-06,CHOP,-0.211
SOL,2022-06-07,UP,0.59
SOL,2022-06-08,DN,-0.542
SOL,2022-06-09,CHOP,-0.183
SOL,2022-06-10,CHOP,0.32
SOL,2022-06-11,DN,-0.68
SOL,2022-06-12,DN,-0.681
SOL,2022-06-13,DN,-0.845
SOL,2022-06-14,CHOP,-0.395
SOL,2022-06-15,CHOP,0.155
SOL,2022-06-16,UP,0.641
SOL,2022-06-17,DN,-0.715
SOL,2022-06-18,CHOP,0.201
SOL,2022-06-19,CHOP,0.265
SOL,2022-06-20,CHOP,0.324
SOL,2022-06-21,CHOP,0.203
SOL,2022-06-22,CHOP,0.234
SOL,2022-06-23,DN,-0.714
SOL,2022-06-24,UP,0.848
SOL,2022-06-25,UP,0.716
SOL,2022-06-26,CHOP,0.107
SOL,2022-06-27,DN,-0.845
SOL,2022-06-28,CHOP,-0.26
SOL,2022-06-29,DN,-0.645
SOL,2022-06-30,CHOP,-0.427
SOL,2022-07-01,CHOP,-0.091
SOL,2022-07-02,CHOP,-0.257
SOL,2022-07-03,CHOP,0.225
SOL,2022-07-04,CHOP,0.018
SOL,2022-07-05,UP,0.737
SOL,2022-07-06,CHOP,-0.331
SOL,2022-07-07,UP,0.572
SOL,2022-07-08,CHOP,0.49
SOL,2022-07-09,CHOP,-0.104
SOL,2022-07-10,CHOP,-0.051
SOL,2022-07-11,DN,-0.718
SOL,2022-07-12,DN,-0.943
SOL,2022-07-13,CHOP,-0.368
SOL,2022-07-14,UP,0.69
SOL,2022-07-15,UP,0.592
SOL,2022-07-16,CHOP,0.084
SOL,2022-07-17,UP,0.547
SOL,2022-07-18,CHOP,-0.346
SOL,2022-07-19,UP,0.889
SOL,2022-07-20,CHOP,0.28
SOL,2022-07-21,DN,-0.559
SOL,2022-07-22,CHOP,0.235
SOL,2022-07-23,DN,-0.595
SOL,2022-07-24,CHOP,-0.172
SOL,2022-07-25,CHOP,0.365
SOL,2022-07-26,DN,-0.945
SOL,2022-07-27,CHOP,-0.189
SOL,2022-07-28,UP,0.815
SOL,2022-07-29,UP,0.523
SOL,2022-07-30,CHOP,-0.307
SOL,2022-07-31,CHOP,0.366
SOL,2022-08-01,CHOP,-0.498
SOL,2022-08-02,CHOP,-0.257
SOL,2022-08-03,DN,-0.631
SOL,2022-08-04,CHOP,-0.348
SOL,2022-08-05,CHOP,0.153
SOL,2022-08-06,UP,0.656
SOL,2022-08-07,CHOP,-0.462
SOL,2022-08-08,CHOP,0.225
SOL,2022-08-09,CHOP,0.5
SOL,2022-08-10,DN,-0.607
SOL,2022-08-11,UP,0.573
SOL,2022-08-12,CHOP,0.101
SOL,2022-08-13,UP,0.801
SOL,2022-08-14,CHOP,0.357
SOL,2022-08-15,CHOP,-0.478
SOL,2022-08-16,CHOP,-0.254
SOL,2022-08-17,CHOP,-0.36
SOL,2022-08-18,DN,-0.556
SOL,2022-08-19,CHOP,-0.432
SOL,2022-08-20,DN,-0.853
SOL,2022-08-21,CHOP,-0.176
SOL,2022-08-22,CHOP,0.461
SOL,2022-08-23,CHOP,-0.378
SOL,2022-08-24,CHOP,0.139
SOL,2022-08-25,CHOP,-0.383
SOL,2022-08-26,CHOP,0.228
SOL,2022-08-27,DN,-0.799
SOL,2022-08-28,CHOP,-0.137
SOL,2022-08-29,DN,-0.54
SOL,2022-08-30,UP,0.754
SOL,2022-08-31,CHOP,-0.377
SOL,2022-09-01,CHOP,0.017
SOL,2022-09-02,CHOP,0.089
SOL,2022-09-03,CHOP,-0.235
SOL,2022-09-04,CHOP,-0.224
SOL,2022-09-05,UP,0.89
SOL,2022-09-06,CHOP,0.007
SOL,2022-09-07,CHOP,-0.373
SOL,2022-09-08,UP,0.688
SOL,2022-09-09,CHOP,0.453
SOL,2022-09-10,CHOP,0.443
SOL,2022-09-11,CHOP,0.307
SOL,2022-09-12,CHOP,-0.026
SOL,2022-09-13,UP,0.614
SOL,2022-09-14,DN,-0.73
SOL,2022-09-15,UP,0.667
SOL,2022-09-16,CHOP,-0.434
SOL,2022-09-17,CHOP,-0.472
SOL,2022-09-18,UP,0.861
SOL,2022-09-19,DN,-0.827
SOL,2022-09-20,UP,0.589
SOL,2022-09-21,DN,-0.767
SOL,2022-09-22,CHOP,-0.222
SOL,2022-09-23,UP,0.781
SOL,2022-09-24,CHOP,0.442
SOL,2022-09-25,CHOP,-0.176
SOL,2022-09-26,CHOP,-0.482
SOL,2022-09-27,UP,0.745
SOL,2022-09-28,CHOP,-0.36
SOL,2022-09-29,CHOP,0.25
SOL,2022-09-30,CHOP,0.395
SOL,2022-10-01,CHOP,-0.265
SOL,2022-10-02,DN,-0.89
SOL,2022-10-03,CHOP,-0.345
SOL,2022-10-04,UP,0.539
SOL,2022-10-05,UP,0.763
SOL,2022-10-06,CHOP,-0.05
SOL,2022-10-07,DN,-0.535
SOL,2022-10-08,CHOP,-0.278
SOL,2022-10-09,DN,-0.548
SOL,2022-10-10,UP,0.5
SOL,2022-10-11,DN,-0.608
SOL,2022-10-12,DN,-0.747
SOL,2022-10-13,CHOP,0.409
SOL,2022-10-14,CHOP,-0.198
SOL,2022-10-15,CHOP,-0.203
SOL,2022-10-16,DN,-0.526
SOL,2022-10-17,UP,0.598
SOL,2022-10-18,UP,0.724
SOL,2022-10-19,DN,-0.611
SOL,2022-10-20,DN,-0.776
SOL,2022-10-21,DN,-0.57
SOL,2022-10-22,CHOP,0.062
SOL,2022-10-23,CHOP,-0.122
SOL,2022-10-24,UP,0.743
SOL,2022-10-25,DN,-0.731
SOL,2022-10-26,UP,0.599
SOL,2022-10-27,CHOP,0.273
SOL,2022-10-28,CHOP,-0.364
SOL,2022-10-29,UP,0.605
SOL,2022-10-30,CHOP,0.407
SOL,2022-10-31,CHOP,0.043
SOL,2022-11-01,CHOP,-0.169
SOL,2022-11-02,CHOP,-0.298
SOL,2022-11-03,DN,-0.517
SOL,2022-11-04,CHOP,0.024
SOL,2022-11-05,UP,0.814
SOL,2022-11-06,UP,0.618
SOL,2022-11-07,DN,-0.901
SOL,2022-11-08,DN,-0.583
SOL,2022-11-09,CHOP,-0.44
SOL,2022-11-10,DN,-0.858
SOL,2022-11-11,UP,0.625
SOL,2022-11-12,CHOP,-0.374
SOL,2022-11-13,DN,-0.913
SOL,2022-11-14,DN,-0.814
SOL,2022-11-15,CHOP,0.279
SOL,2022-11-16,CHOP,0.25
SOL,2022-11-17,CHOP,-0.05
SOL,2022-11-18,CHOP,-0.395
SOL,2022-11-19,CHOP,-0.427
SOL,2022-11-20,DN,-0.629
SOL,2022-11-21,CHOP,-0.385
SOL,2022-11-22,CHOP,-0.422
SOL,2022-11-23,CHOP,0.391
SOL,2022-11-24,UP,0.919
SOL,2022-11-25,CHOP,0.205
SOL,2022-11-26,DN,-0.814
SOL,2022-11-27,CHOP,0.139
SOL,2022-11-28,CHOP,-0.125
SOL,2022-11-29,DN,-0.568
SOL,2022-11-30,CHOP,0.012
SOL,2022-12-01,UP,0.73
SOL,2022-12-02,DN,-0.835
SOL,2022-12-03,CHOP,0.392
SOL,2022-12-04,DN,-0.737
SOL,2022-12-05,UP,0.875
SOL,2022-12-06,CHOP,0.186
SOL,2022-12-07,UP,0.842
SOL,2022-12-08,DN,-0.853
SOL,2022-12-09,CHOP,0.4
SOL,2022-12-10,CHOP,-0.196
SOL,2022-12-11,CHOP,0.0
SOL,2022-12-12,CHOP,-0.39
SOL,2022-12-13,CHOP,-0.162
SOL,2022-12-14,CHOP,0.417
SOL,2022-12-15,CHOP,0.191
SOL,2022-12-16,CHOP,-0.121
SOL,2022-12-17,DN,-0.829
SOL,2022-12-18,CHOP,0.382
SOL,2022-12-19,CHOP,-0.343
SOL,2022-12-20,CHOP,-0.473
SOL,2022-12-21,CHOP,0.492
SOL,2022-12-22,CHOP,-0.308
SOL,2022-12-23,DN,-0.615
SOL,2022-12-24,CHOP,-0.077
SOL,2022-12-25,CHOP,-0.472
SOL,2022-12-26,CHOP,-0.219
SOL,2022-12-27,CHOP,-0.163
SOL,2022-12-28,CHOP,-0.329
SOL,2022-12-29,DN,-0.775
SOL,2022-12-30,CHOP,-0.042
SOL,2022-12-31,CHOP,0.206
SOL,2023-01-01,CHOP,0.111
SOL,2023-01-02,CHOP,0.05
SOL,2023-01-03,UP,0.589
SOL,2023-01-04,UP,0.718
SOL,2023-01-05,CHOP,0.043
SOL,2023-01-06,CHOP,0.0
SOL,2023-01-07,CHOP,0.077
SOL,2023-01-08,DN,-0.82
SOL,2023-01-09,UP,0.662
SOL,2023-01-10,UP,0.556
SOL,2023-01-11,CHOP,-0.043
SOL,2023-01-12,CHOP,0.115
SOL,2023-01-13,CHOP,0.151
SOL,2023-01-14,UP,0.72
SOL,2023-01-15,UP,0.908
SOL,2023-01-16,CHOP,-0.444
SOL,2023-01-17,CHOP,0.252
SOL,2023-01-18,DN,-0.576
SOL,2023-01-19,DN,-0.625
SOL,2023-01-20,CHOP,0.422
SOL,2023-01-21,UP,0.84
SOL,2023-01-22,CHOP,-0.398
SOL,2023-01-23,CHOP,-0.179
SOL,2023-01-24,CHOP,0.098
SOL,2023-01-25,DN,-0.515
SOL,2023-01-26,UP,0.549
SOL,2023-01-27,CHOP,-0.133
SOL,2023-01-28,CHOP,0.059
SOL,2023-01-29,CHOP,-0.279
SOL,2023-01-30,UP,0.674
SOL,2023-01-31,DN,-0.659
SOL,2023-02-01,CHOP,-0.051
SOL,2023-02-02,CHOP,0.391
SOL,2023-02-03,CHOP,-0.324
SOL,2023-02-04,CHOP,0.349
SOL,2023-02-05,CHOP,-0.449
SOL,2023-02-06,DN,-0.604
SOL,2023-02-07,DN,-0.63
SOL,2023-02-08,UP,0.824
SOL,2023-02-09,CHOP,-0.417
SOL,2023-02-10,DN,-0.815
SOL,2023-02-11,CHOP,-0.243
SOL,2023-02-12,UP,0.866
SOL,2023-02-13,CHOP,0.345
SOL,2023-02-14,CHOP,-0.383
SOL,2023-02-15,UP,0.626
SOL,2023-02-16,UP,0.795
SOL,2023-02-17,DN,-0.81
SOL,2023-02-18,UP,0.581
SOL,2023-02-19,CHOP,0.304
SOL,2023-02-20,UP,0.566
SOL,2023-02-21,CHOP,0.475
SOL,2023-02-22,DN,-0.607
SOL,2023-02-23,CHOP,-0.404
SOL,2023-02-24,CHOP,-0.229
SOL,2023-02-25,DN,-0.503
SOL,2023-02-26,CHOP,-0.365
SOL,2023-02-27,UP,0.667
SOL,2023-02-28,DN,-0.523
SOL,2023-03-01,DN,-0.79
SOL,2023-03-02,UP,0.5
SOL,2023-03-03,DN,-0.51
SOL,2023-03-04,CHOP,-0.345
SOL,2023-03-05,CHOP,-0.31
SOL,2023-03-06,CHOP,-0.011
SOL,2023-03-07,CHOP,-0.486
SOL,2023-03-08,CHOP,-0.298
SOL,2023-03-09,DN,-0.803
SOL,2023-03-10,DN,-0.517
SOL,2023-03-11,CHOP,0.352
SOL,2023-03-12,CHOP,-0.051
SOL,2023-03-13,UP,0.755
SOL,2023-03-14,CHOP,0.081
SOL,2023-03-15,CHOP,0.194
SOL,2023-03-16,DN,-0.587
SOL,2023-03-17,CHOP,0.412
SOL,2023-03-18,UP,0.85
SOL,2023-03-19,CHOP,-0.212
SOL,2023-03-20,UP,0.532
SOL,2023-03-21,CHOP,0.105
SOL,2023-03-22,CHOP,0.22
SOL,2023-03-23,DN,-0.509
SOL,2023-03-24,CHOP,0.401
SOL,2023-03-25,DN,-0.746
SOL,2023-03-26,CHOP,-0.281
SOL,2023-03-27,UP,0.635
SOL,2023-03-28,DN,-0.62
SOL,2023-03-29,CHOP,0.422
SOL,2023-03-30,UP,0.575
SOL,2023-03-31,CHOP,-0.364
SOL,2023-04-01,CHOP,0.421
SOL,2023-04-02,CHOP,-0.117
SOL,2023-04-03,DN,-0.514
SOL,2023-04-04,CHOP,-0.067
SOL,2023-04-05,CHOP,0.48
SOL,2023-04-06,CHOP,0.079
SOL,2023-04-07,DN,-0.607
SOL,2023-04-08,CHOP,-0.321
SOL,2023-04-09,CHOP,-0.449
SOL,2023-04-10,CHOP,0.421
SOL,2023-04-11,UP,0.69
SOL,2023-04-12,UP,0.731
SOL,2023-04-13,CHOP,0.37
SOL,2023-04-14,CHOP,0.371
SOL,2023-04-15,CHOP,0.159
SOL,2023-04-16,DN,-0.677
SOL,2023-04-17,UP,0.768
SOL,2023-04-18,CHOP,-0.442
SOL,2023-04-19,CHOP,0.174
SOL,2023-04-20,DN,-0.661
SOL,2023-04-21,CHOP,-0.289
SOL,2023-04-22,DN,-0.667
SOL,2023-04-23,UP,0.564
SOL,2023-04-24,CHOP,-0.239
SOL,2023-04-25,CHOP,-0.088
SOL,2023-04-26,CHOP,0.435
SOL,2023-04-27,CHOP,-0.253
SOL,2023-04-28,UP,0.784
SOL,2023-04-29,UP,0.746
SOL,2023-04-30,CHOP,-0.152
SOL,2023-05-01,CHOP,-0.338
SOL,2023-05-02,DN,-0.575
SOL,2023-05-03,CHOP,0.476
SOL,2023-05-04,CHOP,-0.009
SOL,2023-05-05,DN,-0.568
SOL,2023-05-06,UP,0.715
SOL,2023-05-07,DN,-0.545
SOL,2023-05-08,CHOP,-0.217
SOL,2023-05-09,DN,-0.569
SOL,2023-05-10,CHOP,0.033
SOL,2023-05-11,CHOP,0.159
SOL,2023-05-12,DN,-0.605
SOL,2023-05-13,UP,0.635
SOL,2023-05-14,CHOP,-0.135
SOL,2023-05-15,CHOP,0.152
SOL,2023-05-16,CHOP,0.065
SOL,2023-05-17,CHOP,-0.443
SOL,2023-05-18,CHOP,0.469
SOL,2023-05-19,DN,-0.706
SOL,2023-05-20,CHOP,0.026
SOL,2023-05-21,CHOP,-0.241
SOL,2023-05-22,DN,-0.632
SOL,2023-05-23,CHOP,-0.107
SOL,2023-05-24,UP,0.658
SOL,2023-05-25,DN,-0.567
SOL,2023-05-26,CHOP,0.037
SOL,2023-05-27,CHOP,0.208
SOL,2023-05-28,UP,0.893
SOL,2023-05-29,CHOP,0.433
SOL,2023-05-30,CHOP,-0.333
SOL,2023-05-31,UP,0.723
SOL,2023-06-01,CHOP,-0.458
SOL,2023-06-02,DN,-0.579
SOL,2023-06-03,UP,0.72
SOL,2023-06-04,CHOP,-0.175
SOL,2023-06-05,CHOP,0.496
SOL,2023-06-06,DN,-0.604
SOL,2023-06-07,CHOP,0.252
SOL,2023-06-08,DN,-0.857
SOL,2023-06-09,CHOP,0.284
SOL,2023-06-10,DN,-0.655
SOL,2023-06-11,CHOP,-0.387
SOL,2023-06-12,CHOP,-0.056
SOL,2023-06-13,CHOP,-0.379
SOL,2023-06-14,CHOP,-0.121
SOL,2023-06-15,CHOP,-0.42
SOL,2023-06-16,CHOP,0.311
SOL,2023-06-17,CHOP,0.486
SOL,2023-06-18,CHOP,0.333
SOL,2023-06-19,CHOP,-0.357
SOL,2023-06-20,UP,0.813
SOL,2023-06-21,UP,0.562
SOL,2023-06-22,UP,0.674
SOL,2023-06-23,DN,-0.517
SOL,2023-06-24,CHOP,0.372
SOL,2023-06-25,CHOP,-0.431
SOL,2023-06-26,CHOP,0.395
SOL,2023-06-27,DN,-0.561
SOL,2023-06-28,CHOP,0.45
SOL,2023-06-29,DN,-0.629
SOL,2023-06-30,UP,0.834
SOL,2023-07-01,CHOP,0.285
SOL,2023-07-02,CHOP,-0.136
SOL,2023-07-03,UP,0.62
SOL,2023-07-04,CHOP,-0.253
SOL,2023-07-05,CHOP,-0.136
SOL,2023-07-06,CHOP,-0.116
SOL,2023-07-07,CHOP,0.284
SOL,2023-07-08,UP,0.716
SOL,2023-07-09,CHOP,0.254
SOL,2023-07-10,CHOP,-0.36
SOL,2023-07-11,CHOP,-0.015
SOL,2023-07-12,UP,0.658
SOL,2023-07-13,CHOP,-0.113
SOL,2023-07-14,UP,0.756
SOL,2023-07-15,CHOP,0.096
SOL,2023-07-16,CHOP,0.296
SOL,2023-07-17,CHOP,-0.022
SOL,2023-07-18,CHOP,-0.207
SOL,2023-07-19,DN,-0.541
SOL,2023-07-20,CHOP,0.47
SOL,2023-07-21,CHOP,-0.396
SOL,2023-07-22,CHOP,0.128
SOL,2023-07-23,DN,-0.503
SOL,2023-07-24,CHOP,0.216
SOL,2023-07-25,DN,-0.716
SOL,2023-07-26,CHOP,-0.103
SOL,2023-07-27,UP,0.753
SOL,2023-07-28,CHOP,-0.081
SOL,2023-07-29,CHOP,-0.275
SOL,2023-07-30,UP,0.547
SOL,2023-07-31,DN,-0.529
SOL,2023-08-01,CHOP,-0.409
SOL,2023-08-02,CHOP,0.268
SOL,2023-08-03,DN,-0.619
SOL,2023-08-04,DN,-0.521
SOL,2023-08-05,CHOP,0.138
SOL,2023-08-06,CHOP,-0.211
SOL,2023-08-07,UP,0.6
SOL,2023-08-08,CHOP,-0.057
SOL,2023-08-09,UP,0.627
SOL,2023-08-10,CHOP,0.18
SOL,2023-08-11,CHOP,0.303
SOL,2023-08-12,CHOP,-0.017
SOL,2023-08-13,CHOP,0.333
SOL,2023-08-14,DN,-0.919
SOL,2023-08-15,UP,0.774
SOL,2023-08-16,DN,-0.768
SOL,2023-08-17,DN,-0.653
SOL,2023-08-18,CHOP,-0.338
SOL,2023-08-19,CHOP,-0.254
SOL,2023-08-20,UP,0.629
SOL,2023-08-21,CHOP,-0.255
SOL,2023-08-22,CHOP,-0.389
SOL,2023-08-23,CHOP,-0.319
SOL,2023-08-24,UP,0.772
SOL,2023-08-25,DN,-0.504
SOL,2023-08-26,DN,-0.649
SOL,2023-08-27,DN,-0.52
SOL,2023-08-28,UP,0.75
SOL,2023-08-29,CHOP,-0.299
SOL,2023-08-30,UP,0.632
SOL,2023-08-31,DN,-0.698
SOL,2023-09-01,DN,-0.659
SOL,2023-09-02,CHOP,-0.451
SOL,2023-09-03,CHOP,0.304
SOL,2023-09-04,CHOP,0.159
SOL,2023-09-05,CHOP,-0.056
SOL,2023-09-06,CHOP,0.471
SOL,2023-09-07,CHOP,-0.496
SOL,2023-09-08,CHOP,0.426
SOL,2023-09-09,CHOP,-0.341
SOL,2023-09-10,DN,-0.696
SOL,2023-09-11,DN,-0.717
SOL,2023-09-12,CHOP,-0.451
SOL,2023-09-13,CHOP,0.163
SOL,2023-09-14,UP,0.563
SOL,2023-09-15,CHOP,0.474
SOL,2023-09-16,CHOP,0.305
SOL,2023-09-17,CHOP,-0.05
SOL,2023-09-18,DN,-0.608
SOL,2023-09-19,UP,0.529
SOL,2023-09-20,CHOP,0.452
SOL,2023-09-21,CHOP,0.365
SOL,2023-09-22,DN,-0.83
SOL,2023-09-23,CHOP,-0.03
SOL,2023-09-24,CHOP,0.25
SOL,2023-09-25,CHOP,-0.25
SOL,2023-09-26,CHOP,0.045
SOL,2023-09-27,DN,-0.522
SOL,2023-09-28,CHOP,0.147
SOL,2023-09-29,UP,0.943
SOL,2023-09-30,UP,0.508
SOL,2023-10-01,UP,0.626
SOL,2023-10-02,UP,0.742
SOL,2023-10-03,CHOP,-0.268
SOL,2023-10-04,CHOP,0.141
SOL,2023-10-05,CHOP,-0.375
SOL,2023-10-06,CHOP,-0.35
SOL,2023-10-07,UP,0.645
SOL,2023-10-08,CHOP,-0.097
SOL,2023-10-09,CHOP,-0.121
SOL,2023-10-10,DN,-0.624
SOL,2023-10-11,CHOP,0.025
SOL,2023-10-12,CHOP,-0.123
SOL,2023-10-13,DN,-0.652
SOL,2023-10-14,CHOP,0.491
SOL,2023-10-15,CHOP,0.294
SOL,2023-10-16,CHOP,-0.137
SOL,2023-10-17,UP,0.706
SOL,2023-10-18,CHOP,-0.018
SOL,2023-10-19,CHOP,-0.486
SOL,2023-10-20,UP,0.571
SOL,2023-10-21,UP,0.762
SOL,2023-10-22,UP,0.628
SOL,2023-10-23,CHOP,-0.146
SOL,2023-10-24,UP,0.693
SOL,2023-10-25,DN,-0.55
SOL,2023-10-26,UP,0.579
SOL,2023-10-27,CHOP,0.133
SOL,2023-10-28,CHOP,-0.488
SOL,2023-10-29,CHOP,-0.086
SOL,2023-10-30,UP,0.63
SOL,2023-10-31,UP,0.687
SOL,2023-11-01,UP,0.911
SOL,2023-11-02,CHOP,0.301
SOL,2023-11-03,CHOP,-0.157
SOL,2023-11-04,CHOP,-0.346
SOL,2023-11-05,UP,0.796
SOL,2023-11-06,CHOP,-0.458
SOL,2023-11-07,CHOP,0.394
SOL,2023-11-08,CHOP,0.164
SOL,2023-11-09,CHOP,0.123
SOL,2023-11-10,CHOP,0.289
SOL,2023-11-11,UP,0.91
SOL,2023-11-12,CHOP,-0.032
SOL,2023-11-13,CHOP,-0.011
SOL,2023-11-14,DN,-0.544
SOL,2023-11-15,UP,0.758
SOL,2023-11-16,UP,0.786
SOL,2023-11-17,DN,-0.642
SOL,2023-11-18,CHOP,0.108
SOL,2023-11-19,CHOP,0.009
SOL,2023-11-20,CHOP,0.463
SOL,2023-11-21,DN,-0.85
SOL,2023-11-22,DN,-0.797
SOL,2023-11-23,UP,0.787
SOL,2023-11-24,CHOP,-0.298
SOL,2023-11-25,CHOP,0.131
SOL,2023-11-26,CHOP,0.476
SOL,2023-11-27,CHOP,-0.425
SOL,2023-11-28,DN,-0.543
SOL,2023-11-29,UP,0.662
SOL,2023-11-30,CHOP,0.278
SOL,2023-12-01,CHOP,-0.003
SOL,2023-12-02,CHOP,0.136
SOL,2023-12-03,UP,0.927
SOL,2023-12-04,CHOP,-0.205
SOL,2023-12-05,CHOP,-0.245
SOL,2023-12-06,CHOP,-0.172
SOL,2023-12-07,CHOP,0.143
SOL,2023-12-08,UP,0.762
SOL,2023-12-09,UP,0.952
SOL,2023-12-10,CHOP,-0.419
SOL,2023-12-11,UP,0.607
SOL,2023-12-12,CHOP,-0.428
SOL,2023-12-13,CHOP,-0.246
SOL,2023-12-14,CHOP,0.226
SOL,2023-12-15,UP,0.628
SOL,2023-12-16,CHOP,-0.43
SOL,2023-12-17,CHOP,0.2
SOL,2023-12-18,DN,-0.606
SOL,2023-12-19,CHOP,0.422
SOL,2023-12-20,CHOP,-0.307
SOL,2023-12-21,UP,0.824
SOL,2023-12-22,UP,0.801
SOL,2023-12-23,CHOP,0.441
SOL,2023-12-24,UP,0.58
SOL,2023-12-25,CHOP,0.423
SOL,2023-12-26,CHOP,0.459
SOL,2023-12-27,CHOP,-0.437
SOL,2023-12-28,DN,-0.52
SOL,2023-12-29,CHOP,-0.409
SOL,2023-12-30,CHOP,0.397
SOL,2023-12-31,DN,-0.623
SOL,2024-01-01,CHOP,-0.032
SOL,2024-01-02,UP,0.965
SOL,2024-01-03,CHOP,-0.293
SOL,2024-01-04,CHOP,-0.329
SOL,2024-01-05,UP,0.553
SOL,2024-01-06,CHOP,-0.485
SOL,2024-01-07,DN,-0.702
SOL,2024-01-08,CHOP,-0.475
SOL,2024-01-09,UP,0.57
SOL,2024-01-10,CHOP,0.154
SOL,2024-01-11,CHOP,0.191
SOL,2024-01-12,CHOP,-0.217
SOL,2024-01-13,DN,-0.576
SOL,2024-01-14,CHOP,0.492
SOL,2024-01-15,CHOP,-0.221
SOL,2024-01-16,CHOP,0.138
SOL,2024-01-17,UP,0.713
SOL,2024-01-18,UP,0.714
SOL,2024-01-19,DN,-0.632
SOL,2024-01-20,CHOP,-0.091
SOL,2024-01-21,CHOP,-0.182
SOL,2024-01-22,DN,-0.57
SOL,2024-01-23,DN,-0.736
SOL,2024-01-24,CHOP,0.073
SOL,2024-01-25,UP,0.715
SOL,2024-01-26,CHOP,-0.409
SOL,2024-01-27,UP,0.693
SOL,2024-01-28,UP,0.521
SOL,2024-01-29,CHOP,0.279
SOL,2024-01-30,UP,0.822
SOL,2024-01-31,CHOP,-0.049
SOL,2024-02-01,DN,-0.65
SOL,2024-02-02,CHOP,0.17
SOL,2024-02-03,UP,0.535
SOL,2024-02-04,DN,-0.554
SOL,2024-02-05,DN,-0.701
SOL,2024-02-06,CHOP,0.039
SOL,2024-02-07,CHOP,0.244
SOL,2024-02-08,UP,0.614
SOL,2024-02-09,CHOP,0.362
SOL,2024-02-10,UP,0.655
SOL,2024-02-11,UP,0.518
SOL,2024-02-12,CHOP,-0.452
SOL,2024-02-13,CHOP,0.474
SOL,2024-02-14,CHOP,0.12
SOL,2024-02-15,UP,0.554
SOL,2024-02-16,DN,-0.504
SOL,2024-02-17,DN,-0.502
SOL,2024-02-18,CHOP,-0.23
SOL,2024-02-19,UP,0.508
SOL,2024-02-20,CHOP,-0.175
SOL,2024-02-21,CHOP,-0.353
SOL,2024-02-22,CHOP,-0.403
SOL,2024-02-23,DN,-0.589
SOL,2024-02-24,CHOP,-0.415
SOL,2024-02-25,UP,0.644
SOL,2024-02-26,CHOP,-0.226
SOL,2024-02-27,UP,0.607
SOL,2024-02-28,CHOP,-0.22
SOL,2024-02-29,UP,0.875
SOL,2024-03-01,CHOP,0.38
SOL,2024-03-02,CHOP,0.308
SOL,2024-03-03,CHOP,0.131
SOL,2024-03-04,CHOP,0.016
SOL,2024-03-05,CHOP,0.409
SOL,2024-03-06,CHOP,-0.211
SOL,2024-03-07,CHOP,0.367
SOL,2024-03-08,UP,0.693
SOL,2024-03-09,CHOP,0.091
SOL,2024-03-10,CHOP,-0.089
SOL,2024-03-11,CHOP,0.011
SOL,2024-03-12,CHOP,0.324
SOL,2024-03-13,CHOP,0.164
SOL,2024-03-14,UP,0.713
SOL,2024-03-15,UP,0.661
SOL,2024-03-16,CHOP,0.298
SOL,2024-03-17,CHOP,-0.09
SOL,2024-03-18,UP,0.743
SOL,2024-03-19,CHOP,-0.362
SOL,2024-03-20,DN,-0.799
SOL,2024-03-21,UP,0.714
SOL,2024-03-22,DN,-0.62
SOL,2024-03-23,CHOP,-0.296
SOL,2024-03-24,CHOP,-0.297
SOL,2024-03-25,UP,0.723
SOL,2024-03-26,CHOP,0.374
SOL,2024-03-27,CHOP,0.14
SOL,2024-03-28,CHOP,-0.324
SOL,2024-03-29,CHOP,0.329
SOL,2024-03-30,CHOP,0.247
SOL,2024-03-31,CHOP,0.235
SOL,2024-04-01,UP,0.871
SOL,2024-04-02,DN,-0.58
SOL,2024-04-03,DN,-0.656
SOL,2024-04-04,CHOP,0.233
SOL,2024-04-05,CHOP,-0.104
SOL,2024-04-06,DN,-0.559
SOL,2024-04-07,UP,0.679
SOL,2024-04-08,CHOP,0.142
SOL,2024-04-09,CHOP,0.124
SOL,2024-04-10,DN,-0.701
SOL,2024-04-11,CHOP,0.068
SOL,2024-04-12,CHOP,-0.149
SOL,2024-04-13,DN,-0.549
SOL,2024-04-14,CHOP,-0.377
SOL,2024-04-15,UP,0.571
SOL,2024-04-16,DN,-0.567
SOL,2024-04-17,CHOP,-0.162
SOL,2024-04-18,CHOP,-0.275
SOL,2024-04-19,UP,0.615
SOL,2024-04-20,CHOP,0.022
SOL,2024-04-21,UP,0.685
SOL,2024-04-22,CHOP,-0.353
SOL,2024-04-23,UP,0.686
SOL,2024-04-24,CHOP,-0.315
SOL,2024-04-25,CHOP,-0.49
SOL,2024-04-26,CHOP,-0.393
SOL,2024-04-27,DN,-0.752
SOL,2024-04-28,CHOP,0.205
SOL,2024-04-29,CHOP,-0.426
SOL,2024-04-30,CHOP,-0.04
SOL,2024-05-01,DN,-0.594
SOL,2024-05-02,CHOP,0.45
SOL,2024-05-03,CHOP,0.231
SOL,2024-05-04,UP,0.67
SOL,2024-05-05,CHOP,0.34
SOL,2024-05-06,CHOP,-0.065
SOL,2024-05-07,UP,0.616
SOL,2024-05-08,CHOP,-0.418
SOL,2024-05-09,CHOP,-0.487
SOL,2024-05-10,UP,0.814
SOL,2024-05-11,DN,-0.582
SOL,2024-05-12,CHOP,-0.131
SOL,2024-05-13,CHOP,-0.375
SOL,2024-05-14,CHOP,0.315
SOL,2024-05-15,DN,-0.757
SOL,2024-05-16,UP,0.933
SOL,2024-05-17,CHOP,0.102
SOL,2024-05-18,UP,0.687
SOL,2024-05-19,CHOP,0.401
SOL,2024-05-20,CHOP,-0.259
SOL,2024-05-21,UP,0.804
SOL,2024-05-22,DN,-0.588
SOL,2024-05-23,CHOP,-0.12
SOL,2024-05-24,CHOP,-0.051
SOL,2024-05-25,DN,-0.619
SOL,2024-05-26,CHOP,0.14
SOL,2024-05-27,DN,-0.668
SOL,2024-05-28,UP,0.746
SOL,2024-05-29,CHOP,-0.177
SOL,2024-05-30,CHOP,-0.052
SOL,2024-05-31,CHOP,-0.152
SOL,2024-06-01,CHOP,-0.169
SOL,2024-06-02,CHOP,0.212
SOL,2024-06-03,DN,-0.517
SOL,2024-06-04,CHOP,0.323
SOL,2024-06-05,UP,0.91
SOL,2024-06-06,CHOP,0.314
SOL,2024-06-07,CHOP,-0.493
SOL,2024-06-08,CHOP,-0.384
SOL,2024-06-09,DN,-0.73
SOL,2024-06-10,UP,0.658
SOL,2024-06-11,DN,-0.537
SOL,2024-06-12,DN,-0.669
SOL,2024-06-13,CHOP,0.36
SOL,2024-06-14,DN,-0.863
SOL,2024-06-15,CHOP,-0.454
SOL,2024-06-16,UP,0.867
SOL,2024-06-17,UP,0.699
SOL,2024-06-18,DN,-0.673
SOL,2024-06-19,CHOP,-0.37
SOL,2024-06-20,CHOP,-0.241
SOL,2024-06-21,CHOP,-0.22
SOL,2024-06-22,CHOP,0.159
SOL,2024-06-23,CHOP,-0.246
SOL,2024-06-24,DN,-0.729
SOL,2024-06-25,CHOP,0.342
SOL,2024-06-26,CHOP,0.487
SOL,2024-06-27,CHOP,0.043
SOL,2024-06-28,UP,0.806
SOL,2024-06-29,DN,-0.818
SOL,2024-06-30,CHOP,0.07
SOL,2024-07-01,UP,0.601
SOL,2024-07-02,CHOP,0.017
SOL,2024-07-03,UP,0.83
SOL,2024-07-04,DN,-0.852
SOL,2024-07-05,DN,-0.835
SOL,2024-07-06,CHOP,0.415
SOL,2024-07-07,UP,0.726
SOL,2024-07-08,DN,-0.943
SOL,2024-07-09,UP,0.574
SOL,2024-07-10,CHOP,0.204
SOL,2024-07-11,CHOP,0.072
SOL,2024-07-12,DN,-0.598
SOL,2024-07-13,UP,0.563
SOL,2024-07-14,CHOP,0.429
SOL,2024-07-15,UP,0.862
SOL,2024-07-16,UP,0.905
SOL,2024-07-17,CHOP,0.126
SOL,2024-07-18,DN,-0.561
SOL,2024-07-19,UP,0.57
SOL,2024-07-20,UP,0.606
SOL,2024-07-21,UP,0.572
SOL,2024-07-22,UP,0.731
SOL,2024-07-23,DN,-0.674
SOL,2024-07-24,DN,-0.543
SOL,2024-07-25,CHOP,0.434
SOL,2024-07-26,CHOP,-0.439
SOL,2024-07-27,UP,0.841
SOL,2024-07-28,CHOP,0.083
SOL,2024-07-29,CHOP,0.175
SOL,2024-07-30,CHOP,-0.189
SOL,2024-07-31,CHOP,-0.357
SOL,2024-08-01,DN,-0.552
SOL,2024-08-02,CHOP,-0.289
SOL,2024-08-03,DN,-0.751
SOL,2024-08-04,DN,-0.73
SOL,2024-08-05,CHOP,-0.283
SOL,2024-08-06,CHOP,-0.291
SOL,2024-08-07,UP,0.724
SOL,2024-08-08,CHOP,0.029
SOL,2024-08-09,UP,0.823
SOL,2024-08-10,DN,-0.534
SOL,2024-08-11,CHOP,-0.367
SOL,2024-08-12,DN,-0.74
SOL,2024-08-13,CHOP,0.493
SOL,2024-08-14,CHOP,0.052
SOL,2024-08-15,CHOP,-0.299
SOL,2024-08-16,CHOP,-0.114
SOL,2024-08-17,CHOP,-0.403
SOL,2024-08-18,UP,0.66
SOL,2024-08-19,CHOP,0.074
SOL,2024-08-20,CHOP,0.319
SOL,2024-08-21,CHOP,-0.257
SOL,2024-08-22,CHOP,0.091
SOL,2024-08-23,CHOP,0.104
SOL,2024-08-24,UP,0.88
SOL,2024-08-25,UP,0.716
SOL,2024-08-26,CHOP,-0.259
SOL,2024-08-27,CHOP,-0.278
SOL,2024-08-28,DN,-0.705
SOL,2024-08-29,CHOP,-0.323
SOL,2024-08-30,CHOP,-0.425
SOL,2024-08-31,CHOP,-0.223
SOL,2024-09-01,DN,-0.557
SOL,2024-09-02,DN,-0.807
SOL,2024-09-03,UP,0.75
SOL,2024-09-04,DN,-0.675
SOL,2024-09-05,CHOP,0.493
SOL,2024-09-06,DN,-0.547
SOL,2024-09-07,CHOP,-0.304
SOL,2024-09-08,CHOP,0.495
SOL,2024-09-09,CHOP,0.477
SOL,2024-09-10,CHOP,0.487
SOL,2024-09-11,CHOP,0.102
SOL,2024-09-12,CHOP,-0.418
SOL,2024-09-13,UP,0.823
SOL,2024-09-14,CHOP,0.365
SOL,2024-09-15,CHOP,-0.448
SOL,2024-09-16,DN,-0.769
SOL,2024-09-17,CHOP,0.026
SOL,2024-09-18,CHOP,0.013
SOL,2024-09-19,CHOP,0.379
SOL,2024-09-20,UP,0.875
SOL,2024-09-21,CHOP,0.334
SOL,2024-09-22,CHOP,0.486
SOL,2024-09-23,DN,-0.544
SOL,2024-09-24,CHOP,0.022
SOL,2024-09-25,UP,0.728
SOL,2024-09-26,DN,-0.716
SOL,2024-09-27,UP,0.66
SOL,2024-09-28,CHOP,0.279
SOL,2024-09-29,CHOP,-0.199
SOL,2024-09-30,CHOP,0.256
SOL,2024-10-01,DN,-0.744
SOL,2024-10-02,CHOP,-0.49
SOL,2024-10-03,CHOP,-0.477
SOL,2024-10-04,CHOP,-0.341
SOL,2024-10-05,UP,0.748
SOL,2024-10-06,CHOP,-0.168
SOL,2024-10-07,UP,0.819
SOL,2024-10-08,CHOP,-0.282
SOL,2024-10-09,CHOP,-0.108
SOL,2024-10-10,DN,-0.624
SOL,2024-10-11,CHOP,-0.056
SOL,2024-10-12,UP,0.817
SOL,2024-10-13,CHOP,0.337
SOL,2024-10-14,CHOP,0.306
SOL,2024-10-15,UP,0.872
SOL,2024-10-16,CHOP,-0.3
SOL,2024-10-17,CHOP,-0.089
SOL,2024-10-18,CHOP,-0.468
SOL,2024-10-19,UP,0.626
SOL,2024-10-20,UP,0.759
SOL,2024-10-21,UP,0.735
SOL,2024-10-22,CHOP,-0.114
SOL,2024-10-23,CHOP,0.179
SOL,2024-10-24,CHOP,0.32
SOL,2024-10-25,UP,0.719
SOL,2024-10-26,DN,-0.665
SOL,2024-10-27,UP,0.552
SOL,2024-10-28,UP,0.719
SOL,2024-10-29,CHOP,0.226
SOL,2024-10-30,CHOP,0.164
SOL,2024-10-31,DN,-0.546
SOL,2024-11-01,DN,-0.687
SOL,2024-11-02,CHOP,-0.245
SOL,2024-11-03,CHOP,0.009
SOL,2024-11-04,CHOP,-0.413
SOL,2024-11-05,CHOP,-0.46
SOL,2024-11-06,UP,0.697
SOL,2024-11-07,UP,0.845
SOL,2024-11-08,UP,0.813
SOL,2024-11-09,CHOP,0.373
SOL,2024-11-10,CHOP,0.003
SOL,2024-11-11,UP,0.614
SOL,2024-11-12,UP,0.608
SOL,2024-11-13,DN,-0.511
SOL,2024-11-14,CHOP,0.177
SOL,2024-11-15,CHOP,-0.348
SOL,2024-11-16,UP,0.554
SOL,2024-11-17,CHOP,-0.316
SOL,2024-11-18,UP,0.719
SOL,2024-11-19,CHOP,0.161
SOL,2024-11-20,CHOP,-0.153
SOL,2024-11-21,CHOP,-0.177
SOL,2024-11-22,UP,0.692
SOL,2024-11-23,CHOP,0.04
SOL,2024-11-24,CHOP,-0.178
SOL,2024-11-25,CHOP,-0.115
SOL,2024-11-26,DN,-0.728
SOL,2024-11-27,CHOP,-0.195
SOL,2024-11-28,UP,0.712
SOL,2024-11-29,CHOP,-0.35
SOL,2024-11-30,UP,0.563
SOL,2024-12-01,DN,-0.725
SOL,2024-12-02,CHOP,-0.138
SOL,2024-12-03,DN,-0.608
SOL,2024-12-04,CHOP,0.333
SOL,2024-12-05,CHOP,-0.292
SOL,2024-12-06,CHOP,0.307
SOL,2024-12-07,CHOP,0.064
SOL,2024-12-08,CHOP,0.134
SOL,2024-12-09,CHOP,-0.135
SOL,2024-12-10,DN,-0.595
SOL,2024-12-11,CHOP,-0.169
SOL,2024-12-12,UP,0.715
SOL,2024-12-13,CHOP,-0.037
SOL,2024-12-14,CHOP,-0.276
SOL,2024-12-15,CHOP,-0.393
SOL,2024-12-16,CHOP,0.441
SOL,2024-12-17,DN,-0.564
SOL,2024-12-18,CHOP,0.396
SOL,2024-12-19,DN,-0.783
SOL,2024-12-20,DN,-0.506
SOL,2024-12-21,CHOP,0.027
SOL,2024-12-22,DN,-0.55
SOL,2024-12-23,CHOP,-0.086
SOL,2024-12-24,UP,0.564
SOL,2024-12-25,UP,0.542
SOL,2024-12-26,CHOP,0.051
SOL,2024-12-27,DN,-0.683
SOL,2024-12-28,CHOP,-0.364
SOL,2024-12-29,UP,0.919
SOL,2024-12-30,DN,-0.608
SOL,2024-12-31,CHOP,0.136
SOL,2025-01-01,CHOP,-0.183
SOL,2025-01-02,UP,0.678
SOL,2025-01-03,UP,0.823
SOL,2025-01-04,UP,0.682
SOL,2025-01-05,CHOP,-0.287
SOL,2025-01-06,CHOP,-0.43
SOL,2025-01-07,CHOP,0.414
SOL,2025-01-08,DN,-0.927
SOL,2025-01-09,CHOP,-0.314
SOL,2025-01-10,DN,-0.734
SOL,2025-01-11,CHOP,0.286
SOL,2025-01-12,CHOP,0.051
SOL,2025-01-13,CHOP,0.072
SOL,2025-01-14,CHOP,-0.244
SOL,2025-01-15,UP,0.572
SOL,2025-01-16,UP,0.905
SOL,2025-01-17,CHOP,0.283
SOL,2025-01-18,UP,0.681
SOL,2025-01-19,UP,0.795
SOL,2025-01-20,CHOP,-0.161
SOL,2025-01-21,CHOP,-0.233
SOL,2025-01-22,CHOP,0.271
SOL,2025-01-23,CHOP,0.298
SOL,2025-01-24,CHOP,-0.262
SOL,2025-01-25,CHOP,0.011
SOL,2025-01-26,CHOP,0.211
SOL,2025-01-27,DN,-0.801
SOL,2025-01-28,CHOP,-0.257
SOL,2025-01-29,CHOP,-0.413
SOL,2025-01-30,CHOP,0.069
SOL,2025-01-31,UP,0.568
SOL,2025-02-01,CHOP,-0.481
SOL,2025-02-02,DN,-0.79
SOL,2025-02-03,CHOP,-0.358
SOL,2025-02-04,CHOP,0.298
SOL,2025-02-05,DN,-0.532
SOL,2025-02-06,DN,-0.738
SOL,2025-02-07,CHOP,-0.397
SOL,2025-02-08,CHOP,0.161
SOL,2025-02-09,UP,0.661
SOL,2025-02-10,CHOP,0.083
SOL,2025-02-11,CHOP,0.0
SOL,2025-02-12,CHOP,-0.227
SOL,2025-02-13,CHOP,-0.116
SOL,2025-02-14,CHOP,-0.261
SOL,2025-02-15,CHOP,0.459
SOL,2025-02-16,DN,-0.642
SOL,2025-02-17,DN,-0.624
SOL,2025-02-18,DN,-0.711
SOL,2025-02-19,CHOP,-0.451
SOL,2025-02-20,CHOP,-0.037
SOL,2025-02-21,UP,0.785
SOL,2025-02-22,DN,-0.528
SOL,2025-02-23,CHOP,0.474
SOL,2025-02-24,DN,-0.621
SOL,2025-02-25,DN,-0.825
SOL,2025-02-26,CHOP,0.166
SOL,2025-02-27,DN,-0.62
SOL,2025-02-28,CHOP,0.287
SOL,2025-03-01,CHOP,0.453
SOL,2025-03-02,CHOP,-0.356
SOL,2025-03-03,UP,0.88
SOL,2025-03-04,DN,-0.908
SOL,2025-03-05,CHOP,0.161
SOL,2025-03-06,CHOP,0.155
SOL,2025-03-07,CHOP,-0.283
SOL,2025-03-08,CHOP,-0.247
SOL,2025-03-09,CHOP,-0.41
SOL,2025-03-10,DN,-0.726
SOL,2025-03-11,DN,-0.509
SOL,2025-03-12,CHOP,0.428
SOL,2025-03-13,CHOP,0.126
SOL,2025-03-14,CHOP,-0.405
SOL,2025-03-15,UP,0.78
SOL,2025-03-16,UP,0.57
SOL,2025-03-17,DN,-0.846
SOL,2025-03-18,CHOP,0.369
SOL,2025-03-19,CHOP,-0.417
SOL,2025-03-20,UP,0.842
SOL,2025-03-21,DN,-0.816
SOL,2025-03-22,CHOP,0.164
SOL,2025-03-23,CHOP,0.01
SOL,2025-03-24,UP,0.742
SOL,2025-03-25,UP,0.632
SOL,2025-03-26,CHOP,0.282
SOL,2025-03-27,DN,-0.656
SOL,2025-03-28,CHOP,0.235
SOL,2025-03-29,DN,-0.788
SOL,2025-03-30,DN,-0.626
SOL,2025-03-31,CHOP,0.059
SOL,2025-04-01,CHOP,-0.057
SOL,2025-04-02,CHOP,0.314
SOL,2025-04-03,CHOP,-0.482
SOL,2025-04-04,CHOP,-0.029
SOL,2025-04-05,UP,0.523
SOL,2025-04-06,CHOP,-0.435
SOL,2025-04-07,DN,-0.833
SOL,2025-04-08,CHOP,0.061
SOL,2025-04-09,CHOP,-0.164
SOL,2025-04-10,UP,0.691
SOL,2025-04-11,DN,-0.563
SOL,2025-04-12,UP,0.821
SOL,2025-04-13,UP,0.737
SOL,2025-04-14,CHOP,-0.447
SOL,2025-04-15,CHOP,0.128
SOL,2025-04-16,CHOP,-0.382
SOL,2025-04-17,UP,0.502
SOL,2025-04-18,UP,0.522
SOL,2025-04-19,CHOP,-0.225
SOL,2025-04-20,UP,0.841
SOL,2025-04-21,CHOP,-0.316
SOL,2025-04-22,CHOP,-0.138
SOL,2025-04-23,UP,0.786
SOL,2025-04-24,CHOP,0.328
SOL,2025-04-25,CHOP,0.181
SOL,2025-04-26,CHOP,-0.243
SOL,2025-04-27,CHOP,-0.297
SOL,2025-04-28,CHOP,-0.253
SOL,2025-04-29,CHOP,-0.015
SOL,2025-04-30,CHOP,-0.284
SOL,2025-05-01,CHOP,0.149
SOL,2025-05-02,UP,0.513
SOL,2025-05-03,DN,-0.607
SOL,2025-05-04,CHOP,-0.412
SOL,2025-05-05,DN,-0.64
SOL,2025-05-06,UP,0.532
SOL,2025-05-07,CHOP,0.027
SOL,2025-05-08,CHOP,0.088
SOL,2025-05-09,UP,0.978
SOL,2025-05-10,UP,0.552
SOL,2025-05-11,CHOP,0.499
SOL,2025-05-12,CHOP,-0.431
SOL,2025-05-13,CHOP,0.078
SOL,2025-05-14,UP,0.511
SOL,2025-05-15,DN,-0.61
SOL,2025-05-16,DN,-0.642
SOL,2025-05-17,CHOP,-0.224
SOL,2025-05-18,CHOP,-0.244
SOL,2025-05-19,UP,0.602
SOL,2025-05-20,CHOP,-0.444
SOL,2025-05-21,CHOP,0.2
SOL,2025-05-22,CHOP,0.471
SOL,2025-05-23,UP,0.742
SOL,2025-05-24,CHOP,-0.392
SOL,2025-05-25,CHOP,0.321
SOL,2025-05-26,CHOP,-0.017
SOL,2025-05-27,CHOP,-0.152
SOL,2025-05-28,CHOP,0.219
SOL,2025-05-29,DN,-0.529
SOL,2025-05-30,DN,-0.587
SOL,2025-05-31,DN,-0.855
SOL,2025-06-01,CHOP,0.043
SOL,2025-06-02,CHOP,0.168
SOL,2025-06-03,CHOP,-0.117
SOL,2025-06-04,CHOP,-0.173
SOL,2025-06-05,CHOP,-0.384
SOL,2025-06-06,DN,-0.687
SOL,2025-06-07,CHOP,0.429
SOL,2025-06-08,CHOP,0.373
SOL,2025-06-09,CHOP,0.321
SOL,2025-06-10,UP,0.717
SOL,2025-06-11,CHOP,0.424
SOL,2025-06-12,CHOP,-0.454
SOL,2025-06-13,DN,-0.935
SOL,2025-06-14,CHOP,-0.3
SOL,2025-06-15,DN,-0.588
SOL,2025-06-16,UP,0.893
SOL,2025-06-17,CHOP,-0.265
SOL,2025-06-18,CHOP,-0.362
SOL,2025-06-19,CHOP,-0.22
SOL,2025-06-20,CHOP,0.139
SOL,2025-06-21,DN,-0.528
SOL,2025-06-22,CHOP,-0.4
SOL,2025-06-23,CHOP,-0.32
SOL,2025-06-24,UP,0.788
SOL,2025-06-25,CHOP,0.316
SOL,2025-06-26,CHOP,-0.414
SOL,2025-06-27,CHOP,-0.481
SOL,2025-06-28,CHOP,0.394
SOL,2025-06-29,UP,0.746
SOL,2025-06-30,CHOP,0.479
SOL,2025-07-01,CHOP,0.141
SOL,2025-07-02,DN,-0.736
SOL,2025-07-03,UP,0.626
SOL,2025-07-04,CHOP,0.012
SOL,2025-07-05,DN,-0.537
SOL,2025-07-06,CHOP,-0.05
SOL,2025-07-07,UP,0.606
SOL,2025-07-08,DN,-0.505
SOL,2025-07-09,UP,0.553
SOL,2025-07-10,UP,0.726
SOL,2025-07-11,UP,0.744
SOL,2025-07-12,CHOP,-0.162
SOL,2025-07-13,CHOP,-0.362
SOL,2025-07-14,CHOP,0.099
SOL,2025-07-15,CHOP,0.132
SOL,2025-07-16,CHOP,0.252
SOL,2025-07-17,UP,0.666
SOL,2025-07-18,CHOP,0.237
SOL,2025-07-19,CHOP,0.122
SOL,2025-07-20,CHOP,-0.069
SOL,2025-07-21,UP,0.608
SOL,2025-07-22,UP,0.679
SOL,2025-07-23,UP,0.795
SOL,2025-07-24,DN,-0.748
SOL,2025-07-25,DN,-0.516
SOL,2025-07-26,CHOP,0.346
SOL,2025-07-27,CHOP,-0.341
SOL,2025-07-28,UP,0.608
SOL,2025-07-29,CHOP,-0.422
SOL,2025-07-30,CHOP,-0.193
SOL,2025-07-31,CHOP,-0.302
SOL,2025-08-01,CHOP,-0.493
SOL,2025-08-02,DN,-0.728
SOL,2025-08-03,CHOP,-0.447
SOL,2025-08-04,UP,0.507
SOL,2025-08-05,UP,0.886
SOL,2025-08-06,DN,-0.523
SOL,2025-08-07,CHOP,0.455
SOL,2025-08-08,UP,0.824
SOL,2025-08-09,CHOP,0.226
SOL,2025-08-10,CHOP,0.464
SOL,2025-08-11,CHOP,0.311
SOL,2025-08-12,DN,-0.586
SOL,2025-08-13,UP,0.841
SOL,2025-08-14,UP,0.723
SOL,2025-08-15,CHOP,-0.39
SOL,2025-08-16,CHOP,-0.456
SOL,2025-08-17,UP,0.8
SOL,2025-08-18,CHOP,0.162
SOL,2025-08-19,DN,-0.711
SOL,2025-08-20,DN,-0.66
SOL,2025-08-21,UP,0.982
SOL,2025-08-22,DN,-0.718
SOL,2025-08-23,UP,0.811
SOL,2025-08-24,CHOP,0.258
SOL,2025-08-25,CHOP,0.168
SOL,2025-08-26,DN,-0.665
SOL,2025-08-27,UP,0.692
SOL,2025-08-28,CHOP,0.388
SOL,2025-08-29,UP,0.757
SOL,2025-08-30,DN,-0.515
SOL,2025-08-31,CHOP,-0.251
SOL,2025-09-01,CHOP,-0.326
SOL,2025-09-02,CHOP,-0.318
SOL,2025-09-03,UP,0.955
SOL,2025-09-04,CHOP,0.202
SOL,2025-09-05,DN,-0.837
SOL,2025-09-06,CHOP,0.115
SOL,2025-09-07,DN,-0.599
SOL,2025-09-08,UP,0.789
SOL,2025-09-09,UP,0.674
SOL,2025-09-10,CHOP,0.344
SOL,2025-09-11,UP,0.628
SOL,2025-09-12,UP,0.646
SOL,2025-09-13,UP,0.844
SOL,2025-09-14,CHOP,0.024
SOL,2025-09-15,CHOP,-0.253
SOL,2025-09-16,CHOP,-0.393
SOL,2025-09-17,CHOP,0.272
SOL,2025-09-18,UP,0.548
SOL,2025-09-19,CHOP,0.243
SOL,2025-09-20,DN,-0.667
SOL,2025-09-21,CHOP,0.22
SOL,2025-09-22,DN,-0.511
SOL,2025-09-23,DN,-0.703
SOL,2025-09-24,DN,-0.757
SOL,2025-09-25,CHOP,-0.145
SOL,2025-09-26,DN,-0.893
SOL,2025-09-27,UP,0.845
SOL,2025-09-28,CHOP,-0.306
SOL,2025-09-29,UP,0.566
SOL,2025-09-30,CHOP,0.189
SOL,2025-10-01,CHOP,-0.433
SOL,2025-10-02,UP,0.812
SOL,2025-10-03,UP,0.821
SOL,2025-10-04,CHOP,-0.193
SOL,2025-10-05,CHOP,-0.499
SOL,2025-10-06,CHOP,0.065
SOL,2025-10-07,CHOP,0.37
SOL,2025-10-08,DN,-0.798
SOL,2025-10-09,UP,0.728
SOL,2025-10-10,DN,-0.616
SOL,2025-10-11,DN,-0.584
SOL,2025-10-12,DN,-0.585
SOL,2025-10-13,UP,0.745
SOL,2025-10-14,UP,0.607
SOL,2025-10-15,CHOP,-0.309
SOL,2025-10-16,DN,-0.51
SOL,2025-10-17,DN,-0.549
SOL,2025-10-18,CHOP,-0.213
SOL,2025-10-19,UP,0.859
SOL,2025-10-20,CHOP,0.034
SOL,2025-10-21,CHOP,0.173
SOL,2025-10-22,CHOP,-0.272
SOL,2025-10-23,DN,-0.528
SOL,2025-10-24,UP,0.815
SOL,2025-10-25,CHOP,0.273
SOL,2025-10-26,CHOP,0.064
SOL,2025-10-27,UP,0.588
SOL,2025-10-28,CHOP,-0.166
SOL,2025-10-29,CHOP,-0.331
SOL,2025-10-30,CHOP,-0.023
SOL,2025-10-31,CHOP,-0.471
SOL,2025-11-01,CHOP,0.384
SOL,2025-11-02,CHOP,-0.229
SOL,2025-11-03,CHOP,0.215
SOL,2025-11-04,DN,-0.833
SOL,2025-11-05,CHOP,-0.489
SOL,2025-11-06,CHOP,0.439
SOL,2025-11-07,DN,-0.749
SOL,2025-11-08,CHOP,0.445
SOL,2025-11-09,CHOP,-0.416
SOL,2025-11-10,UP,0.569
SOL,2025-11-11,CHOP,0.394
SOL,2025-11-12,DN,-0.704
SOL,2025-11-13,CHOP,-0.122
SOL,2025-11-14,DN,-0.538
SOL,2025-11-15,DN,-0.587
SOL,2025-11-16,CHOP,0.112
SOL,2025-11-17,CHOP,-0.271
SOL,2025-11-18,CHOP,-0.427
SOL,2025-11-19,UP,0.736
SOL,2025-11-20,CHOP,-0.294
SOL,2025-11-21,CHOP,-0.248
SOL,2025-11-22,CHOP,-0.372
SOL,2025-11-23,CHOP,-0.226
SOL,2025-11-24,CHOP,0.498
SOL,2025-11-25,UP,0.688
SOL,2025-11-26,CHOP,0.072
SOL,2025-11-27,CHOP,0.439
SOL,2025-11-28,DN,-0.565
SOL,2025-11-29,CHOP,-0.464
SOL,2025-11-30,CHOP,-0.425
SOL,2025-12-01,CHOP,-0.352
SOL,2025-12-02,DN,-0.642
SOL,2025-12-03,UP,0.808
SOL,2025-12-04,UP,0.721
SOL,2025-12-05,DN,-0.621
SOL,2025-12-06,DN,-0.571
SOL,2025-12-07,CHOP,-0.386
SOL,2025-12-08,CHOP,0.005
SOL,2025-12-09,CHOP,0.128
SOL,2025-12-10,CHOP,0.349
SOL,2025-12-11,CHOP,-0.224
SOL,2025-12-12,CHOP,0.017
SOL,2025-12-13,CHOP,-0.424
SOL,2025-12-14,CHOP,0.321
SOL,2025-12-15,DN,-0.657
SOL,2025-12-16,CHOP,-0.134
SOL,2025-12-17,CHOP,0.254
SOL,2025-12-18,CHOP,-0.466
SOL,2025-12-19,CHOP,-0.302
SOL,2025-12-20,UP,0.65
SOL,2025-12-21,CHOP,-0.289
SOL,2025-12-22,CHOP,0.071
SOL,2025-12-23,CHOP,-0.022
SOL,2025-12-24,CHOP,-0.403
SOL,2025-12-25,CHOP,-0.406
SOL,2025-12-26,DN,-0.518
SOL,2025-12-27,CHOP,0.375
SOL,2025-12-28,UP,0.764
SOL,2025-12-29,CHOP,0.207
SOL,2025-12-30,CHOP,-0.255
SOL,2025-12-31,CHOP,0.439
SOL,2026-01-01,CHOP,-0.038
SOL,2026-01-02,UP,0.729
SOL,2026-01-03,UP,0.726
SOL,2026-01-04,CHOP,0.248
SOL,2026-01-05,CHOP,0.31
SOL,2026-01-06,UP,0.565
SOL,2026-01-07,CHOP,0.435
SOL,2026-01-08,DN,-0.671
SOL,2026-01-09,CHOP,0.268
SOL,2026-01-10,CHOP,-0.388
SOL,2026-01-11,CHOP,-0.071
SOL,2026-01-12,UP,0.658
SOL,2026-01-13,CHOP,-0.078
SOL,2026-01-14,UP,0.577
SOL,2026-01-15,CHOP,0.231
SOL,2026-01-16,DN,-0.738
SOL,2026-01-17,CHOP,0.469
SOL,2026-01-18,DN,-0.707
SOL,2026-01-19,DN,-0.936
SOL,2026-01-20,DN,-0.563
SOL,2026-01-21,DN,-0.768
SOL,2026-01-22,UP,0.54
SOL,2026-01-23,CHOP,-0.252
SOL,2026-01-24,CHOP,-0.211
SOL,2026-01-25,CHOP,-0.149
SOL,2026-01-26,DN,-0.812
SOL,2026-01-27,UP,0.762
SOL,2026-01-28,UP,0.625
SOL,2026-01-29,DN,-0.514
SOL,2026-01-30,DN,-0.743
SOL,2026-01-31,CHOP,-0.033
SOL,2026-02-01,DN,-0.535
SOL,2026-02-02,DN,-0.552
SOL,2026-02-03,CHOP,0.371
SOL,2026-02-04,DN,-0.786
SOL,2026-02-05,DN,-0.556
SOL,2026-02-06,DN,-0.869
SOL,2026-02-07,CHOP,0.408
SOL,2026-02-08,CHOP,0.028
SOL,2026-02-09,CHOP,-0.181
SOL,2026-02-10,CHOP,-0.038
SOL,2026-02-11,DN,-0.677
SOL,2026-02-12,DN,-0.581
SOL,2026-02-13,CHOP,-0.161
SOL,2026-02-14,UP,0.733
SOL,2026-02-15,UP,0.793
SOL,2026-02-16,CHOP,-0.298
SOL,2026-02-17,CHOP,0.068
SOL,2026-02-18,CHOP,-0.287
SOL,2026-02-19,DN,-0.62
SOL,2026-02-20,CHOP,0.291
SOL,2026-02-21,UP,0.583
SOL,2026-02-22,CHOP,0.178
SOL,2026-02-23,DN,-0.763
SOL,2026-02-24,DN,-0.86
SOL,2026-02-25,CHOP,0.271
SOL,2026-02-26,UP,0.678
SOL,2026-02-27,CHOP,-0.434
SOL,2026-02-28,DN,-0.509
SOL,2026-03-01,CHOP,0.294
SOL,2026-03-02,CHOP,-0.104
SOL,2026-03-03,CHOP,0.383
SOL,2026-03-04,CHOP,0.065
SOL,2026-03-05,CHOP,0.417
SOL,2026-03-06,CHOP,-0.414
SOL,2026-03-07,DN,-0.72
SOL,2026-03-08,DN,-0.527
SOL,2026-03-09,CHOP,-0.421
SOL,2026-03-10,UP,0.609
SOL,2026-03-11,CHOP,0.234
SOL,2026-03-12,CHOP,0.188
SOL,2026-03-13,CHOP,0.088
SOL,2026-03-14,CHOP,0.215
SOL,2026-03-15,CHOP,-0.064
SOL,2026-03-16,UP,0.726
SOL,2026-03-17,UP,0.598
SOL,2026-03-18,CHOP,-0.413
SOL,2026-03-19,DN,-0.638
SOL,2026-03-20,CHOP,-0.268
SOL,2026-03-21,CHOP,0.405
SOL,2026-03-22,DN,-0.624
SOL,2026-03-23,CHOP,-0.333
SOL,2026-03-24,UP,0.73
SOL,2026-03-25,CHOP,-0.168
SOL,2026-03-26,CHOP,0.326
SOL,2026-03-27,DN,-0.792
SOL,2026-03-28,DN,-0.658
SOL,2026-03-29,CHOP,-0.392
SOL,2026-03-30,CHOP,-0.152
SOL,2026-03-31,CHOP,0.284
SOL,2026-04-01,CHOP,0.143
SOL,2026-04-02,CHOP,-0.342
SOL,2026-04-03,CHOP,-0.444
SOL,2026-04-04,UP,0.704
SOL,2026-04-05,CHOP,0.216
SOL,2026-04-06,CHOP,0.291
SOL,2026-04-07,DN,-0.517
SOL,2026-04-08,UP,0.64
SOL,2026-04-09,DN,-0.817
SOL,2026-04-10,CHOP,0.169
SOL,2026-04-11,CHOP,0.492
SOL,2026-04-12,CHOP,0.041
SOL,2026-04-13,DN,-0.914
SOL,2026-04-14,UP,0.919
SOL,2026-04-15,DN,-0.638
SOL,2026-04-16,CHOP,0.371
SOL,2026-04-17,UP,0.617
SOL,2026-04-18,CHOP,-0.088
SOL,2026-04-19,DN,-0.772
SOL,2026-04-20,DN,-0.641
SOL,2026-04-21,UP,0.628
SOL,2026-04-22,CHOP,0.287
SOL,2026-04-23,CHOP,0.251
SOL,2026-04-24,CHOP,-0.274
SOL,2026-04-25,CHOP,0.03
SOL,2026-04-26,CHOP,0.0
SOL,2026-04-27,UP,0.5
SOL,2026-04-28,CHOP,-0.474
SOL,2026-04-29,CHOP,-0.39
SOL,2026-04-30,CHOP,-0.245
SOL,2026-05-01,CHOP,0.022
SOL,2026-05-02,CHOP,0.376
SOL,2026-05-03,CHOP,0.327
SOL,2026-05-04,CHOP,-0.252
SOL,2026-05-05,CHOP,0.071
SOL,2026-05-06,UP,0.741
SOL,2026-05-07,UP,0.73
SOL,2026-05-08,CHOP,-0.263
SOL,2026-05-09,UP,0.688
SOL,2026-05-10,CHOP,0.478
SOL,2026-05-11,UP,0.761
SOL,2026-05-12,CHOP,0.221
SOL,2026-05-13,DN,-0.748
SOL,2026-05-14,DN,-0.544
SOL,2026-05-15,CHOP,0.254
SOL,2026-05-16,DN,-0.71
SOL,2026-05-17,DN,-0.686
SOL,2026-05-18,CHOP,-0.34
SOL,2026-05-19,CHOP,0.065
SOL,2026-05-20,CHOP,-0.48
SOL,2026-05-21,UP,0.577
SOL,2026-05-22,CHOP,0.444
SOL,2026-05-23,DN,-0.766
SOL,2026-05-24,CHOP,0.225
SOL,2026-05-25,CHOP,-0.148
SOL,2026-05-26,CHOP,-0.116
SOL,2026-05-27,CHOP,-0.45
SOL,2026-05-28,CHOP,-0.471
SOL,2026-05-29,CHOP,-0.106
SOL,2026-05-30,CHOP,-0.028
SOL,2026-05-31,UP,0.527
SOL,2026-06-01,CHOP,-0.144
SOL,2026-06-02,CHOP,-0.293
SOL,2026-06-03,DN,-0.823
SOL,2026-06-04,DN,-0.548
SOL,2026-06-05,DN,-0.516
SOL,2026-06-06,DN,-0.686
SOL,2026-06-07,CHOP,-0.304
SOL,2026-06-08,UP,0.72
SOL,2026-06-09,CHOP,0.1
SOL,2026-06-10,CHOP,-0.473
SOL,2026-06-11,DN,-0.519
SOL,2026-06-12,UP,0.884
SOL,2026-06-13,CHOP,-0.038
SOL,2026-06-14,UP,0.703
SOL,2026-06-15,UP,0.538
SOL,2026-06-16,CHOP,0.495
SOL,2026-06-17,CHOP,-0.14
SOL,2026-06-18,CHOP,-0.383
SOL,2026-06-19,DN,-0.526
SOL,2026-06-20,CHOP,0.009
SOL,2026-06-21,UP,0.724
SOL,2026-06-22,CHOP,-0.321
SOL,2026-06-23,CHOP,-0.143
SOL,2026-06-24,DN,-0.574
SOL,2026-06-25,CHOP,-0.277
SOL,2026-06-26,CHOP,-0.071
SOL,2026-06-27,UP,0.521
SOL,2026-06-28,CHOP,-0.476
SOL,2026-06-29,CHOP,0.333
SOL,2026-06-30,UP,0.614
SOL,2026-07-01,CHOP,-0.385
SOL,2026-07-02,UP,0.565
SOL,2026-07-03,UP,0.556
SOL,2026-07-04,UP,0.563
SOL,2026-07-05,CHOP,-0.21
SOL,2026-07-06,CHOP,-0.076
SOL,2026-07-07,CHOP,0.078
SOL,2026-07-08,DN,-0.555
SOL,2026-07-09,DN,-0.612
SOL,2026-07-10,CHOP,0.099
SOL,2026-07-11,CHOP,0.031
SOL,2026-07-12,DN,-0.64
SOL,2026-07-13,CHOP,0.061
SOL,2026-07-14,CHOP,-0.466
SOL,2026-07-15,UP,0.841
SOL,2026-07-16,CHOP,-0.276
SOL,2026-07-17,DN,-0.745
SOL,2026-07-18,CHOP,-0.123
SOL,2026-07-19,CHOP,0.41
SOL,2026-07-20,UP,0.639
SOL,2026-07-21,UP,0.51
SOL,2026-07-22,CHOP,0.185
XRP,2018-05-05,CHOP,0.39
XRP,2018-05-06,CHOP,0.277
XRP,2018-05-07,CHOP,-0.473
XRP,2018-05-08,DN,-0.58
XRP,2018-05-09,CHOP,-0.325
XRP,2018-05-10,CHOP,-0.191
XRP,2018-05-11,DN,-0.759
XRP,2018-05-12,DN,-0.674
XRP,2018-05-13,CHOP,0.135
XRP,2018-05-14,UP,0.562
XRP,2018-05-15,CHOP,-0.048
XRP,2018-05-16,DN,-0.551
XRP,2018-05-17,CHOP,0.31
XRP,2018-05-18,DN,-0.798
XRP,2018-05-19,UP,0.524
XRP,2018-05-20,CHOP,-0.119
XRP,2018-05-21,UP,0.637
XRP,2018-05-22,DN,-0.607
XRP,2018-05-23,DN,-0.887
XRP,2018-05-24,DN,-0.639
XRP,2018-05-25,UP,0.589
XRP,2018-05-26,DN,-0.618
XRP,2018-05-27,CHOP,0.09
XRP,2018-05-28,CHOP,-0.096
XRP,2018-05-29,DN,-0.872
XRP,2018-05-30,UP,0.802
XRP,2018-05-31,CHOP,0.04
XRP,2018-06-01,CHOP,0.318
XRP,2018-06-02,CHOP,0.462
XRP,2018-06-03,UP,0.551
XRP,2018-06-04,UP,0.902
XRP,2018-06-05,CHOP,-0.487
XRP,2018-06-06,CHOP,0.368
XRP,2018-06-07,CHOP,-0.032
XRP,2018-06-08,CHOP,0.197
XRP,2018-06-09,CHOP,-0.258
XRP,2018-06-10,DN,-0.592
XRP,2018-06-11,DN,-0.69
XRP,2018-06-12,CHOP,0.447
XRP,2018-06-13,DN,-0.754
XRP,2018-06-14,CHOP,-0.471
XRP,2018-06-15,UP,0.585
XRP,2018-06-16,DN,-0.72
XRP,2018-06-17,CHOP,0.024
XRP,2018-06-18,CHOP,-0.259
XRP,2018-06-19,CHOP,0.265
XRP,2018-06-20,CHOP,0.243
XRP,2018-06-21,CHOP,-0.294
XRP,2018-06-22,CHOP,-0.231
XRP,2018-06-23,DN,-0.783
XRP,2018-06-24,CHOP,0.279
XRP,2018-06-25,CHOP,-0.224
XRP,2018-06-26,CHOP,0.253
XRP,2018-06-27,DN,-0.902
XRP,2018-06-28,UP,0.656
XRP,2018-06-29,DN,-0.772
XRP,2018-06-30,CHOP,0.185
XRP,2018-07-01,CHOP,0.482
XRP,2018-07-02,CHOP,-0.29
XRP,2018-07-03,UP,0.638
XRP,2018-07-04,CHOP,-0.113
XRP,2018-07-05,CHOP,0.22
XRP,2018-07-06,CHOP,-0.43
XRP,2018-07-07,CHOP,-0.031
XRP,2018-07-08,CHOP,0.351
XRP,2018-07-09,CHOP,-0.47
XRP,2018-07-10,CHOP,-0.482
XRP,2018-07-11,DN,-0.848
XRP,2018-07-12,UP,0.531
XRP,2018-07-13,CHOP,-0.476
XRP,2018-07-14,CHOP,0.032
XRP,2018-07-15,CHOP,0.077
XRP,2018-07-16,UP,0.546
XRP,2018-07-17,UP,0.822
XRP,2018-07-18,CHOP,0.476
XRP,2018-07-19,CHOP,-0.356
XRP,2018-07-20,CHOP,-0.498
XRP,2018-07-21,DN,-0.705
XRP,2018-07-22,CHOP,0.437
XRP,2018-07-23,CHOP,-0.334
XRP,2018-07-24,CHOP,-0.167
XRP,2018-07-25,CHOP,0.407
XRP,2018-07-26,CHOP,0.139
XRP,2018-07-27,CHOP,-0.432
XRP,2018-07-28,CHOP,0.373
XRP,2018-07-29,CHOP,0.084
XRP,2018-07-30,CHOP,-0.386
XRP,2018-07-31,CHOP,-0.349
XRP,2018-08-01,DN,-0.554
XRP,2018-08-02,CHOP,0.3
XRP,2018-08-03,DN,-0.833
XRP,2018-08-04,CHOP,0.484
XRP,2018-08-05,DN,-0.632
XRP,2018-08-06,CHOP,0.466
XRP,2018-08-07,DN,-0.601
XRP,2018-08-08,DN,-0.829
XRP,2018-08-09,DN,-0.791
XRP,2018-08-10,CHOP,0.404
XRP,2018-08-11,DN,-0.728
XRP,2018-08-12,DN,-0.647
XRP,2018-08-13,CHOP,-0.105
XRP,2018-08-14,DN,-0.569
XRP,2018-08-15,CHOP,-0.059
XRP,2018-08-16,CHOP,0.257
XRP,2018-08-17,CHOP,0.434
XRP,2018-08-18,UP,0.898
XRP,2018-08-19,DN,-0.653
XRP,2018-08-20,CHOP,0.368
XRP,2018-08-21,DN,-0.708
XRP,2018-08-22,UP,0.736
XRP,2018-08-23,CHOP,-0.347
XRP,2018-08-24,CHOP,0.473
XRP,2018-08-25,CHOP,0.012
XRP,2018-08-26,CHOP,0.053
XRP,2018-08-27,CHOP,-0.434
XRP,2018-08-28,UP,0.847
XRP,2018-08-29,UP,0.515
XRP,2018-08-30,CHOP,-0.261
XRP,2018-08-31,CHOP,-0.405
XRP,2018-09-01,CHOP,0.028
XRP,2018-09-02,UP,0.573
XRP,2018-09-03,CHOP,-0.232
XRP,2018-09-04,DN,-0.684
XRP,2018-09-05,CHOP,-0.28
XRP,2018-09-06,DN,-0.92
XRP,2018-09-07,UP,0.579
XRP,2018-09-08,DN,-0.634
XRP,2018-09-09,CHOP,-0.401
XRP,2018-09-10,CHOP,-0.002
XRP,2018-09-11,CHOP,-0.296
XRP,2018-09-12,CHOP,-0.293
XRP,2018-09-13,CHOP,0.305
XRP,2018-09-14,UP,0.518
XRP,2018-09-15,CHOP,-0.21
XRP,2018-09-16,CHOP,0.44
XRP,2018-09-17,CHOP,0.105
XRP,2018-09-18,DN,-0.621
XRP,2018-09-19,UP,0.711
XRP,2018-09-20,CHOP,0.299
XRP,2018-09-21,UP,0.708
XRP,2018-09-22,CHOP,0.302
XRP,2018-09-23,CHOP,0.07
XRP,2018-09-24,CHOP,-0.013
XRP,2018-09-25,DN,-0.779
XRP,2018-09-26,CHOP,0.293
XRP,2018-09-27,CHOP,-0.149
XRP,2018-09-28,UP,0.602
XRP,2018-09-29,CHOP,-0.083
XRP,2018-09-30,CHOP,0.397
XRP,2018-10-01,CHOP,0.201
XRP,2018-10-02,CHOP,-0.067
XRP,2018-10-03,DN,-0.924
XRP,2018-10-04,CHOP,0.4
XRP,2018-10-05,CHOP,-0.017
XRP,2018-10-06,CHOP,-0.353
XRP,2018-10-07,DN,-0.58
XRP,2018-10-08,CHOP,-0.266
XRP,2018-10-09,CHOP,0.41
XRP,2018-10-10,CHOP,-0.484
XRP,2018-10-11,DN,-0.744
XRP,2018-10-12,DN,-0.933
XRP,2018-10-13,UP,0.516
XRP,2018-10-14,CHOP,0.133
XRP,2018-10-15,CHOP,-0.462
XRP,2018-10-16,CHOP,0.42
XRP,2018-10-17,UP,0.649
XRP,2018-10-18,CHOP,0.032
XRP,2018-10-19,CHOP,-0.429
XRP,2018-10-20,DN,-0.514
XRP,2018-10-21,CHOP,0.413
XRP,2018-10-22,CHOP,-0.279
XRP,2018-10-23,CHOP,-0.187
XRP,2018-10-24,CHOP,0.198
XRP,2018-10-25,CHOP,-0.335
XRP,2018-10-26,CHOP,-0.031
XRP,2018-10-27,CHOP,0.26
XRP,2018-10-28,DN,-0.614
XRP,2018-10-29,UP,0.516
XRP,2018-10-30,DN,-0.641
XRP,2018-10-31,CHOP,0.177
XRP,2018-11-01,CHOP,0.291
XRP,2018-11-02,UP,0.536
XRP,2018-11-03,CHOP,0.163
XRP,2018-11-04,DN,-0.559
XRP,2018-11-05,CHOP,0.43
XRP,2018-11-06,UP,0.709
XRP,2018-11-07,UP,0.777
XRP,2018-11-08,CHOP,-0.489
XRP,2018-11-09,DN,-0.802
XRP,2018-11-10,CHOP,0.272
XRP,2018-11-11,CHOP,0.334
XRP,2018-11-12,CHOP,0.053
XRP,2018-11-13,CHOP,0.481
XRP,2018-11-14,CHOP,-0.283
XRP,2018-11-15,CHOP,-0.342
XRP,2018-11-16,CHOP,0.074
XRP,2018-11-17,CHOP,-0.366
XRP,2018-11-18,UP,0.564
XRP,2018-11-19,CHOP,0.49
XRP,2018-11-20,DN,-0.64
XRP,2018-11-21,CHOP,-0.398
XRP,2018-11-22,CHOP,0.216
XRP,2018-11-23,DN,-0.743
XRP,2018-11-24,CHOP,-0.281
XRP,2018-11-25,DN,-0.592
XRP,2018-11-26,CHOP,0.033
XRP,2018-11-27,CHOP,-0.341
XRP,2018-11-28,CHOP,0.054
XRP,2018-11-29,UP,0.71
XRP,2018-11-30,CHOP,-0.441
XRP,2018-12-01,DN,-0.594
XRP,2018-12-02,CHOP,0.312
XRP,2018-12-03,CHOP,-0.171
XRP,2018-12-04,DN,-0.843
XRP,2018-12-05,CHOP,0.173
XRP,2018-12-06,DN,-0.559
XRP,2018-12-07,DN,-0.77
XRP,2018-12-08,CHOP,-0.331
XRP,2018-12-09,CHOP,0.039
XRP,2018-12-10,CHOP,0.312
XRP,2018-12-11,DN,-0.506
XRP,2018-12-12,CHOP,-0.029
XRP,2018-12-13,CHOP,0.412
XRP,2018-12-14,DN,-0.523
XRP,2018-12-15,DN,-0.622
XRP,2018-12-16,CHOP,-0.347
XRP,2018-12-17,CHOP,0.202
XRP,2018-12-18,UP,0.779
XRP,2018-12-19,UP,0.798
XRP,2018-12-20,CHOP,-0.1
XRP,2018-12-21,UP,0.618
XRP,2018-12-22,CHOP,-0.484
XRP,2018-12-23,CHOP,0.148
XRP,2018-12-24,CHOP,0.44
XRP,2018-12-25,CHOP,0.408
XRP,2018-12-26,DN,-0.563
XRP,2018-12-27,CHOP,-0.096
XRP,2018-12-28,DN,-0.786
XRP,2018-12-29,UP,0.766
XRP,2018-12-30,DN,-0.507
XRP,2018-12-31,UP,0.579
XRP,2019-01-01,DN,-0.635
XRP,2019-01-02,UP,0.771
XRP,2019-01-03,CHOP,0.393
XRP,2019-01-04,DN,-0.76
XRP,2019-01-05,CHOP,0.037
XRP,2019-01-06,CHOP,-0.305
XRP,2019-01-07,UP,0.626
XRP,2019-01-08,CHOP,-0.013
XRP,2019-01-09,CHOP,0.043
XRP,2019-01-10,CHOP,0.356
XRP,2019-01-11,DN,-0.621
XRP,2019-01-12,CHOP,0.062
XRP,2019-01-13,CHOP,-0.025
XRP,2019-01-14,DN,-0.659
XRP,2019-01-15,UP,0.699
XRP,2019-01-16,CHOP,-0.452
XRP,2019-01-17,CHOP,0.351
XRP,2019-01-18,CHOP,-0.1
XRP,2019-01-19,CHOP,-0.461
XRP,2019-01-20,CHOP,0.475
XRP,2019-01-21,DN,-0.56
XRP,2019-01-22,CHOP,0.078
XRP,2019-01-23,CHOP,-0.003
XRP,2019-01-24,CHOP,-0.473
XRP,2019-01-25,CHOP,0.317
XRP,2019-01-26,CHOP,-0.287
XRP,2019-01-27,CHOP,-0.204
XRP,2019-01-28,DN,-0.54
XRP,2019-01-29,DN,-0.534
XRP,2019-01-30,CHOP,-0.416
XRP,2019-01-31,UP,0.813
XRP,2019-02-01,CHOP,-0.374
XRP,2019-02-02,CHOP,-0.174
XRP,2019-02-03,CHOP,0.424
XRP,2019-02-04,CHOP,-0.356
XRP,2019-02-05,CHOP,-0.319
XRP,2019-02-06,CHOP,0.069
XRP,2019-02-07,DN,-0.799
XRP,2019-02-08,CHOP,0.379
XRP,2019-02-09,UP,0.639
XRP,2019-02-10,CHOP,0.022
XRP,2019-02-11,CHOP,-0.158
XRP,2019-02-12,DN,-0.817
XRP,2019-02-13,CHOP,0.223
XRP,2019-02-14,CHOP,-0.102
XRP,2019-02-15,DN,-0.527
XRP,2019-02-16,CHOP,0.107
XRP,2019-02-17,CHOP,-0.269
XRP,2019-02-18,CHOP,0.246
XRP,2019-02-19,UP,0.702
XRP,2019-02-20,CHOP,0.017
XRP,2019-02-21,CHOP,0.496
XRP,2019-02-22,DN,-0.664
XRP,2019-02-23,CHOP,0.042
XRP,2019-02-24,UP,0.669
XRP,2019-02-25,DN,-0.692
XRP,2019-02-26,UP,0.691
XRP,2019-02-27,CHOP,-0.499
XRP,2019-02-28,CHOP,-0.331
XRP,2019-03-01,CHOP,0.287
XRP,2019-03-02,CHOP,0.147
XRP,2019-03-03,CHOP,-0.222
XRP,2019-03-04,CHOP,-0.371
XRP,2019-03-05,DN,-0.608
XRP,2019-03-06,UP,0.746
XRP,2019-03-07,CHOP,0.126
XRP,2019-03-08,CHOP,-0.455
XRP,2019-03-09,CHOP,-0.499
XRP,2019-03-10,CHOP,0.499
XRP,2019-03-11,CHOP,-0.133
XRP,2019-03-12,CHOP,-0.341
XRP,2019-03-13,CHOP,0.091
XRP,2019-03-14,CHOP,0.166
XRP,2019-03-15,CHOP,-0.2
XRP,2019-03-16,UP,0.563
XRP,2019-03-17,CHOP,0.459
XRP,2019-03-18,DN,-0.663
XRP,2019-03-19,CHOP,-0.109
XRP,2019-03-20,CHOP,0.349
XRP,2019-03-21,CHOP,0.176
XRP,2019-03-22,CHOP,-0.28
XRP,2019-03-23,CHOP,0.123
XRP,2019-03-24,CHOP,0.37
XRP,2019-03-25,DN,-0.541
XRP,2019-03-26,DN,-0.603
XRP,2019-03-27,CHOP,0.006
XRP,2019-03-28,UP,0.683
XRP,2019-03-29,DN,-0.643
XRP,2019-03-30,CHOP,0.302
XRP,2019-03-31,CHOP,0.289
XRP,2019-04-01,CHOP,-0.451
XRP,2019-04-02,UP,0.501
XRP,2019-04-03,UP,0.86
XRP,2019-04-04,CHOP,-0.219
XRP,2019-04-05,CHOP,-0.473
XRP,2019-04-06,UP,0.626
XRP,2019-04-07,DN,-0.529
XRP,2019-04-08,UP,0.514
XRP,2019-04-09,CHOP,-0.219
XRP,2019-04-10,DN,-0.695
XRP,2019-04-11,UP,0.526
XRP,2019-04-12,DN,-0.763
XRP,2019-04-13,CHOP,-0.269
XRP,2019-04-14,CHOP,0.087
XRP,2019-04-15,CHOP,0.345
XRP,2019-04-16,CHOP,-0.457
XRP,2019-04-17,UP,0.511
XRP,2019-04-18,CHOP,0.471
XRP,2019-04-19,CHOP,0.063
XRP,2019-04-20,DN,-0.565
XRP,2019-04-21,CHOP,-0.298
XRP,2019-04-22,CHOP,-0.487
XRP,2019-04-23,CHOP,0.195
XRP,2019-04-24,CHOP,-0.441
XRP,2019-04-25,DN,-0.592
XRP,2019-04-26,CHOP,-0.381
XRP,2019-04-27,UP,0.719
XRP,2019-04-28,DN,-0.55
XRP,2019-04-29,CHOP,0.005
XRP,2019-04-30,DN,-0.52
XRP,2019-05-01,UP,0.743
XRP,2019-05-02,DN,-0.547
XRP,2019-05-03,CHOP,-0.266
XRP,2019-05-04,UP,0.565
XRP,2019-05-05,CHOP,-0.219
XRP,2019-05-06,CHOP,-0.41
XRP,2019-05-07,CHOP,0.188
XRP,2019-05-08,CHOP,-0.459
XRP,2019-05-09,CHOP,0.162
XRP,2019-05-10,CHOP,-0.468
XRP,2019-05-11,CHOP,0.357
XRP,2019-05-12,CHOP,0.471
XRP,2019-05-13,CHOP,-0.249
XRP,2019-05-14,UP,0.66
XRP,2019-05-15,UP,0.746
XRP,2019-05-16,UP,0.811
XRP,2019-05-17,CHOP,-0.449
XRP,2019-05-18,CHOP,-0.463
XRP,2019-05-19,DN,-0.514
XRP,2019-05-20,UP,0.768
XRP,2019-05-21,DN,-0.515
XRP,2019-05-22,CHOP,-0.048
XRP,2019-05-23,DN,-0.517
XRP,2019-05-24,CHOP,0.36
XRP,2019-05-25,CHOP,0.124
XRP,2019-05-26,CHOP,0.172
XRP,2019-05-27,CHOP,0.454
XRP,2019-05-28,UP,0.625
XRP,2019-05-29,CHOP,0.353
XRP,2019-05-30,CHOP,-0.15
XRP,2019-05-31,CHOP,-0.344
XRP,2019-06-01,UP,0.589
XRP,2019-06-02,CHOP,-0.381
XRP,2019-06-03,UP,0.786
XRP,2019-06-04,DN,-0.555
XRP,2019-06-05,DN,-0.521
XRP,2019-06-06,CHOP,0.064
XRP,2019-06-07,UP,0.528
XRP,2019-06-08,CHOP,-0.03
XRP,2019-06-09,DN,-0.583
XRP,2019-06-10,DN,-0.537
XRP,2019-06-11,UP,0.619
XRP,2019-06-12,CHOP,-0.393
XRP,2019-06-13,UP,0.587
XRP,2019-06-14,CHOP,-0.144
XRP,2019-06-15,CHOP,0.246
XRP,2019-06-16,UP,0.645
XRP,2019-06-17,CHOP,0.499
XRP,2019-06-18,CHOP,0.485
XRP,2019-06-19,DN,-0.569
XRP,2019-06-20,CHOP,0.478
XRP,2019-06-21,CHOP,-0.267
XRP,2019-06-22,UP,0.609
XRP,2019-06-23,CHOP,0.478
XRP,2019-06-24,CHOP,-0.25
XRP,2019-06-25,CHOP,0.143
XRP,2019-06-26,CHOP,-0.27
XRP,2019-06-27,CHOP,-0.001
XRP,2019-06-28,DN,-0.747
XRP,2019-06-29,UP,0.725
XRP,2019-06-30,CHOP,0.008
XRP,2019-07-01,DN,-0.897
XRP,2019-07-02,CHOP,0.302
XRP,2019-07-03,CHOP,-0.329
XRP,2019-07-04,UP,0.505
XRP,2019-07-05,DN,-0.859
XRP,2019-07-06,DN,-0.561
XRP,2019-07-07,CHOP,0.367
XRP,2019-07-08,CHOP,0.447
XRP,2019-07-09,CHOP,0.356
XRP,2019-07-10,CHOP,-0.384
XRP,2019-07-11,DN,-0.623
XRP,2019-07-12,DN,-0.693
XRP,2019-07-13,CHOP,0.479
XRP,2019-07-14,DN,-0.543
XRP,2019-07-15,DN,-0.785
XRP,2019-07-16,CHOP,0.317
XRP,2019-07-17,DN,-0.508
XRP,2019-07-18,CHOP,0.48
XRP,2019-07-19,CHOP,0.411
XRP,2019-07-20,CHOP,-0.123
XRP,2019-07-21,UP,0.619
XRP,2019-07-22,CHOP,-0.134
XRP,2019-07-23,DN,-0.561
XRP,2019-07-24,DN,-0.796
XRP,2019-07-25,CHOP,0.406
XRP,2019-07-26,CHOP,-0.179
XRP,2019-07-27,UP,0.535
XRP,2019-07-28,DN,-0.643
XRP,2019-07-29,CHOP,0.171
XRP,2019-07-30,CHOP,-0.243
XRP,2019-07-31,UP,0.529
XRP,2019-08-01,CHOP,0.177
XRP,2019-08-02,CHOP,-0.441
XRP,2019-08-03,CHOP,-0.396
XRP,2019-08-04,UP,0.649
XRP,2019-08-05,CHOP,0.195
XRP,2019-08-06,CHOP,0.322
XRP,2019-08-07,DN,-0.661
XRP,2019-08-08,CHOP,-0.051
XRP,2019-08-09,CHOP,-0.356
XRP,2019-08-10,DN,-0.614
XRP,2019-08-11,CHOP,0.202
XRP,2019-08-12,CHOP,0.37
XRP,2019-08-13,CHOP,-0.348
XRP,2019-08-14,CHOP,-0.312
XRP,2019-08-15,DN,-0.619
XRP,2019-08-16,CHOP,0.027
XRP,2019-08-17,CHOP,-0.305
XRP,2019-08-18,CHOP,0.396
XRP,2019-08-19,UP,0.629
XRP,2019-08-20,CHOP,-0.081
XRP,2019-08-21,DN,-0.599
XRP,2019-08-22,DN,-0.535
XRP,2019-08-23,CHOP,0.324
XRP,2019-08-24,UP,0.575
XRP,2019-08-25,CHOP,-0.388
XRP,2019-08-26,CHOP,-0.194
XRP,2019-08-27,CHOP,0.071
XRP,2019-08-28,CHOP,-0.176
XRP,2019-08-29,DN,-0.6
XRP,2019-08-30,CHOP,0.054
XRP,2019-08-31,CHOP,-0.308
XRP,2019-09-01,CHOP,0.271
XRP,2019-09-02,CHOP,-0.173
XRP,2019-09-03,CHOP,0.41
XRP,2019-09-04,CHOP,0.192
XRP,2019-09-05,DN,-0.583
XRP,2019-09-06,CHOP,-0.377
XRP,2019-09-07,CHOP,-0.43
XRP,2019-09-08,UP,0.688
XRP,2019-09-09,CHOP,0.207
XRP,2019-09-10,CHOP,-0.444
XRP,2019-09-11,CHOP,-0.01
XRP,2019-09-12,CHOP,-0.339
XRP,2019-09-13,CHOP,-0.182
XRP,2019-09-14,CHOP,0.248
XRP,2019-09-15,UP,0.506
XRP,2019-09-16,CHOP,-0.1
XRP,2019-09-17,CHOP,0.131
XRP,2019-09-18,UP,0.629
XRP,2019-09-19,UP,0.674
XRP,2019-09-20,CHOP,-0.409
XRP,2019-09-21,CHOP,-0.389
XRP,2019-09-22,CHOP,-0.34
XRP,2019-09-23,DN,-0.618
XRP,2019-09-24,CHOP,-0.421
XRP,2019-09-25,DN,-0.586
XRP,2019-09-26,UP,0.707
XRP,2019-09-27,CHOP,-0.156
XRP,2019-09-28,CHOP,-0.015
XRP,2019-09-29,CHOP,-0.073
XRP,2019-09-30,CHOP,-0.169
XRP,2019-10-01,UP,0.617
XRP,2019-10-02,DN,-0.525
XRP,2019-10-03,CHOP,0.434
XRP,2019-10-04,DN,-0.501
XRP,2019-10-05,CHOP,0.458
XRP,2019-10-06,CHOP,0.076
XRP,2019-10-07,CHOP,0.395
XRP,2019-10-08,UP,0.734
XRP,2019-10-09,CHOP,0.105
XRP,2019-10-10,CHOP,0.256
XRP,2019-10-11,DN,-0.623
XRP,2019-10-12,CHOP,-0.264
XRP,2019-10-13,CHOP,0.477
XRP,2019-10-14,CHOP,0.48
XRP,2019-10-15,UP,0.935
XRP,2019-10-16,DN,-0.539
XRP,2019-10-17,CHOP,-0.388
XRP,2019-10-18,UP,0.76
XRP,2019-10-19,CHOP,-0.43
XRP,2019-10-20,CHOP,-0.207
XRP,2019-10-21,CHOP,0.159
XRP,2019-10-22,CHOP,-0.347
XRP,2019-10-23,CHOP,-0.099
XRP,2019-10-24,CHOP,-0.421
XRP,2019-10-25,CHOP,0.211
XRP,2019-10-26,UP,0.658
XRP,2019-10-27,CHOP,-0.174
XRP,2019-10-28,CHOP,0.356
XRP,2019-10-29,CHOP,-0.315
XRP,2019-10-30,CHOP,0.481
XRP,2019-10-31,CHOP,-0.445
XRP,2019-11-01,CHOP,-0.017
XRP,2019-11-02,CHOP,-0.309
XRP,2019-11-03,CHOP,0.483
XRP,2019-11-04,DN,-0.569
XRP,2019-11-05,UP,0.777
XRP,2019-11-06,CHOP,0.193
XRP,2019-11-07,UP,0.539
XRP,2019-11-08,CHOP,-0.49
XRP,2019-11-09,DN,-0.732
XRP,2019-11-10,UP,0.629
XRP,2019-11-11,CHOP,-0.129
XRP,2019-11-12,CHOP,-0.406
XRP,2019-11-13,CHOP,-0.228
XRP,2019-11-14,CHOP,-0.04
XRP,2019-11-15,CHOP,-0.438
XRP,2019-11-16,CHOP,-0.44
XRP,2019-11-17,CHOP,0.278
XRP,2019-11-18,CHOP,0.128
XRP,2019-11-19,DN,-0.515
XRP,2019-11-20,CHOP,0.165
XRP,2019-11-21,CHOP,-0.365
XRP,2019-11-22,CHOP,-0.39
XRP,2019-11-23,DN,-0.545
XRP,2019-11-24,CHOP,0.397
XRP,2019-11-25,DN,-0.867
XRP,2019-11-26,CHOP,-0.113
XRP,2019-11-27,CHOP,0.382
XRP,2019-11-28,CHOP,0.205
XRP,2019-11-29,CHOP,-0.136
XRP,2019-11-30,UP,0.697
XRP,2019-12-01,DN,-0.533
XRP,2019-12-02,CHOP,-0.104
XRP,2019-12-03,DN,-0.624
XRP,2019-12-04,CHOP,0.117
XRP,2019-12-05,CHOP,-0.364
XRP,2019-12-06,UP,0.507
XRP,2019-12-07,UP,0.556
XRP,2019-12-08,CHOP,0.279
XRP,2019-12-09,CHOP,0.249
XRP,2019-12-10,CHOP,-0.482
XRP,2019-12-11,CHOP,-0.269
XRP,2019-12-12,CHOP,-0.416
XRP,2019-12-13,CHOP,-0.39
XRP,2019-12-14,CHOP,0.404
XRP,2019-12-15,DN,-0.722
XRP,2019-12-16,CHOP,0.273
XRP,2019-12-17,DN,-0.766
XRP,2019-12-18,DN,-0.795
XRP,2019-12-19,UP,0.505
XRP,2019-12-20,DN,-0.63
XRP,2019-12-21,UP,0.523
XRP,2019-12-22,DN,-0.585
XRP,2019-12-23,UP,0.831
XRP,2019-12-24,DN,-0.598
XRP,2019-12-25,CHOP,0.178
XRP,2019-12-26,CHOP,-0.431
XRP,2019-12-27,CHOP,0.086
XRP,2019-12-28,CHOP,0.148
XRP,2019-12-29,UP,0.634
XRP,2019-12-30,CHOP,0.431
XRP,2019-12-31,DN,-0.557
XRP,2020-01-01,CHOP,-0.074
XRP,2020-01-02,CHOP,0.065
XRP,2020-01-03,DN,-0.696
XRP,2020-01-04,UP,0.622
XRP,2020-01-05,CHOP,-0.107
XRP,2020-01-06,CHOP,0.341
XRP,2020-01-07,UP,0.96
XRP,2020-01-08,DN,-0.528
XRP,2020-01-09,CHOP,-0.383
XRP,2020-01-10,DN,-0.502
XRP,2020-01-11,UP,0.702
XRP,2020-01-12,CHOP,-0.137
XRP,2020-01-13,UP,0.541
XRP,2020-01-14,DN,-0.67
XRP,2020-01-15,UP,0.687
XRP,2020-01-16,CHOP,-0.051
XRP,2020-01-17,CHOP,-0.367
XRP,2020-01-18,UP,0.57
XRP,2020-01-19,CHOP,0.191
XRP,2020-01-20,CHOP,-0.323
XRP,2020-01-21,CHOP,-0.191
XRP,2020-01-22,CHOP,0.343
XRP,2020-01-23,CHOP,-0.006
XRP,2020-01-24,DN,-0.707
XRP,2020-01-25,CHOP,-0.289
XRP,2020-01-26,CHOP,-0.448
XRP,2020-01-27,UP,0.803
XRP,2020-01-28,CHOP,-0.058
XRP,2020-01-29,UP,0.763
XRP,2020-01-30,CHOP,-0.483
XRP,2020-01-31,UP,0.52
XRP,2020-02-01,CHOP,-0.379
XRP,2020-02-02,CHOP,0.313
XRP,2020-02-03,CHOP,0.362
XRP,2020-02-04,CHOP,0.282
XRP,2020-02-05,UP,0.549
XRP,2020-02-06,UP,0.687
XRP,2020-02-07,CHOP,0.261
XRP,2020-02-08,CHOP,-0.349
XRP,2020-02-09,CHOP,-0.116
XRP,2020-02-10,CHOP,0.404
XRP,2020-02-11,DN,-0.576
XRP,2020-02-12,CHOP,0.47
XRP,2020-02-13,UP,0.831
XRP,2020-02-14,UP,0.57
XRP,2020-02-15,CHOP,0.302
XRP,2020-02-16,DN,-0.557
XRP,2020-02-17,CHOP,-0.308
XRP,2020-02-18,CHOP,-0.19
XRP,2020-02-19,CHOP,0.388
XRP,2020-02-20,DN,-0.628
XRP,2020-02-21,CHOP,-0.183
XRP,2020-02-22,CHOP,0.29
XRP,2020-02-23,CHOP,0.052
XRP,2020-02-24,UP,0.832
XRP,2020-02-25,DN,-0.622
XRP,2020-02-26,DN,-0.91
XRP,2020-02-27,DN,-0.711
XRP,2020-02-28,CHOP,0.396
XRP,2020-02-29,CHOP,-0.123
XRP,2020-03-01,DN,-0.557
XRP,2020-03-02,CHOP,-0.17
XRP,2020-03-03,UP,0.803
XRP,2020-03-04,DN,-0.525
XRP,2020-03-05,CHOP,0.024
XRP,2020-03-06,UP,0.528
XRP,2020-03-07,UP,0.691
XRP,2020-03-08,DN,-0.853
XRP,2020-03-09,DN,-0.894
XRP,2020-03-10,CHOP,0.415
XRP,2020-03-11,CHOP,0.151
XRP,2020-03-12,CHOP,-0.249
XRP,2020-03-13,DN,-0.888
XRP,2020-03-14,CHOP,0.36
XRP,2020-03-15,DN,-0.736
XRP,2020-03-16,CHOP,0.364
XRP,2020-03-17,CHOP,-0.477
XRP,2020-03-18,CHOP,0.476
XRP,2020-03-19,CHOP,0.074
XRP,2020-03-20,UP,0.605
XRP,2020-03-21,CHOP,-0.255
XRP,2020-03-22,CHOP,0.088
XRP,2020-03-23,DN,-0.652
XRP,2020-03-24,UP,0.639
XRP,2020-03-25,UP,0.533
XRP,2020-03-26,CHOP,-0.071
XRP,2020-03-27,UP,0.809
XRP,2020-03-28,CHOP,-0.18
XRP,2020-03-29,CHOP,0.202
XRP,2020-03-30,DN,-0.849
XRP,2020-03-31,UP,0.639
XRP,2020-04-01,CHOP,0.328
XRP,2020-04-02,CHOP,0.159
XRP,2020-04-03,CHOP,0.261
XRP,2020-04-04,CHOP,0.182
XRP,2020-04-05,CHOP,0.266
XRP,2020-04-06,CHOP,-0.326
XRP,2020-04-07,UP,0.979
XRP,2020-04-08,CHOP,-0.336
XRP,2020-04-09,UP,0.798
XRP,2020-04-10,CHOP,-0.427
XRP,2020-04-11,DN,-0.609
XRP,2020-04-12,CHOP,0.126
XRP,2020-04-13,CHOP,0.096
XRP,2020-04-14,CHOP,-0.181
XRP,2020-04-15,CHOP,-0.244
XRP,2020-04-16,DN,-0.57
XRP,2020-04-17,UP,0.502
XRP,2020-04-18,CHOP,-0.33
XRP,2020-04-19,UP,0.777
XRP,2020-04-20,DN,-0.737
XRP,2020-04-21,CHOP,-0.454
XRP,2020-04-22,CHOP,0.367
XRP,2020-04-23,UP,0.606
XRP,2020-04-24,CHOP,0.328
XRP,2020-04-25,CHOP,0.129
XRP,2020-04-26,CHOP,0.148
XRP,2020-04-27,CHOP,0.318
XRP,2020-04-28,CHOP,0.222
XRP,2020-04-29,UP,0.71
XRP,2020-04-30,UP,0.589
XRP,2020-05-01,DN,-0.544
XRP,2020-05-02,UP,0.5
XRP,2020-05-03,UP,0.561
XRP,2020-05-04,CHOP,-0.391
XRP,2020-05-05,CHOP,-0.119
XRP,2020-05-06,CHOP,-0.099
XRP,2020-05-07,CHOP,-0.438
XRP,2020-05-08,UP,0.587
XRP,2020-05-09,CHOP,0.006
XRP,2020-05-10,CHOP,-0.236
XRP,2020-05-11,DN,-0.504
XRP,2020-05-12,CHOP,-0.278
XRP,2020-05-13,UP,0.518
XRP,2020-05-14,UP,0.54
XRP,2020-05-15,CHOP,0.263
XRP,2020-05-16,DN,-0.583
XRP,2020-05-17,CHOP,0.258
XRP,2020-05-18,CHOP,0.281
XRP,2020-05-19,UP,0.559
XRP,2020-05-20,CHOP,-0.071
XRP,2020-05-21,CHOP,-0.351
XRP,2020-05-22,DN,-0.54
XRP,2020-05-23,UP,0.578
XRP,2020-05-24,CHOP,-0.352
XRP,2020-05-25,DN,-0.697
XRP,2020-05-26,CHOP,0.481
XRP,2020-05-27,CHOP,-0.45
XRP,2020-05-28,UP,0.606
XRP,2020-05-29,CHOP,0.438
XRP,2020-05-30,CHOP,-0.437
XRP,2020-05-31,UP,0.78
XRP,2020-06-01,CHOP,-0.342
XRP,2020-06-02,UP,0.743
XRP,2020-06-03,CHOP,-0.426
XRP,2020-06-04,CHOP,0.285
XRP,2020-06-05,CHOP,0.018
XRP,2020-06-06,CHOP,-0.346
XRP,2020-06-07,CHOP,0.242
XRP,2020-06-08,CHOP,-0.047
XRP,2020-06-09,CHOP,0.232
XRP,2020-06-10,DN,-0.528
XRP,2020-06-11,CHOP,0.243
XRP,2020-06-12,DN,-0.763
XRP,2020-06-13,UP,0.594
XRP,2020-06-14,CHOP,-0.244
XRP,2020-06-15,DN,-0.57
XRP,2020-06-16,CHOP,0.189
XRP,2020-06-17,CHOP,0.0
XRP,2020-06-18,CHOP,0.075
XRP,2020-06-19,DN,-0.65
XRP,2020-06-20,DN,-0.669
XRP,2020-06-21,CHOP,0.166
XRP,2020-06-22,DN,-0.675
XRP,2020-06-23,UP,0.676
XRP,2020-06-24,CHOP,-0.209
XRP,2020-06-25,DN,-0.527
XRP,2020-06-26,CHOP,-0.333
XRP,2020-06-27,CHOP,0.11
XRP,2020-06-28,DN,-0.509
XRP,2020-06-29,CHOP,0.283
XRP,2020-06-30,CHOP,0.071
XRP,2020-07-01,DN,-0.708
XRP,2020-07-02,CHOP,0.259
XRP,2020-07-03,CHOP,-0.295
XRP,2020-07-04,CHOP,0.331
XRP,2020-07-05,UP,0.512
XRP,2020-07-06,CHOP,-0.226
XRP,2020-07-07,UP,0.918
XRP,2020-07-08,DN,-0.56
XRP,2020-07-09,UP,0.893
XRP,2020-07-10,CHOP,-0.185
XRP,2020-07-11,CHOP,-0.347
XRP,2020-07-12,CHOP,0.296
XRP,2020-07-13,CHOP,0.025
XRP,2020-07-14,CHOP,-0.163
XRP,2020-07-15,CHOP,0.09
XRP,2020-07-16,DN,-0.527
XRP,2020-07-17,CHOP,-0.298
XRP,2020-07-18,CHOP,-0.01
XRP,2020-07-19,UP,0.677
XRP,2020-07-20,CHOP,-0.052
XRP,2020-07-21,DN,-0.601
XRP,2020-07-22,UP,0.678
XRP,2020-07-23,CHOP,0.478
XRP,2020-07-24,CHOP,0.347
XRP,2020-07-25,DN,-0.683
XRP,2020-07-26,UP,0.761
XRP,2020-07-27,CHOP,0.056
XRP,2020-07-28,CHOP,0.425
XRP,2020-07-29,CHOP,0.329
XRP,2020-07-30,UP,0.623
XRP,2020-07-31,CHOP,0.051
XRP,2020-08-01,UP,0.813
XRP,2020-08-02,UP,0.753
XRP,2020-08-03,CHOP,-0.036
XRP,2020-08-04,UP,0.606
XRP,2020-08-05,CHOP,-0.301
XRP,2020-08-06,CHOP,0.053
XRP,2020-08-07,CHOP,0.056
XRP,2020-08-08,CHOP,-0.281
XRP,2020-08-09,CHOP,0.093
XRP,2020-08-10,CHOP,-0.457
XRP,2020-08-11,CHOP,0.397
XRP,2020-08-12,CHOP,-0.289
XRP,2020-08-13,CHOP,-0.047
XRP,2020-08-14,UP,0.512
XRP,2020-08-15,CHOP,0.317
XRP,2020-08-16,CHOP,-0.076
XRP,2020-08-17,CHOP,0.437
XRP,2020-08-18,CHOP,0.361
XRP,2020-08-19,DN,-0.505
XRP,2020-08-20,CHOP,-0.454
XRP,2020-08-21,CHOP,0.241
XRP,2020-08-22,DN,-0.671
XRP,2020-08-23,CHOP,0.493
XRP,2020-08-24,CHOP,-0.098
XRP,2020-08-25,CHOP,0.369
XRP,2020-08-26,DN,-0.62
XRP,2020-08-27,CHOP,0.036
XRP,2020-08-28,CHOP,-0.494
XRP,2020-08-29,UP,0.527
XRP,2020-08-30,CHOP,0.261
XRP,2020-08-31,UP,0.914
XRP,2020-09-01,CHOP,-0.289
XRP,2020-09-02,UP,0.609
XRP,2020-09-03,CHOP,-0.459
XRP,2020-09-04,DN,-0.827
XRP,2020-09-05,CHOP,0.382
XRP,2020-09-06,DN,-0.578
XRP,2020-09-07,CHOP,0.175
XRP,2020-09-08,CHOP,0.159
XRP,2020-09-09,CHOP,-0.438
XRP,2020-09-10,CHOP,0.249
XRP,2020-09-11,CHOP,0.405
XRP,2020-09-12,CHOP,-0.066
XRP,2020-09-13,UP,0.581
XRP,2020-09-14,CHOP,-0.333
XRP,2020-09-15,CHOP,0.373
XRP,2020-09-16,CHOP,-0.323
XRP,2020-09-17,CHOP,0.208
XRP,2020-09-18,CHOP,0.423
XRP,2020-09-19,CHOP,-0.16
XRP,2020-09-20,CHOP,0.062
XRP,2020-09-21,DN,-0.514
XRP,2020-09-22,DN,-0.821
XRP,2020-09-23,CHOP,0.365
XRP,2020-09-24,DN,-0.756
XRP,2020-09-25,UP,0.763
XRP,2020-09-26,UP,0.574
XRP,2020-09-27,CHOP,-0.001
XRP,2020-09-28,CHOP,0.251
XRP,2020-09-29,CHOP,-0.255
XRP,2020-09-30,CHOP,0.21
XRP,2020-10-01,CHOP,-0.213
XRP,2020-10-02,CHOP,-0.327
XRP,2020-10-03,CHOP,-0.385
XRP,2020-10-04,CHOP,-0.465
XRP,2020-10-05,UP,0.815
XRP,2020-10-06,CHOP,0.29
XRP,2020-10-07,CHOP,-0.256
XRP,2020-10-08,CHOP,0.302
XRP,2020-10-09,CHOP,0.247
XRP,2020-10-10,CHOP,0.208
XRP,2020-10-11,CHOP,0.135
XRP,2020-10-12,CHOP,0.274
XRP,2020-10-13,CHOP,0.053
XRP,2020-10-14,CHOP,0.066
XRP,2020-10-15,DN,-0.603
XRP,2020-10-16,CHOP,-0.426
XRP,2020-10-17,DN,-0.553
XRP,2020-10-18,CHOP,0.09
XRP,2020-10-19,CHOP,0.454
XRP,2020-10-20,CHOP,0.362
XRP,2020-10-21,CHOP,-0.253
XRP,2020-10-22,UP,0.585
XRP,2020-10-23,CHOP,0.491
XRP,2020-10-24,CHOP,-0.253
XRP,2020-10-25,CHOP,0.29
XRP,2020-10-26,DN,-0.504
XRP,2020-10-27,CHOP,-0.321
XRP,2020-10-28,UP,0.705
XRP,2020-10-29,DN,-0.598
XRP,2020-10-30,CHOP,-0.406
XRP,2020-10-31,CHOP,-0.243
XRP,2020-11-01,CHOP,0.102
XRP,2020-11-02,CHOP,0.08
XRP,2020-11-03,CHOP,-0.379
XRP,2020-11-04,CHOP,0.263
XRP,2020-11-05,CHOP,-0.243
XRP,2020-11-06,UP,0.778
XRP,2020-11-07,UP,0.793
XRP,2020-11-08,CHOP,-0.411
XRP,2020-11-09,CHOP,0.472
XRP,2020-11-10,CHOP,-0.291
XRP,2020-11-11,CHOP,0.19
XRP,2020-11-12,CHOP,0.255
XRP,2020-11-13,CHOP,-0.16
XRP,2020-11-14,UP,0.887
XRP,2020-11-15,CHOP,0.144
XRP,2020-11-16,CHOP,0.098
XRP,2020-11-17,UP,0.821
XRP,2020-11-18,UP,0.806
XRP,2020-11-19,CHOP,-0.33
XRP,2020-11-20,CHOP,0.454
XRP,2020-11-21,UP,0.772
XRP,2020-11-22,UP,0.948
XRP,2020-11-23,CHOP,-0.176
XRP,2020-11-24,UP,0.906
XRP,2020-11-25,CHOP,0.368
XRP,2020-11-26,CHOP,-0.452
XRP,2020-11-27,CHOP,-0.478
XRP,2020-11-28,CHOP,0.31
XRP,2020-11-29,UP,0.574
XRP,2020-11-30,CHOP,-0.375
XRP,2020-12-01,UP,0.732
XRP,2020-12-02,CHOP,-0.452
XRP,2020-12-03,CHOP,0.436
XRP,2020-12-04,CHOP,0.029
XRP,2020-12-05,DN,-0.838
XRP,2020-12-06,UP,0.659
XRP,2020-12-07,UP,0.734
XRP,2020-12-08,CHOP,-0.385
XRP,2020-12-09,DN,-0.815
XRP,2020-12-10,CHOP,0.233
XRP,2020-12-11,CHOP,-0.288
XRP,2020-12-12,CHOP,-0.38
XRP,2020-12-13,DN,-0.637
XRP,2020-12-14,CHOP,0.167
XRP,2020-12-15,DN,-0.551
XRP,2020-12-16,DN,-0.688
XRP,2020-12-17,UP,0.738
XRP,2020-12-18,CHOP,0.061
XRP,2020-12-19,CHOP,0.104
XRP,2020-12-20,CHOP,-0.177
XRP,2020-12-21,CHOP,-0.364
XRP,2020-12-22,DN,-0.581
XRP,2020-12-23,DN,-0.569
XRP,2020-12-24,DN,-0.785
XRP,2020-12-25,UP,0.567
XRP,2020-12-26,CHOP,-0.198
XRP,2020-12-27,DN,-0.522
XRP,2020-12-28,CHOP,-0.234
XRP,2020-12-29,CHOP,-0.469
XRP,2020-12-30,CHOP,-0.344
XRP,2020-12-31,CHOP,-0.224
XRP,2021-01-01,CHOP,0.34
XRP,2021-01-02,UP,0.527
XRP,2021-01-03,DN,-0.612
XRP,2021-01-04,CHOP,0.202
XRP,2021-01-05,CHOP,0.239
XRP,2021-01-06,CHOP,-0.399
XRP,2021-01-07,CHOP,0.429
XRP,2021-01-08,UP,0.604
XRP,2021-01-09,CHOP,-0.058
XRP,2021-01-10,CHOP,0.108
XRP,2021-01-11,CHOP,-0.115
XRP,2021-01-12,CHOP,-0.437
XRP,2021-01-13,CHOP,0.157
XRP,2021-01-14,UP,0.532
XRP,2021-01-15,CHOP,-0.362
XRP,2021-01-16,CHOP,-0.391
XRP,2021-01-17,CHOP,-0.029
XRP,2021-01-18,CHOP,-0.101
XRP,2021-01-19,CHOP,0.455
XRP,2021-01-20,CHOP,0.188
XRP,2021-01-21,CHOP,0.045
XRP,2021-01-22,DN,-0.573
XRP,2021-01-23,CHOP,0.113
XRP,2021-01-24,CHOP,-0.027
XRP,2021-01-25,CHOP,0.171
XRP,2021-01-26,CHOP,-0.317
XRP,2021-01-27,CHOP,0.064
XRP,2021-01-28,DN,-0.724
XRP,2021-01-29,UP,0.586
XRP,2021-01-30,CHOP,0.323
XRP,2021-01-31,UP,0.671
XRP,2021-02-01,CHOP,0.411
XRP,2021-02-02,CHOP,-0.314
XRP,2021-02-03,CHOP,0.018
XRP,2021-02-04,UP,0.531
XRP,2021-02-05,CHOP,0.47
XRP,2021-02-06,CHOP,0.142
XRP,2021-02-07,CHOP,-0.241
XRP,2021-02-08,CHOP,-0.412
XRP,2021-02-09,UP,0.573
XRP,2021-02-10,UP,0.619
XRP,2021-02-11,CHOP,0.303
XRP,2021-02-12,UP,0.669
XRP,2021-02-13,UP,0.804
XRP,2021-02-14,CHOP,0.242
XRP,2021-02-15,DN,-0.521
XRP,2021-02-16,CHOP,-0.445
XRP,2021-02-17,CHOP,-0.302
XRP,2021-02-18,CHOP,0.232
XRP,2021-02-19,CHOP,-0.063
XRP,2021-02-20,CHOP,0.472
XRP,2021-02-21,CHOP,-0.483
XRP,2021-02-22,UP,0.598
XRP,2021-02-23,CHOP,0.154
XRP,2021-02-24,CHOP,-0.438
XRP,2021-02-25,CHOP,-0.148
XRP,2021-02-26,DN,-0.563
XRP,2021-02-27,CHOP,-0.205
XRP,2021-02-28,CHOP,0.244
XRP,2021-03-01,CHOP,-0.439
XRP,2021-03-02,UP,0.708
XRP,2021-03-03,CHOP,-0.287
XRP,2021-03-04,CHOP,0.33
XRP,2021-03-05,UP,0.539
XRP,2021-03-06,DN,-0.681
XRP,2021-03-07,CHOP,0.307
XRP,2021-03-08,CHOP,0.213
XRP,2021-03-09,CHOP,0.239
XRP,2021-03-10,UP,0.658
XRP,2021-03-11,DN,-0.68
XRP,2021-03-12,CHOP,-0.415
XRP,2021-03-13,CHOP,-0.293
XRP,2021-03-14,UP,0.539
XRP,2021-03-15,DN,-0.819
XRP,2021-03-16,CHOP,-0.128
XRP,2021-03-17,CHOP,0.259
XRP,2021-03-18,CHOP,0.322
XRP,2021-03-19,CHOP,-0.04
XRP,2021-03-20,CHOP,-0.147
XRP,2021-03-21,UP,0.695
XRP,2021-03-22,CHOP,-0.18
XRP,2021-03-23,CHOP,0.277
XRP,2021-03-24,CHOP,0.098
XRP,2021-03-25,DN,-0.624
XRP,2021-03-26,CHOP,0.429
XRP,2021-03-27,UP,0.796
XRP,2021-03-28,CHOP,-0.395
XRP,2021-03-29,CHOP,-0.083
XRP,2021-03-30,UP,0.719
XRP,2021-03-31,CHOP,-0.11
XRP,2021-04-01,CHOP,0.153
XRP,2021-04-02,CHOP,0.023
XRP,2021-04-03,UP,0.813
XRP,2021-04-04,CHOP,-0.412
XRP,2021-04-05,UP,0.808
XRP,2021-04-06,UP,0.876
XRP,2021-04-07,UP,0.555
XRP,2021-04-08,DN,-0.717
XRP,2021-04-09,UP,0.819
XRP,2021-04-10,CHOP,-0.37
XRP,2021-04-11,UP,0.904
XRP,2021-04-12,CHOP,-0.108
XRP,2021-04-13,UP,0.747
XRP,2021-04-14,UP,0.695
XRP,2021-04-15,CHOP,0.095
XRP,2021-04-16,CHOP,-0.327
XRP,2021-04-17,DN,-0.537
XRP,2021-04-18,CHOP,-0.043
XRP,2021-04-19,CHOP,-0.326
XRP,2021-04-20,CHOP,-0.348
XRP,2021-04-21,CHOP,0.282
XRP,2021-04-22,CHOP,-0.497
XRP,2021-04-23,CHOP,-0.408
XRP,2021-04-24,CHOP,0.051
XRP,2021-04-25,DN,-0.789
XRP,2021-04-26,CHOP,-0.068
XRP,2021-04-27,UP,0.906
XRP,2021-04-28,CHOP,0.29
XRP,2021-04-29,CHOP,-0.263
XRP,2021-04-30,CHOP,0.429
XRP,2021-05-01,UP,0.758
XRP,2021-05-02,CHOP,0.362
XRP,2021-05-03,DN,-0.68
XRP,2021-05-04,CHOP,-0.039
XRP,2021-05-05,DN,-0.701
XRP,2021-05-06,UP,0.874
XRP,2021-05-07,CHOP,-0.045
XRP,2021-05-08,CHOP,-0.124
XRP,2021-05-09,CHOP,-0.211
XRP,2021-05-10,CHOP,-0.155
XRP,2021-05-11,CHOP,-0.348
XRP,2021-05-12,UP,0.649
XRP,2021-05-13,DN,-0.672
XRP,2021-05-14,UP,0.503
XRP,2021-05-15,CHOP,0.279
XRP,2021-05-16,CHOP,0.341
XRP,2021-05-17,CHOP,-0.15
XRP,2021-05-18,CHOP,0.187
XRP,2021-05-19,CHOP,0.398
XRP,2021-05-20,DN,-0.67
XRP,2021-05-21,CHOP,0.336
XRP,2021-05-22,CHOP,-0.49
XRP,2021-05-23,DN,-0.504
XRP,2021-05-24,CHOP,-0.363
XRP,2021-05-25,UP,0.835
XRP,2021-05-26,CHOP,-0.098
XRP,2021-05-27,CHOP,0.46
XRP,2021-05-28,DN,-0.517
XRP,2021-05-29,DN,-0.544
XRP,2021-05-30,CHOP,-0.444
XRP,2021-05-31,UP,0.542
XRP,2021-06-01,UP,0.792
XRP,2021-06-02,CHOP,-0.239
XRP,2021-06-03,CHOP,0.189
XRP,2021-06-04,CHOP,0.29
XRP,2021-06-05,DN,-0.588
XRP,2021-06-06,CHOP,-0.431
XRP,2021-06-07,UP,0.743
XRP,2021-06-08,DN,-0.617
XRP,2021-06-09,CHOP,0.109
XRP,2021-06-10,UP,0.532
XRP,2021-06-11,DN,-0.686
XRP,2021-06-12,CHOP,-0.462
XRP,2021-06-13,CHOP,-0.336
XRP,2021-06-14,UP,0.711
XRP,2021-06-15,CHOP,0.109
XRP,2021-06-16,DN,-0.519
XRP,2021-06-17,DN,-0.724
XRP,2021-06-18,CHOP,0.265
XRP,2021-06-19,DN,-0.586
XRP,2021-06-20,DN,-0.781
XRP,2021-06-21,CHOP,0.179
XRP,2021-06-22,DN,-0.948
XRP,2021-06-23,CHOP,-0.426
XRP,2021-06-24,UP,0.63
XRP,2021-06-25,CHOP,0.455
XRP,2021-06-26,DN,-0.713
XRP,2021-06-27,CHOP,0.101
XRP,2021-06-28,UP,0.573
XRP,2021-06-29,CHOP,-0.113
XRP,2021-06-30,UP,0.671
XRP,2021-07-01,CHOP,0.001
XRP,2021-07-02,DN,-0.755
XRP,2021-07-03,CHOP,-0.104
XRP,2021-07-04,CHOP,0.421
XRP,2021-07-05,UP,0.521
XRP,2021-07-06,DN,-0.825
XRP,2021-07-07,CHOP,0.422
XRP,2021-07-08,DN,-0.525
XRP,2021-07-09,DN,-0.7
XRP,2021-07-10,CHOP,0.287
XRP,2021-07-11,CHOP,-0.333
XRP,2021-07-12,CHOP,0.421
XRP,2021-07-13,CHOP,-0.186
XRP,2021-07-14,CHOP,-0.282
XRP,2021-07-15,CHOP,0.01
XRP,2021-07-16,DN,-0.549
XRP,2021-07-17,CHOP,-0.255
XRP,2021-07-18,CHOP,-0.191
XRP,2021-07-19,CHOP,0.144
XRP,2021-07-20,DN,-0.834
XRP,2021-07-21,DN,-0.528
XRP,2021-07-22,UP,0.672
XRP,2021-07-23,CHOP,0.476
XRP,2021-07-24,CHOP,0.491
XRP,2021-07-25,CHOP,-0.033
XRP,2021-07-26,CHOP,-0.075
XRP,2021-07-27,CHOP,0.221
XRP,2021-07-28,UP,0.533
XRP,2021-07-29,UP,0.707
XRP,2021-07-30,CHOP,0.232
XRP,2021-07-31,CHOP,0.057
XRP,2021-08-01,CHOP,-0.277
XRP,2021-08-02,CHOP,-0.298
XRP,2021-08-03,CHOP,0.234
XRP,2021-08-04,DN,-0.552
XRP,2021-08-05,CHOP,0.39
XRP,2021-08-06,CHOP,0.045
XRP,2021-08-07,CHOP,0.473
XRP,2021-08-08,UP,0.884
XRP,2021-08-09,DN,-0.539
XRP,2021-08-10,UP,0.559
XRP,2021-08-11,UP,0.55
XRP,2021-08-12,UP,0.657
XRP,2021-08-13,CHOP,-0.363
XRP,2021-08-14,UP,0.845
XRP,2021-08-15,UP,0.785
XRP,2021-08-16,CHOP,0.041
XRP,2021-08-17,DN,-0.53
XRP,2021-08-18,DN,-0.538
XRP,2021-08-19,CHOP,0.308
XRP,2021-08-20,UP,0.628
XRP,2021-08-21,CHOP,0.312
XRP,2021-08-22,DN,-0.564
XRP,2021-08-23,CHOP,0.131
XRP,2021-08-24,CHOP,0.195
XRP,2021-08-25,DN,-0.763
XRP,2021-08-26,UP,0.541
XRP,2021-08-27,DN,-0.832
XRP,2021-08-28,UP,0.846
XRP,2021-08-29,DN,-0.705
XRP,2021-08-30,CHOP,-0.089
XRP,2021-08-31,DN,-0.749
XRP,2021-09-01,UP,0.555
XRP,2021-09-02,UP,0.629
XRP,2021-09-03,CHOP,0.233
XRP,2021-09-04,CHOP,0.358
XRP,2021-09-05,DN,-0.577
XRP,2021-09-06,UP,0.691
XRP,2021-09-07,UP,0.754
XRP,2021-09-08,DN,-0.592
XRP,2021-09-09,CHOP,-0.217
XRP,2021-09-10,CHOP,-0.173
XRP,2021-09-11,CHOP,-0.147
XRP,2021-09-12,CHOP,0.337
XRP,2021-09-13,UP,0.561
XRP,2021-09-14,DN,-0.53
XRP,2021-09-15,UP,0.774
XRP,2021-09-16,CHOP,0.475
XRP,2021-09-17,CHOP,-0.478
XRP,2021-09-18,CHOP,-0.469
XRP,2021-09-19,CHOP,0.226
XRP,2021-09-20,DN,-0.593
XRP,2021-09-21,DN,-0.72
XRP,2021-09-22,CHOP,-0.468
XRP,2021-09-23,UP,0.914
XRP,2021-09-24,CHOP,-0.034
XRP,2021-09-25,CHOP,-0.493
XRP,2021-09-26,CHOP,-0.101
XRP,2021-09-27,CHOP,0.057
XRP,2021-09-28,CHOP,-0.349
XRP,2021-09-29,DN,-0.547
XRP,2021-09-30,CHOP,0.315
XRP,2021-10-01,UP,0.631
XRP,2021-10-02,UP,0.708
XRP,2021-10-03,CHOP,-0.096
XRP,2021-10-04,CHOP,0.286
XRP,2021-10-05,CHOP,-0.236
XRP,2021-10-06,UP,0.82
XRP,2021-10-07,CHOP,-0.082
XRP,2021-10-08,CHOP,-0.17
XRP,2021-10-09,CHOP,-0.106
XRP,2021-10-10,UP,0.635
XRP,2021-10-11,CHOP,-0.243
XRP,2021-10-12,CHOP,0.015
XRP,2021-10-13,CHOP,-0.473
XRP,2021-10-14,CHOP,0.405
XRP,2021-10-15,CHOP,0.138
XRP,2021-10-16,CHOP,0.105
XRP,2021-10-17,CHOP,-0.127
XRP,2021-10-18,CHOP,-0.323
XRP,2021-10-19,CHOP,-0.275
XRP,2021-10-20,CHOP,0.241
XRP,2021-10-21,UP,0.823
XRP,2021-10-22,DN,-0.716
XRP,2021-10-23,CHOP,0.0
XRP,2021-10-24,CHOP,0.192
XRP,2021-10-25,CHOP,-0.26
XRP,2021-10-26,UP,0.508
XRP,2021-10-27,CHOP,0.177
XRP,2021-10-28,DN,-0.638
XRP,2021-10-29,UP,0.624
XRP,2021-10-30,CHOP,0.496
XRP,2021-10-31,CHOP,0.038
XRP,2021-11-01,CHOP,0.331
XRP,2021-11-02,CHOP,-0.338
XRP,2021-11-03,UP,0.702
XRP,2021-11-04,UP,0.68
XRP,2021-11-05,CHOP,-0.099
XRP,2021-11-06,DN,-0.601
XRP,2021-11-07,CHOP,-0.086
XRP,2021-11-08,UP,0.744
XRP,2021-11-09,UP,0.803
XRP,2021-11-10,CHOP,-0.382
XRP,2021-11-11,CHOP,-0.289
XRP,2021-11-12,CHOP,0.308
XRP,2021-11-13,CHOP,-0.328
XRP,2021-11-14,CHOP,0.022
XRP,2021-11-15,CHOP,-0.047
XRP,2021-11-16,CHOP,-0.291
XRP,2021-11-17,DN,-0.647
XRP,2021-11-18,CHOP,0.14
XRP,2021-11-19,CHOP,-0.353
XRP,2021-11-20,UP,0.568
XRP,2021-11-21,CHOP,0.173
XRP,2021-11-22,DN,-0.921
XRP,2021-11-23,CHOP,-0.473
XRP,2021-11-24,UP,0.587
XRP,2021-11-25,DN,-0.504
XRP,2021-11-26,CHOP,0.262
XRP,2021-11-27,DN,-0.769
XRP,2021-11-28,CHOP,0.188
XRP,2021-11-29,CHOP,0.27
XRP,2021-11-30,UP,0.544
XRP,2021-12-01,CHOP,0.139
XRP,2021-12-02,CHOP,-0.227
XRP,2021-12-03,DN,-0.511
XRP,2021-12-04,DN,-0.537
XRP,2021-12-05,CHOP,-0.235
XRP,2021-12-06,CHOP,-0.438
XRP,2021-12-07,CHOP,0.257
XRP,2021-12-08,CHOP,-0.24
XRP,2021-12-09,UP,0.572
XRP,2021-12-10,CHOP,-0.038
XRP,2021-12-11,DN,-0.646
XRP,2021-12-12,UP,0.666
XRP,2021-12-13,CHOP,0.004
XRP,2021-12-14,DN,-0.683
XRP,2021-12-15,UP,0.569
XRP,2021-12-16,CHOP,0.254
XRP,2021-12-17,DN,-0.628
XRP,2021-12-18,CHOP,-0.153
XRP,2021-12-19,UP,0.675
XRP,2021-12-20,CHOP,0.295
XRP,2021-12-21,CHOP,0.493
XRP,2021-12-22,UP,0.617
XRP,2021-12-23,CHOP,0.14
XRP,2021-12-24,UP,0.507
XRP,2021-12-25,DN,-0.824
XRP,2021-12-26,CHOP,0.374
XRP,2021-12-27,CHOP,-0.184
XRP,2021-12-28,CHOP,0.165
XRP,2021-12-29,DN,-0.927
XRP,2021-12-30,DN,-0.633
XRP,2021-12-31,CHOP,0.369
XRP,2022-01-01,CHOP,-0.169
XRP,2022-01-02,UP,0.804
XRP,2022-01-03,CHOP,0.264
XRP,2022-01-04,DN,-0.701
XRP,2022-01-05,CHOP,-0.145
XRP,2022-01-06,CHOP,-0.391
XRP,2022-01-07,CHOP,0.124
XRP,2022-01-08,CHOP,-0.299
XRP,2022-01-09,CHOP,-0.333
XRP,2022-01-10,CHOP,0.273
XRP,2022-01-11,CHOP,-0.211
XRP,2022-01-12,UP,0.658
XRP,2022-01-13,CHOP,0.483
XRP,2022-01-14,DN,-0.729
XRP,2022-01-15,CHOP,0.113
XRP,2022-01-16,CHOP,0.264
XRP,2022-01-17,CHOP,-0.034
XRP,2022-01-18,DN,-0.547
XRP,2022-01-19,CHOP,-0.32
XRP,2022-01-20,CHOP,-0.427
XRP,2022-01-21,CHOP,-0.395
XRP,2022-01-22,DN,-0.708
XRP,2022-01-23,CHOP,-0.382
XRP,2022-01-24,UP,0.701
XRP,2022-01-25,CHOP,-0.218
XRP,2022-01-26,CHOP,0.167
XRP,2022-01-27,CHOP,0.028
XRP,2022-01-28,CHOP,-0.297
XRP,2022-01-29,CHOP,0.098
XRP,2022-01-30,CHOP,0.36
XRP,2022-01-31,DN,-0.625
XRP,2022-02-01,CHOP,0.369
XRP,2022-02-02,UP,0.547
XRP,2022-02-03,DN,-0.774
XRP,2022-02-04,CHOP,0.417
XRP,2022-02-05,UP,0.833
XRP,2022-02-06,CHOP,0.268
XRP,2022-02-07,UP,0.581
XRP,2022-02-08,UP,0.887
XRP,2022-02-09,CHOP,0.405
XRP,2022-02-10,CHOP,-0.087
XRP,2022-02-11,DN,-0.583
XRP,2022-02-12,DN,-0.789
XRP,2022-02-13,UP,0.593
XRP,2022-02-14,CHOP,-0.299
XRP,2022-02-15,CHOP,-0.134
XRP,2022-02-16,UP,0.788
XRP,2022-02-17,CHOP,-0.332
XRP,2022-02-18,DN,-0.742
XRP,2022-02-19,CHOP,0.305
XRP,2022-02-20,CHOP,0.439
XRP,2022-02-21,DN,-0.755
XRP,2022-02-22,DN,-0.704
XRP,2022-02-23,CHOP,0.329
XRP,2022-02-24,CHOP,-0.468
XRP,2022-02-25,CHOP,-0.004
XRP,2022-02-26,UP,0.751
XRP,2022-02-27,CHOP,-0.344
XRP,2022-02-28,CHOP,-0.454
XRP,2022-03-01,UP,0.687
XRP,2022-03-02,CHOP,0.065
XRP,2022-03-03,DN,-0.535
XRP,2022-03-04,CHOP,-0.308
XRP,2022-03-05,DN,-0.637
XRP,2022-03-06,UP,0.641
XRP,2022-03-07,DN,-0.762
XRP,2022-03-08,CHOP,-0.108
XRP,2022-03-09,CHOP,0.062
XRP,2022-03-10,UP,0.817
XRP,2022-03-11,DN,-0.512
XRP,2022-03-12,UP,0.751
XRP,2022-03-13,CHOP,-0.242
XRP,2022-03-14,CHOP,-0.464
XRP,2022-03-15,CHOP,0.444
XRP,2022-03-16,CHOP,-0.254
XRP,2022-03-17,UP,0.694
XRP,2022-03-18,CHOP,0.084
XRP,2022-03-19,CHOP,0.118
XRP,2022-03-20,UP,0.652
XRP,2022-03-21,DN,-0.511
XRP,2022-03-22,CHOP,0.469
XRP,2022-03-23,CHOP,-0.016
XRP,2022-03-24,CHOP,0.035
XRP,2022-03-25,CHOP,0.228
XRP,2022-03-26,DN,-0.69
XRP,2022-03-27,UP,0.615
XRP,2022-03-28,UP,0.827
XRP,2022-03-29,CHOP,0.08
XRP,2022-03-30,CHOP,-0.135
XRP,2022-03-31,CHOP,0.141
XRP,2022-04-01,CHOP,-0.493
XRP,2022-04-02,CHOP,0.469
XRP,2022-04-03,CHOP,-0.118
XRP,2022-04-04,UP,0.511
XRP,2022-04-05,CHOP,-0.431
XRP,2022-04-06,CHOP,-0.439
XRP,2022-04-07,DN,-0.905
XRP,2022-04-08,UP,0.714
XRP,2022-04-09,DN,-0.667
XRP,2022-04-10,UP,0.526
XRP,2022-04-11,CHOP,-0.386
XRP,2022-04-12,DN,-0.787
XRP,2022-04-13,CHOP,0.488
XRP,2022-04-14,CHOP,0.345
XRP,2022-04-15,CHOP,0.091
XRP,2022-04-16,UP,0.835
XRP,2022-04-17,CHOP,-0.15
XRP,2022-04-18,DN,-0.753
XRP,2022-04-19,CHOP,0.416
XRP,2022-04-20,CHOP,0.187
XRP,2022-04-21,DN,-0.697
XRP,2022-04-22,CHOP,-0.374
XRP,2022-04-23,DN,-0.608
XRP,2022-04-24,CHOP,-0.496
XRP,2022-04-25,CHOP,-0.434
XRP,2022-04-26,CHOP,-0.09
XRP,2022-04-27,DN,-0.648
XRP,2022-04-28,CHOP,0.379
XRP,2022-04-29,CHOP,-0.385
XRP,2022-04-30,DN,-0.661
XRP,2022-05-01,CHOP,-0.432
XRP,2022-05-02,UP,0.616
XRP,2022-05-03,CHOP,0.223
XRP,2022-05-04,CHOP,-0.301
XRP,2022-05-05,UP,0.894
XRP,2022-05-06,DN,-0.621
XRP,2022-05-07,CHOP,0.142
XRP,2022-05-08,DN,-0.608
XRP,2022-05-09,DN,-0.559
XRP,2022-05-10,DN,-0.725
XRP,2022-05-11,CHOP,0.398
XRP,2022-05-12,DN,-0.596
XRP,2022-05-13,CHOP,-0.338
XRP,2022-05-14,CHOP,0.44
XRP,2022-05-15,CHOP,0.073
XRP,2022-05-16,UP,0.624
XRP,2022-05-17,DN,-0.635
XRP,2022-05-18,UP,0.639
XRP,2022-05-19,DN,-0.829
XRP,2022-05-20,CHOP,0.446
XRP,2022-05-21,CHOP,-0.266
XRP,2022-05-22,CHOP,0.288
XRP,2022-05-23,CHOP,0.481
XRP,2022-05-24,DN,-0.579
XRP,2022-05-25,CHOP,0.148
XRP,2022-05-26,CHOP,-0.142
XRP,2022-05-27,CHOP,-0.396
XRP,2022-05-28,CHOP,-0.381
XRP,2022-05-29,UP,0.506
XRP,2022-05-30,CHOP,0.246
XRP,2022-05-31,UP,0.894
XRP,2022-06-01,CHOP,0.105
XRP,2022-06-02,DN,-0.625
XRP,2022-06-03,CHOP,0.448
XRP,2022-06-04,DN,-0.564
XRP,2022-06-05,CHOP,0.224
XRP,2022-06-06,CHOP,0.28
XRP,2022-06-07,CHOP,0.453
XRP,2022-06-08,CHOP,0.149
XRP,2022-06-09,CHOP,-0.446
XRP,2022-06-10,CHOP,-0.066
XRP,2022-06-11,DN,-0.525
XRP,2022-06-12,DN,-0.655
XRP,2022-06-13,DN,-0.635
XRP,2022-06-14,DN,-0.636
XRP,2022-06-15,CHOP,0.293
XRP,2022-06-16,CHOP,0.452
XRP,2022-06-17,DN,-0.756
XRP,2022-06-18,CHOP,0.267
XRP,2022-06-19,CHOP,-0.345
XRP,2022-06-20,UP,0.544
XRP,2022-06-21,CHOP,-0.227
XRP,2022-06-22,CHOP,0.364
XRP,2022-06-23,DN,-0.664
XRP,2022-06-24,UP,0.854
XRP,2022-06-25,UP,0.602
XRP,2022-06-26,CHOP,0.02
XRP,2022-06-27,CHOP,-0.486
XRP,2022-06-28,CHOP,-0.283
XRP,2022-06-29,DN,-0.794
XRP,2022-06-30,CHOP,-0.366
XRP,2022-07-01,CHOP,0.09
XRP,2022-07-02,DN,-0.688
XRP,2022-07-03,CHOP,0.152
XRP,2022-07-04,CHOP,0.335
XRP,2022-07-05,CHOP,0.461
XRP,2022-07-06,CHOP,-0.192
XRP,2022-07-07,UP,0.514
XRP,2022-07-08,UP,0.524
XRP,2022-07-09,CHOP,-0.091
XRP,2022-07-10,UP,0.529
XRP,2022-07-11,DN,-0.766
XRP,2022-07-12,DN,-0.565
XRP,2022-07-13,CHOP,-0.346
XRP,2022-07-14,UP,0.5
XRP,2022-07-15,CHOP,0.468
XRP,2022-07-16,CHOP,0.018
XRP,2022-07-17,UP,0.651
XRP,2022-07-18,CHOP,-0.353
XRP,2022-07-19,UP,0.805
XRP,2022-07-20,CHOP,0.306
XRP,2022-07-21,CHOP,-0.38
XRP,2022-07-22,CHOP,0.17
XRP,2022-07-23,DN,-0.514
XRP,2022-07-24,CHOP,0.108
XRP,2022-07-25,CHOP,-0.055
XRP,2022-07-26,DN,-0.885
XRP,2022-07-27,CHOP,0.075
XRP,2022-07-28,UP,0.754
XRP,2022-07-29,CHOP,0.479
XRP,2022-07-30,CHOP,-0.291
XRP,2022-07-31,CHOP,0.426
XRP,2022-08-01,CHOP,-0.425
XRP,2022-08-02,CHOP,0.0
XRP,2022-08-03,CHOP,-0.276
XRP,2022-08-04,CHOP,-0.132
XRP,2022-08-05,CHOP,0.14
XRP,2022-08-06,CHOP,0.482
XRP,2022-08-07,DN,-0.636
XRP,2022-08-08,CHOP,0.078
XRP,2022-08-09,CHOP,0.467
XRP,2022-08-10,DN,-0.59
XRP,2022-08-11,UP,0.612
XRP,2022-08-12,CHOP,-0.133
XRP,2022-08-13,CHOP,-0.047
XRP,2022-08-14,CHOP,-0.15
XRP,2022-08-15,CHOP,-0.12
XRP,2022-08-16,CHOP,-0.026
XRP,2022-08-17,CHOP,0.169
XRP,2022-08-18,CHOP,0.103
XRP,2022-08-19,DN,-0.742
XRP,2022-08-20,DN,-0.902
XRP,2022-08-21,CHOP,0.215
XRP,2022-08-22,UP,0.623
XRP,2022-08-23,CHOP,-0.057
XRP,2022-08-24,CHOP,0.208
XRP,2022-08-25,CHOP,-0.125
XRP,2022-08-26,CHOP,0.402
XRP,2022-08-27,CHOP,-0.253
XRP,2022-08-28,CHOP,-0.287
XRP,2022-08-29,DN,-0.762
XRP,2022-08-30,UP,0.731
XRP,2022-08-31,CHOP,-0.44
XRP,2022-09-01,CHOP,0.083
XRP,2022-09-02,CHOP,0.462
XRP,2022-09-03,CHOP,-0.176
XRP,2022-09-04,CHOP,-0.212
XRP,2022-09-05,CHOP,0.396
XRP,2022-09-06,CHOP,0.097
XRP,2022-09-07,CHOP,-0.422
XRP,2022-09-08,UP,0.59
XRP,2022-09-09,CHOP,0.178
XRP,2022-09-10,UP,0.847
XRP,2022-09-11,CHOP,0.046
XRP,2022-09-12,CHOP,-0.185
XRP,2022-09-13,CHOP,0.379
XRP,2022-09-14,DN,-0.922
XRP,2022-09-15,UP,0.685
XRP,2022-09-16,DN,-0.819
XRP,2022-09-17,UP,0.797
XRP,2022-09-18,UP,0.607
XRP,2022-09-19,CHOP,-0.438
XRP,2022-09-20,UP,0.508
XRP,2022-09-21,UP,0.545
XRP,2022-09-22,CHOP,-0.376
XRP,2022-09-23,UP,0.868
XRP,2022-09-24,CHOP,0.203
XRP,2022-09-25,CHOP,-0.4
XRP,2022-09-26,CHOP,0.083
XRP,2022-09-27,DN,-0.525
XRP,2022-09-28,CHOP,-0.423
XRP,2022-09-29,CHOP,0.079
XRP,2022-09-30,CHOP,0.458
XRP,2022-10-01,CHOP,-0.237
XRP,2022-10-02,CHOP,-0.227
XRP,2022-10-03,DN,-0.755
XRP,2022-10-04,CHOP,0.422
XRP,2022-10-05,UP,0.504
XRP,2022-10-06,CHOP,0.303
XRP,2022-10-07,CHOP,0.256
XRP,2022-10-08,CHOP,0.451
XRP,2022-10-09,CHOP,-0.039
XRP,2022-10-10,CHOP,0.358
XRP,2022-10-11,DN,-0.852
XRP,2022-10-12,CHOP,-0.304
XRP,2022-10-13,CHOP,0.15
XRP,2022-10-14,CHOP,-0.181
XRP,2022-10-15,CHOP,0.268
XRP,2022-10-16,DN,-0.508
XRP,2022-10-17,CHOP,-0.265
XRP,2022-10-18,CHOP,0.197
XRP,2022-10-19,DN,-0.537
XRP,2022-10-20,DN,-0.781
XRP,2022-10-21,CHOP,-0.092
XRP,2022-10-22,UP,0.53
XRP,2022-10-23,CHOP,0.272
XRP,2022-10-24,CHOP,0.168
XRP,2022-10-25,DN,-0.631
XRP,2022-10-26,CHOP,0.255
XRP,2022-10-27,UP,0.542
XRP,2022-10-28,CHOP,-0.308
XRP,2022-10-29,UP,0.675
XRP,2022-10-30,CHOP,-0.233
XRP,2022-10-31,DN,-0.606
XRP,2022-11-01,CHOP,0.298
XRP,2022-11-02,CHOP,-0.031
XRP,2022-11-03,DN,-0.663
XRP,2022-11-04,CHOP,0.45
XRP,2022-11-05,UP,0.945
XRP,2022-11-06,DN,-0.633
XRP,2022-11-07,DN,-0.828
XRP,2022-11-08,CHOP,-0.279
XRP,2022-11-09,CHOP,-0.447
XRP,2022-11-10,DN,-0.766
XRP,2022-11-11,UP,0.837
XRP,2022-11-12,CHOP,-0.3
XRP,2022-11-13,DN,-0.815
XRP,2022-11-14,DN,-0.615
XRP,2022-11-15,UP,0.626
XRP,2022-11-16,CHOP,0.366
XRP,2022-11-17,CHOP,-0.449
XRP,2022-11-18,CHOP,0.374
XRP,2022-11-19,CHOP,0.069
XRP,2022-11-20,CHOP,0.09
XRP,2022-11-21,DN,-0.609
XRP,2022-11-22,CHOP,0.159
XRP,2022-11-23,CHOP,0.413
XRP,2022-11-24,CHOP,0.401
XRP,2022-11-25,UP,0.656
XRP,2022-11-26,CHOP,0.196
XRP,2022-11-27,DN,-0.534
XRP,2022-11-28,CHOP,0.013
XRP,2022-11-29,CHOP,-0.28
XRP,2022-11-30,CHOP,0.443
XRP,2022-12-01,UP,0.508
XRP,2022-12-02,DN,-0.732
XRP,2022-12-03,CHOP,-0.051
XRP,2022-12-04,DN,-0.733
XRP,2022-12-05,CHOP,0.306
XRP,2022-12-06,CHOP,-0.013
XRP,2022-12-07,CHOP,0.179
XRP,2022-12-08,CHOP,-0.411
XRP,2022-12-09,UP,0.787
XRP,2022-12-10,CHOP,-0.486
XRP,2022-12-11,DN,-0.615
XRP,2022-12-12,DN,-0.519
XRP,2022-12-13,CHOP,0.346
XRP,2022-12-14,CHOP,0.418
XRP,2022-12-15,DN,-0.532
XRP,2022-12-16,DN,-0.545
XRP,2022-12-17,DN,-0.747
XRP,2022-12-18,CHOP,0.267
XRP,2022-12-19,DN,-0.554
XRP,2022-12-20,DN,-0.524
XRP,2022-12-21,UP,0.538
XRP,2022-12-22,CHOP,-0.246
XRP,2022-12-23,CHOP,0.494
XRP,2022-12-24,UP,0.646
XRP,2022-12-25,DN,-0.714
XRP,2022-12-26,DN,-0.762
XRP,2022-12-27,UP,0.82
XRP,2022-12-28,CHOP,0.124
XRP,2022-12-29,DN,-0.83
XRP,2022-12-30,DN,-0.639
XRP,2022-12-31,CHOP,0.242
XRP,2023-01-01,DN,-0.884
XRP,2023-01-02,CHOP,-0.043
XRP,2023-01-03,CHOP,0.173
XRP,2023-01-04,CHOP,-0.368
XRP,2023-01-05,CHOP,0.167
XRP,2023-01-06,DN,-0.591
XRP,2023-01-07,CHOP,0.417
XRP,2023-01-08,CHOP,0.0
XRP,2023-01-09,CHOP,0.087
XRP,2023-01-10,CHOP,0.273
XRP,2023-01-11,CHOP,0.165
XRP,2023-01-12,UP,0.721
XRP,2023-01-13,CHOP,0.094
XRP,2023-01-14,UP,0.585
XRP,2023-01-15,CHOP,0.297
XRP,2023-01-16,DN,-0.621
XRP,2023-01-17,CHOP,0.031
XRP,2023-01-18,CHOP,0.066
XRP,2023-01-19,CHOP,-0.278
XRP,2023-01-20,UP,0.719
XRP,2023-01-21,UP,0.709
XRP,2023-01-22,CHOP,-0.477
XRP,2023-01-23,CHOP,-0.188
XRP,2023-01-24,UP,0.687
XRP,2023-01-25,DN,-0.54
XRP,2023-01-26,CHOP,0.325
XRP,2023-01-27,DN,-0.624
XRP,2023-01-28,CHOP,0.252
XRP,2023-01-29,CHOP,-0.434
XRP,2023-01-30,UP,0.523
XRP,2023-01-31,DN,-0.555
XRP,2023-02-01,UP,0.532
XRP,2023-02-02,CHOP,0.374
XRP,2023-02-03,CHOP,-0.304
XRP,2023-02-04,CHOP,0.241
XRP,2023-02-05,CHOP,-0.078
XRP,2023-02-06,DN,-0.685
XRP,2023-02-07,DN,-0.508
XRP,2023-02-08,UP,0.782
XRP,2023-02-09,CHOP,-0.5
XRP,2023-02-10,CHOP,-0.426
XRP,2023-02-11,CHOP,-0.009
XRP,2023-02-12,CHOP,0.349
XRP,2023-02-13,DN,-0.649
XRP,2023-02-14,CHOP,-0.257
XRP,2023-02-15,UP,0.595
XRP,2023-02-16,UP,0.741
XRP,2023-02-17,DN,-0.813
XRP,2023-02-18,UP,0.571
XRP,2023-02-19,CHOP,-0.092
XRP,2023-02-20,DN,-0.581
XRP,2023-02-21,CHOP,0.386
XRP,2023-02-22,CHOP,-0.431
XRP,2023-02-23,CHOP,0.221
XRP,2023-02-24,DN,-0.563
XRP,2023-02-25,DN,-0.541
XRP,2023-02-26,CHOP,-0.049
XRP,2023-02-27,CHOP,0.0
XRP,2023-02-28,CHOP,0.065
XRP,2023-03-01,CHOP,-0.213
XRP,2023-03-02,UP,0.598
XRP,2023-03-03,DN,-0.587
XRP,2023-03-04,CHOP,0.007
XRP,2023-03-05,CHOP,-0.317
XRP,2023-03-06,DN,-0.554
XRP,2023-03-07,CHOP,0.175
XRP,2023-03-08,UP,0.6
XRP,2023-03-09,CHOP,0.295
XRP,2023-03-10,DN,-0.543
XRP,2023-03-11,CHOP,-0.033
XRP,2023-03-12,CHOP,-0.384
XRP,2023-03-13,CHOP,0.318
XRP,2023-03-14,CHOP,0.045
XRP,2023-03-15,CHOP,0.0
XRP,2023-03-16,DN,-0.685
XRP,2023-03-17,UP,0.537
XRP,2023-03-18,UP,0.732
XRP,2023-03-19,CHOP,-0.28
XRP,2023-03-20,CHOP,0.447
XRP,2023-03-21,DN,-0.602
XRP,2023-03-22,UP,0.801
XRP,2023-03-23,DN,-0.709
XRP,2023-03-24,UP,0.51
XRP,2023-03-25,DN,-0.595
XRP,2023-03-26,CHOP,0.396
XRP,2023-03-27,CHOP,0.218
XRP,2023-03-28,UP,0.672
XRP,2023-03-29,UP,0.527
XRP,2023-03-30,CHOP,0.397
XRP,2023-03-31,CHOP,-0.29
XRP,2023-04-01,CHOP,0.144
XRP,2023-04-02,DN,-0.695
XRP,2023-04-03,CHOP,0.309
XRP,2023-04-04,DN,-0.5
XRP,2023-04-05,CHOP,0.329
XRP,2023-04-06,CHOP,0.102
XRP,2023-04-07,CHOP,-0.152
XRP,2023-04-08,UP,0.53
XRP,2023-04-09,DN,-0.731
XRP,2023-04-10,CHOP,0.045
XRP,2023-04-11,UP,0.618
XRP,2023-04-12,CHOP,-0.052
XRP,2023-04-13,DN,-0.6
XRP,2023-04-14,UP,0.535
XRP,2023-04-15,CHOP,0.291
XRP,2023-04-16,CHOP,-0.347
XRP,2023-04-17,CHOP,0.185
XRP,2023-04-18,DN,-0.688
XRP,2023-04-19,UP,0.716
XRP,2023-04-20,DN,-0.623
XRP,2023-04-21,CHOP,-0.464
XRP,2023-04-22,DN,-0.671
XRP,2023-04-23,UP,0.745
XRP,2023-04-24,CHOP,-0.376
XRP,2023-04-25,CHOP,-0.095
XRP,2023-04-26,CHOP,0.392
XRP,2023-04-27,CHOP,-0.155
XRP,2023-04-28,CHOP,0.345
XRP,2023-04-29,UP,0.674
XRP,2023-04-30,CHOP,-0.094
XRP,2023-05-01,DN,-0.561
XRP,2023-05-02,CHOP,-0.311
XRP,2023-05-03,CHOP,-0.034
XRP,2023-05-04,CHOP,-0.076
XRP,2023-05-05,CHOP,-0.243
XRP,2023-05-06,CHOP,0.391
XRP,2023-05-07,CHOP,-0.486
XRP,2023-05-08,DN,-0.639
XRP,2023-05-09,DN,-0.505
XRP,2023-05-10,CHOP,0.057
XRP,2023-05-11,CHOP,0.063
XRP,2023-05-12,DN,-0.503
XRP,2023-05-13,CHOP,0.339
XRP,2023-05-14,DN,-0.823
XRP,2023-05-15,CHOP,0.121
XRP,2023-05-16,CHOP,0.222
XRP,2023-05-17,UP,0.594
XRP,2023-05-18,CHOP,0.241
XRP,2023-05-19,CHOP,0.37
XRP,2023-05-20,CHOP,0.429
XRP,2023-05-21,CHOP,0.109
XRP,2023-05-22,DN,-0.705
XRP,2023-05-23,CHOP,0.247
XRP,2023-05-24,CHOP,0.371
XRP,2023-05-25,DN,-0.624
XRP,2023-05-26,CHOP,0.067
XRP,2023-05-27,UP,0.834
XRP,2023-05-28,CHOP,0.214
XRP,2023-05-29,UP,0.646
XRP,2023-05-30,UP,0.653
XRP,2023-05-31,UP,0.647
XRP,2023-06-01,CHOP,-0.144
XRP,2023-06-02,DN,-0.667
XRP,2023-06-03,UP,0.752
XRP,2023-06-04,CHOP,-0.291
XRP,2023-06-05,UP,0.536
XRP,2023-06-06,CHOP,-0.477
XRP,2023-06-07,UP,0.561
XRP,2023-06-08,CHOP,-0.373
XRP,2023-06-09,CHOP,0.434
XRP,2023-06-10,UP,0.671
XRP,2023-06-11,CHOP,-0.469
XRP,2023-06-12,UP,0.53
XRP,2023-06-13,CHOP,0.216
XRP,2023-06-14,CHOP,-0.098
XRP,2023-06-15,DN,-0.659
XRP,2023-06-16,CHOP,-0.005
XRP,2023-06-17,CHOP,-0.153
XRP,2023-06-18,CHOP,0.206
XRP,2023-06-19,CHOP,0.311
XRP,2023-06-20,CHOP,0.378
XRP,2023-06-21,CHOP,-0.024
XRP,2023-06-22,UP,0.5
XRP,2023-06-23,CHOP,-0.135
XRP,2023-06-24,CHOP,0.131
XRP,2023-06-25,DN,-0.525
XRP,2023-06-26,CHOP,0.257
XRP,2023-06-27,DN,-0.518
XRP,2023-06-28,UP,0.522
XRP,2023-06-29,DN,-0.547
XRP,2023-06-30,UP,0.615
XRP,2023-07-01,CHOP,-0.055
XRP,2023-07-02,CHOP,0.017
XRP,2023-07-03,CHOP,0.428
XRP,2023-07-04,CHOP,0.354
XRP,2023-07-05,CHOP,-0.151
XRP,2023-07-06,CHOP,-0.426
XRP,2023-07-07,DN,-0.674
XRP,2023-07-08,CHOP,0.489
XRP,2023-07-09,CHOP,0.182
XRP,2023-07-10,CHOP,-0.472
XRP,2023-07-11,UP,0.556
XRP,2023-07-12,CHOP,-0.36
XRP,2023-07-13,CHOP,-0.347
XRP,2023-07-14,UP,0.735
XRP,2023-07-15,DN,-0.62
XRP,2023-07-16,CHOP,-0.074
XRP,2023-07-17,CHOP,0.368
XRP,2023-07-18,CHOP,-0.174
XRP,2023-07-19,UP,0.744
XRP,2023-07-20,CHOP,0.486
XRP,2023-07-21,CHOP,-0.329
XRP,2023-07-22,DN,-0.593
XRP,2023-07-23,DN,-0.654
XRP,2023-07-24,CHOP,0.144
XRP,2023-07-25,DN,-0.584
XRP,2023-07-26,CHOP,0.164
XRP,2023-07-27,CHOP,0.184
XRP,2023-07-28,CHOP,-0.082
XRP,2023-07-29,CHOP,-0.107
XRP,2023-07-30,CHOP,0.017
XRP,2023-07-31,CHOP,-0.143
XRP,2023-08-01,CHOP,-0.2
XRP,2023-08-02,CHOP,0.266
XRP,2023-08-03,DN,-0.687
XRP,2023-08-04,DN,-0.66
XRP,2023-08-05,DN,-0.639
XRP,2023-08-06,CHOP,-0.27
XRP,2023-08-07,CHOP,-0.276
XRP,2023-08-08,CHOP,-0.012
XRP,2023-08-09,UP,0.537
XRP,2023-08-10,CHOP,0.043
XRP,2023-08-11,DN,-0.505
XRP,2023-08-12,CHOP,-0.083
XRP,2023-08-13,CHOP,-0.369
XRP,2023-08-14,CHOP,-0.133
XRP,2023-08-15,UP,0.68
XRP,2023-08-16,CHOP,-0.434
XRP,2023-08-17,CHOP,-0.478
XRP,2023-08-18,CHOP,-0.48
XRP,2023-08-19,CHOP,-0.005
XRP,2023-08-20,UP,0.564
XRP,2023-08-21,CHOP,0.436
XRP,2023-08-22,CHOP,-0.38
XRP,2023-08-23,CHOP,-0.156
XRP,2023-08-24,CHOP,0.427
XRP,2023-08-25,DN,-0.553
XRP,2023-08-26,CHOP,0.295
XRP,2023-08-27,CHOP,-0.257
XRP,2023-08-28,CHOP,0.036
XRP,2023-08-29,CHOP,-0.02
XRP,2023-08-30,CHOP,0.455
XRP,2023-08-31,DN,-0.606
XRP,2023-09-01,DN,-0.515
XRP,2023-09-02,DN,-0.508
XRP,2023-09-03,CHOP,0.081
XRP,2023-09-04,CHOP,0.426
XRP,2023-09-05,CHOP,0.244
XRP,2023-09-06,CHOP,-0.316
XRP,2023-09-07,CHOP,-0.154
XRP,2023-09-08,CHOP,0.163
XRP,2023-09-09,CHOP,-0.007
XRP,2023-09-10,CHOP,-0.324
XRP,2023-09-11,DN,-0.595
XRP,2023-09-12,DN,-0.574
XRP,2023-09-13,CHOP,0.359
XRP,2023-09-14,CHOP,0.161
XRP,2023-09-15,CHOP,0.415
XRP,2023-09-16,UP,0.533
XRP,2023-09-17,CHOP,-0.09
XRP,2023-09-18,DN,-0.655
XRP,2023-09-19,CHOP,0.493
XRP,2023-09-20,UP,0.683
XRP,2023-09-21,CHOP,0.386
XRP,2023-09-22,DN,-0.667
XRP,2023-09-23,CHOP,0.373
XRP,2023-09-24,DN,-0.554
XRP,2023-09-25,CHOP,-0.41
XRP,2023-09-26,CHOP,0.225
XRP,2023-09-27,CHOP,-0.322
XRP,2023-09-28,CHOP,-0.252
XRP,2023-09-29,UP,0.7
XRP,2023-09-30,CHOP,0.273
XRP,2023-10-01,DN,-0.786
XRP,2023-10-02,UP,0.756
XRP,2023-10-03,DN,-0.613
XRP,2023-10-04,UP,0.632
XRP,2023-10-05,CHOP,-0.28
XRP,2023-10-06,DN,-0.579
XRP,2023-10-07,CHOP,0.217
XRP,2023-10-08,DN,-0.639
XRP,2023-10-09,DN,-0.519
XRP,2023-10-10,CHOP,-0.451
XRP,2023-10-11,DN,-0.564
XRP,2023-10-12,CHOP,-0.402
XRP,2023-10-13,CHOP,-0.369
XRP,2023-10-14,CHOP,0.165
XRP,2023-10-15,CHOP,0.271
XRP,2023-10-16,CHOP,0.154
XRP,2023-10-17,CHOP,0.402
XRP,2023-10-18,CHOP,-0.481
XRP,2023-10-19,CHOP,-0.478
XRP,2023-10-20,UP,0.67
XRP,2023-10-21,CHOP,-0.213
XRP,2023-10-22,CHOP,0.269
XRP,2023-10-23,CHOP,0.145
XRP,2023-10-24,UP,0.739
XRP,2023-10-25,CHOP,0.217
XRP,2023-10-26,CHOP,-0.149
XRP,2023-10-27,CHOP,-0.071
XRP,2023-10-28,CHOP,-0.395
XRP,2023-10-29,CHOP,0.158
XRP,2023-10-30,UP,0.55
XRP,2023-10-31,UP,0.63
XRP,2023-11-01,CHOP,0.369
XRP,2023-11-02,CHOP,0.249
XRP,2023-11-03,CHOP,-0.076
XRP,2023-11-04,CHOP,0.288
XRP,2023-11-05,CHOP,0.296
XRP,2023-11-06,UP,0.929
XRP,2023-11-07,UP,0.732
XRP,2023-11-08,CHOP,-0.453
XRP,2023-11-09,CHOP,0.068
XRP,2023-11-10,CHOP,-0.265
XRP,2023-11-11,CHOP,-0.205
XRP,2023-11-12,CHOP,0.064
XRP,2023-11-13,CHOP,-0.052
XRP,2023-11-14,CHOP,0.082
XRP,2023-11-15,DN,-0.535
XRP,2023-11-16,UP,0.731
XRP,2023-11-17,DN,-0.73
XRP,2023-11-18,CHOP,0.039
XRP,2023-11-19,CHOP,-0.102
XRP,2023-11-20,UP,0.555
XRP,2023-11-21,DN,-0.615
XRP,2023-11-22,DN,-0.735
XRP,2023-11-23,UP,0.83
XRP,2023-11-24,UP,0.559
XRP,2023-11-25,CHOP,0.039
XRP,2023-11-26,CHOP,0.198
XRP,2023-11-27,CHOP,-0.228
XRP,2023-11-28,DN,-0.511
XRP,2023-11-29,CHOP,0.374
XRP,2023-11-30,CHOP,-0.115
XRP,2023-12-01,CHOP,-0.231
XRP,2023-12-02,UP,0.554
XRP,2023-12-03,UP,0.689
XRP,2023-12-04,CHOP,0.126
XRP,2023-12-05,CHOP,0.026
XRP,2023-12-06,CHOP,-0.156
XRP,2023-12-07,UP,0.571
XRP,2023-12-08,CHOP,0.094
XRP,2023-12-09,UP,0.757
XRP,2023-12-10,CHOP,-0.278
XRP,2023-12-11,CHOP,0.134
XRP,2023-12-12,DN,-0.685
XRP,2023-12-13,CHOP,0.026
XRP,2023-12-14,CHOP,0.199
XRP,2023-12-15,CHOP,0.123
XRP,2023-12-16,CHOP,-0.492
XRP,2023-12-17,CHOP,0.297
XRP,2023-12-18,DN,-0.647
XRP,2023-12-19,CHOP,0.06
XRP,2023-12-20,CHOP,-0.4
XRP,2023-12-21,CHOP,0.488
XRP,2023-12-22,CHOP,0.479
XRP,2023-12-23,CHOP,0.025
XRP,2023-12-24,CHOP,-0.336
XRP,2023-12-25,CHOP,-0.285
XRP,2023-12-26,UP,0.837
XRP,2023-12-27,DN,-0.516
XRP,2023-12-28,CHOP,0.412
XRP,2023-12-29,CHOP,0.015
XRP,2023-12-30,CHOP,-0.479
XRP,2023-12-31,CHOP,-0.158
XRP,2024-01-01,CHOP,-0.222
XRP,2024-01-02,UP,0.615
XRP,2024-01-03,CHOP,-0.255
XRP,2024-01-04,CHOP,-0.303
XRP,2024-01-05,CHOP,0.183
XRP,2024-01-06,CHOP,-0.313
XRP,2024-01-07,CHOP,-0.416
XRP,2024-01-08,DN,-0.598
XRP,2024-01-09,UP,0.689
XRP,2024-01-10,CHOP,-0.408
XRP,2024-01-11,UP,0.511
XRP,2024-01-12,CHOP,0.029
XRP,2024-01-13,DN,-0.615
XRP,2024-01-14,CHOP,0.331
XRP,2024-01-15,CHOP,0.079
XRP,2024-01-16,CHOP,-0.029
XRP,2024-01-17,CHOP,0.0
XRP,2024-01-18,CHOP,-0.48
XRP,2024-01-19,DN,-0.635
XRP,2024-01-20,CHOP,-0.24
XRP,2024-01-21,UP,0.565
XRP,2024-01-22,DN,-0.693
XRP,2024-01-23,DN,-0.576
XRP,2024-01-24,CHOP,-0.258
XRP,2024-01-25,CHOP,-0.024
XRP,2024-01-26,CHOP,-0.303
XRP,2024-01-27,UP,0.648
XRP,2024-01-28,CHOP,-0.218
XRP,2024-01-29,CHOP,-0.437
XRP,2024-01-30,UP,0.531
XRP,2024-01-31,DN,-0.758
XRP,2024-02-01,CHOP,-0.251
XRP,2024-02-02,CHOP,0.121
XRP,2024-02-03,CHOP,0.31
XRP,2024-02-04,CHOP,0.381
XRP,2024-02-05,DN,-0.82
XRP,2024-02-06,CHOP,0.218
XRP,2024-02-07,CHOP,-0.145
XRP,2024-02-08,UP,0.543
XRP,2024-02-09,CHOP,0.091
XRP,2024-02-10,UP,0.817
XRP,2024-02-11,CHOP,-0.24
XRP,2024-02-12,CHOP,0.153
XRP,2024-02-13,CHOP,0.224
XRP,2024-02-14,CHOP,-0.343
XRP,2024-02-15,UP,0.614
XRP,2024-02-16,UP,0.612
XRP,2024-02-17,CHOP,0.078
XRP,2024-02-18,DN,-0.559
XRP,2024-02-19,CHOP,0.487
XRP,2024-02-20,CHOP,0.397
XRP,2024-02-21,CHOP,-0.012
XRP,2024-02-22,CHOP,-0.432
XRP,2024-02-23,DN,-0.53
XRP,2024-02-24,CHOP,-0.366
XRP,2024-02-25,UP,0.643
XRP,2024-02-26,CHOP,-0.348
XRP,2024-02-27,CHOP,0.342
XRP,2024-02-28,UP,0.71
XRP,2024-02-29,CHOP,-0.148
XRP,2024-03-01,CHOP,0.2
XRP,2024-03-02,UP,0.707
XRP,2024-03-03,UP,0.844
XRP,2024-03-04,CHOP,-0.313
XRP,2024-03-05,CHOP,0.404
XRP,2024-03-06,CHOP,-0.434
XRP,2024-03-07,CHOP,0.428
XRP,2024-03-08,CHOP,0.452
XRP,2024-03-09,CHOP,-0.21
XRP,2024-03-10,CHOP,-0.018
XRP,2024-03-11,CHOP,-0.377
XRP,2024-03-12,UP,0.714
XRP,2024-03-13,CHOP,-0.469
XRP,2024-03-14,CHOP,0.032
XRP,2024-03-15,CHOP,-0.288
XRP,2024-03-16,CHOP,-0.436
XRP,2024-03-17,DN,-0.55
XRP,2024-03-18,CHOP,0.424
XRP,2024-03-19,CHOP,0.354
XRP,2024-03-20,DN,-0.782
XRP,2024-03-21,UP,0.518
XRP,2024-03-22,UP,0.516
XRP,2024-03-23,DN,-0.614
XRP,2024-03-24,CHOP,0.175
XRP,2024-03-25,UP,0.698
XRP,2024-03-26,CHOP,0.219
XRP,2024-03-27,CHOP,-0.314
XRP,2024-03-28,DN,-0.677
XRP,2024-03-29,CHOP,0.362
XRP,2024-03-30,CHOP,0.158
XRP,2024-03-31,CHOP,-0.454
XRP,2024-04-01,UP,0.835
XRP,2024-04-02,CHOP,-0.468
XRP,2024-04-03,DN,-0.648
XRP,2024-04-04,CHOP,-0.419
XRP,2024-04-05,CHOP,0.351
XRP,2024-04-06,CHOP,-0.25
XRP,2024-04-07,CHOP,0.441
XRP,2024-04-08,CHOP,0.104
XRP,2024-04-09,UP,0.526
XRP,2024-04-10,CHOP,-0.012
XRP,2024-04-11,CHOP,0.116
XRP,2024-04-12,CHOP,-0.459
XRP,2024-04-13,DN,-0.566
XRP,2024-04-14,DN,-0.522
XRP,2024-04-15,UP,0.562
XRP,2024-04-16,CHOP,-0.151
XRP,2024-04-17,CHOP,-0.045
XRP,2024-04-18,CHOP,-0.038
XRP,2024-04-19,CHOP,0.368
XRP,2024-04-20,CHOP,0.009
XRP,2024-04-21,UP,0.809
XRP,2024-04-22,CHOP,-0.228
XRP,2024-04-23,UP,0.636
XRP,2024-04-24,DN,-0.714
XRP,2024-04-25,DN,-0.554
XRP,2024-04-26,CHOP,-0.116
XRP,2024-04-27,CHOP,0.032
XRP,2024-04-28,CHOP,-0.443
XRP,2024-04-29,CHOP,-0.446
XRP,2024-04-30,CHOP,0.249
XRP,2024-05-01,CHOP,-0.446
XRP,2024-05-02,CHOP,0.391
XRP,2024-05-03,CHOP,0.028
XRP,2024-05-04,UP,0.617
XRP,2024-05-05,CHOP,-0.109
XRP,2024-05-06,CHOP,-0.064
XRP,2024-05-07,CHOP,0.235
XRP,2024-05-08,DN,-0.69
XRP,2024-05-09,CHOP,-0.497
XRP,2024-05-10,CHOP,0.258
XRP,2024-05-11,DN,-0.782
XRP,2024-05-12,UP,0.5
XRP,2024-05-13,DN,-0.504
XRP,2024-05-14,CHOP,0.235
XRP,2024-05-15,CHOP,-0.312
XRP,2024-05-16,UP,0.812
XRP,2024-05-17,CHOP,-0.295
XRP,2024-05-18,CHOP,0.484
XRP,2024-05-19,CHOP,-0.314
XRP,2024-05-20,DN,-0.676
XRP,2024-05-21,UP,0.889
XRP,2024-05-22,CHOP,-0.028
XRP,2024-05-23,DN,-0.642
XRP,2024-05-24,CHOP,0.046
XRP,2024-05-25,CHOP,0.348
XRP,2024-05-26,UP,0.528
XRP,2024-05-27,DN,-0.806
XRP,2024-05-28,CHOP,0.329
XRP,2024-05-29,CHOP,-0.361
XRP,2024-05-30,CHOP,-0.358
XRP,2024-05-31,CHOP,-0.333
XRP,2024-06-01,CHOP,-0.064
XRP,2024-06-02,CHOP,0.244
XRP,2024-06-03,CHOP,-0.403
XRP,2024-06-04,UP,0.561
XRP,2024-06-05,CHOP,0.479
XRP,2024-06-06,CHOP,0.012
XRP,2024-06-07,CHOP,-0.376
XRP,2024-06-08,CHOP,-0.289
XRP,2024-06-09,DN,-0.586
XRP,2024-06-10,UP,0.711
XRP,2024-06-11,CHOP,-0.142
XRP,2024-06-12,DN,-0.635
XRP,2024-06-13,CHOP,0.471
XRP,2024-06-14,DN,-0.919
XRP,2024-06-15,CHOP,-0.103
XRP,2024-06-16,UP,0.518
XRP,2024-06-17,CHOP,-0.143
XRP,2024-06-18,CHOP,0.416
XRP,2024-06-19,CHOP,-0.34
XRP,2024-06-20,CHOP,0.188
XRP,2024-06-21,CHOP,-0.321
XRP,2024-06-22,CHOP,0.006
XRP,2024-06-23,CHOP,-0.429
XRP,2024-06-24,CHOP,-0.467
XRP,2024-06-25,CHOP,-0.283
XRP,2024-06-26,CHOP,0.225
XRP,2024-06-27,CHOP,-0.458
XRP,2024-06-28,CHOP,0.491
XRP,2024-06-29,CHOP,-0.311
XRP,2024-06-30,CHOP,0.212
XRP,2024-07-01,CHOP,0.41
XRP,2024-07-02,CHOP,0.095
XRP,2024-07-03,UP,0.636
XRP,2024-07-04,DN,-0.686
XRP,2024-07-05,DN,-0.893
XRP,2024-07-06,CHOP,-0.154
XRP,2024-07-07,UP,0.901
XRP,2024-07-08,DN,-0.939
XRP,2024-07-09,CHOP,0.296
XRP,2024-07-10,CHOP,0.312
XRP,2024-07-11,CHOP,0.267
XRP,2024-07-12,CHOP,0.49
XRP,2024-07-13,UP,0.758
XRP,2024-07-14,UP,0.554
XRP,2024-07-15,CHOP,-0.197
XRP,2024-07-16,UP,0.831
XRP,2024-07-17,UP,0.662
XRP,2024-07-18,UP,0.787
XRP,2024-07-19,DN,-0.709
XRP,2024-07-20,CHOP,0.077
XRP,2024-07-21,UP,0.6
XRP,2024-07-22,CHOP,0.128
XRP,2024-07-23,CHOP,0.254
XRP,2024-07-24,CHOP,-0.282
XRP,2024-07-25,CHOP,0.493
XRP,2024-07-26,CHOP,-0.41
XRP,2024-07-27,CHOP,0.163
XRP,2024-07-28,CHOP,-0.298
XRP,2024-07-29,CHOP,0.223
XRP,2024-07-30,CHOP,0.034
XRP,2024-07-31,UP,0.606
XRP,2024-08-01,CHOP,-0.13
XRP,2024-08-02,CHOP,-0.427
XRP,2024-08-03,DN,-0.708
XRP,2024-08-04,CHOP,-0.129
XRP,2024-08-05,DN,-0.727
XRP,2024-08-06,CHOP,-0.362
XRP,2024-08-07,UP,0.556
XRP,2024-08-08,UP,0.622
XRP,2024-08-09,CHOP,0.255
XRP,2024-08-10,DN,-0.613
XRP,2024-08-11,CHOP,0.148
XRP,2024-08-12,DN,-0.648
XRP,2024-08-13,UP,0.531
XRP,2024-08-14,CHOP,0.418
XRP,2024-08-15,CHOP,-0.444
XRP,2024-08-16,CHOP,-0.336
XRP,2024-08-17,CHOP,0.16
XRP,2024-08-18,CHOP,0.283
XRP,2024-08-19,CHOP,-0.15
XRP,2024-08-20,UP,0.733
XRP,2024-08-21,CHOP,-0.171
XRP,2024-08-22,CHOP,0.287
XRP,2024-08-23,CHOP,-0.19
XRP,2024-08-24,UP,0.526
XRP,2024-08-25,CHOP,0.067
XRP,2024-08-26,DN,-0.663
XRP,2024-08-27,DN,-0.527
XRP,2024-08-28,CHOP,-0.436
XRP,2024-08-29,CHOP,0.091
XRP,2024-08-30,CHOP,-0.371
XRP,2024-08-31,CHOP,0.227
XRP,2024-09-01,CHOP,-0.052
XRP,2024-09-02,DN,-0.815
XRP,2024-09-03,UP,0.841
XRP,2024-09-04,DN,-0.66
XRP,2024-09-05,CHOP,0.022
XRP,2024-09-06,DN,-0.678
XRP,2024-09-07,DN,-0.523
XRP,2024-09-08,CHOP,0.28
XRP,2024-09-09,CHOP,0.426
XRP,2024-09-10,UP,0.617
XRP,2024-09-11,CHOP,0.143
XRP,2024-09-12,CHOP,-0.324
XRP,2024-09-13,UP,0.507
XRP,2024-09-14,UP,0.545
XRP,2024-09-15,UP,0.795
XRP,2024-09-16,DN,-0.919
XRP,2024-09-17,UP,0.503
XRP,2024-09-18,CHOP,-0.179
XRP,2024-09-19,CHOP,0.059
XRP,2024-09-20,CHOP,0.119
XRP,2024-09-21,CHOP,-0.102
XRP,2024-09-22,CHOP,0.381
XRP,2024-09-23,CHOP,-0.385
XRP,2024-09-24,CHOP,-0.139
XRP,2024-09-25,UP,0.558
XRP,2024-09-26,DN,-0.609
XRP,2024-09-27,CHOP,0.329
XRP,2024-09-28,CHOP,-0.115
XRP,2024-09-29,UP,0.618
XRP,2024-09-30,CHOP,0.476
XRP,2024-10-01,DN,-0.648
XRP,2024-10-02,CHOP,-0.261
XRP,2024-10-03,DN,-0.729
XRP,2024-10-04,CHOP,-0.44
XRP,2024-10-05,CHOP,0.421
XRP,2024-10-06,DN,-0.5
XRP,2024-10-07,CHOP,0.452
XRP,2024-10-08,CHOP,-0.289
XRP,2024-10-09,CHOP,0.154
XRP,2024-10-10,CHOP,-0.478
XRP,2024-10-11,CHOP,0.27
XRP,2024-10-12,UP,0.675
XRP,2024-10-13,CHOP,0.076
XRP,2024-10-14,DN,-0.503
XRP,2024-10-15,UP,0.669
XRP,2024-10-16,CHOP,-0.278
XRP,2024-10-17,CHOP,0.399
XRP,2024-10-18,CHOP,-0.162
XRP,2024-10-19,CHOP,0.178
XRP,2024-10-20,CHOP,-0.266
XRP,2024-10-21,CHOP,0.339
XRP,2024-10-22,CHOP,-0.166
XRP,2024-10-23,DN,-0.531
XRP,2024-10-24,CHOP,-0.357
XRP,2024-10-25,UP,0.629
XRP,2024-10-26,DN,-0.645
XRP,2024-10-27,UP,0.679
XRP,2024-10-28,CHOP,0.458
XRP,2024-10-29,CHOP,0.26
XRP,2024-10-30,UP,0.742
XRP,2024-10-31,DN,-0.615
XRP,2024-11-01,DN,-0.647
XRP,2024-11-02,CHOP,0.16
XRP,2024-11-03,CHOP,-0.278
XRP,2024-11-04,CHOP,-0.376
XRP,2024-11-05,CHOP,0.026
XRP,2024-11-06,UP,0.61
XRP,2024-11-07,UP,0.845
XRP,2024-11-08,CHOP,0.338
XRP,2024-11-09,CHOP,-0.102
XRP,2024-11-10,CHOP,0.304
XRP,2024-11-11,CHOP,0.462
XRP,2024-11-12,UP,0.514
XRP,2024-11-13,UP,0.582
XRP,2024-11-14,CHOP,-0.133
XRP,2024-11-15,UP,0.508
XRP,2024-11-16,UP,0.753
XRP,2024-11-17,UP,0.584
XRP,2024-11-18,CHOP,-0.422
XRP,2024-11-19,CHOP,0.448
XRP,2024-11-20,CHOP,-0.17
XRP,2024-11-21,CHOP,0.039
XRP,2024-11-22,UP,0.764
XRP,2024-11-23,UP,0.891
XRP,2024-11-24,CHOP,-0.018
XRP,2024-11-25,CHOP,-0.151
XRP,2024-11-26,CHOP,-0.104
XRP,2024-11-27,CHOP,-0.09
XRP,2024-11-28,CHOP,0.421
XRP,2024-11-29,UP,0.618
XRP,2024-11-30,UP,0.887
XRP,2024-12-01,UP,0.777
XRP,2024-12-02,UP,0.681
XRP,2024-12-03,UP,0.642
XRP,2024-12-04,CHOP,-0.325
XRP,2024-12-05,CHOP,-0.382
XRP,2024-12-06,CHOP,-0.353
XRP,2024-12-07,UP,0.76
XRP,2024-12-08,UP,0.782
XRP,2024-12-09,CHOP,-0.053
XRP,2024-12-10,DN,-0.641
XRP,2024-12-11,CHOP,0.305
XRP,2024-12-12,CHOP,0.097
XRP,2024-12-13,CHOP,-0.317
XRP,2024-12-14,CHOP,0.427
XRP,2024-12-15,CHOP,-0.12
XRP,2024-12-16,CHOP,0.44
XRP,2024-12-17,CHOP,0.146
XRP,2024-12-18,CHOP,0.289
XRP,2024-12-19,DN,-0.746
XRP,2024-12-20,CHOP,-0.262
XRP,2024-12-21,CHOP,0.102
XRP,2024-12-22,CHOP,-0.213
XRP,2024-12-23,CHOP,-0.261
XRP,2024-12-24,CHOP,0.395
XRP,2024-12-25,CHOP,0.454
XRP,2024-12-26,CHOP,-0.373
XRP,2024-12-27,DN,-0.749
XRP,2024-12-28,CHOP,-0.076
XRP,2024-12-29,UP,0.513
XRP,2024-12-30,DN,-0.712
XRP,2024-12-31,CHOP,-0.225
XRP,2025-01-01,CHOP,0.182
XRP,2025-01-02,UP,0.911
XRP,2025-01-03,UP,0.567
XRP,2025-01-04,UP,0.629
XRP,2025-01-05,CHOP,-0.316
XRP,2025-01-06,CHOP,-0.205
XRP,2025-01-07,CHOP,0.227
XRP,2025-01-08,DN,-0.705
XRP,2025-01-09,UP,0.513
XRP,2025-01-10,DN,-0.628
XRP,2025-01-11,UP,0.561
XRP,2025-01-12,UP,0.843
XRP,2025-01-13,DN,-0.633
XRP,2025-01-14,CHOP,0.08
XRP,2025-01-15,UP,0.769
XRP,2025-01-16,UP,0.863
XRP,2025-01-17,CHOP,0.214
XRP,2025-01-18,CHOP,0.264
XRP,2025-01-19,CHOP,-0.094
XRP,2025-01-20,DN,-0.669
XRP,2025-01-21,CHOP,0.319
XRP,2025-01-22,CHOP,0.293
XRP,2025-01-23,CHOP,0.04
XRP,2025-01-24,CHOP,-0.407
XRP,2025-01-25,CHOP,-0.125
XRP,2025-01-26,CHOP,0.109
XRP,2025-01-27,DN,-0.645
XRP,2025-01-28,CHOP,0.082
XRP,2025-01-29,CHOP,0.01
XRP,2025-01-30,CHOP,0.066
XRP,2025-01-31,UP,0.55
XRP,2025-02-01,DN,-0.702
XRP,2025-02-02,DN,-0.647
XRP,2025-02-03,DN,-0.601
XRP,2025-02-04,CHOP,0.119
XRP,2025-02-05,CHOP,-0.471
XRP,2025-02-06,DN,-0.635
XRP,2025-02-07,CHOP,-0.291
XRP,2025-02-08,CHOP,0.259
XRP,2025-02-09,CHOP,0.255
XRP,2025-02-10,CHOP,-0.133
XRP,2025-02-11,CHOP,0.206
XRP,2025-02-12,CHOP,-0.068
XRP,2025-02-13,CHOP,0.369
XRP,2025-02-14,CHOP,0.454
XRP,2025-02-15,UP,0.584
XRP,2025-02-16,CHOP,0.195
XRP,2025-02-17,CHOP,-0.286
XRP,2025-02-18,CHOP,-0.435
XRP,2025-02-19,CHOP,-0.484
XRP,2025-02-20,UP,0.745
XRP,2025-02-21,DN,-0.612
XRP,2025-02-22,DN,-0.555
XRP,2025-02-23,CHOP,0.03
XRP,2025-02-24,CHOP,0.028
XRP,2025-02-25,DN,-0.794
XRP,2025-02-26,CHOP,0.145
XRP,2025-02-27,DN,-0.686
XRP,2025-02-28,CHOP,0.002
XRP,2025-03-01,CHOP,-0.212
XRP,2025-03-02,CHOP,0.469
XRP,2025-03-03,UP,0.906
XRP,2025-03-04,DN,-0.824
XRP,2025-03-05,CHOP,0.205
XRP,2025-03-06,CHOP,0.343
XRP,2025-03-07,UP,0.572
XRP,2025-03-08,DN,-0.771
XRP,2025-03-09,DN,-0.543
XRP,2025-03-10,DN,-0.7
XRP,2025-03-11,CHOP,-0.436
XRP,2025-03-12,CHOP,0.476
XRP,2025-03-13,CHOP,0.478
XRP,2025-03-14,CHOP,0.099
XRP,2025-03-15,UP,0.682
XRP,2025-03-16,CHOP,0.283
XRP,2025-03-17,DN,-0.679
XRP,2025-03-18,UP,0.509
XRP,2025-03-19,CHOP,-0.451
XRP,2025-03-20,UP,0.806
XRP,2025-03-21,DN,-0.634
XRP,2025-03-22,CHOP,-0.499
XRP,2025-03-23,CHOP,-0.17
XRP,2025-03-24,UP,0.897
XRP,2025-03-25,CHOP,0.12
XRP,2025-03-26,CHOP,-0.013
XRP,2025-03-27,DN,-0.659
XRP,2025-03-28,CHOP,-0.096
XRP,2025-03-29,DN,-0.705
XRP,2025-03-30,CHOP,-0.434
XRP,2025-03-31,CHOP,0.016
XRP,2025-04-01,CHOP,-0.401
XRP,2025-04-02,CHOP,0.362
XRP,2025-04-03,CHOP,-0.462
XRP,2025-04-04,CHOP,0.337
XRP,2025-04-05,CHOP,0.446
XRP,2025-04-06,CHOP,0.222
XRP,2025-04-07,DN,-0.75
XRP,2025-04-08,CHOP,-0.058
XRP,2025-04-09,DN,-0.517
XRP,2025-04-10,UP,0.697
XRP,2025-04-11,DN,-0.646
XRP,2025-04-12,CHOP,0.485
XRP,2025-04-13,UP,0.751
XRP,2025-04-14,CHOP,-0.24
XRP,2025-04-15,CHOP,0.103
XRP,2025-04-16,CHOP,-0.427
XRP,2025-04-17,CHOP,-0.01
XRP,2025-04-18,CHOP,-0.259
XRP,2025-04-19,CHOP,-0.117
XRP,2025-04-20,UP,0.663
XRP,2025-04-21,CHOP,-0.162
XRP,2025-04-22,CHOP,0.085
XRP,2025-04-23,UP,0.688
XRP,2025-04-24,CHOP,0.042
XRP,2025-04-25,CHOP,-0.113
XRP,2025-04-26,CHOP,-0.424
XRP,2025-04-27,CHOP,0.146
XRP,2025-04-28,CHOP,0.445
XRP,2025-04-29,CHOP,0.296
XRP,2025-04-30,DN,-0.613
XRP,2025-05-01,CHOP,-0.348
XRP,2025-05-02,CHOP,0.309
XRP,2025-05-03,CHOP,-0.059
XRP,2025-05-04,DN,-0.502
XRP,2025-05-05,CHOP,-0.46
XRP,2025-05-06,CHOP,-0.273
XRP,2025-05-07,CHOP,0.298
XRP,2025-05-08,CHOP,-0.421
XRP,2025-05-09,UP,0.947
XRP,2025-05-10,CHOP,0.115
XRP,2025-05-11,UP,0.902
XRP,2025-05-12,DN,-0.667
XRP,2025-05-13,UP,0.583
XRP,2025-05-14,CHOP,0.212
XRP,2025-05-15,CHOP,-0.246
XRP,2025-05-16,DN,-0.751
XRP,2025-05-17,CHOP,-0.063
XRP,2025-05-18,CHOP,-0.293
XRP,2025-05-19,UP,0.636
XRP,2025-05-20,CHOP,-0.301
XRP,2025-05-21,CHOP,-0.251
XRP,2025-05-22,CHOP,0.395
XRP,2025-05-23,UP,0.531
XRP,2025-05-24,DN,-0.686
XRP,2025-05-25,CHOP,0.456
XRP,2025-05-26,CHOP,0.143
XRP,2025-05-27,CHOP,-0.493
XRP,2025-05-28,CHOP,0.075
XRP,2025-05-29,CHOP,-0.44
XRP,2025-05-30,CHOP,-0.403
XRP,2025-05-31,DN,-0.851
XRP,2025-06-01,CHOP,0.268
XRP,2025-06-02,CHOP,0.082
XRP,2025-06-03,CHOP,0.251
XRP,2025-06-04,CHOP,0.489
XRP,2025-06-05,DN,-0.617
XRP,2025-06-06,DN,-0.641
XRP,2025-06-07,UP,0.607
XRP,2025-06-08,CHOP,0.391
XRP,2025-06-09,UP,0.68
XRP,2025-06-10,UP,0.507
XRP,2025-06-11,CHOP,-0.201
XRP,2025-06-12,CHOP,-0.433
XRP,2025-06-13,DN,-0.784
XRP,2025-06-14,CHOP,-0.393
XRP,2025-06-15,CHOP,-0.112
XRP,2025-06-16,UP,0.682
XRP,2025-06-17,CHOP,0.39
XRP,2025-06-18,DN,-0.683
XRP,2025-06-19,CHOP,0.182
XRP,2025-06-20,CHOP,-0.135
XRP,2025-06-21,CHOP,-0.479
XRP,2025-06-22,CHOP,-0.388
XRP,2025-06-23,CHOP,-0.253
XRP,2025-06-24,UP,0.675
XRP,2025-06-25,CHOP,0.37
XRP,2025-06-26,CHOP,-0.063
XRP,2025-06-27,DN,-0.687
XRP,2025-06-28,CHOP,0.414
XRP,2025-06-29,UP,0.584
XRP,2025-06-30,CHOP,0.464
XRP,2025-07-01,CHOP,0.185
XRP,2025-07-02,DN,-0.605
XRP,2025-07-03,CHOP,0.458
XRP,2025-07-04,CHOP,0.262
XRP,2025-07-05,DN,-0.507
XRP,2025-07-06,CHOP,-0.083
XRP,2025-07-07,UP,0.654
XRP,2025-07-08,CHOP,-0.001
XRP,2025-07-09,UP,0.543
XRP,2025-07-10,UP,0.708
XRP,2025-07-11,UP,0.82
XRP,2025-07-12,CHOP,0.4
XRP,2025-07-13,CHOP,0.039
XRP,2025-07-14,UP,0.563
XRP,2025-07-15,UP,0.57
XRP,2025-07-16,CHOP,-0.254
XRP,2025-07-17,UP,0.535
XRP,2025-07-18,UP,0.789
XRP,2025-07-19,CHOP,-0.214
XRP,2025-07-20,CHOP,0.083
XRP,2025-07-21,CHOP,0.172
XRP,2025-07-22,CHOP,0.394
XRP,2025-07-23,CHOP,0.006
XRP,2025-07-24,DN,-0.689
XRP,2025-07-25,CHOP,-0.125
XRP,2025-07-26,CHOP,-0.019
XRP,2025-07-27,CHOP,0.22
XRP,2025-07-28,UP,0.764
XRP,2025-07-29,DN,-0.517
XRP,2025-07-30,CHOP,0.034
XRP,2025-07-31,CHOP,-0.196
XRP,2025-08-01,CHOP,-0.443
XRP,2025-08-02,CHOP,-0.365
XRP,2025-08-03,DN,-0.681
XRP,2025-08-04,UP,0.761
XRP,2025-08-05,UP,0.778
XRP,2025-08-06,DN,-0.572
XRP,2025-08-07,CHOP,0.244
XRP,2025-08-08,UP,0.89
XRP,2025-08-09,CHOP,-0.19
XRP,2025-08-10,CHOP,-0.43
XRP,2025-08-11,CHOP,-0.305
XRP,2025-08-12,CHOP,-0.265
XRP,2025-08-13,UP,0.682
XRP,2025-08-14,CHOP,0.052
XRP,2025-08-15,DN,-0.543
XRP,2025-08-16,CHOP,-0.009
XRP,2025-08-17,CHOP,0.328
XRP,2025-08-18,CHOP,-0.256
XRP,2025-08-19,CHOP,-0.167
XRP,2025-08-20,DN,-0.866
XRP,2025-08-21,UP,0.528
XRP,2025-08-22,DN,-0.853
XRP,2025-08-23,UP,0.689
XRP,2025-08-24,CHOP,-0.246
XRP,2025-08-25,CHOP,-0.162
XRP,2025-08-26,DN,-0.724
XRP,2025-08-27,UP,0.653
XRP,2025-08-28,DN,-0.522
XRP,2025-08-29,CHOP,-0.028
XRP,2025-08-30,DN,-0.723
XRP,2025-08-31,CHOP,-0.019
XRP,2025-09-01,CHOP,-0.429
XRP,2025-09-02,CHOP,-0.119
XRP,2025-09-03,UP,0.891
XRP,2025-09-04,CHOP,-0.234
XRP,2025-09-05,DN,-0.63
XRP,2025-09-06,CHOP,0.187
XRP,2025-09-07,CHOP,-0.133
XRP,2025-09-08,UP,0.563
XRP,2025-09-09,UP,0.693
XRP,2025-09-10,CHOP,-0.218
XRP,2025-09-11,CHOP,0.408
XRP,2025-09-12,UP,0.574
XRP,2025-09-13,UP,0.548
XRP,2025-09-14,CHOP,0.144
XRP,2025-09-15,DN,-0.783
XRP,2025-09-16,CHOP,-0.274
XRP,2025-09-17,CHOP,0.431
XRP,2025-09-18,CHOP,0.368
XRP,2025-09-19,CHOP,-0.126
XRP,2025-09-20,DN,-0.721
XRP,2025-09-21,CHOP,-0.342
XRP,2025-09-22,CHOP,-0.08
XRP,2025-09-23,CHOP,-0.423
XRP,2025-09-24,CHOP,-0.286
XRP,2025-09-25,CHOP,0.487
XRP,2025-09-26,DN,-0.827
XRP,2025-09-27,CHOP,0.362
XRP,2025-09-28,CHOP,0.316
XRP,2025-09-29,UP,0.618
XRP,2025-09-30,CHOP,0.151
XRP,2025-10-01,CHOP,-0.352
XRP,2025-10-02,UP,0.689
XRP,2025-10-03,UP,0.567
XRP,2025-10-04,CHOP,0.014
XRP,2025-10-05,DN,-0.633
XRP,2025-10-06,CHOP,0.01
XRP,2025-10-07,CHOP,0.195
XRP,2025-10-08,DN,-0.895
XRP,2025-10-09,CHOP,0.292
XRP,2025-10-10,DN,-0.714
XRP,2025-10-11,CHOP,-0.273
XRP,2025-10-12,CHOP,0.056
XRP,2025-10-13,UP,0.538
XRP,2025-10-14,UP,0.576
XRP,2025-10-15,CHOP,-0.439
XRP,2025-10-16,DN,-0.537
XRP,2025-10-17,CHOP,-0.453
XRP,2025-10-18,CHOP,-0.164
XRP,2025-10-19,UP,0.646
XRP,2025-10-20,CHOP,0.306
XRP,2025-10-21,UP,0.525
XRP,2025-10-22,DN,-0.553
XRP,2025-10-23,DN,-0.512
XRP,2025-10-24,CHOP,0.467
XRP,2025-10-25,UP,0.891
XRP,2025-10-26,UP,0.563
XRP,2025-10-27,UP,0.714
XRP,2025-10-28,CHOP,-0.125
XRP,2025-10-29,CHOP,-0.252
XRP,2025-10-30,CHOP,-0.419
XRP,2025-10-31,DN,-0.51
XRP,2025-11-01,UP,0.57
XRP,2025-11-02,CHOP,-0.091
XRP,2025-11-03,CHOP,0.278
XRP,2025-11-04,DN,-0.807
XRP,2025-11-05,CHOP,-0.348
XRP,2025-11-06,UP,0.501
XRP,2025-11-07,DN,-0.551
XRP,2025-11-08,CHOP,0.467
XRP,2025-11-09,CHOP,-0.305
XRP,2025-11-10,UP,0.512
XRP,2025-11-11,UP,0.681
XRP,2025-11-12,DN,-0.703
XRP,2025-11-13,CHOP,-0.027
XRP,2025-11-14,CHOP,-0.26
XRP,2025-11-15,DN,-0.674
XRP,2025-11-16,CHOP,-0.077
XRP,2025-11-17,CHOP,-0.18
XRP,2025-11-18,CHOP,-0.265
XRP,2025-11-19,CHOP,0.397
XRP,2025-11-20,DN,-0.55
XRP,2025-11-21,DN,-0.626
XRP,2025-11-22,CHOP,-0.233
XRP,2025-11-23,CHOP,0.0
XRP,2025-11-24,UP,0.729
XRP,2025-11-25,UP,0.679
XRP,2025-11-26,CHOP,-0.215
XRP,2025-11-27,CHOP,0.191
XRP,2025-11-28,CHOP,-0.376
XRP,2025-11-29,CHOP,-0.173
XRP,2025-11-30,CHOP,0.379
XRP,2025-12-01,DN,-0.735
XRP,2025-12-02,DN,-0.706
XRP,2025-12-03,UP,0.657
XRP,2025-12-04,UP,0.573
XRP,2025-12-05,DN,-0.698
XRP,2025-12-06,DN,-0.613
XRP,2025-12-07,CHOP,-0.1
XRP,2025-12-08,CHOP,0.109
XRP,2025-12-09,CHOP,0.307
XRP,2025-12-10,CHOP,0.249
XRP,2025-12-11,DN,-0.844
XRP,2025-12-12,CHOP,-0.097
XRP,2025-12-13,CHOP,-0.338
XRP,2025-12-14,CHOP,0.367
XRP,2025-12-15,DN,-0.567
XRP,2025-12-16,DN,-0.555
XRP,2025-12-17,CHOP,0.325
XRP,2025-12-18,CHOP,-0.479
XRP,2025-12-19,CHOP,-0.411
XRP,2025-12-20,UP,0.676
XRP,2025-12-21,CHOP,0.373
XRP,2025-12-22,CHOP,-0.204
XRP,2025-12-23,CHOP,-0.314
XRP,2025-12-24,DN,-0.66
XRP,2025-12-25,CHOP,-0.258
XRP,2025-12-26,DN,-0.501
XRP,2025-12-27,CHOP,0.191
XRP,2025-12-28,UP,0.803
XRP,2025-12-29,CHOP,-0.311
XRP,2025-12-30,CHOP,-0.201
XRP,2025-12-31,UP,0.631
XRP,2026-01-01,CHOP,-0.493
XRP,2026-01-02,UP,0.682
XRP,2026-01-03,UP,0.781
XRP,2026-01-04,CHOP,0.159
XRP,2026-01-05,UP,0.698
XRP,2026-01-06,UP,0.912
XRP,2026-01-07,CHOP,-0.206
XRP,2026-01-08,DN,-0.82
XRP,2026-01-09,CHOP,-0.334
XRP,2026-01-10,CHOP,-0.306
XRP,2026-01-11,CHOP,-0.17
XRP,2026-01-12,CHOP,-0.249
XRP,2026-01-13,CHOP,-0.279
XRP,2026-01-14,UP,0.81
XRP,2026-01-15,CHOP,-0.324
XRP,2026-01-16,DN,-0.67
XRP,2026-01-17,CHOP,-0.184
XRP,2026-01-18,CHOP,-0.158
XRP,2026-01-19,DN,-0.878
XRP,2026-01-20,CHOP,-0.03
XRP,2026-01-21,DN,-0.795
XRP,2026-01-22,CHOP,0.482
XRP,2026-01-23,CHOP,-0.36
XRP,2026-01-24,CHOP,-0.052
XRP,2026-01-25,CHOP,-0.307
XRP,2026-01-26,DN,-0.745
XRP,2026-01-27,UP,0.607
XRP,2026-01-28,CHOP,0.209
XRP,2026-01-29,CHOP,-0.095
XRP,2026-01-30,DN,-0.765
XRP,2026-01-31,DN,-0.708
XRP,2026-02-01,CHOP,-0.35
XRP,2026-02-02,CHOP,-0.441
XRP,2026-02-03,CHOP,0.229
XRP,2026-02-04,CHOP,-0.383
XRP,2026-02-05,DN,-0.571
XRP,2026-02-06,DN,-0.786
XRP,2026-02-07,UP,0.598
XRP,2026-02-08,CHOP,-0.456
XRP,2026-02-09,CHOP,0.127
XRP,2026-02-10,CHOP,0.068
XRP,2026-02-11,DN,-0.602
XRP,2026-02-12,CHOP,-0.384
XRP,2026-02-13,CHOP,-0.1
XRP,2026-02-14,UP,0.545
XRP,2026-02-15,UP,0.942
XRP,2026-02-16,CHOP,-0.151
XRP,2026-02-17,CHOP,0.179
XRP,2026-02-18,CHOP,-0.195
XRP,2026-02-19,DN,-0.622
XRP,2026-02-20,CHOP,-0.271
XRP,2026-02-21,CHOP,0.365
XRP,2026-02-22,CHOP,0.027
XRP,2026-02-23,DN,-0.69
XRP,2026-02-24,CHOP,-0.437
XRP,2026-02-25,CHOP,-0.067
XRP,2026-02-26,UP,0.559
XRP,2026-02-27,CHOP,-0.36
XRP,2026-02-28,DN,-0.531
XRP,2026-03-01,CHOP,0.162
XRP,2026-03-02,CHOP,-0.246
XRP,2026-03-03,CHOP,0.422
XRP,2026-03-04,DN,-0.501
XRP,2026-03-05,UP,0.548
XRP,2026-03-06,CHOP,-0.481
XRP,2026-03-07,DN,-0.589
XRP,2026-03-08,CHOP,-0.231
XRP,2026-03-09,CHOP,-0.34
XRP,2026-03-10,CHOP,0.45
XRP,2026-03-11,CHOP,0.282
XRP,2026-03-12,CHOP,-0.042
XRP,2026-03-13,CHOP,-0.003
XRP,2026-03-14,CHOP,0.205
XRP,2026-03-15,CHOP,0.3
XRP,2026-03-16,UP,0.675
XRP,2026-03-17,UP,0.809
XRP,2026-03-18,CHOP,-0.219
XRP,2026-03-19,DN,-0.507
XRP,2026-03-20,CHOP,-0.289
XRP,2026-03-21,CHOP,-0.055
XRP,2026-03-22,DN,-0.694
XRP,2026-03-23,CHOP,-0.434
XRP,2026-03-24,CHOP,0.454
XRP,2026-03-25,CHOP,-0.317
XRP,2026-03-26,CHOP,-0.042
XRP,2026-03-27,DN,-0.666
XRP,2026-03-28,DN,-0.648
XRP,2026-03-29,CHOP,0.197
XRP,2026-03-30,CHOP,-0.115
XRP,2026-03-31,CHOP,-0.074
XRP,2026-04-01,CHOP,0.363
XRP,2026-04-02,CHOP,0.184
XRP,2026-04-03,CHOP,-0.361
XRP,2026-04-04,CHOP,-0.05
XRP,2026-04-05,CHOP,-0.189
XRP,2026-04-06,CHOP,0.205
XRP,2026-04-07,CHOP,-0.114
XRP,2026-04-08,UP,0.569
XRP,2026-04-09,DN,-0.703
XRP,2026-04-10,CHOP,0.021
XRP,2026-04-11,CHOP,0.388
XRP,2026-04-12,CHOP,-0.036
XRP,2026-04-13,DN,-0.82
XRP,2026-04-14,UP,0.789
XRP,2026-04-15,CHOP,-0.323
XRP,2026-04-16,UP,0.523
XRP,2026-04-17,UP,0.761
XRP,2026-04-18,CHOP,0.259
XRP,2026-04-19,DN,-0.738
XRP,2026-04-20,DN,-0.681
XRP,2026-04-21,UP,0.688
XRP,2026-04-22,CHOP,0.234
XRP,2026-04-23,CHOP,-0.115
XRP,2026-04-24,CHOP,0.291
XRP,2026-04-25,CHOP,-0.197
XRP,2026-04-26,DN,-0.5
XRP,2026-04-27,CHOP,0.371
XRP,2026-04-28,CHOP,-0.478
XRP,2026-04-29,DN,-0.611
XRP,2026-04-30,CHOP,-0.189
XRP,2026-05-01,CHOP,-0.051
XRP,2026-05-02,UP,0.509
XRP,2026-05-03,CHOP,0.414
XRP,2026-05-04,CHOP,-0.246
XRP,2026-05-05,CHOP,0.103
XRP,2026-05-06,UP,0.651
XRP,2026-05-07,CHOP,0.246
XRP,2026-05-08,DN,-0.833
XRP,2026-05-09,UP,0.636
XRP,2026-05-10,CHOP,0.097
XRP,2026-05-11,UP,0.549
XRP,2026-05-12,CHOP,0.084
XRP,2026-05-13,DN,-0.612
XRP,2026-05-14,CHOP,-0.167
XRP,2026-05-15,CHOP,0.45
XRP,2026-05-16,DN,-0.703
XRP,2026-05-17,CHOP,-0.447
XRP,2026-05-18,CHOP,-0.208
XRP,2026-05-19,CHOP,-0.301
XRP,2026-05-20,DN,-0.639
XRP,2026-05-21,CHOP,0.17
XRP,2026-05-22,CHOP,0.191
XRP,2026-05-23,DN,-0.857
XRP,2026-05-24,CHOP,0.319
XRP,2026-05-25,CHOP,-0.193
XRP,2026-05-26,CHOP,-0.032
XRP,2026-05-27,DN,-0.551
XRP,2026-05-28,DN,-0.537
XRP,2026-05-29,CHOP,0.113
XRP,2026-05-30,CHOP,0.367
XRP,2026-05-31,CHOP,0.284
XRP,2026-06-01,CHOP,-0.288
XRP,2026-06-02,DN,-0.579
XRP,2026-06-03,DN,-0.835
XRP,2026-06-04,CHOP,-0.17
XRP,2026-06-05,CHOP,-0.454
XRP,2026-06-06,DN,-0.669
XRP,2026-06-07,CHOP,-0.068
XRP,2026-06-08,UP,0.745
XRP,2026-06-09,CHOP,0.232
XRP,2026-06-10,DN,-0.529
XRP,2026-06-11,DN,-0.769
XRP,2026-06-12,UP,0.854
XRP,2026-06-13,CHOP,-0.323
XRP,2026-06-14,UP,0.585
XRP,2026-06-15,UP,0.58
XRP,2026-06-16,CHOP,0.451
XRP,2026-06-17,CHOP,-0.412
XRP,2026-06-18,DN,-0.539
XRP,2026-06-19,DN,-0.678
XRP,2026-06-20,CHOP,-0.312
XRP,2026-06-21,UP,0.647
XRP,2026-06-22,DN,-0.813
XRP,2026-06-23,CHOP,0.109
XRP,2026-06-24,CHOP,-0.461
XRP,2026-06-25,DN,-0.541
XRP,2026-06-26,CHOP,-0.387
XRP,2026-06-27,CHOP,0.116
XRP,2026-06-28,CHOP,-0.045
XRP,2026-06-29,CHOP,0.043
XRP,2026-06-30,CHOP,0.235
XRP,2026-07-01,DN,-0.586
XRP,2026-07-02,CHOP,0.249
XRP,2026-07-03,UP,0.519
XRP,2026-07-04,UP,0.746
XRP,2026-07-05,CHOP,0.428
XRP,2026-07-06,CHOP,-0.002
XRP,2026-07-07,CHOP,-0.22
XRP,2026-07-08,DN,-0.735
XRP,2026-07-09,CHOP,-0.45
XRP,2026-07-10,CHOP,0.123
XRP,2026-07-11,CHOP,0.387
XRP,2026-07-12,CHOP,-0.345
XRP,2026-07-13,CHOP,-0.47
XRP,2026-07-14,CHOP,-0.372
XRP,2026-07-15,UP,0.737
XRP,2026-07-16,CHOP,0.048
XRP,2026-07-17,DN,-0.793
XRP,2026-07-18,CHOP,0.077
XRP,2026-07-19,CHOP,0.257
XRP,2026-07-20,CHOP,0.392
XRP,2026-07-21,CHOP,0.388
XRP,2026-07-22,UP,0.583
